stamp,issue_local,target,baseline,n,coverage,base_rate,brier,roc_auc,tp,fp,fn,tn,pod,far,csi,scored_at
20260829_1400,2026-08-29 14:00:00,h1_0.1mm,climatology,833,1.0,0.6399,0.2354,0.6009,486,261,47,39,0.9118,0.3494,0.6121,2026-09-12 17:29
20260829_1400,2026-08-29 14:00:00,h1_0.1mm,persistence,833,1.0,0.6399,0.2448,0.7227,463,131,70,169,0.8687,0.2205,0.6973,2026-09-12 17:29
20260829_1400,2026-08-29 14:00:00,h1_1.0mm,climatology,833,1.0,0.2389,0.1878,0.5628,123,371,76,263,0.6181,0.751,0.2158,2026-09-12 17:29
20260829_1400,2026-08-29 14:00:00,h1_1.0mm,persistence,833,1.0,0.2389,0.2301,0.823,143,100,56,534,0.7186,0.4115,0.4783,2026-09-12 17:29
20260829_1400,2026-08-29 14:00:00,h3_0.1mm,climatology,833,1.0,0.8271,0.1627,0.564,689,144,0,0,1.0,0.1729,0.8271,2026-09-12 17:29
20260829_1400,2026-08-29 14:00:00,h3_0.1mm,persistence,833,1.0,0.8271,0.1835,0.5864,576,96,113,48,0.836,0.1429,0.7338,2026-09-12 17:29
20260829_1400,2026-08-29 14:00:00,h3_1.0mm,climatology,833,1.0,0.4886,0.2629,0.5082,356,385,51,41,0.8747,0.5196,0.4495,2026-09-12 17:29
20260829_1400,2026-08-29 14:00:00,h3_1.0mm,persistence,833,1.0,0.4886,0.2931,0.6713,216,81,191,345,0.5307,0.2727,0.4426,2026-09-12 17:29
20260829_1400,2026-08-29 14:00:00,h6_0.1mm,climatology,833,1.0,0.928,0.0844,0.6068,773,60,0,0,1.0,0.072,0.928,2026-09-12 17:29
20260829_1400,2026-08-29 14:00:00,h6_0.1mm,persistence,833,1.0,0.928,0.1241,0.4607,650,55,123,5,0.8409,0.078,0.785,2026-09-12 17:29
20260829_1400,2026-08-29 14:00:00,h6_1.0mm,climatology,833,1.0,0.6291,0.2518,0.4581,514,307,10,2,0.9809,0.3739,0.6185,2026-09-12 17:29
20260829_1400,2026-08-29 14:00:00,h6_1.0mm,persistence,833,1.0,0.6291,0.3252,0.5959,275,74,249,235,0.5248,0.212,0.4599,2026-09-12 17:29
20260829_1500,2026-08-29 15:00:00,h1_0.1mm,climatology,833,1.0,0.6267,0.2568,0.4809,496,295,26,16,0.9502,0.3729,0.6071,2026-09-12 17:29
20260829_1500,2026-08-29 15:00:00,h1_0.1mm,persistence,833,1.0,0.6267,0.2548,0.7073,410,123,112,188,0.7854,0.2308,0.6357,2026-09-12 17:29
20260829_1500,2026-08-29 15:00:00,h1_1.0mm,climatology,833,1.0,0.2941,0.2181,0.4975,157,398,88,190,0.6408,0.7171,0.2442,2026-09-12 17:29
20260829_1500,2026-08-29 15:00:00,h1_1.0mm,persistence,833,1.0,0.2941,0.2584,0.7121,103,96,142,492,0.4204,0.4824,0.3021,2026-09-12 17:29
20260829_1500,2026-08-29 15:00:00,h3_0.1mm,climatology,833,1.0,0.7491,0.1981,0.5136,624,209,0,0,1.0,0.2509,0.7491,2026-09-12 17:29
20260829_1500,2026-08-29 15:00:00,h3_0.1mm,persistence,833,1.0,0.7491,0.2481,0.5576,537,156,87,53,0.8606,0.2251,0.6885,2026-09-12 17:29
20260829_1500,2026-08-29 15:00:00,h3_1.0mm,climatology,833,1.0,0.4262,0.2583,0.4833,327,450,28,28,0.9211,0.5792,0.4062,2026-09-12 17:29
20260829_1500,2026-08-29 15:00:00,h3_1.0mm,persistence,833,1.0,0.4262,0.3392,0.6259,188,139,167,339,0.5296,0.4251,0.3806,2026-09-12 17:29
20260829_1500,2026-08-29 15:00:00,h6_0.1mm,climatology,833,1.0,0.9136,0.0999,0.4973,761,72,0,0,1.0,0.0864,0.9136,2026-09-12 17:29
20260829_1500,2026-08-29 15:00:00,h6_0.1mm,persistence,833,1.0,0.9136,0.124,0.4628,663,68,98,4,0.8712,0.093,0.7998,2026-09-12 17:29
20260829_1500,2026-08-29 15:00:00,h6_1.0mm,climatology,833,1.0,0.6194,0.2576,0.4337,507,315,9,2,0.9826,0.3832,0.6101,2026-09-12 17:29
20260829_1500,2026-08-29 15:00:00,h6_1.0mm,persistence,833,1.0,0.6194,0.3527,0.5513,262,111,254,206,0.5078,0.2976,0.4179,2026-09-12 17:29
20260829_1600,2026-08-29 16:00:00,h1_0.1mm,climatology,833,1.0,0.5522,0.259,0.4949,445,365,15,8,0.9674,0.4506,0.5394,2026-09-12 17:29
20260829_1600,2026-08-29 16:00:00,h1_0.1mm,persistence,833,1.0,0.5522,0.2586,0.7345,377,145,83,228,0.8196,0.2778,0.6231,2026-09-12 17:29
20260829_1600,2026-08-29 16:00:00,h1_1.0mm,climatology,833,1.0,0.2557,0.2028,0.4643,135,457,78,163,0.6338,0.772,0.2015,2026-09-12 17:29
20260829_1600,2026-08-29 16:00:00,h1_1.0mm,persistence,833,1.0,0.2557,0.2173,0.8136,130,115,83,505,0.6103,0.4694,0.3963,2026-09-12 17:29
20260829_1600,2026-08-29 16:00:00,h3_0.1mm,climatology,833,1.0,0.7011,0.2165,0.5179,584,249,0,0,1.0,0.2989,0.7011,2026-09-12 17:29
20260829_1600,2026-08-29 16:00:00,h3_0.1mm,persistence,833,1.0,0.7011,0.289,0.5582,530,196,54,53,0.9075,0.27,0.6795,2026-09-12 17:29
20260829_1600,2026-08-29 16:00:00,h3_1.0mm,climatology,833,1.0,0.3878,0.2495,0.4833,295,483,28,27,0.9133,0.6208,0.366,2026-09-12 17:29
20260829_1600,2026-08-29 16:00:00,h3_1.0mm,persistence,833,1.0,0.3878,0.3497,0.6633,212,194,111,316,0.6563,0.4778,0.4101,2026-09-12 17:29
20260829_1600,2026-08-29 16:00:00,h6_0.1mm,climatology,833,1.0,0.8908,0.115,0.5202,742,91,0,0,1.0,0.1092,0.8908,2026-09-12 17:29
20260829_1600,2026-08-29 16:00:00,h6_0.1mm,persistence,833,1.0,0.8908,0.1279,0.4906,681,85,61,6,0.9178,0.111,0.8235,2026-09-12 17:29
20260829_1600,2026-08-29 16:00:00,h6_1.0mm,climatology,833,1.0,0.5786,0.2611,0.4453,469,348,13,3,0.973,0.4259,0.5651,2026-09-12 17:29
20260829_1600,2026-08-29 16:00:00,h6_1.0mm,persistence,833,1.0,0.5786,0.3329,0.5913,297,155,185,196,0.6162,0.3429,0.4662,2026-09-12 17:29
20260829_1700,2026-08-29 17:00:00,h1_0.1mm,climatology,833,1.0,0.5354,0.2599,0.4862,437,376,9,11,0.9798,0.4625,0.5316,2026-09-12 17:29
20260829_1700,2026-08-29 17:00:00,h1_0.1mm,persistence,833,1.0,0.5354,0.1259,0.9,406,54,40,333,0.9103,0.1174,0.812,2026-09-12 17:29
20260829_1700,2026-08-29 17:00:00,h1_1.0mm,climatology,833,1.0,0.2569,0.2049,0.4214,130,472,84,147,0.6075,0.7841,0.1895,2026-09-12 17:29
20260829_1700,2026-08-29 17:00:00,h1_1.0mm,persistence,833,1.0,0.2569,0.1151,0.9336,178,35,36,584,0.8318,0.1643,0.7149,2026-09-12 17:29
20260829_1700,2026-08-29 17:00:00,h3_0.1mm,climatology,833,1.0,0.7791,0.1852,0.5539,649,184,0,0,1.0,0.2209,0.7791,2026-09-12 17:29
20260829_1700,2026-08-29 17:00:00,h3_0.1mm,persistence,833,1.0,0.7791,0.2203,0.5975,565,124,84,60,0.8706,0.18,0.7309,2026-09-12 17:29
20260829_1700,2026-08-29 17:00:00,h3_1.0mm,climatology,833,1.0,0.4574,0.2549,0.4979,347,423,34,29,0.9108,0.5494,0.4316,2026-09-12 17:29
20260829_1700,2026-08-29 17:00:00,h3_1.0mm,persistence,833,1.0,0.4574,0.2941,0.7033,264,143,117,309,0.6929,0.3514,0.5038,2026-09-12 17:29
20260829_1700,2026-08-29 17:00:00,h6_0.1mm,climatology,833,1.0,0.9184,0.1023,0.4929,765,68,0,0,1.0,0.0816,0.9184,2026-09-12 17:29
20260829_1700,2026-08-29 17:00:00,h6_0.1mm,persistence,833,1.0,0.9184,0.0913,0.5161,723,62,42,6,0.9451,0.079,0.8742,2026-09-12 17:29
20260829_1700,2026-08-29 17:00:00,h6_1.0mm,climatology,833,1.0,0.6098,0.2605,0.4363,492,322,16,3,0.9685,0.3956,0.5928,2026-09-12 17:29
20260829_1700,2026-08-29 17:00:00,h6_1.0mm,persistence,833,1.0,0.6098,0.3005,0.6287,347,141,161,184,0.6831,0.2889,0.5347,2026-09-12 17:29
20260829_1800,2026-08-29 18:00:00,h1_0.1mm,climatology,833,1.0,0.5858,0.2582,0.4751,471,333,17,12,0.9652,0.4142,0.5737,2026-09-12 17:29
20260829_1800,2026-08-29 18:00:00,h1_0.1mm,persistence,833,1.0,0.5858,0.1879,0.823,386,60,102,285,0.791,0.1345,0.7044,2026-09-12 17:29
20260829_1800,2026-08-29 18:00:00,h1_1.0mm,climatology,833,1.0,0.3145,0.2242,0.4607,150,391,112,180,0.5725,0.7227,0.2297,2026-09-12 17:29
20260829_1800,2026-08-29 18:00:00,h1_1.0mm,persistence,833,1.0,0.3145,0.1453,0.8796,169,45,93,526,0.645,0.2103,0.5505,2026-09-12 17:29
20260829_1800,2026-08-29 18:00:00,h3_0.1mm,climatology,833,1.0,0.8175,0.1856,0.5207,681,152,0,0,1.0,0.1825,0.8175,2026-09-12 17:29
20260829_1800,2026-08-29 18:00:00,h3_0.1mm,persistence,833,1.0,0.8175,0.2105,0.6393,544,80,137,72,0.7988,0.1282,0.7148,2026-09-12 17:29
20260829_1800,2026-08-29 18:00:00,h3_1.0mm,climatology,833,1.0,0.4934,0.2686,0.4838,336,375,75,47,0.8175,0.5274,0.4275,2026-09-12 17:29
20260829_1800,2026-08-29 18:00:00,h3_1.0mm,persistence,833,1.0,0.4934,0.279,0.708,250,105,161,317,0.6083,0.2958,0.4845,2026-09-12 17:29
20260829_1800,2026-08-29 18:00:00,h6_0.1mm,climatology,833,1.0,0.9292,0.1029,0.4801,774,59,0,0,1.0,0.0708,0.9292,2026-09-12 17:29
20260829_1800,2026-08-29 18:00:00,h6_0.1mm,persistence,833,1.0,0.9292,0.0826,0.5288,728,52,46,7,0.9406,0.0667,0.8814,2026-09-12 17:29
20260829_1800,2026-08-29 18:00:00,h6_1.0mm,climatology,833,1.0,0.6158,0.2604,0.4587,490,314,23,6,0.9552,0.3905,0.5925,2026-09-12 17:29
20260829_1800,2026-08-29 18:00:00,h6_1.0mm,persistence,833,1.0,0.6158,0.3134,0.5992,340,154,173,166,0.6628,0.3117,0.5097,2026-09-12 17:29
20260829_1900,2026-08-29 19:00:00,h1_0.1mm,climatology,833,1.0,0.6627,0.2623,0.5116,511,265,41,16,0.9257,0.3415,0.6255,2026-09-12 17:29
20260829_1900,2026-08-29 19:00:00,h1_0.1mm,persistence,833,1.0,0.6627,0.1903,0.8053,430,58,122,223,0.779,0.1189,0.7049,2026-09-12 17:29
20260829_1900,2026-08-29 19:00:00,h1_1.0mm,climatology,833,1.0,0.3025,0.2153,0.508,134,319,118,262,0.5317,0.7042,0.2347,2026-09-12 17:29
20260829_1900,2026-08-29 19:00:00,h1_1.0mm,persistence,833,1.0,0.3025,0.2029,0.8156,171,91,81,490,0.6786,0.3473,0.4985,2026-09-12 17:29
20260829_1900,2026-08-29 19:00:00,h3_0.1mm,climatology,833,1.0,0.8031,0.2027,0.4991,668,164,1,0,0.9985,0.1971,0.8019,2026-09-12 17:29
20260829_1900,2026-08-29 19:00:00,h3_0.1mm,persistence,833,1.0,0.8031,0.1972,0.6799,511,73,158,91,0.7638,0.125,0.6887,2026-09-12 17:29
20260829_1900,2026-08-29 19:00:00,h3_1.0mm,climatology,833,1.0,0.4418,0.2623,0.4628,272,384,96,81,0.7391,0.5854,0.3617,2026-09-12 17:29
20260829_1900,2026-08-29 19:00:00,h3_1.0mm,persistence,833,1.0,0.4418,0.3028,0.6955,209,114,159,351,0.5679,0.3529,0.4336,2026-09-12 17:29
20260829_1900,2026-08-29 19:00:00,h6_0.1mm,climatology,833,1.0,0.9196,0.1208,0.4241,766,67,0,0,1.0,0.0804,0.9196,2026-09-12 17:29
20260829_1900,2026-08-29 19:00:00,h6_0.1mm,persistence,833,1.0,0.9196,0.0894,0.522,720,60,46,7,0.9399,0.0769,0.8717,2026-09-12 17:29
20260829_1900,2026-08-29 19:00:00,h6_1.0mm,climatology,833,1.0,0.5678,0.2617,0.4732,440,341,33,19,0.9302,0.4366,0.5405,2026-09-12 17:29
20260829_1900,2026-08-29 19:00:00,h6_1.0mm,persistence,833,1.0,0.5678,0.3667,0.5574,316,201,157,159,0.6681,0.3888,0.4688,2026-09-12 17:29
20260829_2000,2026-08-29 20:00:00,h1_0.1mm,climatology,833,1.0,0.6242,0.2785,0.4754,430,278,90,35,0.8269,0.3927,0.5388,2026-09-12 17:29
20260829_2000,2026-08-29 20:00:00,h1_0.1mm,persistence,833,1.0,0.6242,0.2221,0.7439,433,119,87,194,0.8327,0.2156,0.6776,2026-09-12 17:29
20260829_2000,2026-08-29 20:00:00,h1_1.0mm,climatology,833,1.0,0.2389,0.1892,0.4407,63,258,136,376,0.3166,0.8037,0.1379,2026-09-12 17:29
20260829_2000,2026-08-29 20:00:00,h1_1.0mm,persistence,833,1.0,0.2389,0.2589,0.7815,123,129,76,505,0.6181,0.5119,0.375,2026-09-12 17:29
20260829_2000,2026-08-29 20:00:00,h3_0.1mm,climatology,833,1.0,0.7947,0.2132,0.4335,661,171,1,0,0.9985,0.2055,0.7935,2026-09-12 17:29
20260829_2000,2026-08-29 20:00:00,h3_0.1mm,persistence,833,1.0,0.7947,0.2169,0.6095,546,103,116,68,0.8248,0.1587,0.7137,2026-09-12 17:29
20260829_2000,2026-08-29 20:00:00,h3_1.0mm,climatology,833,1.0,0.3974,0.2498,0.468,228,394,103,108,0.6888,0.6334,0.3145,2026-09-12 17:29
20260829_2000,2026-08-29 20:00:00,h3_1.0mm,persistence,833,1.0,0.3974,0.3313,0.6721,204,177,127,325,0.6163,0.4646,0.4016,2026-09-12 17:29
20260829_2000,2026-08-29 20:00:00,h6_0.1mm,climatology,833,1.0,0.8872,0.1444,0.4211,739,94,0,0,1.0,0.1128,0.8872,2026-09-12 17:29
20260829_2000,2026-08-29 20:00:00,h6_0.1mm,persistence,833,1.0,0.8872,0.1274,0.5126,688,85,51,9,0.931,0.11,0.835,2026-09-12 17:29
20260829_2000,2026-08-29 20:00:00,h6_1.0mm,climatology,833,1.0,0.4934,0.2525,0.5304,359,363,52,59,0.8735,0.5028,0.4638,2026-09-12 17:29
20260829_2000,2026-08-29 20:00:00,h6_1.0mm,persistence,833,1.0,0.4934,0.4077,0.5517,278,246,133,176,0.6764,0.4695,0.4231,2026-09-12 17:29
20260829_2100,2026-08-29 21:00:00,h1_0.1mm,climatology,833,1.0,0.6158,0.2755,0.5022,430,265,83,55,0.8382,0.3813,0.5527,2026-09-12 17:29
20260829_2100,2026-08-29 21:00:00,h1_0.1mm,persistence,833,1.0,0.6158,0.1409,0.8758,461,59,52,261,0.8986,0.1135,0.8059,2026-09-12 17:29
20260829_2100,2026-08-29 21:00:00,h1_1.0mm,climatology,833,1.0,0.2509,0.193,0.4789,72,247,137,377,0.3445,0.7743,0.1579,2026-09-12 17:29
20260829_2100,2026-08-29 21:00:00,h1_1.0mm,persistence,833,1.0,0.2509,0.1333,0.9149,158,41,51,583,0.756,0.206,0.632,2026-09-12 17:29
20260829_2100,2026-08-29 21:00:00,h3_0.1mm,climatology,833,1.0,0.8235,0.2024,0.4723,686,147,0,0,1.0,0.1765,0.8235,2026-09-12 17:29
20260829_2100,2026-08-29 21:00:00,h3_0.1mm,persistence,833,1.0,0.8235,0.1791,0.629,593,88,93,59,0.8644,0.1292,0.7661,2026-09-12 17:29
20260829_2100,2026-08-29 21:00:00,h3_1.0mm,climatology,833,1.0,0.4238,0.2457,0.5503,271,345,82,135,0.7677,0.5601,0.3883,2026-09-12 17:29
20260829_2100,2026-08-29 21:00:00,h3_1.0mm,persistence,833,1.0,0.4238,0.3077,0.708,251,160,102,320,0.711,0.3893,0.4893,2026-09-12 17:29
20260829_2100,2026-08-29 21:00:00,h6_0.1mm,climatology,833,1.0,0.9016,0.1431,0.4081,751,82,0,0,1.0,0.0984,0.9016,2026-09-12 17:29
20260829_2100,2026-08-29 21:00:00,h6_0.1mm,persistence,833,1.0,0.9016,0.1128,0.5321,691,70,60,12,0.9201,0.092,0.8417,2026-09-12 17:29
20260829_2100,2026-08-29 21:00:00,h6_1.0mm,climatology,833,1.0,0.503,0.2459,0.5943,361,313,58,101,0.8616,0.4644,0.4932,2026-09-12 17:29
20260829_2100,2026-08-29 21:00:00,h6_1.0mm,persistence,833,1.0,0.503,0.3638,0.6115,302,214,117,200,0.7208,0.4147,0.4771,2026-09-12 17:29
20260829_2200,2026-08-29 22:00:00,h1_0.1mm,climatology,833,1.0,0.6483,0.2709,0.487,478,256,62,37,0.8852,0.3488,0.6005,2026-09-12 17:29
20260829_2200,2026-08-29 22:00:00,h1_0.1mm,persistence,833,1.0,0.6483,0.248,0.7527,434,79,106,214,0.8037,0.154,0.7011,2026-09-12 17:29
20260829_2200,2026-08-29 22:00:00,h1_1.0mm,climatology,833,1.0,0.2509,0.1893,0.5251,85,254,124,370,0.4067,0.7493,0.1836,2026-09-12 17:29
20260829_2200,2026-08-29 22:00:00,h1_1.0mm,persistence,833,1.0,0.2509,0.2169,0.7762,121,88,88,536,0.5789,0.4211,0.4074,2026-09-12 17:29
20260829_2200,2026-08-29 22:00:00,h3_0.1mm,climatology,833,1.0,0.7875,0.2118,0.5085,655,176,1,1,0.9985,0.2118,0.7873,2026-09-12 17:29
20260829_2200,2026-08-29 22:00:00,h3_0.1mm,persistence,833,1.0,0.7875,0.2244,0.6093,559,110,97,67,0.8521,0.1644,0.7298,2026-09-12 17:29
20260829_2200,2026-08-29 22:00:00,h3_1.0mm,climatology,833,1.0,0.3649,0.2249,0.5945,224,328,80,201,0.7368,0.5942,0.3544,2026-09-12 17:29
20260829_2200,2026-08-29 22:00:00,h3_1.0mm,persistence,833,1.0,0.3649,0.3436,0.6729,199,169,105,360,0.6546,0.4592,0.4207,2026-09-12 17:29
20260829_2200,2026-08-29 22:00:00,h6_0.1mm,climatology,833,1.0,0.9232,0.1376,0.4296,769,64,0,0,1.0,0.0768,0.9232,2026-09-12 17:29
20260829_2200,2026-08-29 22:00:00,h6_0.1mm,persistence,833,1.0,0.9232,0.1075,0.5342,689,53,80,11,0.896,0.0714,0.8382,2026-09-12 17:29
20260829_2200,2026-08-29 22:00:00,h6_1.0mm,climatology,833,1.0,0.5222,0.2436,0.6433,349,249,86,149,0.8023,0.4164,0.5102,2026-09-12 17:29
20260829_2200,2026-08-29 22:00:00,h6_1.0mm,persistence,833,1.0,0.5222,0.3587,0.6145,299,183,136,215,0.6874,0.3797,0.4838,2026-09-12 17:29
20260830_1600,2026-08-30 16:00:00,h1_0.1mm,climatology,833,1.0,0.7551,0.2106,0.6639,624,186,5,18,0.9921,0.2296,0.7656,2026-09-12 17:29
20260830_1600,2026-08-30 16:00:00,h1_0.1mm,persistence,833,1.0,0.7551,0.0833,0.914,571,24,58,180,0.9078,0.0403,0.8744,2026-09-12 17:29
20260830_1600,2026-08-30 16:00:00,h1_1.0mm,climatology,833,1.0,0.3157,0.2187,0.5339,191,401,72,169,0.7262,0.6774,0.2877,2026-09-12 17:29
20260830_1600,2026-08-30 16:00:00,h1_1.0mm,persistence,833,1.0,0.3157,0.1325,0.915,189,49,74,521,0.7186,0.2059,0.6058,2026-09-12 17:29
20260830_1600,2026-08-30 16:00:00,h3_0.1mm,climatology,833,1.0,0.8776,0.1302,0.7247,731,102,0,0,1.0,0.1224,0.8776,2026-09-12 17:29
20260830_1600,2026-08-30 16:00:00,h3_0.1mm,persistence,833,1.0,0.8776,0.0727,0.7683,681,43,50,59,0.9316,0.0594,0.8798,2026-09-12 17:29
20260830_1600,2026-08-30 16:00:00,h3_1.0mm,climatology,833,1.0,0.5318,0.2468,0.6008,433,345,10,45,0.9774,0.4434,0.5495,2026-09-12 17:29
20260830_1600,2026-08-30 16:00:00,h3_1.0mm,persistence,833,1.0,0.5318,0.2947,0.6818,281,127,162,263,0.6343,0.3113,0.493,2026-09-12 17:29
20260830_1600,2026-08-30 16:00:00,h6_0.1mm,climatology,833,1.0,0.9028,0.0982,0.6539,752,81,0,0,1.0,0.0972,0.9028,2026-09-12 17:29
20260830_1600,2026-08-30 16:00:00,h6_0.1mm,persistence,833,1.0,0.9028,0.0744,0.6716,739,52,13,29,0.9827,0.0657,0.9192,2026-09-12 17:29
20260830_1600,2026-08-30 16:00:00,h6_1.0mm,climatology,833,1.0,0.6074,0.2323,0.602,503,314,3,13,0.9941,0.3843,0.6134,2026-09-12 17:29
20260830_1600,2026-08-30 16:00:00,h6_1.0mm,persistence,833,1.0,0.6074,0.3005,0.6124,351,167,155,160,0.6937,0.3224,0.5215,2026-09-12 17:29
20260830_1700,2026-08-30 17:00:00,h1_0.1mm,climatology,833,1.0,0.7311,0.2103,0.7007,603,210,6,14,0.9901,0.2583,0.7363,2026-09-12 17:29
20260830_1700,2026-08-30 17:00:00,h1_0.1mm,persistence,833,1.0,0.7311,0.1761,0.745,536,93,73,131,0.8801,0.1479,0.7635,2026-09-12 17:29
20260830_1700,2026-08-30 17:00:00,h1_1.0mm,climatology,833,1.0,0.3517,0.2227,0.5981,234,368,59,172,0.7986,0.6113,0.354,2026-09-12 17:29
20260830_1700,2026-08-30 17:00:00,h1_1.0mm,persistence,833,1.0,0.3517,0.2226,0.7989,182,81,111,459,0.6212,0.308,0.4866,2026-09-12 17:29
20260830_1700,2026-08-30 17:00:00,h3_0.1mm,climatology,833,1.0,0.8151,0.1596,0.6751,679,154,0,0,1.0,0.1849,0.8151,2026-09-12 17:29
20260830_1700,2026-08-30 17:00:00,h3_0.1mm,persistence,833,1.0,0.8151,0.1167,0.7144,639,82,40,72,0.9411,0.1137,0.8397,2026-09-12 17:29
20260830_1700,2026-08-30 17:00:00,h3_1.0mm,climatology,833,1.0,0.4862,0.2415,0.6201,398,372,7,56,0.9827,0.4831,0.5122,2026-09-12 17:29
20260830_1700,2026-08-30 17:00:00,h3_1.0mm,persistence,833,1.0,0.4862,0.3037,0.6697,235,143,170,285,0.5802,0.3783,0.4288,2026-09-12 17:29
20260830_1700,2026-08-30 17:00:00,h6_0.1mm,climatology,833,1.0,0.8812,0.1184,0.5548,734,99,0,0,1.0,0.1188,0.8812,2026-09-12 17:29
20260830_1700,2026-08-30 17:00:00,h6_0.1mm,persistence,833,1.0,0.8812,0.0968,0.6366,717,70,17,29,0.9768,0.0889,0.8918,2026-09-12 17:29
20260830_1700,2026-08-30 17:00:00,h6_1.0mm,climatology,833,1.0,0.5798,0.2358,0.612,481,333,2,17,0.9959,0.4091,0.5895,2026-09-12 17:29
20260830_1700,2026-08-30 17:00:00,h6_1.0mm,persistence,833,1.0,0.5798,0.3368,0.5771,322,191,161,159,0.6667,0.3723,0.4777,2026-09-12 17:29
20260830_1800,2026-08-30 18:00:00,h1_0.1mm,climatology,833,1.0,0.6699,0.2241,0.6741,549,255,9,20,0.9839,0.3172,0.6753,2026-09-12 17:29
20260830_1800,2026-08-30 18:00:00,h1_0.1mm,persistence,833,1.0,0.6699,0.1785,0.7902,511,98,47,177,0.9158,0.1609,0.779,2026-09-12 17:29
20260830_1800,2026-08-30 18:00:00,h1_1.0mm,climatology,833,1.0,0.3097,0.204,0.639,199,342,59,233,0.7713,0.6322,0.3317,2026-09-12 17:29
20260830_1800,2026-08-30 18:00:00,h1_1.0mm,persistence,833,1.0,0.3097,0.236,0.8135,177,116,81,459,0.686,0.3959,0.4733,2026-09-12 17:29
20260830_1800,2026-08-30 18:00:00,h3_0.1mm,climatology,833,1.0,0.7827,0.1796,0.655,652,181,0,0,1.0,0.2173,0.7827,2026-09-12 17:29
20260830_1800,2026-08-30 18:00:00,h3_0.1mm,persistence,833,1.0,0.7827,0.1416,0.7128,617,97,35,84,0.9463,0.1359,0.8238,2026-09-12 17:29
20260830_1800,2026-08-30 18:00:00,h3_1.0mm,climatology,833,1.0,0.3733,0.2247,0.6203,288,423,23,99,0.926,0.5949,0.3924,2026-09-12 17:29
20260830_1800,2026-08-30 18:00:00,h3_1.0mm,persistence,833,1.0,0.3733,0.353,0.6745,211,204,100,318,0.6785,0.4916,0.4097,2026-09-12 17:29
20260830_1800,2026-08-30 18:00:00,h6_0.1mm,climatology,833,1.0,0.8655,0.1341,0.5103,721,112,0,0,1.0,0.1345,0.8655,2026-09-12 17:29
20260830_1800,2026-08-30 18:00:00,h6_0.1mm,persistence,833,1.0,0.8655,0.105,0.6371,703,79,18,33,0.975,0.101,0.8788,2026-09-12 17:29
20260830_1800,2026-08-30 18:00:00,h6_1.0mm,climatology,833,1.0,0.5042,0.2421,0.6039,413,391,7,22,0.9833,0.4863,0.5092,2026-09-12 17:29
20260830_1800,2026-08-30 18:00:00,h6_1.0mm,persistence,833,1.0,0.5042,0.3974,0.5608,300,255,120,158,0.7143,0.4595,0.4444,2026-09-12 17:29
20260830_1900,2026-08-30 19:00:00,h1_0.1mm,climatology,833,1.0,0.6411,0.2427,0.6382,517,259,17,40,0.9682,0.3338,0.652,2026-09-12 17:29
20260830_1900,2026-08-30 19:00:00,h1_0.1mm,persistence,833,1.0,0.6411,0.1387,0.8524,484,74,50,225,0.9064,0.1326,0.7961,2026-09-12 17:29
20260830_1900,2026-08-30 19:00:00,h1_1.0mm,climatology,833,1.0,0.2557,0.1876,0.5723,131,322,82,298,0.615,0.7108,0.2449,2026-09-12 17:29
20260830_1900,2026-08-30 19:00:00,h1_1.0mm,persistence,833,1.0,0.2557,0.1802,0.8971,174,84,39,536,0.8169,0.3256,0.5859,2026-09-12 17:29
20260830_1900,2026-08-30 19:00:00,h3_0.1mm,climatology,833,1.0,0.7767,0.1955,0.6024,647,185,0,1,1.0,0.2224,0.7776,2026-09-12 17:29
20260830_1900,2026-08-30 19:00:00,h3_0.1mm,persistence,833,1.0,0.7767,0.1445,0.7056,626,105,21,81,0.9675,0.1436,0.8324,2026-09-12 17:29
20260830_1900,2026-08-30 19:00:00,h3_1.0mm,climatology,833,1.0,0.3313,0.2213,0.5569,235,421,41,136,0.8514,0.6418,0.3372,2026-09-12 17:29
20260830_1900,2026-08-30 19:00:00,h3_1.0mm,persistence,833,1.0,0.3313,0.3716,0.706,213,230,63,327,0.7717,0.5192,0.4209,2026-09-12 17:29
20260830_1900,2026-08-30 19:00:00,h6_0.1mm,climatology,833,1.0,0.8764,0.1385,0.4677,730,103,0,0,1.0,0.1236,0.8764,2026-09-12 17:29
20260830_1900,2026-08-30 19:00:00,h6_0.1mm,persistence,833,1.0,0.8764,0.0919,0.6731,709,65,21,38,0.9712,0.084,0.8918,2026-09-12 17:29
20260830_1900,2026-08-30 19:00:00,h6_1.0mm,climatology,833,1.0,0.4922,0.2509,0.5491,383,398,27,25,0.9341,0.5096,0.474,2026-09-12 17:29
20260830_1900,2026-08-30 19:00:00,h6_1.0mm,persistence,833,1.0,0.4922,0.384,0.6082,321,249,89,174,0.7829,0.4368,0.4871,2026-09-12 17:29
20260830_2000,2026-08-30 20:00:00,h1_0.1mm,climatology,833,1.0,0.5834,0.2679,0.5152,426,282,60,65,0.8765,0.3983,0.5547,2026-09-12 17:29
20260830_2000,2026-08-30 20:00:00,h1_0.1mm,persistence,833,1.0,0.5834,0.1688,0.8288,435,99,51,248,0.8951,0.1854,0.7436,2026-09-12 17:29
20260830_2000,2026-08-30 20:00:00,h1_1.0mm,climatology,833,1.0,0.2005,0.1638,0.5219,64,257,103,409,0.3832,0.8006,0.1509,2026-09-12 17:29
20260830_2000,2026-08-30 20:00:00,h1_1.0mm,persistence,833,1.0,0.2005,0.1616,0.9222,149,64,18,602,0.8922,0.3005,0.645,2026-09-12 17:29
20260830_2000,2026-08-30 20:00:00,h3_0.1mm,climatology,833,1.0,0.8043,0.2004,0.5332,669,163,1,0,0.9985,0.1959,0.8031,2026-09-12 17:29
20260830_2000,2026-08-30 20:00:00,h3_0.1mm,persistence,833,1.0,0.8043,0.1214,0.7739,615,64,55,99,0.9179,0.0943,0.8379,2026-09-12 17:29
20260830_2000,2026-08-30 20:00:00,h3_1.0mm,climatology,833,1.0,0.3529,0.2272,0.5648,240,382,54,157,0.8163,0.6141,0.355,2026-09-12 17:29
20260830_2000,2026-08-30 20:00:00,h3_1.0mm,persistence,833,1.0,0.3529,0.3497,0.7116,216,189,78,350,0.7347,0.4667,0.4472,2026-09-12 17:29
20260830_2000,2026-08-30 20:00:00,h6_0.1mm,climatology,833,1.0,0.8715,0.1495,0.4448,726,107,0,0,1.0,0.1285,0.8715,2026-09-12 17:29
20260830_2000,2026-08-30 20:00:00,h6_0.1mm,persistence,833,1.0,0.8715,0.0955,0.6861,697,64,29,43,0.9601,0.0841,0.8823,2026-09-12 17:29
20260830_2000,2026-08-30 20:00:00,h6_1.0mm,climatology,833,1.0,0.4802,0.2509,0.5539,353,369,47,64,0.8825,0.5111,0.459,2026-09-12 17:29
20260830_2000,2026-08-30 20:00:00,h6_1.0mm,persistence,833,1.0,0.4802,0.3861,0.606,302,246,98,187,0.755,0.4489,0.4675,2026-09-12 17:29
20260830_2100,2026-08-30 21:00:00,h1_0.1mm,climatology,833,1.0,0.6423,0.2675,0.5696,461,234,74,64,0.8617,0.3367,0.5995,2026-09-12 17:29
20260830_2100,2026-08-30 21:00:00,h1_0.1mm,persistence,833,1.0,0.6423,0.1943,0.8049,422,64,113,234,0.7888,0.1317,0.7045,2026-09-12 17:29
20260830_2100,2026-08-30 21:00:00,h1_1.0mm,climatology,833,1.0,0.1993,0.1625,0.5419,76,243,90,424,0.4578,0.7618,0.1858,2026-09-12 17:29
20260830_2100,2026-08-30 21:00:00,h1_1.0mm,persistence,833,1.0,0.1993,0.1409,0.8816,115,52,51,615,0.6928,0.3114,0.5275,2026-09-12 17:29
20260830_2100,2026-08-30 21:00:00,h3_0.1mm,climatology,833,1.0,0.7995,0.1985,0.5467,666,167,0,0,1.0,0.2005,0.7995,2026-09-12 17:29
20260830_2100,2026-08-30 21:00:00,h3_0.1mm,persistence,833,1.0,0.7995,0.1199,0.7985,597,55,69,112,0.8964,0.0844,0.828,2026-09-12 17:29
20260830_2100,2026-08-30 21:00:00,h3_1.0mm,climatology,833,1.0,0.3433,0.2244,0.5733,228,388,58,159,0.7972,0.6299,0.3383,2026-09-12 17:29
20260830_2100,2026-08-30 21:00:00,h3_1.0mm,persistence,833,1.0,0.3433,0.2939,0.7258,177,134,109,413,0.6189,0.4309,0.4214,2026-09-12 17:29
20260830_2100,2026-08-30 21:00:00,h6_0.1mm,climatology,833,1.0,0.886,0.1446,0.4772,738,95,0,0,1.0,0.114,0.886,2026-09-12 17:29
20260830_2100,2026-08-30 21:00:00,h6_0.1mm,persistence,833,1.0,0.886,0.0854,0.7178,699,50,39,45,0.9472,0.0668,0.8871,2026-09-12 17:29
20260830_2100,2026-08-30 21:00:00,h6_1.0mm,climatology,833,1.0,0.4682,0.2503,0.5593,330,344,60,99,0.8462,0.5104,0.4496,2026-09-12 17:29
20260830_2100,2026-08-30 21:00:00,h6_1.0mm,persistence,833,1.0,0.4682,0.39,0.5997,276,239,114,204,0.7077,0.4641,0.4388,2026-09-12 17:29
20260830_2200,2026-08-30 22:00:00,h1_0.1mm,climatology,833,1.0,0.6387,0.2609,0.5544,484,250,48,51,0.9098,0.3406,0.6189,2026-09-12 17:29
20260830_2200,2026-08-30 22:00:00,h1_0.1mm,persistence,833,1.0,0.6387,0.1731,0.7984,444,91,88,210,0.8346,0.1701,0.7127,2026-09-12 17:29
20260830_2200,2026-08-30 22:00:00,h1_1.0mm,climatology,833,1.0,0.2149,0.1695,0.5666,89,250,90,404,0.4972,0.7375,0.2075,2026-09-12 17:29
20260830_2200,2026-08-30 22:00:00,h1_1.0mm,persistence,833,1.0,0.2149,0.1941,0.8245,97,69,82,585,0.5419,0.4157,0.3911,2026-09-12 17:29
20260830_2200,2026-08-30 22:00:00,h3_0.1mm,climatology,833,1.0,0.8379,0.2001,0.5122,696,135,2,0,0.9971,0.1625,0.8355,2026-09-12 17:29
20260830_2200,2026-08-30 22:00:00,h3_0.1mm,persistence,833,1.0,0.8379,0.0791,0.8528,615,32,83,103,0.8811,0.0495,0.8425,2026-09-12 17:29
20260830_2200,2026-08-30 22:00:00,h3_1.0mm,climatology,833,1.0,0.3337,0.2238,0.5585,197,355,81,200,0.7086,0.6431,0.3112,2026-09-12 17:29
20260830_2200,2026-08-30 22:00:00,h3_1.0mm,persistence,833,1.0,0.3337,0.2931,0.7082,144,132,134,423,0.518,0.4783,0.3512,2026-09-12 17:29
20260830_2200,2026-08-30 22:00:00,h6_0.1mm,climatology,833,1.0,0.8932,0.1478,0.45,744,89,0,0,1.0,0.1068,0.8932,2026-09-12 17:29
20260830_2200,2026-08-30 22:00:00,h6_0.1mm,persistence,833,1.0,0.8932,0.0745,0.7361,708,44,36,45,0.9516,0.0585,0.8985,2026-09-12 17:29
20260830_2200,2026-08-30 22:00:00,h6_1.0mm,climatology,833,1.0,0.455,0.2458,0.5819,293,305,86,149,0.7731,0.51,0.4284,2026-09-12 17:29
20260830_2200,2026-08-30 22:00:00,h6_1.0mm,persistence,833,1.0,0.455,0.4044,0.5836,257,249,122,205,0.6781,0.4921,0.4092,2026-09-12 17:29
20260830_2300,2026-08-30 23:00:00,h1_0.1mm,climatology,833,1.0,0.6711,0.277,0.5306,478,200,81,74,0.8551,0.295,0.6298,2026-09-12 17:29
20260830_2300,2026-08-30 23:00:00,h1_0.1mm,persistence,833,1.0,0.6711,0.1418,0.8271,461,71,98,203,0.8247,0.1335,0.7317,2026-09-12 17:29
20260830_2300,2026-08-30 23:00:00,h1_1.0mm,climatology,833,1.0,0.1921,0.1589,0.5531,67,213,93,460,0.4188,0.7607,0.1796,2026-09-12 17:29
20260830_2300,2026-08-30 23:00:00,h1_1.0mm,persistence,833,1.0,0.1921,0.1859,0.8767,108,71,52,602,0.675,0.3966,0.4675,2026-09-12 17:29
20260830_2300,2026-08-30 23:00:00,h3_0.1mm,climatology,833,1.0,0.8355,0.2254,0.4485,684,131,12,6,0.9828,0.1607,0.8271,2026-09-12 17:29
20260830_2300,2026-08-30 23:00:00,h3_0.1mm,persistence,833,1.0,0.8355,0.0766,0.8665,640,30,56,107,0.9195,0.0448,0.8815,2026-09-12 17:29
20260830_2300,2026-08-30 23:00:00,h3_1.0mm,climatology,833,1.0,0.3025,0.2098,0.5887,153,259,99,322,0.6071,0.6286,0.2994,2026-09-12 17:29
20260830_2300,2026-08-30 23:00:00,h3_1.0mm,persistence,833,1.0,0.3025,0.3142,0.7154,146,148,106,433,0.5794,0.5034,0.365,2026-09-12 17:29
20260830_2300,2026-08-30 23:00:00,h6_0.1mm,climatology,833,1.0,0.8848,0.1656,0.4192,737,96,0,0,1.0,0.1152,0.8848,2026-09-12 17:29
20260830_2300,2026-08-30 23:00:00,h6_0.1mm,persistence,833,1.0,0.8848,0.063,0.8244,703,31,34,65,0.9539,0.0422,0.9154,2026-09-12 17:29
20260830_2300,2026-08-30 23:00:00,h6_1.0mm,climatology,833,1.0,0.431,0.2418,0.5987,242,240,117,234,0.6741,0.4979,0.404,2026-09-12 17:29
20260830_2300,2026-08-30 23:00:00,h6_1.0mm,persistence,833,1.0,0.431,0.3867,0.6275,250,233,109,241,0.6964,0.4824,0.4223,2026-09-12 17:29
20260831_0900,2026-08-31 09:00:00,h1_0.1mm,climatology,833,1.0,0.6435,0.3612,0.5079,135,93,401,204,0.2519,0.4079,0.2146,2026-09-12 17:29
20260831_0900,2026-08-31 09:00:00,h1_0.1mm,persistence,833,1.0,0.6435,0.176,0.8119,463,82,73,215,0.8638,0.1505,0.7492,2026-09-12 17:29
20260831_0900,2026-08-31 09:00:00,h1_1.0mm,climatology,833,1.0,0.1801,0.1494,0.5843,13,19,137,664,0.0867,0.5938,0.0769,2026-09-12 17:29
20260831_0900,2026-08-31 09:00:00,h1_1.0mm,persistence,833,1.0,0.1801,0.1426,0.9071,115,37,35,646,0.7667,0.2434,0.615,2026-09-12 17:29
20260831_0900,2026-08-31 09:00:00,h3_0.1mm,climatology,833,1.0,0.8439,0.2539,0.4758,620,113,83,17,0.8819,0.1542,0.7598,2026-09-12 17:29
20260831_0900,2026-08-31 09:00:00,h3_0.1mm,persistence,833,1.0,0.8439,0.1483,0.7047,602,60,101,70,0.8563,0.0906,0.789,2026-09-12 17:29
20260831_0900,2026-08-31 09:00:00,h3_1.0mm,climatology,833,1.0,0.3818,0.2484,0.5903,116,155,202,360,0.3648,0.572,0.2452,2026-09-12 17:29
20260831_0900,2026-08-31 09:00:00,h3_1.0mm,persistence,833,1.0,0.3818,0.2632,0.7312,172,97,146,418,0.5409,0.3606,0.4145,2026-09-12 17:29
20260831_0900,2026-08-31 09:00:00,h6_0.1mm,climatology,833,1.0,0.9448,0.1153,0.4193,787,46,0,0,1.0,0.0552,0.9448,2026-09-12 17:29
20260831_0900,2026-08-31 09:00:00,h6_0.1mm,persistence,833,1.0,0.9448,0.0725,0.7803,723,17,64,29,0.9187,0.023,0.8993,2026-09-12 17:29
20260831_0900,2026-08-31 09:00:00,h6_1.0mm,climatology,833,1.0,0.5954,0.2666,0.5623,370,236,126,101,0.746,0.3894,0.5055,2026-09-12 17:29
20260831_0900,2026-08-31 09:00:00,h6_1.0mm,persistence,833,1.0,0.5954,0.2786,0.6706,284,97,212,240,0.5726,0.2546,0.4789,2026-09-12 17:29
20260831_1000,2026-08-31 10:00:00,h1_0.1mm,climatology,833,1.0,0.5918,0.3089,0.4885,260,179,233,161,0.5274,0.4077,0.3869,2026-09-12 17:29
20260831_1000,2026-08-31 10:00:00,h1_0.1mm,persistence,833,1.0,0.5918,0.2181,0.7705,419,117,74,223,0.8499,0.2183,0.6869,2026-09-12 17:29
20260831_1000,2026-08-31 10:00:00,h1_1.0mm,climatology,833,1.0,0.1753,0.1462,0.5503,14,49,132,638,0.0959,0.7778,0.0718,2026-09-12 17:29
20260831_1000,2026-08-31 10:00:00,h1_1.0mm,persistence,833,1.0,0.1753,0.1911,0.8127,71,79,75,608,0.4863,0.5267,0.3156,2026-09-12 17:29
20260831_1000,2026-08-31 10:00:00,h3_0.1mm,climatology,833,1.0,0.8727,0.2215,0.4856,673,105,54,1,0.9257,0.135,0.8089,2026-09-12 17:29
20260831_1000,2026-08-31 10:00:00,h3_0.1mm,persistence,833,1.0,0.8727,0.1568,0.6975,597,47,130,59,0.8212,0.073,0.7713,2026-09-12 17:29
20260831_1000,2026-08-31 10:00:00,h3_1.0mm,climatology,833,1.0,0.4418,0.2599,0.6083,225,211,143,254,0.6114,0.4839,0.3886,2026-09-12 17:29
20260831_1000,2026-08-31 10:00:00,h3_1.0mm,persistence,833,1.0,0.4418,0.2576,0.7213,159,68,209,397,0.4321,0.2996,0.3647,2026-09-12 17:29
20260831_1000,2026-08-31 10:00:00,h6_0.1mm,climatology,833,1.0,0.94,0.1007,0.4429,783,50,0,0,1.0,0.06,0.94,2026-09-12 17:29
20260831_1000,2026-08-31 10:00:00,h6_0.1mm,persistence,833,1.0,0.94,0.0785,0.7074,726,26,57,24,0.9272,0.0346,0.8974,2026-09-12 17:29
20260831_1000,2026-08-31 10:00:00,h6_1.0mm,climatology,833,1.0,0.6038,0.2596,0.5422,414,275,89,55,0.8231,0.3991,0.5321,2026-09-12 17:29
20260831_1000,2026-08-31 10:00:00,h6_1.0mm,persistence,833,1.0,0.6038,0.2881,0.6467,273,101,230,229,0.5427,0.2701,0.452,2026-09-12 17:29
20260831_1100,2026-08-31 11:00:00,h1_0.1mm,climatology,833,1.0,0.7503,0.3184,0.4903,409,140,216,68,0.6544,0.255,0.5346,2026-09-12 17:29
20260831_1100,2026-08-31 11:00:00,h1_0.1mm,persistence,833,1.0,0.7503,0.1247,0.8764,471,22,154,186,0.7536,0.0446,0.728,2026-09-12 17:29
20260831_1100,2026-08-31 11:00:00,h1_1.0mm,climatology,833,1.0,0.2773,0.2087,0.5637,59,130,172,472,0.2554,0.6878,0.1634,2026-09-12 17:29
20260831_1100,2026-08-31 11:00:00,h1_1.0mm,persistence,833,1.0,0.2773,0.136,0.8863,110,36,121,566,0.4762,0.2466,0.412,2026-09-12 17:29
20260831_1100,2026-08-31 11:00:00,h3_0.1mm,climatology,833,1.0,0.886,0.1969,0.4918,702,94,36,1,0.9512,0.1181,0.8438,2026-09-12 17:29
20260831_1100,2026-08-31 11:00:00,h3_0.1mm,persistence,833,1.0,0.886,0.1362,0.6765,619,48,119,47,0.8388,0.072,0.7875,2026-09-12 17:29
20260831_1100,2026-08-31 11:00:00,h3_1.0mm,climatology,833,1.0,0.4442,0.2528,0.5968,256,264,114,199,0.6919,0.5077,0.4038,2026-09-12 17:29
20260831_1100,2026-08-31 11:00:00,h3_1.0mm,persistence,833,1.0,0.4442,0.2359,0.7566,182,69,188,394,0.4919,0.2749,0.4146,2026-09-12 17:29
20260831_1100,2026-08-31 11:00:00,h6_0.1mm,climatology,833,1.0,0.952,0.0831,0.4867,793,40,0,0,1.0,0.048,0.952,2026-09-12 17:29
20260831_1100,2026-08-31 11:00:00,h6_0.1mm,persistence,833,1.0,0.952,0.0642,0.715,733,20,60,20,0.9243,0.0266,0.9016,2026-09-12 17:29
20260831_1100,2026-08-31 11:00:00,h6_1.0mm,climatology,833,1.0,0.6182,0.2542,0.5293,461,286,54,32,0.8951,0.3829,0.5755,2026-09-12 17:29
20260831_1100,2026-08-31 11:00:00,h6_1.0mm,persistence,833,1.0,0.6182,0.272,0.6657,291,92,224,226,0.565,0.2402,0.4794,2026-09-12 17:29
20260831_1200,2026-08-31 12:00:00,h1_0.1mm,climatology,833,1.0,0.7935,0.2987,0.4958,462,135,199,37,0.6989,0.2261,0.5804,2026-09-12 17:29
20260831_1200,2026-08-31 12:00:00,h1_0.1mm,persistence,833,1.0,0.7935,0.1129,0.8109,574,51,87,121,0.8684,0.0816,0.8062,2026-09-12 17:29
20260831_1200,2026-08-31 12:00:00,h1_1.0mm,climatology,833,1.0,0.3265,0.2265,0.5891,138,232,134,329,0.5074,0.627,0.2738,2026-09-12 17:29
20260831_1200,2026-08-31 12:00:00,h1_1.0mm,persistence,833,1.0,0.3265,0.182,0.8605,166,65,106,496,0.6103,0.2814,0.4926,2026-09-12 17:29
20260831_1200,2026-08-31 12:00:00,h3_0.1mm,climatology,833,1.0,0.8968,0.1707,0.4872,743,86,4,0,0.9946,0.1037,0.892,2026-09-12 17:29
20260831_1200,2026-08-31 12:00:00,h3_0.1mm,persistence,833,1.0,0.8968,0.08,0.7282,663,40,84,46,0.8876,0.0569,0.8424,2026-09-12 17:29
20260831_1200,2026-08-31 12:00:00,h3_1.0mm,climatology,833,1.0,0.4886,0.2734,0.5214,290,313,117,113,0.7125,0.5191,0.4028,2026-09-12 17:29
20260831_1200,2026-08-31 12:00:00,h3_1.0mm,persistence,833,1.0,0.4886,0.2381,0.7524,229,89,178,337,0.5627,0.2799,0.4617,2026-09-12 17:29
20260831_1200,2026-08-31 12:00:00,h6_0.1mm,climatology,833,1.0,0.9424,0.0827,0.5175,785,48,0,0,1.0,0.0576,0.9424,2026-09-12 17:29
20260831_1200,2026-08-31 12:00:00,h6_0.1mm,persistence,833,1.0,0.9424,0.0563,0.7241,739,24,46,24,0.9414,0.0315,0.9135,2026-09-12 17:29
20260831_1200,2026-08-31 12:00:00,h6_1.0mm,climatology,833,1.0,0.6267,0.2554,0.493,494,302,28,9,0.9464,0.3794,0.5995,2026-09-12 17:29
20260831_1200,2026-08-31 12:00:00,h6_1.0mm,persistence,833,1.0,0.6267,0.2608,0.6717,311,104,211,207,0.5958,0.2506,0.4968,2026-09-12 17:29
20260831_1300,2026-08-31 13:00:00,h1_0.1mm,climatology,833,1.0,0.7575,0.2658,0.5329,497,166,134,36,0.7876,0.2504,0.6236,2026-09-12 17:29
20260831_1300,2026-08-31 13:00:00,h1_0.1mm,persistence,833,1.0,0.7575,0.1432,0.7854,586,75,45,127,0.9287,0.1135,0.83,2026-09-12 17:29
20260831_1300,2026-08-31 13:00:00,h1_1.0mm,climatology,833,1.0,0.3289,0.217,0.6213,177,270,97,289,0.646,0.604,0.3254,2026-09-12 17:29
20260831_1300,2026-08-31 13:00:00,h1_1.0mm,persistence,833,1.0,0.3289,0.1688,0.9027,225,47,49,512,0.8212,0.1728,0.7009,2026-09-12 17:29
20260831_1300,2026-08-31 13:00:00,h3_0.1mm,climatology,833,1.0,0.8788,0.1575,0.4963,732,101,0,0,1.0,0.1212,0.8788,2026-09-12 17:29
20260831_1300,2026-08-31 13:00:00,h3_0.1mm,persistence,833,1.0,0.8788,0.098,0.7152,676,51,56,50,0.9235,0.0702,0.8633,2026-09-12 17:29
20260831_1300,2026-08-31 13:00:00,h3_1.0mm,climatology,833,1.0,0.4934,0.2651,0.5263,332,355,79,67,0.8078,0.5167,0.4334,2026-09-12 17:29
20260831_1300,2026-08-31 13:00:00,h3_1.0mm,persistence,833,1.0,0.4934,0.2438,0.7658,276,92,135,330,0.6715,0.25,0.5487,2026-09-12 17:29
20260831_1300,2026-08-31 13:00:00,h6_0.1mm,climatology,833,1.0,0.9268,0.0896,0.5126,772,61,0,0,1.0,0.0732,0.9268,2026-09-12 17:29
20260831_1300,2026-08-31 13:00:00,h6_0.1mm,persistence,833,1.0,0.9268,0.0708,0.6831,738,36,34,25,0.956,0.0465,0.9134,2026-09-12 17:29
20260831_1300,2026-08-31 13:00:00,h6_1.0mm,climatology,833,1.0,0.6327,0.2527,0.4781,515,303,12,3,0.9772,0.3704,0.6205,2026-09-12 17:29
20260831_1300,2026-08-31 13:00:00,h6_1.0mm,persistence,833,1.0,0.6327,0.2521,0.6854,335,101,192,205,0.6357,0.2317,0.5334,2026-09-12 17:29
20260831_1400,2026-08-31 14:00:00,h1_0.1mm,climatology,833,1.0,0.7479,0.249,0.5002,552,195,71,15,0.886,0.261,0.6748,2026-09-12 17:29
20260831_1400,2026-08-31 14:00:00,h1_0.1mm,persistence,833,1.0,0.7479,0.1466,0.767,550,81,73,129,0.8828,0.1284,0.7812,2026-09-12 17:29
20260831_1400,2026-08-31 14:00:00,h1_1.0mm,climatology,833,1.0,0.3217,0.2301,0.5041,157,337,111,228,0.5858,0.6822,0.2595,2026-09-12 17:29
20260831_1400,2026-08-31 14:00:00,h1_1.0mm,persistence,833,1.0,0.3217,0.241,0.7921,173,101,95,464,0.6455,0.3686,0.4688,2026-09-12 17:29
20260831_1400,2026-08-31 14:00:00,h3_0.1mm,climatology,833,1.0,0.8595,0.1571,0.4891,716,117,0,0,1.0,0.1405,0.8595,2026-09-12 17:29
20260831_1400,2026-08-31 14:00:00,h3_0.1mm,persistence,833,1.0,0.8595,0.1246,0.6379,661,77,55,40,0.9232,0.1043,0.8335,2026-09-12 17:29
20260831_1400,2026-08-31 14:00:00,h3_1.0mm,climatology,833,1.0,0.455,0.263,0.4986,328,413,51,41,0.8654,0.5574,0.4141,2026-09-12 17:29
20260831_1400,2026-08-31 14:00:00,h3_1.0mm,persistence,833,1.0,0.455,0.3021,0.6957,234,136,145,318,0.6174,0.3676,0.4544,2026-09-12 17:29
20260831_1400,2026-08-31 14:00:00,h6_0.1mm,climatology,833,1.0,0.9112,0.0994,0.4974,759,74,0,0,1.0,0.0888,0.9112,2026-09-12 17:29
20260831_1400,2026-08-31 14:00:00,h6_0.1mm,persistence,833,1.0,0.9112,0.0811,0.64,735,51,24,23,0.9684,0.0649,0.9074,2026-09-12 17:29
20260831_1400,2026-08-31 14:00:00,h6_1.0mm,climatology,833,1.0,0.5834,0.2615,0.4553,478,343,8,4,0.9835,0.4178,0.5766,2026-09-12 17:29
20260831_1400,2026-08-31 14:00:00,h6_1.0mm,persistence,833,1.0,0.5834,0.3028,0.6124,286,153,200,194,0.5885,0.3485,0.4476,2026-09-12 17:29
20260831_1500,2026-08-31 15:00:00,h1_0.1mm,climatology,833,1.0,0.7203,0.2422,0.4897,570,221,30,12,0.95,0.2794,0.6943,2026-09-12 17:29
20260831_1500,2026-08-31 15:00:00,h1_0.1mm,persistence,833,1.0,0.7203,0.127,0.8141,547,76,53,157,0.9117,0.122,0.8092,2026-09-12 17:29
20260831_1500,2026-08-31 15:00:00,h1_1.0mm,climatology,833,1.0,0.3469,0.2362,0.5159,195,360,94,184,0.6747,0.6486,0.3005,2026-09-12 17:29
20260831_1500,2026-08-31 15:00:00,h1_1.0mm,persistence,833,1.0,0.3469,0.109,0.9574,237,31,52,513,0.8201,0.1157,0.7406,2026-09-12 17:29
20260831_1500,2026-08-31 15:00:00,h3_0.1mm,climatology,833,1.0,0.8163,0.1688,0.5279,680,153,0,0,1.0,0.1837,0.8163,2026-09-12 17:29
20260831_1500,2026-08-31 15:00:00,h3_0.1mm,persistence,833,1.0,0.8163,0.1511,0.6326,642,105,38,48,0.9441,0.1406,0.8178,2026-09-12 17:29
20260831_1500,2026-08-31 15:00:00,h3_1.0mm,climatology,833,1.0,0.4958,0.2636,0.4941,383,394,30,26,0.9274,0.5071,0.4746,2026-09-12 17:29
20260831_1500,2026-08-31 15:00:00,h3_1.0mm,persistence,833,1.0,0.4958,0.2388,0.7772,298,109,115,311,0.7215,0.2678,0.5709,2026-09-12 17:29
20260831_1500,2026-08-31 15:00:00,h6_0.1mm,climatology,833,1.0,0.8535,0.1344,0.5171,711,122,0,0,1.0,0.1465,0.8535,2026-09-12 17:29
20260831_1500,2026-08-31 15:00:00,h6_0.1mm,persistence,833,1.0,0.8535,0.1318,0.5976,692,95,19,27,0.9733,0.1207,0.8586,2026-09-12 17:29
20260831_1500,2026-08-31 15:00:00,h6_1.0mm,climatology,833,1.0,0.5786,0.2546,0.4845,477,345,5,6,0.9896,0.4197,0.5768,2026-09-12 17:29
20260831_1500,2026-08-31 15:00:00,h6_1.0mm,persistence,833,1.0,0.5786,0.2706,0.6841,349,147,133,204,0.7241,0.2964,0.5548,2026-09-12 17:29
20260831_1600,2026-08-31 16:00:00,h1_0.1mm,climatology,833,1.0,0.6507,0.2462,0.5063,529,281,13,10,0.976,0.3469,0.6428,2026-09-12 17:29
20260831_1600,2026-08-31 16:00:00,h1_0.1mm,persistence,833,1.0,0.6507,0.2038,0.756,484,116,58,175,0.893,0.1933,0.7356,2026-09-12 17:29
20260831_1600,2026-08-31 16:00:00,h1_1.0mm,climatology,833,1.0,0.3241,0.2318,0.4754,182,410,88,153,0.6741,0.6926,0.2676,2026-09-12 17:29
20260831_1600,2026-08-31 16:00:00,h1_1.0mm,persistence,833,1.0,0.3241,0.2075,0.8466,198,91,72,472,0.7333,0.3149,0.5485,2026-09-12 17:29
20260831_1600,2026-08-31 16:00:00,h3_0.1mm,climatology,833,1.0,0.7695,0.1871,0.5414,641,192,0,0,1.0,0.2305,0.7695,2026-09-12 17:29
20260831_1600,2026-08-31 16:00:00,h3_0.1mm,persistence,833,1.0,0.7695,0.1892,0.631,601,131,40,61,0.9376,0.179,0.7785,2026-09-12 17:29
20260831_1600,2026-08-31 16:00:00,h3_1.0mm,climatology,833,1.0,0.4466,0.2604,0.4679,350,428,22,33,0.9409,0.5501,0.4375,2026-09-12 17:29
20260831_1600,2026-08-31 16:00:00,h3_1.0mm,persistence,833,1.0,0.4466,0.3078,0.7064,256,155,116,306,0.6882,0.3771,0.4858,2026-09-12 17:29
20260831_1600,2026-08-31 16:00:00,h6_0.1mm,climatology,833,1.0,0.8415,0.1398,0.5461,701,132,0,0,1.0,0.1585,0.8415,2026-09-12 17:29
20260831_1600,2026-08-31 16:00:00,h6_0.1mm,persistence,833,1.0,0.8415,0.139,0.6131,684,99,17,33,0.9757,0.1264,0.855,2026-09-12 17:29
20260831_1600,2026-08-31 16:00:00,h6_1.0mm,climatology,833,1.0,0.5462,0.2558,0.4977,449,368,6,10,0.9868,0.4504,0.5456,2026-09-12 17:29
20260831_1600,2026-08-31 16:00:00,h6_1.0mm,persistence,833,1.0,0.5462,0.2965,0.677,337,166,118,212,0.7407,0.33,0.5427,2026-09-12 17:29
20260831_1700,2026-08-31 17:00:00,h1_0.1mm,climatology,833,1.0,0.617,0.2439,0.5484,508,305,6,14,0.9883,0.3752,0.6203,2026-09-12 17:29
20260831_1700,2026-08-31 17:00:00,h1_0.1mm,persistence,833,1.0,0.617,0.1782,0.8061,447,95,67,224,0.8696,0.1753,0.734,2026-09-12 17:29
20260831_1700,2026-08-31 17:00:00,h1_1.0mm,climatology,833,1.0,0.3205,0.2293,0.4642,175,427,92,139,0.6554,0.7093,0.2522,2026-09-12 17:29
20260831_1700,2026-08-31 17:00:00,h1_1.0mm,persistence,833,1.0,0.3205,0.161,0.8848,200,70,67,496,0.7491,0.2593,0.5935,2026-09-12 17:29
20260831_1700,2026-08-31 17:00:00,h3_0.1mm,climatology,833,1.0,0.7155,0.1999,0.6022,596,237,0,0,1.0,0.2845,0.7155,2026-09-12 17:29
20260831_1700,2026-08-31 17:00:00,h3_0.1mm,persistence,833,1.0,0.7155,0.2273,0.6253,553,163,43,74,0.9279,0.2277,0.7286,2026-09-12 17:29
20260831_1700,2026-08-31 17:00:00,h3_1.0mm,climatology,833,1.0,0.425,0.2578,0.4561,331,439,23,40,0.935,0.5701,0.4174,2026-09-12 17:29
20260831_1700,2026-08-31 17:00:00,h3_1.0mm,persistence,833,1.0,0.425,0.2738,0.7546,247,132,107,347,0.6977,0.3483,0.5082,2026-09-12 17:29
20260831_1700,2026-08-31 17:00:00,h6_0.1mm,climatology,833,1.0,0.8019,0.1612,0.5627,668,165,0,0,1.0,0.1981,0.8019,2026-09-12 17:29
20260831_1700,2026-08-31 17:00:00,h6_0.1mm,persistence,833,1.0,0.8019,0.1668,0.6025,663,130,5,35,0.9925,0.1639,0.8308,2026-09-12 17:29
20260831_1700,2026-08-31 17:00:00,h6_1.0mm,climatology,833,1.0,0.515,0.2635,0.4598,421,393,8,11,0.9814,0.4828,0.5122,2026-09-12 17:29
20260831_1700,2026-08-31 17:00:00,h6_1.0mm,persistence,833,1.0,0.515,0.3178,0.6639,321,194,108,210,0.7483,0.3767,0.5152,2026-09-12 17:29
20260831_1800,2026-08-31 18:00:00,h1_0.1mm,climatology,833,1.0,0.6086,0.2458,0.5534,497,307,10,19,0.9803,0.3818,0.6106,2026-09-12 17:29
20260831_1800,2026-08-31 18:00:00,h1_0.1mm,persistence,833,1.0,0.6086,0.1482,0.8516,449,65,58,261,0.8856,0.1265,0.785,2026-09-12 17:29
20260831_1800,2026-08-31 18:00:00,h1_1.0mm,climatology,833,1.0,0.2953,0.2141,0.4918,152,389,94,198,0.6179,0.719,0.2394,2026-09-12 17:29
20260831_1800,2026-08-31 18:00:00,h1_1.0mm,persistence,833,1.0,0.2953,0.1507,0.9003,204,63,42,524,0.8293,0.236,0.6602,2026-09-12 17:29
20260831_1800,2026-08-31 18:00:00,h3_0.1mm,climatology,833,1.0,0.6699,0.2129,0.6243,558,275,0,0,1.0,0.3301,0.6699,2026-09-12 17:29
20260831_1800,2026-08-31 18:00:00,h3_0.1mm,persistence,833,1.0,0.6699,0.2258,0.6966,527,153,31,122,0.9444,0.225,0.7412,2026-09-12 17:29
20260831_1800,2026-08-31 18:00:00,h3_1.0mm,climatology,833,1.0,0.3878,0.244,0.494,278,433,45,77,0.8607,0.609,0.3677,2026-09-12 17:29
20260831_1800,2026-08-31 18:00:00,h3_1.0mm,persistence,833,1.0,0.3878,0.2741,0.7828,254,159,69,351,0.7864,0.385,0.527,2026-09-12 17:29
20260831_1800,2026-08-31 18:00:00,h6_0.1mm,climatology,833,1.0,0.7947,0.1689,0.5397,662,171,0,0,1.0,0.2053,0.7947,2026-09-12 17:29
20260831_1800,2026-08-31 18:00:00,h6_0.1mm,persistence,833,1.0,0.7947,0.1709,0.6009,651,134,11,37,0.9834,0.1707,0.8178,2026-09-12 17:29
20260831_1800,2026-08-31 18:00:00,h6_1.0mm,climatology,833,1.0,0.5018,0.263,0.455,405,399,13,16,0.9689,0.4963,0.4957,2026-09-12 17:29
20260831_1800,2026-08-31 18:00:00,h6_1.0mm,persistence,833,1.0,0.5018,0.3173,0.693,333,189,85,226,0.7967,0.3621,0.5486,2026-09-12 17:29
20260901_0900,2026-09-01 09:00:00,h1_0.1mm,climatology,833,1.0,0.2821,0.2116,0.5521,139,308,96,290,0.5915,0.689,0.256,2026-09-12 17:29
20260901_0900,2026-09-01 09:00:00,h1_0.1mm,persistence,833,1.0,0.2821,0.1694,0.8041,141,41,94,557,0.6,0.2253,0.5109,2026-09-12 17:29
20260901_0900,2026-09-01 09:00:00,h1_1.0mm,climatology,833,1.0,0.0396,0.0536,0.6144,5,58,28,742,0.1515,0.9206,0.0549,2026-09-12 17:29
20260901_0900,2026-09-01 09:00:00,h1_1.0mm,persistence,833,1.0,0.0396,0.0401,0.9045,20,13,13,787,0.6061,0.3939,0.4348,2026-09-12 17:29
20260901_0900,2026-09-01 09:00:00,h3_0.1mm,climatology,833,1.0,0.5498,0.2583,0.5346,457,375,1,0,0.9978,0.4507,0.5486,2026-09-12 17:29
20260901_0900,2026-09-01 09:00:00,h3_0.1mm,persistence,833,1.0,0.5498,0.3231,0.6575,230,99,228,276,0.5022,0.3009,0.4129,2026-09-12 17:29
20260901_0900,2026-09-01 09:00:00,h3_1.0mm,climatology,833,1.0,0.1585,0.1556,0.6587,97,379,35,322,0.7348,0.7962,0.1898,2026-09-12 17:29
20260901_0900,2026-09-01 09:00:00,h3_1.0mm,persistence,833,1.0,0.1585,0.1996,0.6476,34,60,98,641,0.2576,0.6383,0.1771,2026-09-12 17:29
20260901_0900,2026-09-01 09:00:00,h6_0.1mm,climatology,833,1.0,0.7527,0.1893,0.5952,627,206,0,0,1.0,0.2473,0.7527,2026-09-12 17:29
20260901_0900,2026-09-01 09:00:00,h6_0.1mm,persistence,833,1.0,0.7527,0.3313,0.6067,346,75,281,131,0.5518,0.1781,0.4929,2026-09-12 17:29
20260901_0900,2026-09-01 09:00:00,h6_1.0mm,climatology,833,1.0,0.2449,0.2726,0.5935,201,590,3,39,0.9853,0.7459,0.2531,2026-09-12 17:29
20260901_0900,2026-09-01 09:00:00,h6_1.0mm,persistence,833,1.0,0.2449,0.2921,0.5683,47,88,157,541,0.2304,0.6519,0.161,2026-09-12 17:29
20260901_1000,2026-09-01 10:00:00,h1_0.1mm,climatology,833,1.0,0.3229,0.232,0.5711,247,468,22,96,0.9182,0.6545,0.3351,2026-09-12 17:29
20260901_1000,2026-09-01 10:00:00,h1_0.1mm,persistence,833,1.0,0.3229,0.2437,0.7474,149,86,120,478,0.5539,0.366,0.4197,2026-09-12 17:29
20260901_1000,2026-09-01 10:00:00,h1_1.0mm,climatology,833,1.0,0.0828,0.087,0.6832,33,158,36,606,0.4783,0.8272,0.1454,2026-09-12 17:29
20260901_1000,2026-09-01 10:00:00,h1_1.0mm,persistence,833,1.0,0.0828,0.09,0.837,17,16,52,748,0.2464,0.4848,0.2,2026-09-12 17:29
20260901_1000,2026-09-01 10:00:00,h3_0.1mm,climatology,833,1.0,0.5966,0.2302,0.6593,497,336,0,0,1.0,0.4034,0.5966,2026-09-12 17:29
20260901_1000,2026-09-01 10:00:00,h3_0.1mm,persistence,833,1.0,0.5966,0.3326,0.6518,239,81,258,255,0.4809,0.2531,0.4135,2026-09-12 17:29
20260901_1000,2026-09-01 10:00:00,h3_1.0mm,climatology,833,1.0,0.1681,0.1755,0.6776,126,481,14,212,0.9,0.7924,0.2029,2026-09-12 17:29
20260901_1000,2026-09-01 10:00:00,h3_1.0mm,persistence,833,1.0,0.1681,0.1859,0.6829,26,42,114,651,0.1857,0.6176,0.1429,2026-09-12 17:29
20260901_1000,2026-09-01 10:00:00,h6_0.1mm,climatology,833,1.0,0.7287,0.2111,0.5977,607,226,0,0,1.0,0.2713,0.7287,2026-09-12 17:29
20260901_1000,2026-09-01 10:00:00,h6_0.1mm,persistence,833,1.0,0.7287,0.3438,0.5638,336,106,271,120,0.5535,0.2398,0.4712,2026-09-12 17:29
20260901_1000,2026-09-01 10:00:00,h6_1.0mm,climatology,833,1.0,0.2869,0.302,0.5507,239,592,0,2,1.0,0.7124,0.2876,2026-09-12 17:29
20260901_1000,2026-09-01 10:00:00,h6_1.0mm,persistence,833,1.0,0.2869,0.3301,0.5474,37,92,202,502,0.1548,0.7132,0.1118,2026-09-12 17:29
20260901_1100,2026-09-01 11:00:00,h1_0.1mm,climatology,833,1.0,0.4034,0.2467,0.6016,330,449,6,48,0.9821,0.5764,0.4204,2026-09-12 17:29
20260901_1100,2026-09-01 11:00:00,h1_0.1mm,persistence,833,1.0,0.4034,0.1467,0.8627,217,52,119,445,0.6458,0.1933,0.5593,2026-09-12 17:29
20260901_1100,2026-09-01 11:00:00,h1_1.0mm,climatology,833,1.0,0.0972,0.1042,0.7328,63,323,18,429,0.7778,0.8368,0.1559,2026-09-12 17:29
20260901_1100,2026-09-01 11:00:00,h1_1.0mm,persistence,833,1.0,0.0972,0.0889,0.9248,34,35,47,717,0.4198,0.5072,0.2931,2026-09-12 17:29
20260901_1100,2026-09-01 11:00:00,h3_0.1mm,climatology,833,1.0,0.6002,0.2305,0.6995,500,333,0,0,1.0,0.3998,0.6002,2026-09-12 17:29
20260901_1100,2026-09-01 11:00:00,h3_0.1mm,persistence,833,1.0,0.6002,0.2838,0.6905,291,98,209,235,0.582,0.2519,0.4866,2026-09-12 17:29
20260901_1100,2026-09-01 11:00:00,h3_1.0mm,climatology,833,1.0,0.1525,0.1919,0.702,124,562,3,144,0.9764,0.8192,0.18,2026-09-12 17:29
20260901_1100,2026-09-01 11:00:00,h3_1.0mm,persistence,833,1.0,0.1525,0.1556,0.8225,43,53,84,653,0.3386,0.5521,0.2389,2026-09-12 17:29
20260901_1100,2026-09-01 11:00:00,h6_0.1mm,climatology,833,1.0,0.7719,0.1843,0.5985,643,190,0,0,1.0,0.2281,0.7719,2026-09-12 17:29
20260901_1100,2026-09-01 11:00:00,h6_0.1mm,persistence,833,1.0,0.7719,0.2711,0.6109,419,91,224,99,0.6516,0.1784,0.5708,2026-09-12 17:29
20260901_1100,2026-09-01 11:00:00,h6_1.0mm,climatology,833,1.0,0.3181,0.3125,0.5639,264,568,1,0,0.9962,0.6827,0.3169,2026-09-12 17:29
20260901_1100,2026-09-01 11:00:00,h6_1.0mm,persistence,833,1.0,0.3181,0.3132,0.6027,74,99,191,469,0.2792,0.5723,0.2033,2026-09-12 17:29
20260901_1200,2026-09-01 12:00:00,h1_0.1mm,climatology,833,1.0,0.4934,0.2251,0.71,409,391,2,31,0.9951,0.4888,0.51,2026-09-12 17:29
20260901_1200,2026-09-01 12:00:00,h1_0.1mm,persistence,833,1.0,0.4934,0.1506,0.8752,293,43,118,379,0.7129,0.128,0.6454,2026-09-12 17:29
20260901_1200,2026-09-01 12:00:00,h1_1.0mm,climatology,833,1.0,0.1116,0.1257,0.6975,80,431,13,309,0.8602,0.8434,0.1527,2026-09-12 17:29
20260901_1200,2026-09-01 12:00:00,h1_1.0mm,persistence,833,1.0,0.1116,0.0605,0.9744,67,14,26,726,0.7204,0.1728,0.6262,2026-09-12 17:29
20260901_1200,2026-09-01 12:00:00,h3_0.1mm,climatology,833,1.0,0.6471,0.2247,0.6596,539,294,0,0,1.0,0.3529,0.6471,2026-09-12 17:29
20260901_1200,2026-09-01 12:00:00,h3_0.1mm,persistence,833,1.0,0.6471,0.2237,0.7334,370,88,169,206,0.6865,0.1921,0.5901,2026-09-12 17:29
20260901_1200,2026-09-01 12:00:00,h3_1.0mm,climatology,833,1.0,0.1861,0.2258,0.6355,150,624,5,54,0.9677,0.8062,0.1926,2026-09-12 17:29
20260901_1200,2026-09-01 12:00:00,h3_1.0mm,persistence,833,1.0,0.1861,0.1633,0.839,83,49,72,629,0.5355,0.3712,0.4069,2026-09-12 17:29
20260901_1200,2026-09-01 12:00:00,h6_0.1mm,climatology,833,1.0,0.7815,0.1797,0.5892,651,182,0,0,1.0,0.2185,0.7815,2026-09-12 17:29
20260901_1200,2026-09-01 12:00:00,h6_0.1mm,persistence,833,1.0,0.7815,0.2193,0.6383,467,90,184,92,0.7174,0.1616,0.6302,2026-09-12 17:29
20260901_1200,2026-09-01 12:00:00,h6_1.0mm,climatology,833,1.0,0.3337,0.3212,0.5619,278,555,0,0,1.0,0.6663,0.3337,2026-09-12 17:29
20260901_1200,2026-09-01 12:00:00,h6_1.0mm,persistence,833,1.0,0.3337,0.2981,0.6421,99,93,179,462,0.3561,0.4844,0.2668,2026-09-12 17:29
20260901_1300,2026-09-01 13:00:00,h1_0.1mm,climatology,833,1.0,0.4598,0.2368,0.7082,383,448,0,2,1.0,0.5391,0.4609,2026-09-12 17:29
20260901_1300,2026-09-01 13:00:00,h1_0.1mm,persistence,833,1.0,0.4598,0.2432,0.8247,322,89,61,361,0.8407,0.2165,0.6822,2026-09-12 17:29
20260901_1300,2026-09-01 13:00:00,h1_1.0mm,climatology,833,1.0,0.096,0.1313,0.7378,77,527,3,226,0.9625,0.8725,0.1269,2026-09-12 17:29
20260901_1300,2026-09-01 13:00:00,h1_1.0mm,persistence,833,1.0,0.096,0.1189,0.8997,59,34,21,719,0.7375,0.3656,0.5175,2026-09-12 17:29
20260901_1300,2026-09-01 13:00:00,h3_0.1mm,climatology,833,1.0,0.6002,0.2632,0.6127,500,333,0,0,1.0,0.3998,0.6002,2026-09-12 17:29
20260901_1300,2026-09-01 13:00:00,h3_0.1mm,persistence,833,1.0,0.6002,0.2569,0.7362,390,107,110,226,0.78,0.2153,0.6425,2026-09-12 17:29
20260901_1300,2026-09-01 13:00:00,h3_1.0mm,climatology,833,1.0,0.2113,0.2606,0.5504,173,653,3,4,0.983,0.7906,0.2087,2026-09-12 17:29
20260901_1300,2026-09-01 13:00:00,h3_1.0mm,persistence,833,1.0,0.2113,0.219,0.7149,77,63,99,594,0.4375,0.45,0.3222,2026-09-12 17:29
20260901_1300,2026-09-01 13:00:00,h6_0.1mm,climatology,833,1.0,0.7635,0.1919,0.5946,636,197,0,0,1.0,0.2365,0.7635,2026-09-12 17:29
20260901_1300,2026-09-01 13:00:00,h6_0.1mm,persistence,833,1.0,0.7635,0.2444,0.5932,469,109,167,88,0.7374,0.1886,0.6295,2026-09-12 17:29
20260901_1300,2026-09-01 13:00:00,h6_1.0mm,climatology,833,1.0,0.3782,0.314,0.5554,315,518,0,0,1.0,0.6218,0.3782,2026-09-12 17:29
20260901_1300,2026-09-01 13:00:00,h6_1.0mm,persistence,833,1.0,0.3782,0.3403,0.5714,92,90,223,428,0.2921,0.4945,0.2272,2026-09-12 17:29
20260901_1400,2026-09-01 14:00:00,h1_0.1mm,climatology,833,1.0,0.3962,0.2875,0.5744,330,503,0,0,1.0,0.6038,0.3962,2026-09-12 17:29
20260901_1400,2026-09-01 14:00:00,h1_0.1mm,persistence,833,1.0,0.3962,0.2927,0.7573,253,130,77,373,0.7667,0.3394,0.55,2026-09-12 17:29
20260901_1400,2026-09-01 14:00:00,h1_1.0mm,climatology,833,1.0,0.0816,0.1511,0.5338,52,633,16,132,0.7647,0.9241,0.0742,2026-09-12 17:29
20260901_1400,2026-09-01 14:00:00,h1_1.0mm,persistence,833,1.0,0.0816,0.1623,0.7757,26,54,42,711,0.3824,0.675,0.2131,2026-09-12 17:29
20260901_1400,2026-09-01 14:00:00,h3_0.1mm,climatology,833,1.0,0.5882,0.2834,0.5445,490,343,0,0,1.0,0.4118,0.5882,2026-09-12 17:29
20260901_1400,2026-09-01 14:00:00,h3_0.1mm,persistence,833,1.0,0.5882,0.3301,0.6271,347,153,143,190,0.7082,0.306,0.5397,2026-09-12 17:29
20260901_1400,2026-09-01 14:00:00,h3_1.0mm,climatology,833,1.0,0.2233,0.278,0.4818,182,642,4,5,0.9785,0.7791,0.2198,2026-09-12 17:29
20260901_1400,2026-09-01 14:00:00,h3_1.0mm,persistence,833,1.0,0.2233,0.259,0.6115,48,79,138,568,0.2581,0.622,0.1811,2026-09-12 17:29
20260901_1400,2026-09-01 14:00:00,h6_0.1mm,climatology,833,1.0,0.7443,0.2035,0.592,620,213,0,0,1.0,0.2557,0.7443,2026-09-12 17:29
20260901_1400,2026-09-01 14:00:00,h6_0.1mm,persistence,833,1.0,0.7443,0.2817,0.5262,455,143,165,70,0.7339,0.2391,0.5963,2026-09-12 17:29
20260901_1400,2026-09-01 14:00:00,h6_1.0mm,climatology,833,1.0,0.3733,0.3138,0.5358,311,522,0,0,1.0,0.6267,0.3733,2026-09-12 17:29
20260901_1400,2026-09-01 14:00:00,h6_1.0mm,persistence,833,1.0,0.3733,0.3594,0.535,74,106,237,416,0.2379,0.5889,0.1775,2026-09-12 17:29
20260901_1500,2026-09-01 15:00:00,h1_0.1mm,climatology,833,1.0,0.3337,0.3323,0.4426,278,555,0,0,1.0,0.6663,0.3337,2026-09-12 17:29
20260901_1500,2026-09-01 15:00:00,h1_0.1mm,persistence,833,1.0,0.3337,0.2225,0.8197,216,114,62,441,0.777,0.3455,0.551,2026-09-12 17:29
20260901_1500,2026-09-01 15:00:00,h1_1.0mm,climatology,833,1.0,0.1176,0.1748,0.4221,82,665,16,70,0.8367,0.8902,0.1075,2026-09-12 17:29
20260901_1500,2026-09-01 15:00:00,h1_1.0mm,persistence,833,1.0,0.1176,0.1267,0.8341,34,34,64,701,0.3469,0.5,0.2576,2026-09-12 17:29
20260901_1500,2026-09-01 15:00:00,h3_0.1mm,climatology,833,1.0,0.5522,0.302,0.5364,460,373,0,0,1.0,0.4478,0.5522,2026-09-12 17:29
20260901_1500,2026-09-01 15:00:00,h3_0.1mm,persistence,833,1.0,0.5522,0.3587,0.6196,348,191,112,182,0.7565,0.3544,0.5346,2026-09-12 17:29
20260901_1500,2026-09-01 15:00:00,h3_1.0mm,climatology,833,1.0,0.2257,0.2717,0.4818,184,640,4,5,0.9787,0.7767,0.2222,2026-09-12 17:29
20260901_1500,2026-09-01 15:00:00,h3_1.0mm,persistence,833,1.0,0.2257,0.256,0.6953,65,90,123,555,0.3457,0.5806,0.2338,2026-09-12 17:29
20260901_1500,2026-09-01 15:00:00,h6_0.1mm,climatology,833,1.0,0.7167,0.2228,0.5476,597,236,0,0,1.0,0.2833,0.7167,2026-09-12 17:29
20260901_1500,2026-09-01 15:00:00,h6_0.1mm,persistence,833,1.0,0.7167,0.2977,0.5222,458,169,139,67,0.7672,0.2695,0.5979,2026-09-12 17:29
20260901_1500,2026-09-01 15:00:00,h6_1.0mm,climatology,833,1.0,0.3758,0.2998,0.5232,312,520,1,0,0.9968,0.625,0.3745,2026-09-12 17:29
20260901_1500,2026-09-01 15:00:00,h6_1.0mm,persistence,833,1.0,0.3758,0.3548,0.5678,86,118,227,402,0.2748,0.5784,0.1995,2026-09-12 17:29
20260901_1600,2026-09-01 16:00:00,h1_0.1mm,climatology,833,1.0,0.395,0.297,0.544,327,504,2,0,0.9939,0.6065,0.3926,2026-09-12 17:29
20260901_1600,2026-09-01 16:00:00,h1_0.1mm,persistence,833,1.0,0.395,0.218,0.7897,200,78,129,426,0.6079,0.2806,0.4914,2026-09-12 17:29
20260901_1600,2026-09-01 16:00:00,h1_1.0mm,climatology,833,1.0,0.1321,0.1697,0.5062,99,631,11,92,0.9,0.8644,0.1336,2026-09-12 17:29
20260901_1600,2026-09-01 16:00:00,h1_1.0mm,persistence,833,1.0,0.1321,0.1186,0.8925,48,50,62,673,0.4364,0.5102,0.3,2026-09-12 17:29
20260901_1600,2026-09-01 16:00:00,h3_0.1mm,climatology,833,1.0,0.5438,0.2913,0.5777,453,380,0,0,1.0,0.4562,0.5438,2026-09-12 17:29
20260901_1600,2026-09-01 16:00:00,h3_0.1mm,persistence,833,1.0,0.5438,0.3694,0.6033,317,183,136,197,0.6998,0.366,0.4984,2026-09-12 17:29
20260901_1600,2026-09-01 16:00:00,h3_1.0mm,climatology,833,1.0,0.2557,0.252,0.5185,208,607,5,13,0.9765,0.7448,0.2537,2026-09-12 17:29
20260901_1600,2026-09-01 16:00:00,h3_1.0mm,persistence,833,1.0,0.2557,0.2839,0.6571,74,102,139,518,0.3474,0.5795,0.2349,2026-09-12 17:29
20260901_1600,2026-09-01 16:00:00,h6_0.1mm,climatology,833,1.0,0.7287,0.2085,0.5654,607,226,0,0,1.0,0.2713,0.7287,2026-09-12 17:29
20260901_1600,2026-09-01 16:00:00,h6_0.1mm,persistence,833,1.0,0.7287,0.2917,0.4914,439,168,168,58,0.7232,0.2768,0.5665,2026-09-12 17:29
20260901_1600,2026-09-01 16:00:00,h6_1.0mm,climatology,833,1.0,0.3974,0.2844,0.4896,328,496,3,6,0.9909,0.6019,0.3966,2026-09-12 17:29
20260901_1600,2026-09-01 16:00:00,h6_1.0mm,persistence,833,1.0,0.3974,0.3615,0.5716,106,133,225,369,0.3202,0.5565,0.2284,2026-09-12 17:29
20260901_1700,2026-09-01 17:00:00,h1_0.1mm,climatology,833,1.0,0.3902,0.2804,0.5835,324,508,1,0,0.9969,0.6106,0.389,2026-09-12 17:29
20260901_1700,2026-09-01 17:00:00,h1_0.1mm,persistence,833,1.0,0.3902,0.1279,0.892,268,61,57,447,0.8246,0.1854,0.6943,2026-09-12 17:29
20260901_1700,2026-09-01 17:00:00,h1_1.0mm,climatology,833,1.0,0.1537,0.1668,0.5427,113,564,15,141,0.8828,0.8331,0.1633,2026-09-12 17:29
20260901_1700,2026-09-01 17:00:00,h1_1.0mm,persistence,833,1.0,0.1537,0.068,0.9703,98,12,30,693,0.7656,0.1091,0.7,2026-09-12 17:29
20260901_1700,2026-09-01 17:00:00,h3_0.1mm,climatology,833,1.0,0.5738,0.2681,0.5514,478,355,0,0,1.0,0.4262,0.5738,2026-09-12 17:29
20260901_1700,2026-09-01 17:00:00,h3_0.1mm,persistence,833,1.0,0.5738,0.31,0.6672,348,142,130,213,0.728,0.2898,0.5613,2026-09-12 17:29
20260901_1700,2026-09-01 17:00:00,h3_1.0mm,climatology,833,1.0,0.2893,0.236,0.5418,225,552,16,40,0.9336,0.7104,0.2837,2026-09-12 17:29
20260901_1700,2026-09-01 17:00:00,h3_1.0mm,persistence,833,1.0,0.2893,0.2339,0.7375,116,70,125,522,0.4813,0.3763,0.373,2026-09-12 17:29
20260901_1700,2026-09-01 17:00:00,h6_0.1mm,climatology,833,1.0,0.7239,0.2123,0.523,603,230,0,0,1.0,0.2761,0.7239,2026-09-12 17:29
20260901_1700,2026-09-01 17:00:00,h6_0.1mm,persistence,833,1.0,0.7239,0.2903,0.5071,468,175,135,55,0.7761,0.2722,0.6015,2026-09-12 17:29
20260901_1700,2026-09-01 17:00:00,h6_1.0mm,climatology,833,1.0,0.425,0.2717,0.4968,346,468,8,11,0.9774,0.5749,0.4209,2026-09-12 17:29
20260901_1700,2026-09-01 17:00:00,h6_1.0mm,persistence,833,1.0,0.425,0.366,0.5712,136,129,218,350,0.3842,0.4868,0.2816,2026-09-12 17:29
20260901_1800,2026-09-01 18:00:00,h1_0.1mm,climatology,833,1.0,0.395,0.2783,0.5015,324,497,5,7,0.9848,0.6054,0.3923,2026-09-12 17:29
20260901_1800,2026-09-01 18:00:00,h1_0.1mm,persistence,833,1.0,0.395,0.1937,0.8197,242,83,87,421,0.7356,0.2554,0.5874,2026-09-12 17:29
20260901_1800,2026-09-01 18:00:00,h1_1.0mm,climatology,833,1.0,0.1885,0.1725,0.5067,117,469,40,207,0.7452,0.8003,0.1869,2026-09-12 17:29
20260901_1800,2026-09-01 18:00:00,h1_1.0mm,persistence,833,1.0,0.1885,0.1407,0.8497,83,45,74,631,0.5287,0.3516,0.4109,2026-09-12 17:29
20260901_1800,2026-09-01 18:00:00,h3_0.1mm,climatology,833,1.0,0.5318,0.2858,0.4841,443,390,0,0,1.0,0.4682,0.5318,2026-09-12 17:29
20260901_1800,2026-09-01 18:00:00,h3_0.1mm,persistence,833,1.0,0.5318,0.3304,0.6563,306,154,137,236,0.6907,0.3348,0.5126,2026-09-12 17:29
20260901_1800,2026-09-01 18:00:00,h3_1.0mm,climatology,833,1.0,0.2653,0.2188,0.5337,198,521,23,91,0.8959,0.7246,0.2668,2026-09-12 17:29
20260901_1800,2026-09-01 18:00:00,h3_1.0mm,persistence,833,1.0,0.2653,0.2498,0.722,96,92,125,520,0.4344,0.4894,0.3067,2026-09-12 17:29
20260901_1800,2026-09-01 18:00:00,h6_0.1mm,climatology,833,1.0,0.6843,0.2404,0.468,570,263,0,0,1.0,0.3157,0.6843,2026-09-12 17:29
20260901_1800,2026-09-01 18:00:00,h6_0.1mm,persistence,833,1.0,0.6843,0.3327,0.4886,442,209,128,54,0.7754,0.321,0.5674,2026-09-12 17:29
20260901_1800,2026-09-01 18:00:00,h6_1.0mm,climatology,833,1.0,0.4094,0.2624,0.514,325,476,16,16,0.9531,0.5943,0.3978,2026-09-12 17:29
20260901_1800,2026-09-01 18:00:00,h6_1.0mm,persistence,833,1.0,0.4094,0.3965,0.5367,126,152,215,340,0.3695,0.5468,0.2556,2026-09-12 17:29
20260902_0900,2026-09-02 09:00:00,h1_0.1mm,climatology,833,1.0,0.1693,0.1866,0.5599,82,365,59,327,0.5816,0.8166,0.1621,2026-09-12 17:29
20260902_0900,2026-09-02 09:00:00,h1_0.1mm,persistence,833,1.0,0.1693,0.1411,0.7294,71,34,70,658,0.5035,0.3238,0.4057,2026-09-12 17:29
20260902_0900,2026-09-02 09:00:00,h1_1.0mm,climatology,833,1.0,0.0348,0.0486,0.7188,8,55,21,749,0.2759,0.873,0.0952,2026-09-12 17:29
20260902_0900,2026-09-02 09:00:00,h1_1.0mm,persistence,833,1.0,0.0348,0.0348,0.7504,12,4,17,800,0.4138,0.25,0.3636,2026-09-12 17:29
20260902_0900,2026-09-02 09:00:00,h3_0.1mm,climatology,833,1.0,0.5738,0.2286,0.6726,478,354,0,1,1.0,0.4255,0.5745,2026-09-12 17:29
20260902_0900,2026-09-02 09:00:00,h3_0.1mm,persistence,833,1.0,0.5738,0.4446,0.5704,108,13,370,342,0.2259,0.1074,0.22,2026-09-12 17:29
20260902_0900,2026-09-02 09:00:00,h3_1.0mm,climatology,833,1.0,0.1981,0.1602,0.7247,136,340,29,328,0.8242,0.7143,0.2693,2026-09-12 17:29
20260902_0900,2026-09-02 09:00:00,h3_1.0mm,persistence,833,1.0,0.1981,0.1773,0.5814,18,8,147,660,0.1091,0.3077,0.104,2026-09-12 17:29
20260902_0900,2026-09-02 09:00:00,h6_0.1mm,climatology,833,1.0,0.8499,0.1165,0.7278,708,125,0,0,1.0,0.1501,0.8499,2026-09-12 17:29
20260902_0900,2026-09-02 09:00:00,h6_0.1mm,persistence,833,1.0,0.8499,0.5692,0.5734,174,7,534,118,0.2458,0.0387,0.2434,2026-09-12 17:29
20260902_0900,2026-09-02 09:00:00,h6_1.0mm,climatology,833,1.0,0.4574,0.218,0.755,379,412,2,40,0.9948,0.5209,0.4779,2026-09-12 17:29
20260902_0900,2026-09-02 09:00:00,h6_1.0mm,persistence,833,1.0,0.4574,0.3758,0.5544,46,11,335,441,0.1207,0.193,0.1173,2026-09-12 17:29
20260902_1000,2026-09-02 10:00:00,h1_0.1mm,climatology,833,1.0,0.3217,0.2272,0.6199,254,461,14,104,0.9478,0.6448,0.3484,2026-09-12 17:29
20260902_1000,2026-09-02 10:00:00,h1_0.1mm,persistence,833,1.0,0.3217,0.1796,0.7751,112,29,156,536,0.4179,0.2057,0.3771,2026-09-12 17:29
20260902_1000,2026-09-02 10:00:00,h1_1.0mm,climatology,833,1.0,0.0984,0.097,0.6622,27,164,55,587,0.3293,0.8586,0.1098,2026-09-12 17:29
20260902_1000,2026-09-02 10:00:00,h1_1.0mm,persistence,833,1.0,0.0984,0.0661,0.9165,21,8,61,743,0.2561,0.2759,0.2333,2026-09-12 17:29
20260902_1000,2026-09-02 10:00:00,h3_0.1mm,climatology,833,1.0,0.7719,0.1577,0.7649,643,190,0,0,1.0,0.2281,0.7719,2026-09-12 17:29
20260902_1000,2026-09-02 10:00:00,h3_0.1mm,persistence,833,1.0,0.7719,0.4749,0.6504,174,3,469,187,0.2706,0.0169,0.2693,2026-09-12 17:29
20260902_1000,2026-09-02 10:00:00,h3_1.0mm,climatology,833,1.0,0.3157,0.1874,0.7562,247,360,16,210,0.9392,0.5931,0.3965,2026-09-12 17:29
20260902_1000,2026-09-02 10:00:00,h3_1.0mm,persistence,833,1.0,0.3157,0.2253,0.7318,33,5,230,565,0.1255,0.1316,0.1231,2026-09-12 17:29
20260902_1000,2026-09-02 10:00:00,h6_0.1mm,climatology,833,1.0,0.8595,0.1088,0.762,716,117,0,0,1.0,0.1405,0.8595,2026-09-12 17:29
20260902_1000,2026-09-02 10:00:00,h6_0.1mm,persistence,833,1.0,0.8595,0.4855,0.632,222,7,494,110,0.3101,0.0306,0.3071,2026-09-12 17:29
20260902_1000,2026-09-02 10:00:00,h6_1.0mm,climatology,833,1.0,0.545,0.2161,0.742,453,378,1,1,0.9978,0.4549,0.5445,2026-09-12 17:29
20260902_1000,2026-09-02 10:00:00,h6_1.0mm,persistence,833,1.0,0.545,0.4076,0.6399,50,8,404,371,0.1101,0.1379,0.1082,2026-09-12 17:29
20260902_1100,2026-09-02 11:00:00,h1_0.1mm,climatology,833,1.0,0.5534,0.2217,0.6993,458,321,3,51,0.9935,0.4121,0.5857,2026-09-12 17:29
20260902_1100,2026-09-02 11:00:00,h1_0.1mm,persistence,833,1.0,0.5534,0.143,0.889,262,6,199,366,0.5683,0.0224,0.561,2026-09-12 17:29
20260902_1100,2026-09-02 11:00:00,h1_1.0mm,climatology,833,1.0,0.1825,0.1402,0.7301,111,275,41,406,0.7303,0.7124,0.26,2026-09-12 17:29
20260902_1100,2026-09-02 11:00:00,h1_1.0mm,persistence,833,1.0,0.1825,0.0617,0.9355,75,7,77,674,0.4934,0.0854,0.4717,2026-09-12 17:29
20260902_1100,2026-09-02 11:00:00,h3_0.1mm,climatology,833,1.0,0.8199,0.1374,0.7709,683,150,0,0,1.0,0.1801,0.8199,2026-09-12 17:29
20260902_1100,2026-09-02 11:00:00,h3_0.1mm,persistence,833,1.0,0.8199,0.3307,0.754,319,4,364,146,0.4671,0.0124,0.4643,2026-09-12 17:29
20260902_1100,2026-09-02 11:00:00,h3_1.0mm,climatology,833,1.0,0.3577,0.1999,0.7474,283,403,15,132,0.9497,0.5875,0.4037,2026-09-12 17:29
20260902_1100,2026-09-02 11:00:00,h3_1.0mm,persistence,833,1.0,0.3577,0.1774,0.8083,87,7,211,528,0.2919,0.0745,0.2852,2026-09-12 17:29
20260902_1100,2026-09-02 11:00:00,h6_0.1mm,climatology,833,1.0,0.8727,0.1019,0.7469,727,106,0,0,1.0,0.1273,0.8727,2026-09-12 17:29
20260902_1100,2026-09-02 11:00:00,h6_0.1mm,persistence,833,1.0,0.8727,0.328,0.7647,334,5,393,101,0.4594,0.0147,0.4563,2026-09-12 17:29
20260902_1100,2026-09-02 11:00:00,h6_1.0mm,climatology,833,1.0,0.6038,0.214,0.7092,503,329,0,1,1.0,0.3954,0.6046,2026-09-12 17:29
20260902_1100,2026-09-02 11:00:00,h6_1.0mm,persistence,833,1.0,0.6038,0.3713,0.7046,95,7,408,323,0.1889,0.0686,0.1863,2026-09-12 17:29
20260902_1200,2026-09-02 12:00:00,h1_0.1mm,climatology,833,1.0,0.7455,0.1923,0.78,616,184,5,28,0.9919,0.23,0.7652,2026-09-12 17:29
20260902_1200,2026-09-02 12:00:00,h1_0.1mm,persistence,833,1.0,0.7455,0.1354,0.8699,441,20,180,192,0.7101,0.0434,0.688,2026-09-12 17:29
20260902_1200,2026-09-02 12:00:00,h1_1.0mm,climatology,833,1.0,0.2833,0.1742,0.7653,199,312,37,285,0.8432,0.6106,0.3631,2026-09-12 17:29
20260902_1200,2026-09-02 12:00:00,h1_1.0mm,persistence,833,1.0,0.2833,0.1034,0.9264,131,21,105,576,0.5551,0.1382,0.5097,2026-09-12 17:29
20260902_1200,2026-09-02 12:00:00,h3_0.1mm,climatology,833,1.0,0.8367,0.1261,0.7797,697,136,0,0,1.0,0.1633,0.8367,2026-09-12 17:29
20260902_1200,2026-09-02 12:00:00,h3_0.1mm,persistence,833,1.0,0.8367,0.1545,0.8509,467,11,230,125,0.67,0.023,0.6596,2026-09-12 17:29
20260902_1200,2026-09-02 12:00:00,h3_1.0mm,climatology,833,1.0,0.4358,0.2101,0.754,356,418,7,52,0.9807,0.5401,0.4558,2026-09-12 17:29
20260902_1200,2026-09-02 12:00:00,h3_1.0mm,persistence,833,1.0,0.4358,0.1814,0.8255,147,18,216,452,0.405,0.1091,0.3858,2026-09-12 17:29
20260902_1200,2026-09-02 12:00:00,h6_0.1mm,climatology,833,1.0,0.88,0.0991,0.7158,733,100,0,0,1.0,0.12,0.88,2026-09-12 17:29
20260902_1200,2026-09-02 12:00:00,h6_0.1mm,persistence,833,1.0,0.88,0.1532,0.8414,482,9,251,91,0.6576,0.0183,0.6496,2026-09-12 17:29
20260902_1200,2026-09-02 12:00:00,h6_1.0mm,climatology,833,1.0,0.6255,0.2166,0.6671,521,312,0,0,1.0,0.3745,0.6255,2026-09-12 17:29
20260902_1200,2026-09-02 12:00:00,h6_1.0mm,persistence,833,1.0,0.6255,0.2972,0.741,158,15,363,297,0.3033,0.0867,0.2948,2026-09-12 17:29
20260902_1300,2026-09-02 13:00:00,h1_0.1mm,climatology,833,1.0,0.7143,0.1946,0.7347,594,237,1,1,0.9983,0.2852,0.7139,2026-09-12 17:29
20260902_1300,2026-09-02 13:00:00,h1_0.1mm,persistence,833,1.0,0.7143,0.1556,0.8132,545,76,50,162,0.916,0.1224,0.8122,2026-09-12 17:29
20260902_1300,2026-09-02 13:00:00,h1_1.0mm,climatology,833,1.0,0.2713,0.1837,0.7004,202,402,24,205,0.8938,0.6656,0.3217,2026-09-12 17:29
20260902_1300,2026-09-02 13:00:00,h1_1.0mm,persistence,833,1.0,0.2713,0.1636,0.9118,183,53,43,554,0.8097,0.2246,0.6559,2026-09-12 17:29
20260902_1300,2026-09-02 13:00:00,h3_0.1mm,climatology,833,1.0,0.8055,0.1389,0.7583,671,162,0,0,1.0,0.1945,0.8055,2026-09-12 17:29
20260902_1300,2026-09-02 13:00:00,h3_0.1mm,persistence,833,1.0,0.8055,0.1141,0.8201,598,45,73,117,0.8912,0.07,0.8352,2026-09-12 17:29
20260902_1300,2026-09-02 13:00:00,h3_1.0mm,climatology,833,1.0,0.4934,0.2262,0.6949,409,417,2,5,0.9951,0.5048,0.494,2026-09-12 17:29
20260902_1300,2026-09-02 13:00:00,h3_1.0mm,persistence,833,1.0,0.4934,0.2081,0.7922,220,43,191,379,0.5353,0.1635,0.4846,2026-09-12 17:29
20260902_1300,2026-09-02 13:00:00,h6_0.1mm,climatology,833,1.0,0.8523,0.1208,0.647,710,123,0,0,1.0,0.1477,0.8523,2026-09-12 17:29
20260902_1300,2026-09-02 13:00:00,h6_0.1mm,persistence,833,1.0,0.8523,0.1035,0.7963,610,36,100,87,0.8592,0.0557,0.8177,2026-09-12 17:29
20260902_1300,2026-09-02 13:00:00,h6_1.0mm,climatology,833,1.0,0.611,0.2331,0.593,509,324,0,0,1.0,0.389,0.611,2026-09-12 17:29
20260902_1300,2026-09-02 13:00:00,h6_1.0mm,persistence,833,1.0,0.611,0.2457,0.7429,229,39,280,285,0.4499,0.1455,0.4179,2026-09-12 17:29
20260902_1400,2026-09-02 14:00:00,h1_0.1mm,climatology,833,1.0,0.5906,0.2234,0.6732,492,341,0,0,1.0,0.4094,0.5906,2026-09-12 17:29
20260902_1400,2026-09-02 14:00:00,h1_0.1mm,persistence,833,1.0,0.5906,0.2742,0.7232,438,157,54,184,0.8902,0.2639,0.6749,2026-09-12 17:29
20260902_1400,2026-09-02 14:00:00,h1_1.0mm,climatology,833,1.0,0.2821,0.1952,0.6629,223,462,12,136,0.9489,0.6745,0.3199,2026-09-12 17:29
20260902_1400,2026-09-02 14:00:00,h1_1.0mm,persistence,833,1.0,0.2821,0.2208,0.8051,143,83,92,515,0.6085,0.3673,0.4497,2026-09-12 17:29
20260902_1400,2026-09-02 14:00:00,h3_0.1mm,climatology,833,1.0,0.7287,0.1924,0.6201,607,226,0,0,1.0,0.2713,0.7287,2026-09-12 17:29
20260902_1400,2026-09-02 14:00:00,h3_0.1mm,persistence,833,1.0,0.7287,0.2063,0.7002,563,120,44,106,0.9275,0.1757,0.7744,2026-09-12 17:29
20260902_1400,2026-09-02 14:00:00,h3_1.0mm,climatology,833,1.0,0.491,0.2454,0.5862,408,416,1,8,0.9976,0.5049,0.4945,2026-09-12 17:29
20260902_1400,2026-09-02 14:00:00,h3_1.0mm,persistence,833,1.0,0.491,0.2721,0.7062,204,94,205,330,0.4988,0.3154,0.4056,2026-09-12 17:29
20260902_1400,2026-09-02 14:00:00,h6_0.1mm,climatology,833,1.0,0.8103,0.1586,0.5098,675,158,0,0,1.0,0.1897,0.8103,2026-09-12 17:29
20260902_1400,2026-09-02 14:00:00,h6_0.1mm,persistence,833,1.0,0.8103,0.1454,0.7013,607,80,68,78,0.8993,0.1164,0.804,2026-09-12 17:29
20260902_1400,2026-09-02 14:00:00,h6_1.0mm,climatology,833,1.0,0.5606,0.2591,0.5049,467,366,0,0,1.0,0.4394,0.5606,2026-09-12 17:29
20260902_1400,2026-09-02 14:00:00,h6_1.0mm,persistence,833,1.0,0.5606,0.2851,0.6719,216,89,251,277,0.4625,0.2918,0.3885,2026-09-12 17:29
20260902_1500,2026-09-02 15:00:00,h1_0.1mm,climatology,833,1.0,0.5942,0.2297,0.6217,495,338,0,0,1.0,0.4058,0.5942,2026-09-12 17:29
20260902_1500,2026-09-02 15:00:00,h1_0.1mm,persistence,833,1.0,0.5942,0.1703,0.8242,410,82,85,256,0.8283,0.1667,0.7106,2026-09-12 17:29
20260902_1500,2026-09-02 15:00:00,h1_1.0mm,climatology,833,1.0,0.3277,0.2172,0.5939,261,486,12,74,0.956,0.6506,0.3439,2026-09-12 17:29
20260902_1500,2026-09-02 15:00:00,h1_1.0mm,persistence,833,1.0,0.3277,0.1865,0.8425,159,76,114,484,0.5824,0.3234,0.4556,2026-09-12 17:29
20260902_1500,2026-09-02 15:00:00,h3_0.1mm,climatology,833,1.0,0.6927,0.2225,0.5091,577,256,0,0,1.0,0.3073,0.6927,2026-09-12 17:29
20260902_1500,2026-09-02 15:00:00,h3_0.1mm,persistence,833,1.0,0.6927,0.241,0.6659,541,156,36,100,0.9376,0.2238,0.7381,2026-09-12 17:29
20260902_1500,2026-09-02 15:00:00,h3_1.0mm,climatology,833,1.0,0.4562,0.261,0.4964,379,445,1,8,0.9974,0.54,0.4594,2026-09-12 17:29
20260902_1500,2026-09-02 15:00:00,h3_1.0mm,persistence,833,1.0,0.4562,0.301,0.6882,222,141,158,312,0.5842,0.3884,0.4261,2026-09-12 17:29
20260902_1500,2026-09-02 15:00:00,h6_0.1mm,climatology,833,1.0,0.8067,0.1633,0.4664,672,161,0,0,1.0,0.1933,0.8067,2026-09-12 17:29
20260902_1500,2026-09-02 15:00:00,h6_0.1mm,persistence,833,1.0,0.8067,0.1626,0.6588,612,96,60,65,0.9107,0.1356,0.7969,2026-09-12 17:29
20260902_1500,2026-09-02 15:00:00,h6_1.0mm,climatology,833,1.0,0.5354,0.2663,0.4772,445,387,1,0,0.9978,0.4651,0.5342,2026-09-12 17:29
20260902_1500,2026-09-02 15:00:00,h6_1.0mm,persistence,833,1.0,0.5354,0.3007,0.6598,254,127,192,260,0.5695,0.3333,0.4433,2026-09-12 17:29
20260902_1600,2026-09-02 16:00:00,h1_0.1mm,climatology,833,1.0,0.569,0.2616,0.468,474,357,0,2,1.0,0.4296,0.5704,2026-09-12 17:29
20260902_1600,2026-09-02 16:00:00,h1_0.1mm,persistence,833,1.0,0.569,0.1416,0.8689,424,71,50,288,0.8945,0.1434,0.778,2026-09-12 17:29
20260902_1600,2026-09-02 16:00:00,h1_1.0mm,climatology,833,1.0,0.3217,0.2302,0.4777,247,483,21,82,0.9216,0.6616,0.3289,2026-09-12 17:29
20260902_1600,2026-09-02 16:00:00,h1_1.0mm,persistence,833,1.0,0.3217,0.1708,0.8678,197,76,71,489,0.7351,0.2784,0.5727,2026-09-12 17:29
20260902_1600,2026-09-02 16:00:00,h3_0.1mm,climatology,833,1.0,0.6699,0.2428,0.4362,558,275,0,0,1.0,0.3301,0.6699,2026-09-12 17:29
20260902_1600,2026-09-02 16:00:00,h3_0.1mm,persistence,833,1.0,0.6699,0.2343,0.6945,519,152,39,123,0.9301,0.2265,0.731,2026-09-12 17:29
20260902_1600,2026-09-02 16:00:00,h3_1.0mm,climatology,833,1.0,0.4034,0.2644,0.4493,332,483,4,14,0.9881,0.5926,0.4054,2026-09-12 17:29
20260902_1600,2026-09-02 16:00:00,h3_1.0mm,persistence,833,1.0,0.4034,0.3209,0.7074,238,173,98,324,0.7083,0.4209,0.4676,2026-09-12 17:29
20260902_1600,2026-09-02 16:00:00,h6_0.1mm,climatology,833,1.0,0.8007,0.1754,0.3934,667,166,0,0,1.0,0.1993,0.8007,2026-09-12 17:29
20260902_1600,2026-09-02 16:00:00,h6_0.1mm,persistence,833,1.0,0.8007,0.1744,0.6184,604,112,63,54,0.9055,0.1564,0.7754,2026-09-12 17:29
20260902_1600,2026-09-02 16:00:00,h6_1.0mm,climatology,833,1.0,0.4994,0.2744,0.4489,413,411,3,6,0.9928,0.4988,0.4994,2026-09-12 17:29
20260902_1600,2026-09-02 16:00:00,h6_1.0mm,persistence,833,1.0,0.4994,0.3396,0.6382,279,175,137,242,0.6707,0.3855,0.4721,2026-09-12 17:29
20260902_1700,2026-09-02 17:00:00,h1_0.1mm,climatology,833,1.0,0.5162,0.2901,0.3648,430,402,0,1,1.0,0.4832,0.5168,2026-09-12 17:29
20260902_1700,2026-09-02 17:00:00,h1_0.1mm,persistence,833,1.0,0.5162,0.1675,0.849,383,91,47,312,0.8907,0.192,0.7351,2026-09-12 17:29
20260902_1700,2026-09-02 17:00:00,h1_1.0mm,climatology,833,1.0,0.2677,0.2222,0.3815,173,504,50,106,0.7758,0.7445,0.238,2026-09-12 17:29
20260902_1700,2026-09-02 17:00:00,h1_1.0mm,persistence,833,1.0,0.2677,0.1719,0.8817,177,91,46,519,0.7937,0.3396,0.5637,2026-09-12 17:29
20260902_1700,2026-09-02 17:00:00,h3_0.1mm,climatology,833,1.0,0.6531,0.2582,0.3871,544,289,0,0,1.0,0.3469,0.6531,2026-09-12 17:29
20260902_1700,2026-09-02 17:00:00,h3_0.1mm,persistence,833,1.0,0.6531,0.2303,0.7173,476,131,68,158,0.875,0.2158,0.7052,2026-09-12 17:29
20260902_1700,2026-09-02 17:00:00,h3_1.0mm,climatology,833,1.0,0.3361,0.259,0.4057,256,521,24,32,0.9143,0.6705,0.3196,2026-09-12 17:29
20260902_1700,2026-09-02 17:00:00,h3_1.0mm,persistence,833,1.0,0.3361,0.3086,0.7472,222,187,58,366,0.7929,0.4572,0.4754,2026-09-12 17:29
20260902_1700,2026-09-02 17:00:00,h6_0.1mm,climatology,833,1.0,0.7623,0.21,0.337,635,198,0,0,1.0,0.2377,0.7623,2026-09-12 17:29
20260902_1700,2026-09-02 17:00:00,h6_0.1mm,persistence,833,1.0,0.7623,0.2195,0.5769,577,150,58,48,0.9087,0.2063,0.735,2026-09-12 17:29
20260902_1700,2026-09-02 17:00:00,h6_1.0mm,climatology,833,1.0,0.4286,0.2859,0.3998,349,465,8,11,0.9776,0.5713,0.4246,2026-09-12 17:29
20260902_1700,2026-09-02 17:00:00,h6_1.0mm,persistence,833,1.0,0.4286,0.3842,0.6402,271,232,86,244,0.7591,0.4612,0.4601,2026-09-12 17:29
20260902_2000,2026-09-02 20:00:00,h1_0.1mm,climatology,833,1.0,0.437,0.2882,0.4189,305,402,59,67,0.8379,0.5686,0.3982,2026-09-12 17:29
20260902_2000,2026-09-02 20:00:00,h1_0.1mm,persistence,833,1.0,0.437,0.1831,0.8419,284,84,80,385,0.7802,0.2283,0.6339,2026-09-12 17:29
20260902_2000,2026-09-02 20:00:00,h1_1.0mm,climatology,833,1.0,0.1405,0.1395,0.5036,55,321,62,395,0.4701,0.8537,0.1256,2026-09-12 17:29
20260902_2000,2026-09-02 20:00:00,h1_1.0mm,persistence,833,1.0,0.1405,0.1763,0.8612,72,94,45,622,0.6154,0.5663,0.3412,2026-09-12 17:29
20260902_2000,2026-09-02 20:00:00,h3_0.1mm,climatology,833,1.0,0.5558,0.2947,0.4006,460,368,3,2,0.9935,0.4444,0.5535,2026-09-12 17:29
20260902_2000,2026-09-02 20:00:00,h3_0.1mm,persistence,833,1.0,0.5558,0.3041,0.6809,372,172,91,198,0.8035,0.3162,0.5858,2026-09-12 17:29
20260902_2000,2026-09-02 20:00:00,h3_1.0mm,climatology,833,1.0,0.2161,0.2055,0.4593,128,505,52,148,0.7111,0.7978,0.1869,2026-09-12 17:29
20260902_2000,2026-09-02 20:00:00,h3_1.0mm,persistence,833,1.0,0.2161,0.322,0.6899,103,177,77,476,0.5722,0.6321,0.2885,2026-09-12 17:29
20260902_2000,2026-09-02 20:00:00,h6_0.1mm,climatology,833,1.0,0.6351,0.2839,0.3815,529,304,0,0,1.0,0.3649,0.6351,2026-09-12 17:29
20260902_2000,2026-09-02 20:00:00,h6_0.1mm,persistence,833,1.0,0.6351,0.3308,0.569,454,221,75,83,0.8582,0.3274,0.6053,2026-09-12 17:29
20260902_2000,2026-09-02 20:00:00,h6_1.0mm,climatology,833,1.0,0.2617,0.2604,0.4369,191,571,27,44,0.8761,0.7493,0.2421,2026-09-12 17:29
20260902_2000,2026-09-02 20:00:00,h6_1.0mm,persistence,833,1.0,0.2617,0.4891,0.582,146,321,72,294,0.6697,0.6874,0.2709,2026-09-12 17:29
20260902_2100,2026-09-02 21:00:00,h1_0.1mm,climatology,833,1.0,0.3265,0.2646,0.4802,241,454,31,107,0.886,0.6532,0.332,2026-09-12 17:29
20260902_2100,2026-09-02 21:00:00,h1_0.1mm,persistence,833,1.0,0.3265,0.2686,0.771,206,158,66,403,0.7574,0.4341,0.4791,2026-09-12 17:29
20260902_2100,2026-09-02 21:00:00,h1_1.0mm,climatology,833,1.0,0.108,0.1212,0.5239,41,323,49,420,0.4556,0.8874,0.0993,2026-09-12 17:29
20260902_2100,2026-09-02 21:00:00,h1_1.0mm,persistence,833,1.0,0.108,0.1748,0.8071,45,72,45,671,0.5,0.6154,0.2778,2026-09-12 17:29
20260902_2100,2026-09-02 21:00:00,h3_0.1mm,climatology,833,1.0,0.455,0.3079,0.4761,378,454,1,0,0.9974,0.5457,0.4538,2026-09-12 17:29
20260902_2100,2026-09-02 21:00:00,h3_0.1mm,persistence,833,1.0,0.455,0.3571,0.6674,308,226,71,228,0.8127,0.4232,0.5091,2026-09-12 17:29
20260902_2100,2026-09-02 21:00:00,h3_1.0mm,climatology,833,1.0,0.1549,0.185,0.532,109,556,20,148,0.845,0.8361,0.1591,2026-09-12 17:29
20260902_2100,2026-09-02 21:00:00,h3_1.0mm,persistence,833,1.0,0.1549,0.3352,0.6765,72,195,57,509,0.5581,0.7303,0.2222,2026-09-12 17:29
20260902_2100,2026-09-02 21:00:00,h6_0.1mm,climatology,833,1.0,0.5162,0.3373,0.422,430,403,0,0,1.0,0.4838,0.5162,2026-09-12 17:29
20260902_2100,2026-09-02 21:00:00,h6_0.1mm,persistence,833,1.0,0.5162,0.422,0.5601,371,301,59,102,0.8628,0.4479,0.5075,2026-09-12 17:29
20260902_2100,2026-09-02 21:00:00,h6_1.0mm,climatology,833,1.0,0.1897,0.2466,0.4897,140,616,18,59,0.8861,0.8148,0.1809,2026-09-12 17:29
20260902_2100,2026-09-02 21:00:00,h6_1.0mm,persistence,833,1.0,0.1897,0.5,0.6033,111,335,47,340,0.7025,0.7511,0.2252,2026-09-12 17:29
20260902_2200,2026-09-02 22:00:00,h1_0.1mm,climatology,833,1.0,0.2305,0.2652,0.5184,175,586,17,55,0.9115,0.77,0.2249,2026-09-12 17:29
20260902_2200,2026-09-02 22:00:00,h1_0.1mm,persistence,833,1.0,0.2305,0.2505,0.7828,132,140,60,501,0.6875,0.5147,0.3976,2026-09-12 17:29
20260902_2200,2026-09-02 22:00:00,h1_1.0mm,climatology,833,1.0,0.0588,0.0937,0.6144,30,337,19,447,0.6122,0.9183,0.0777,2026-09-12 17:29
20260902_2200,2026-09-02 22:00:00,h1_1.0mm,persistence,833,1.0,0.0588,0.1443,0.8476,27,63,22,721,0.551,0.7,0.2411,2026-09-12 17:29
20260902_2200,2026-09-02 22:00:00,h3_0.1mm,climatology,833,1.0,0.3721,0.3381,0.4614,310,523,0,0,1.0,0.6279,0.3721,2026-09-12 17:29
20260902_2200,2026-09-02 22:00:00,h3_0.1mm,persistence,833,1.0,0.3721,0.3773,0.681,252,251,58,272,0.8129,0.499,0.4492,2026-09-12 17:29
20260902_2200,2026-09-02 22:00:00,h3_1.0mm,climatology,833,1.0,0.1104,0.1642,0.5805,73,563,19,178,0.7935,0.8852,0.1115,2026-09-12 17:29
20260902_2200,2026-09-02 22:00:00,h3_1.0mm,persistence,833,1.0,0.1104,0.3335,0.7115,54,198,38,543,0.587,0.7857,0.1862,2026-09-12 17:29
20260902_2200,2026-09-02 22:00:00,h6_0.1mm,climatology,833,1.0,0.407,0.394,0.4385,339,494,0,0,1.0,0.593,0.407,2026-09-12 17:29
20260902_2200,2026-09-02 22:00:00,h6_0.1mm,persistence,833,1.0,0.407,0.5012,0.5566,293,374,46,120,0.8643,0.5607,0.4109,2026-09-12 17:29
20260902_2200,2026-09-02 22:00:00,h6_1.0mm,climatology,833,1.0,0.1297,0.2338,0.5414,98,669,10,56,0.9074,0.8722,0.1261,2026-09-12 17:29
20260902_2200,2026-09-02 22:00:00,h6_1.0mm,persistence,833,1.0,0.1297,0.5074,0.6157,75,341,33,384,0.6944,0.8197,0.167,2026-09-12 17:29
20260902_2300,2026-09-02 23:00:00,h1_0.1mm,climatology,833,1.0,0.2353,0.2628,0.5097,166,574,30,63,0.8469,0.7757,0.2156,2026-09-12 17:29
20260902_2300,2026-09-02 23:00:00,h1_0.1mm,persistence,833,1.0,0.2353,0.1478,0.8592,124,68,72,569,0.6327,0.3542,0.4697,2026-09-12 17:29
20260902_2300,2026-09-02 23:00:00,h1_1.0mm,climatology,833,1.0,0.0468,0.0863,0.5851,19,323,20,471,0.4872,0.9444,0.0525,2026-09-12 17:29
20260902_2300,2026-09-02 23:00:00,h1_1.0mm,persistence,833,1.0,0.0468,0.0765,0.9451,20,29,19,765,0.5128,0.5918,0.2941,2026-09-12 17:29
20260902_2300,2026-09-02 23:00:00,h3_0.1mm,climatology,833,1.0,0.3301,0.3451,0.4597,275,558,0,0,1.0,0.6699,0.3301,2026-09-12 17:29
20260902_2300,2026-09-02 23:00:00,h3_0.1mm,persistence,833,1.0,0.3301,0.3919,0.665,209,254,66,304,0.76,0.5486,0.3951,2026-09-12 17:29
20260902_2300,2026-09-02 23:00:00,h3_1.0mm,climatology,833,1.0,0.0864,0.1467,0.5617,51,534,21,227,0.7083,0.9128,0.0842,2026-09-12 17:29
20260902_2300,2026-09-02 23:00:00,h3_1.0mm,persistence,833,1.0,0.0864,0.2732,0.7523,34,146,38,615,0.4722,0.8111,0.156,2026-09-12 17:29
20260902_2300,2026-09-02 23:00:00,h6_0.1mm,climatology,833,1.0,0.3565,0.4116,0.4522,297,536,0,0,1.0,0.6435,0.3565,2026-09-12 17:29
20260902_2300,2026-09-02 23:00:00,h6_0.1mm,persistence,833,1.0,0.3565,0.5154,0.5797,255,380,42,156,0.8586,0.5984,0.3767,2026-09-12 17:29
20260902_2300,2026-09-02 23:00:00,h6_1.0mm,climatology,833,1.0,0.102,0.2199,0.5676,74,684,11,64,0.8706,0.9024,0.0962,2026-09-12 17:29
20260902_2300,2026-09-02 23:00:00,h6_1.0mm,persistence,833,1.0,0.102,0.4686,0.6195,47,310,38,438,0.5529,0.8683,0.119,2026-09-12 17:29
20260903_0600,2026-09-03 06:00:00,h1_0.1mm,climatology,833,1.0,0.0756,0.182,0.5967,48,544,15,226,0.7619,0.9189,0.0791,2026-09-12 17:29
20260903_0600,2026-09-03 06:00:00,h1_0.1mm,persistence,833,1.0,0.0756,0.0526,0.9833,55,15,8,755,0.873,0.2143,0.7051,2026-09-12 17:29
20260903_0600,2026-09-03 06:00:00,h1_1.0mm,climatology,833,1.0,0.006,0.0382,0.853,4,97,1,731,0.8,0.9604,0.0392,2026-09-12 17:29
20260903_0600,2026-09-03 06:00:00,h1_1.0mm,persistence,833,1.0,0.006,0.0139,0.9976,5,4,0,824,1.0,0.4444,0.5556,2026-09-12 17:29
20260903_0600,2026-09-03 06:00:00,h3_0.1mm,climatology,833,1.0,0.09,0.2761,0.573,73,735,2,23,0.9733,0.9097,0.0901,2026-09-12 17:29
20260903_0600,2026-09-03 06:00:00,h3_0.1mm,persistence,833,1.0,0.09,0.1128,0.8854,55,55,20,703,0.7333,0.5,0.4231,2026-09-12 17:29
20260903_0600,2026-09-03 06:00:00,h3_1.0mm,climatology,833,1.0,0.0108,0.069,0.8578,6,187,3,637,0.6667,0.9689,0.0306,2026-09-12 17:29
20260903_0600,2026-09-03 06:00:00,h3_1.0mm,persistence,833,1.0,0.0108,0.0379,0.8998,5,16,4,808,0.5556,0.7619,0.2,2026-09-12 17:29
20260903_0600,2026-09-03 06:00:00,h6_0.1mm,climatology,833,1.0,0.5438,0.2893,0.5659,453,380,0,0,1.0,0.4562,0.5438,2026-09-12 17:29
20260903_0600,2026-09-03 06:00:00,h6_0.1mm,persistence,833,1.0,0.5438,0.3984,0.5893,181,85,272,295,0.3996,0.3195,0.3364,2026-09-12 17:29
20260903_0600,2026-09-03 06:00:00,h6_1.0mm,climatology,833,1.0,0.2113,0.1973,0.7057,159,430,17,227,0.9034,0.7301,0.2624,2026-09-12 17:29
20260903_0600,2026-09-03 06:00:00,h6_1.0mm,persistence,833,1.0,0.2113,0.2351,0.5676,23,52,153,605,0.1307,0.6933,0.1009,2026-09-12 17:29
20260903_0700,2026-09-03 07:00:00,h1_0.1mm,climatology,833,1.0,0.0228,0.1433,0.7089,14,398,5,416,0.7368,0.966,0.0336,2026-09-12 17:29
20260903_0700,2026-09-03 07:00:00,h1_0.1mm,persistence,833,1.0,0.0228,0.087,0.973,19,44,0,770,1.0,0.6984,0.3016,2026-09-12 17:29
20260903_0700,2026-09-03 07:00:00,h1_1.0mm,climatology,833,1.0,0.006,0.0306,0.9356,3,60,2,768,0.6,0.9524,0.0462,2026-09-12 17:29
20260903_0700,2026-09-03 07:00:00,h1_1.0mm,persistence,833,1.0,0.006,0.0129,0.9855,3,2,2,826,0.6,0.4,0.4286,2026-09-12 17:29
20260903_0700,2026-09-03 07:00:00,h3_0.1mm,climatology,833,1.0,0.1417,0.275,0.5436,112,693,6,22,0.9492,0.8609,0.1381,2026-09-12 17:29
20260903_0700,2026-09-03 07:00:00,h3_0.1mm,persistence,833,1.0,0.1417,0.186,0.6037,37,50,81,665,0.3136,0.5747,0.2202,2026-09-12 17:29
20260903_0700,2026-09-03 07:00:00,h3_1.0mm,climatology,833,1.0,0.0288,0.0744,0.692,8,162,16,647,0.3333,0.9529,0.043,2026-09-12 17:29
20260903_0700,2026-09-03 07:00:00,h3_1.0mm,persistence,833,1.0,0.0288,0.042,0.6131,4,8,20,801,0.1667,0.6667,0.125,2026-09-12 17:29
20260903_0700,2026-09-03 07:00:00,h6_0.1mm,climatology,833,1.0,0.7143,0.2014,0.6222,595,238,0,0,1.0,0.2857,0.7143,2026-09-12 17:29
20260903_0700,2026-09-03 07:00:00,h6_0.1mm,persistence,833,1.0,0.7143,0.4549,0.5926,186,44,409,194,0.3126,0.1913,0.2911,2026-09-12 17:29
20260903_0700,2026-09-03 07:00:00,h6_1.0mm,climatology,833,1.0,0.3121,0.2077,0.743,250,400,10,173,0.9615,0.6154,0.3788,2026-09-12 17:29
20260903_0700,2026-09-03 07:00:00,h6_1.0mm,persistence,833,1.0,0.3121,0.2829,0.5799,27,30,233,543,0.1038,0.5263,0.0931,2026-09-12 17:29
20260903_0800,2026-09-03 08:00:00,h1_0.1mm,climatology,833,1.0,0.0336,0.1334,0.7293,18,309,10,496,0.6429,0.945,0.0534,2026-09-12 17:29
20260903_0800,2026-09-03 08:00:00,h1_0.1mm,persistence,833,1.0,0.0336,0.0346,0.7545,14,5,14,800,0.5,0.2632,0.4242,2026-09-12 17:29
20260903_0800,2026-09-03 08:00:00,h1_1.0mm,climatology,833,1.0,0.0084,0.0274,0.973,6,44,1,782,0.8571,0.88,0.1176,2026-09-12 17:29
20260903_0800,2026-09-03 08:00:00,h1_1.0mm,persistence,833,1.0,0.0084,0.0064,0.8452,4,1,3,825,0.5714,0.2,0.5,2026-09-12 17:29
20260903_0800,2026-09-03 08:00:00,h3_0.1mm,climatology,833,1.0,0.3085,0.2826,0.5788,255,572,2,4,0.9922,0.6917,0.3076,2026-09-12 17:29
20260903_0800,2026-09-03 08:00:00,h3_0.1mm,persistence,833,1.0,0.3085,0.3066,0.5489,43,35,214,541,0.1673,0.4487,0.1473,2026-09-12 17:29
20260903_0800,2026-09-03 08:00:00,h3_1.0mm,climatology,833,1.0,0.096,0.1148,0.678,41,253,39,500,0.5125,0.8605,0.1231,2026-09-12 17:29
20260903_0800,2026-09-03 08:00:00,h3_1.0mm,persistence,833,1.0,0.096,0.0986,0.5567,6,5,74,748,0.075,0.4545,0.0706,2026-09-12 17:29
20260903_0800,2026-09-03 08:00:00,h6_0.1mm,climatology,833,1.0,0.7719,0.1651,0.6886,643,190,0,0,1.0,0.2281,0.7719,2026-09-12 17:29
20260903_0800,2026-09-03 08:00:00,h6_0.1mm,persistence,833,1.0,0.7719,0.5656,0.565,132,22,511,168,0.2053,0.1429,0.1985,2026-09-12 17:29
20260903_0800,2026-09-03 08:00:00,h6_1.0mm,climatology,833,1.0,0.3733,0.2135,0.7615,309,413,2,109,0.9936,0.572,0.4268,2026-09-12 17:29
20260903_0800,2026-09-03 08:00:00,h6_1.0mm,persistence,833,1.0,0.3733,0.3259,0.5937,23,17,288,505,0.074,0.425,0.0701,2026-09-12 17:29
20260903_1000,2026-09-03 10:00:00,h1_0.1mm,climatology,833,1.0,0.2893,0.2309,0.5968,219,496,22,96,0.9087,0.6937,0.2972,2026-09-12 17:29
20260903_1000,2026-09-03 10:00:00,h1_0.1mm,persistence,833,1.0,0.2893,0.113,0.8664,95,7,146,585,0.3942,0.0686,0.3831,2026-09-12 17:29
20260903_1000,2026-09-03 10:00:00,h1_1.0mm,climatology,833,1.0,0.0852,0.0889,0.6844,31,160,40,602,0.4366,0.8377,0.1342,2026-09-12 17:29
20260903_1000,2026-09-03 10:00:00,h1_1.0mm,persistence,833,1.0,0.0852,0.046,0.9367,13,6,58,756,0.1831,0.3158,0.1688,2026-09-12 17:29
20260903_1000,2026-09-03 10:00:00,h3_0.1mm,climatology,833,1.0,0.7131,0.1919,0.68,594,239,0,0,1.0,0.2869,0.7131,2026-09-12 17:29
20260903_1000,2026-09-03 10:00:00,h3_0.1mm,persistence,833,1.0,0.7131,0.4683,0.6904,117,1,477,238,0.197,0.0085,0.1966,2026-09-12 17:29
20260903_1000,2026-09-03 10:00:00,h3_1.0mm,climatology,833,1.0,0.3097,0.1885,0.7585,245,362,13,213,0.9496,0.5964,0.3952,2026-09-12 17:29
20260903_1000,2026-09-03 10:00:00,h3_1.0mm,persistence,833,1.0,0.3097,0.2377,0.7361,22,2,236,573,0.0853,0.0833,0.0846,2026-09-12 17:29
20260903_1000,2026-09-03 10:00:00,h6_0.1mm,climatology,833,1.0,0.8475,0.1213,0.7026,706,127,0,0,1.0,0.1525,0.8475,2026-09-12 17:29
20260903_1000,2026-09-03 10:00:00,h6_0.1mm,persistence,833,1.0,0.8475,0.531,0.662,163,5,543,122,0.2309,0.0298,0.2293,2026-09-12 17:29
20260903_1000,2026-09-03 10:00:00,h6_1.0mm,climatology,833,1.0,0.4922,0.2362,0.6891,410,421,0,2,1.0,0.5066,0.4934,2026-09-12 17:29
20260903_1000,2026-09-03 10:00:00,h6_1.0mm,persistence,833,1.0,0.4922,0.3975,0.6598,25,7,385,416,0.061,0.2188,0.06,2026-09-12 17:29
20260903_1100,2026-09-03 11:00:00,h1_0.1mm,climatology,833,1.0,0.4886,0.2377,0.6436,387,392,20,34,0.9509,0.5032,0.4844,2026-09-12 17:29
20260903_1100,2026-09-03 11:00:00,h1_0.1mm,persistence,833,1.0,0.4886,0.1726,0.8458,217,24,190,402,0.5332,0.0996,0.5035,2026-09-12 17:29
20260903_1100,2026-09-03 11:00:00,h1_1.0mm,climatology,833,1.0,0.1909,0.1406,0.7524,123,263,36,411,0.7736,0.6813,0.2915,2026-09-12 17:29
20260903_1100,2026-09-03 11:00:00,h1_1.0mm,persistence,833,1.0,0.1909,0.0838,0.8989,59,12,100,662,0.3711,0.169,0.345,2026-09-12 17:29
20260903_1100,2026-09-03 11:00:00,h3_0.1mm,climatology,833,1.0,0.7599,0.1639,0.734,633,200,0,0,1.0,0.2401,0.7599,2026-09-12 17:29
20260903_1100,2026-09-03 11:00:00,h3_0.1mm,persistence,833,1.0,0.7599,0.361,0.7363,247,10,386,190,0.3902,0.0389,0.3841,2026-09-12 17:29
20260903_1100,2026-09-03 11:00:00,h3_1.0mm,climatology,833,1.0,0.3625,0.1992,0.767,299,387,3,144,0.9901,0.5641,0.434,2026-09-12 17:29
20260903_1100,2026-09-03 11:00:00,h3_1.0mm,persistence,833,1.0,0.3625,0.2134,0.7568,71,9,231,522,0.2351,0.1125,0.2283,2026-09-12 17:29
20260903_1100,2026-09-03 11:00:00,h6_0.1mm,climatology,833,1.0,0.8619,0.1158,0.6498,718,115,0,0,1.0,0.1381,0.8619,2026-09-12 17:29
20260903_1100,2026-09-03 11:00:00,h6_0.1mm,persistence,833,1.0,0.8619,0.3812,0.7329,285,7,433,108,0.3969,0.024,0.3931,2026-09-12 17:29
20260903_1100,2026-09-03 11:00:00,h6_1.0mm,climatology,833,1.0,0.5318,0.2518,0.6016,442,390,1,0,0.9977,0.4688,0.5306,2026-09-12 17:29
20260903_1100,2026-09-03 11:00:00,h6_1.0mm,persistence,833,1.0,0.5318,0.3451,0.6801,77,8,366,382,0.1738,0.0941,0.1707,2026-09-12 17:29
20260903_1200,2026-09-03 12:00:00,h1_0.1mm,climatology,833,1.0,0.6627,0.2065,0.7281,531,269,21,12,0.962,0.3362,0.6468,2026-09-12 17:29
20260903_1200,2026-09-03 12:00:00,h1_0.1mm,persistence,833,1.0,0.6627,0.1523,0.8584,379,28,173,253,0.6866,0.0688,0.6534,2026-09-12 17:29
20260903_1200,2026-09-03 12:00:00,h1_1.0mm,climatology,833,1.0,0.2653,0.1706,0.7613,191,320,30,292,0.8643,0.6262,0.353,2026-09-12 17:29
20260903_1200,2026-09-03 12:00:00,h1_1.0mm,persistence,833,1.0,0.2653,0.1028,0.9144,130,29,91,583,0.5882,0.1824,0.52,2026-09-12 17:29
20260903_1200,2026-09-03 12:00:00,h3_0.1mm,climatology,833,1.0,0.7947,0.1455,0.7551,662,171,0,0,1.0,0.2053,0.7947,2026-09-12 17:29
20260903_1200,2026-09-03 12:00:00,h3_0.1mm,persistence,833,1.0,0.7947,0.2275,0.7813,410,22,252,149,0.6193,0.0509,0.5994,2026-09-12 17:29
20260903_1200,2026-09-03 12:00:00,h3_1.0mm,climatology,833,1.0,0.4274,0.2108,0.751,352,422,4,55,0.9888,0.5452,0.4524,2026-09-12 17:29
20260903_1200,2026-09-03 12:00:00,h3_1.0mm,persistence,833,1.0,0.4274,0.1949,0.7914,152,22,204,455,0.427,0.1264,0.4021,2026-09-12 17:29
20260903_1200,2026-09-03 12:00:00,h6_0.1mm,climatology,833,1.0,0.8631,0.1178,0.6055,719,114,0,0,1.0,0.1369,0.8631,2026-09-12 17:29
20260903_1200,2026-09-03 12:00:00,h6_0.1mm,persistence,833,1.0,0.8631,0.2327,0.7823,441,12,278,102,0.6134,0.0265,0.6033,2026-09-12 17:29
20260903_1200,2026-09-03 12:00:00,h6_1.0mm,climatology,833,1.0,0.5426,0.2632,0.5433,452,381,0,0,1.0,0.4574,0.5426,2026-09-12 17:29
20260903_1200,2026-09-03 12:00:00,h6_1.0mm,persistence,833,1.0,0.5426,0.273,0.7134,162,14,290,367,0.3584,0.0795,0.3476,2026-09-12 17:29
20260903_1300,2026-09-03 13:00:00,h1_0.1mm,climatology,833,1.0,0.6603,0.1986,0.7498,550,281,0,2,1.0,0.3381,0.6619,2026-09-12 17:29
20260903_1300,2026-09-03 13:00:00,h1_0.1mm,persistence,833,1.0,0.6603,0.1508,0.8582,492,60,58,223,0.8945,0.1087,0.8066,2026-09-12 17:29
20260903_1300,2026-09-03 13:00:00,h1_1.0mm,climatology,833,1.0,0.2869,0.1792,0.7539,230,374,9,220,0.9623,0.6192,0.3752,2026-09-12 17:29
20260903_1300,2026-09-03 13:00:00,h1_1.0mm,persistence,833,1.0,0.2869,0.1247,0.9188,180,41,59,553,0.7531,0.1855,0.6429,2026-09-12 17:29
20260903_1300,2026-09-03 13:00:00,h3_0.1mm,climatology,833,1.0,0.7899,0.1522,0.7102,658,175,0,0,1.0,0.2101,0.7899,2026-09-12 17:29
20260903_1300,2026-09-03 13:00:00,h3_0.1mm,persistence,833,1.0,0.7899,0.1582,0.784,546,48,112,127,0.8298,0.0808,0.7734,2026-09-12 17:29
20260903_1300,2026-09-03 13:00:00,h3_1.0mm,climatology,833,1.0,0.4394,0.2322,0.6654,364,462,2,5,0.9945,0.5593,0.4396,2026-09-12 17:29
20260903_1300,2026-09-03 13:00:00,h3_1.0mm,persistence,833,1.0,0.4394,0.189,0.8048,214,44,152,423,0.5847,0.1705,0.522,2026-09-12 17:29
20260903_1300,2026-09-03 13:00:00,h6_0.1mm,climatology,833,1.0,0.8583,0.1241,0.5567,715,118,0,0,1.0,0.1417,0.8583,2026-09-12 17:29
20260903_1300,2026-09-03 13:00:00,h6_0.1mm,persistence,833,1.0,0.8583,0.1507,0.7833,568,27,147,91,0.7944,0.0454,0.7655,2026-09-12 17:29
20260903_1300,2026-09-03 13:00:00,h6_1.0mm,climatology,833,1.0,0.5378,0.2739,0.4933,448,385,0,0,1.0,0.4622,0.5378,2026-09-12 17:29
20260903_1300,2026-09-03 13:00:00,h6_1.0mm,persistence,833,1.0,0.5378,0.2268,0.7497,233,27,215,358,0.5201,0.1038,0.4905,2026-09-12 17:29
20260903_1400,2026-09-03 14:00:00,h1_0.1mm,climatology,833,1.0,0.6399,0.209,0.7005,533,300,0,0,1.0,0.3601,0.6399,2026-09-12 17:29
20260903_1400,2026-09-03 14:00:00,h1_0.1mm,persistence,833,1.0,0.6399,0.1891,0.807,466,84,67,216,0.8743,0.1527,0.7553,2026-09-12 17:29
20260903_1400,2026-09-03 14:00:00,h1_1.0mm,climatology,833,1.0,0.2905,0.1929,0.6791,226,459,16,132,0.9339,0.6701,0.3224,2026-09-12 17:29
20260903_1400,2026-09-03 14:00:00,h1_1.0mm,persistence,833,1.0,0.2905,0.1848,0.8499,153,86,89,505,0.6322,0.3598,0.4665,2026-09-12 17:29
20260903_1400,2026-09-03 14:00:00,h3_0.1mm,climatology,833,1.0,0.7431,0.1911,0.5857,619,214,0,0,1.0,0.2569,0.7431,2026-09-12 17:29
20260903_1400,2026-09-03 14:00:00,h3_0.1mm,persistence,833,1.0,0.7431,0.2014,0.7021,534,99,85,115,0.8627,0.1564,0.7437,2026-09-12 17:29
20260903_1400,2026-09-03 14:00:00,h3_1.0mm,climatology,833,1.0,0.4238,0.2612,0.5234,348,476,5,4,0.9858,0.5777,0.4198,2026-09-12 17:29
20260903_1400,2026-09-03 14:00:00,h3_1.0mm,persistence,833,1.0,0.4238,0.2481,0.7398,212,90,141,390,0.6006,0.298,0.4786,2026-09-12 17:29
20260903_1400,2026-09-03 14:00:00,h6_0.1mm,climatology,833,1.0,0.8103,0.163,0.5025,675,158,0,0,1.0,0.1897,0.8103,2026-09-12 17:29
20260903_1400,2026-09-03 14:00:00,h6_0.1mm,persistence,833,1.0,0.8103,0.1798,0.6856,569,74,106,84,0.843,0.1151,0.7597,2026-09-12 17:29
20260903_1400,2026-09-03 14:00:00,h6_1.0mm,climatology,833,1.0,0.4934,0.2886,0.4629,411,422,0,0,1.0,0.5066,0.4934,2026-09-12 17:29
20260903_1400,2026-09-03 14:00:00,h6_1.0mm,persistence,833,1.0,0.4934,0.2585,0.7138,235,76,176,346,0.5718,0.2444,0.4825,2026-09-12 17:29
20260903_1500,2026-09-03 15:00:00,h1_0.1mm,climatology,833,1.0,0.5894,0.2382,0.6019,491,342,0,0,1.0,0.4106,0.5894,2026-09-12 17:29
20260903_1500,2026-09-03 15:00:00,h1_0.1mm,persistence,833,1.0,0.5894,0.1731,0.8327,441,92,50,250,0.8982,0.1726,0.7564,2026-09-12 17:29
20260903_1500,2026-09-03 15:00:00,h1_1.0mm,climatology,833,1.0,0.2797,0.2046,0.5722,207,540,26,60,0.8884,0.7229,0.2678,2026-09-12 17:29
20260903_1500,2026-09-03 15:00:00,h1_1.0mm,persistence,833,1.0,0.2797,0.1689,0.8851,177,65,56,535,0.7597,0.2686,0.594,2026-09-12 17:29
20260903_1500,2026-09-03 15:00:00,h3_0.1mm,climatology,833,1.0,0.6867,0.2357,0.4784,572,261,0,0,1.0,0.3133,0.6867,2026-09-12 17:29
20260903_1500,2026-09-03 15:00:00,h3_0.1mm,persistence,833,1.0,0.6867,0.241,0.6729,515,147,57,114,0.9003,0.2221,0.7163,2026-09-12 17:29
20260903_1500,2026-09-03 15:00:00,h3_1.0mm,climatology,833,1.0,0.3974,0.2669,0.4729,326,498,5,4,0.9849,0.6044,0.3932,2026-09-12 17:29
20260903_1500,2026-09-03 15:00:00,h3_1.0mm,persistence,833,1.0,0.3974,0.2755,0.741,235,121,96,381,0.71,0.3399,0.5199,2026-09-12 17:29
20260903_1500,2026-09-03 15:00:00,h6_0.1mm,climatology,833,1.0,0.7695,0.1924,0.4795,641,192,0,0,1.0,0.2305,0.7695,2026-09-12 17:29
20260903_1500,2026-09-03 15:00:00,h6_0.1mm,persistence,833,1.0,0.7695,0.2103,0.637,567,117,74,75,0.8846,0.1711,0.748,2026-09-12 17:29
20260903_1500,2026-09-03 15:00:00,h6_1.0mm,climatology,833,1.0,0.4802,0.2822,0.4594,400,432,0,1,1.0,0.5192,0.4808,2026-09-12 17:29
20260903_1500,2026-09-03 15:00:00,h6_1.0mm,persistence,833,1.0,0.4802,0.2609,0.7317,273,105,127,328,0.6825,0.2778,0.5406,2026-09-12 17:29
20260903_1600,2026-09-03 16:00:00,h1_0.1mm,climatology,833,1.0,0.5234,0.2834,0.4242,434,397,2,0,0.9954,0.4777,0.521,2026-09-12 17:29
20260903_1600,2026-09-03 16:00:00,h1_0.1mm,persistence,833,1.0,0.5234,0.2026,0.8189,385,106,51,291,0.883,0.2159,0.7103,2026-09-12 17:29
20260903_1600,2026-09-03 16:00:00,h1_1.0mm,climatology,833,1.0,0.2425,0.2084,0.4474,165,565,37,66,0.8168,0.774,0.2151,2026-09-12 17:29
20260903_1600,2026-09-03 16:00:00,h1_1.0mm,persistence,833,1.0,0.2425,0.2067,0.8386,141,92,61,539,0.698,0.3948,0.4796,2026-09-12 17:29
20260903_1600,2026-09-03 16:00:00,h3_0.1mm,climatology,833,1.0,0.6218,0.2766,0.4065,518,315,0,0,1.0,0.3782,0.6218,2026-09-12 17:29
20260903_1600,2026-09-03 16:00:00,h3_0.1mm,persistence,833,1.0,0.6218,0.294,0.6375,461,197,57,118,0.89,0.2994,0.6448,2026-09-12 17:29
20260903_1600,2026-09-03 16:00:00,h3_1.0mm,climatology,833,1.0,0.3361,0.2636,0.4424,273,542,7,11,0.975,0.665,0.3321,2026-09-12 17:29
20260903_1600,2026-09-03 16:00:00,h3_1.0mm,persistence,833,1.0,0.3361,0.3087,0.7331,198,168,82,385,0.7071,0.459,0.442,2026-09-12 17:29
20260903_1600,2026-09-03 16:00:00,h6_0.1mm,climatology,833,1.0,0.7107,0.2313,0.4461,592,241,0,0,1.0,0.2893,0.7107,2026-09-12 17:29
20260903_1600,2026-09-03 16:00:00,h6_0.1mm,persistence,833,1.0,0.7107,0.2638,0.6067,539,167,53,74,0.9105,0.2365,0.7101,2026-09-12 17:29
20260903_1600,2026-09-03 16:00:00,h6_1.0mm,climatology,833,1.0,0.4178,0.2857,0.4459,347,477,1,8,0.9971,0.5789,0.4206,2026-09-12 17:29
20260903_1600,2026-09-03 16:00:00,h6_1.0mm,persistence,833,1.0,0.4178,0.3166,0.698,247,163,101,322,0.7098,0.3976,0.4834,2026-09-12 17:29
20260904_0800,2026-09-04 08:00:00,h1_0.1mm,climatology,833,1.0,0.2569,0.2056,0.5125,81,246,133,373,0.3785,0.7523,0.1761,2026-09-12 17:29
20260904_0800,2026-09-04 08:00:00,h1_0.1mm,persistence,833,1.0,0.2569,0.0893,0.8972,140,14,74,605,0.6542,0.0909,0.614,2026-09-12 17:29
20260904_0800,2026-09-04 08:00:00,h1_1.0mm,climatology,833,1.0,0.0564,0.0603,0.6936,5,45,42,741,0.1064,0.9,0.0543,2026-09-12 17:29
20260904_0800,2026-09-04 08:00:00,h1_1.0mm,persistence,833,1.0,0.0564,0.0478,0.9316,22,13,25,773,0.4681,0.3714,0.3667,2026-09-12 17:29
20260904_0800,2026-09-04 08:00:00,h3_0.1mm,climatology,833,1.0,0.5234,0.2423,0.6225,434,393,2,4,0.9954,0.4752,0.5235,2026-09-12 17:29
20260904_0800,2026-09-04 08:00:00,h3_0.1mm,persistence,833,1.0,0.5234,0.2962,0.7146,234,64,202,333,0.5367,0.2148,0.468,2026-09-12 17:29
20260904_0800,2026-09-04 08:00:00,h3_1.0mm,climatology,833,1.0,0.2041,0.1523,0.7449,104,190,66,473,0.6118,0.6463,0.2889,2026-09-12 17:29
20260904_0800,2026-09-04 08:00:00,h3_1.0mm,persistence,833,1.0,0.2041,0.1734,0.7197,48,35,122,628,0.2824,0.4217,0.2341,2026-09-12 17:29
20260904_0800,2026-09-04 08:00:00,h6_0.1mm,climatology,833,1.0,0.8199,0.1362,0.703,683,150,0,0,1.0,0.1801,0.8199,2026-09-12 17:29
20260904_0800,2026-09-04 08:00:00,h6_0.1mm,persistence,833,1.0,0.8199,0.3114,0.6546,373,43,310,107,0.5461,0.1034,0.5138,2026-09-12 17:29
20260904_0800,2026-09-04 08:00:00,h6_1.0mm,climatology,833,1.0,0.5138,0.2213,0.712,414,308,14,97,0.9673,0.4266,0.5625,2026-09-12 17:29
20260904_0800,2026-09-04 08:00:00,h6_1.0mm,persistence,833,1.0,0.5138,0.3349,0.6453,122,37,306,368,0.285,0.2327,0.2624,2026-09-12 17:29
20260904_0900,2026-09-04 09:00:00,h1_0.1mm,climatology,833,1.0,0.3709,0.2317,0.5739,187,260,122,264,0.6052,0.5817,0.3286,2026-09-12 17:29
20260904_0900,2026-09-04 09:00:00,h1_0.1mm,persistence,833,1.0,0.3709,0.1345,0.8663,192,22,117,502,0.6214,0.1028,0.5801,2026-09-12 17:29
20260904_0900,2026-09-04 09:00:00,h1_1.0mm,climatology,833,1.0,0.108,0.0895,0.7901,20,43,70,700,0.2222,0.6825,0.1504,2026-09-12 17:29
20260904_0900,2026-09-04 09:00:00,h1_1.0mm,persistence,833,1.0,0.108,0.075,0.8768,40,7,50,736,0.4444,0.1489,0.4124,2026-09-12 17:29
20260904_0900,2026-09-04 09:00:00,h3_0.1mm,climatology,833,1.0,0.6687,0.2069,0.6644,557,275,0,1,1.0,0.3305,0.6695,2026-09-12 17:29
20260904_0900,2026-09-04 09:00:00,h3_0.1mm,persistence,833,1.0,0.6687,0.3004,0.7361,265,29,292,247,0.4758,0.0986,0.4522,2026-09-12 17:29
20260904_0900,2026-09-04 09:00:00,h3_1.0mm,climatology,833,1.0,0.3325,0.2038,0.6999,219,257,58,299,0.7906,0.5399,0.4101,2026-09-12 17:29
20260904_0900,2026-09-04 09:00:00,h3_1.0mm,persistence,833,1.0,0.3325,0.2455,0.7009,62,27,215,529,0.2238,0.3034,0.2039,2026-09-12 17:29
20260904_0900,2026-09-04 09:00:00,h6_0.1mm,climatology,833,1.0,0.8475,0.1213,0.6926,706,127,0,0,1.0,0.1525,0.8475,2026-09-12 17:29
20260904_0900,2026-09-04 09:00:00,h6_0.1mm,persistence,833,1.0,0.8475,0.3373,0.6674,366,33,340,94,0.5184,0.0827,0.4953,2026-09-12 17:29
20260904_0900,2026-09-04 09:00:00,h6_1.0mm,climatology,833,1.0,0.5702,0.2248,0.6773,472,319,3,39,0.9937,0.4033,0.5945,2026-09-12 17:29
20260904_0900,2026-09-04 09:00:00,h6_1.0mm,persistence,833,1.0,0.5702,0.3695,0.6522,122,29,353,329,0.2568,0.1921,0.2421,2026-09-12 17:29
20260904_1000,2026-09-04 10:00:00,h1_0.1mm,climatology,833,1.0,0.4442,0.2291,0.6622,353,362,17,101,0.9541,0.5063,0.4822,2026-09-12 17:29
20260904_1000,2026-09-04 10:00:00,h1_0.1mm,persistence,833,1.0,0.4442,0.1499,0.8584,257,52,113,411,0.6946,0.1683,0.609,2026-09-12 17:29
20260904_1000,2026-09-04 10:00:00,h1_1.0mm,climatology,833,1.0,0.1669,0.1296,0.7379,60,131,79,563,0.4317,0.6859,0.2222,2026-09-12 17:29
20260904_1000,2026-09-04 10:00:00,h1_1.0mm,persistence,833,1.0,0.1669,0.1168,0.8725,64,26,75,668,0.4604,0.2889,0.3879,2026-09-12 17:29
20260904_1000,2026-09-04 10:00:00,h3_0.1mm,climatology,833,1.0,0.7659,0.1619,0.7518,638,195,0,0,1.0,0.2341,0.7659,2026-09-12 17:29
20260904_1000,2026-09-04 10:00:00,h3_0.1mm,persistence,833,1.0,0.7659,0.2817,0.7965,328,14,310,181,0.5141,0.0409,0.5031,2026-09-12 17:29
20260904_1000,2026-09-04 10:00:00,h3_1.0mm,climatology,833,1.0,0.4322,0.2221,0.7056,319,288,41,185,0.8861,0.4745,0.4923,2026-09-12 17:29
20260904_1000,2026-09-04 10:00:00,h3_1.0mm,persistence,833,1.0,0.4322,0.2569,0.7578,89,18,271,455,0.2472,0.1682,0.2354,2026-09-12 17:29
20260904_1000,2026-09-04 10:00:00,h6_0.1mm,climatology,833,1.0,0.8908,0.0969,0.6435,742,91,0,0,1.0,0.1092,0.8908,2026-09-12 17:29
20260904_1000,2026-09-04 10:00:00,h6_0.1mm,persistence,833,1.0,0.8908,0.2779,0.7449,428,18,314,73,0.5768,0.0404,0.5632,2026-09-12 17:29
20260904_1000,2026-09-04 10:00:00,h6_1.0mm,climatology,833,1.0,0.6519,0.221,0.6279,543,288,0,2,1.0,0.3466,0.6534,2026-09-12 17:29
20260904_1000,2026-09-04 10:00:00,h6_1.0mm,persistence,833,1.0,0.6519,0.3616,0.707,151,20,392,270,0.2781,0.117,0.2682,2026-09-12 17:29
20260904_1100,2026-09-04 11:00:00,h1_0.1mm,climatology,833,1.0,0.6146,0.2255,0.6782,504,275,8,46,0.9844,0.353,0.6404,2026-09-12 17:29
20260904_1100,2026-09-04 11:00:00,h1_0.1mm,persistence,833,1.0,0.6146,0.1668,0.8554,343,27,169,294,0.6699,0.073,0.6364,2026-09-12 17:29
20260904_1100,2026-09-04 11:00:00,h1_1.0mm,climatology,833,1.0,0.2965,0.2006,0.6595,154,232,93,354,0.6235,0.601,0.3215,2026-09-12 17:29
20260904_1100,2026-09-04 11:00:00,h1_1.0mm,persistence,833,1.0,0.2965,0.1013,0.9028,123,16,124,570,0.498,0.1151,0.4677,2026-09-12 17:29
20260904_1100,2026-09-04 11:00:00,h3_0.1mm,climatology,833,1.0,0.8043,0.1447,0.7534,670,163,0,0,1.0,0.1957,0.8043,2026-09-12 17:29
20260904_1100,2026-09-04 11:00:00,h3_0.1mm,persistence,833,1.0,0.8043,0.219,0.836,423,13,247,150,0.6313,0.0298,0.6193,2026-09-12 17:29
20260904_1100,2026-09-04 11:00:00,h3_1.0mm,climatology,833,1.0,0.4886,0.2344,0.6703,375,311,32,115,0.9214,0.4534,0.5223,2026-09-12 17:29
20260904_1100,2026-09-04 11:00:00,h3_1.0mm,persistence,833,1.0,0.4886,0.2113,0.821,149,21,258,405,0.3661,0.1235,0.3481,2026-09-12 17:29
20260904_1100,2026-09-04 11:00:00,h6_0.1mm,climatology,833,1.0,0.9076,0.0878,0.5785,756,77,0,0,1.0,0.0924,0.9076,2026-09-12 17:29
20260904_1100,2026-09-04 11:00:00,h6_0.1mm,persistence,833,1.0,0.9076,0.2348,0.7653,485,15,271,62,0.6415,0.03,0.6291,2026-09-12 17:29
20260904_1100,2026-09-04 11:00:00,h6_1.0mm,climatology,833,1.0,0.6927,0.2195,0.5598,576,256,1,0,0.9983,0.3077,0.6915,2026-09-12 17:29
20260904_1100,2026-09-04 11:00:00,h6_1.0mm,persistence,833,1.0,0.6927,0.3278,0.7309,187,18,390,238,0.3241,0.0878,0.3143,2026-09-12 17:29
20260904_1200,2026-09-04 12:00:00,h1_0.1mm,climatology,833,1.0,0.7275,0.1934,0.7776,596,204,10,23,0.9835,0.255,0.7358,2026-09-12 17:29
20260904_1200,2026-09-04 12:00:00,h1_0.1mm,persistence,833,1.0,0.7275,0.0959,0.9096,493,19,113,208,0.8135,0.0371,0.7888,2026-09-12 17:29
20260904_1200,2026-09-04 12:00:00,h1_1.0mm,climatology,833,1.0,0.3685,0.2217,0.6721,236,275,71,251,0.7687,0.5382,0.4055,2026-09-12 17:29
20260904_1200,2026-09-04 12:00:00,h1_1.0mm,persistence,833,1.0,0.3685,0.1321,0.8976,204,43,103,483,0.6645,0.1741,0.5829,2026-09-12 17:29
20260904_1200,2026-09-04 12:00:00,h3_0.1mm,climatology,833,1.0,0.8343,0.1346,0.7143,695,138,0,0,1.0,0.1657,0.8343,2026-09-12 17:29
20260904_1200,2026-09-04 12:00:00,h3_0.1mm,persistence,833,1.0,0.8343,0.1169,0.8848,546,11,149,127,0.7856,0.0197,0.7734,2026-09-12 17:29
20260904_1200,2026-09-04 12:00:00,h3_1.0mm,climatology,833,1.0,0.533,0.2442,0.618,429,345,15,44,0.9662,0.4457,0.5437,2026-09-12 17:29
20260904_1200,2026-09-04 12:00:00,h3_1.0mm,persistence,833,1.0,0.533,0.1735,0.8443,246,31,198,358,0.5541,0.1119,0.5179,2026-09-12 17:29
20260904_1200,2026-09-04 12:00:00,h6_0.1mm,climatology,833,1.0,0.922,0.078,0.5412,768,65,0,0,1.0,0.078,0.922,2026-09-12 17:29
20260904_1200,2026-09-04 12:00:00,h6_0.1mm,persistence,833,1.0,0.922,0.13,0.8092,573,13,195,52,0.7461,0.0222,0.7337,2026-09-12 17:29
20260904_1200,2026-09-04 12:00:00,h6_1.0mm,climatology,833,1.0,0.7035,0.2165,0.5435,586,247,0,0,1.0,0.2965,0.7035,2026-09-12 17:29
20260904_1200,2026-09-04 12:00:00,h6_1.0mm,persistence,833,1.0,0.7035,0.2472,0.7768,281,23,305,224,0.4795,0.0757,0.4614,2026-09-12 17:29
20260904_1300,2026-09-04 13:00:00,h1_0.1mm,climatology,833,1.0,0.7335,0.1907,0.7479,610,221,1,1,0.9984,0.2659,0.7332,2026-09-12 17:29
20260904_1300,2026-09-04 13:00:00,h1_0.1mm,persistence,833,1.0,0.7335,0.1086,0.8696,559,47,52,175,0.9149,0.0776,0.8495,2026-09-12 17:29
20260904_1300,2026-09-04 13:00:00,h1_1.0mm,climatology,833,1.0,0.3649,0.2299,0.5979,252,352,52,177,0.8289,0.5828,0.3841,2026-09-12 17:29
20260904_1300,2026-09-04 13:00:00,h1_1.0mm,persistence,833,1.0,0.3649,0.1708,0.8765,234,73,70,456,0.7697,0.2378,0.6207,2026-09-12 17:29
20260904_1300,2026-09-04 13:00:00,h3_0.1mm,climatology,833,1.0,0.8571,0.1278,0.6382,714,119,0,0,1.0,0.1429,0.8571,2026-09-12 17:29
20260904_1300,2026-09-04 13:00:00,h3_0.1mm,persistence,833,1.0,0.8571,0.1042,0.825,610,28,104,91,0.8543,0.0439,0.8221,2026-09-12 17:29
20260904_1300,2026-09-04 13:00:00,h3_1.0mm,climatology,833,1.0,0.5786,0.2533,0.5473,479,347,3,4,0.9938,0.4201,0.5778,2026-09-12 17:29
20260904_1300,2026-09-04 13:00:00,h3_1.0mm,persistence,833,1.0,0.5786,0.2081,0.7888,299,61,183,290,0.6203,0.1694,0.5506,2026-09-12 17:29
20260904_1300,2026-09-04 13:00:00,h6_0.1mm,climatology,833,1.0,0.9304,0.0759,0.3975,775,58,0,0,1.0,0.0696,0.9304,2026-09-12 17:29
20260904_1300,2026-09-04 13:00:00,h6_0.1mm,persistence,833,1.0,0.9304,0.1052,0.7823,636,16,139,42,0.8206,0.0245,0.804,2026-09-12 17:29
20260904_1300,2026-09-04 13:00:00,h6_1.0mm,climatology,833,1.0,0.6975,0.229,0.4578,581,252,0,0,1.0,0.3025,0.6975,2026-09-12 17:29
20260904_1300,2026-09-04 13:00:00,h6_1.0mm,persistence,833,1.0,0.6975,0.2522,0.7195,327,51,254,201,0.5628,0.1349,0.5174,2026-09-12 17:29
20260904_1400,2026-09-04 14:00:00,h1_0.1mm,climatology,833,1.0,0.6891,0.2133,0.6087,574,259,0,0,1.0,0.3109,0.6891,2026-09-12 17:29
20260904_1400,2026-09-04 14:00:00,h1_0.1mm,persistence,833,1.0,0.6891,0.179,0.7857,522,89,52,170,0.9094,0.1457,0.7873,2026-09-12 17:29
20260904_1400,2026-09-04 14:00:00,h1_1.0mm,climatology,833,1.0,0.3589,0.242,0.5086,263,422,36,112,0.8796,0.6161,0.3648,2026-09-12 17:29
20260904_1400,2026-09-04 14:00:00,h1_1.0mm,persistence,833,1.0,0.3589,0.2072,0.8309,213,91,86,443,0.7124,0.2993,0.5462,2026-09-12 17:29
20260904_1400,2026-09-04 14:00:00,h3_0.1mm,climatology,833,1.0,0.8319,0.1515,0.4924,693,140,0,0,1.0,0.1681,0.8319,2026-09-12 17:29
20260904_1400,2026-09-04 14:00:00,h3_0.1mm,persistence,833,1.0,0.8319,0.1498,0.7146,607,63,86,77,0.8759,0.094,0.8029,2026-09-12 17:29
20260904_1400,2026-09-04 14:00:00,h3_1.0mm,climatology,833,1.0,0.5606,0.2699,0.4429,462,362,5,4,0.9893,0.4393,0.5573,2026-09-12 17:29
20260904_1400,2026-09-04 14:00:00,h3_1.0mm,persistence,833,1.0,0.5606,0.2627,0.7096,297,110,170,256,0.636,0.2703,0.5147,2026-09-12 17:29
20260904_1400,2026-09-04 14:00:00,h6_0.1mm,climatology,833,1.0,0.892,0.11,0.3324,743,90,0,0,1.0,0.108,0.892,2026-09-12 17:29
20260904_1400,2026-09-04 14:00:00,h6_0.1mm,persistence,833,1.0,0.892,0.1325,0.6578,634,49,109,41,0.8533,0.0717,0.8005,2026-09-12 17:29
20260904_1400,2026-09-04 14:00:00,h6_1.0mm,climatology,833,1.0,0.6615,0.2486,0.4038,551,282,0,0,1.0,0.3385,0.6615,2026-09-12 17:29
20260904_1400,2026-09-04 14:00:00,h6_1.0mm,persistence,833,1.0,0.6615,0.2716,0.6708,339,89,212,193,0.6152,0.2079,0.5297,2026-09-12 17:29
20260904_1500,2026-09-04 15:00:00,h1_0.1mm,climatology,833,1.0,0.6771,0.2319,0.4969,564,269,0,0,1.0,0.3229,0.6771,2026-09-12 17:29
20260904_1500,2026-09-04 15:00:00,h1_0.1mm,persistence,833,1.0,0.6771,0.2216,0.7413,475,99,89,170,0.8422,0.1725,0.7164,2026-09-12 17:29
20260904_1500,2026-09-04 15:00:00,h1_1.0mm,climatology,833,1.0,0.3986,0.2547,0.4939,307,440,25,61,0.9247,0.589,0.3977,2026-09-12 17:29
20260904_1500,2026-09-04 15:00:00,h1_1.0mm,persistence,833,1.0,0.3986,0.2237,0.795,215,84,117,417,0.6476,0.2809,0.5168,2026-09-12 17:29
20260904_1500,2026-09-04 15:00:00,h3_0.1mm,climatology,833,1.0,0.7959,0.179,0.4226,663,170,0,0,1.0,0.2041,0.7959,2026-09-12 17:29
20260904_1500,2026-09-04 15:00:00,h3_0.1mm,persistence,833,1.0,0.7959,0.1932,0.6361,590,105,73,65,0.8899,0.1511,0.7682,2026-09-12 17:29
20260904_1500,2026-09-04 15:00:00,h3_1.0mm,climatology,833,1.0,0.5162,0.2723,0.4419,426,398,4,5,0.9907,0.483,0.5145,2026-09-12 17:29
20260904_1500,2026-09-04 15:00:00,h3_1.0mm,persistence,833,1.0,0.5162,0.3165,0.6583,288,156,142,247,0.6698,0.3514,0.4915,2026-09-12 17:29
20260904_1500,2026-09-04 15:00:00,h6_0.1mm,climatology,833,1.0,0.8415,0.1533,0.3021,701,132,0,0,1.0,0.1585,0.8415,2026-09-12 17:29
20260904_1500,2026-09-04 15:00:00,h6_0.1mm,persistence,833,1.0,0.8415,0.1686,0.5915,614,92,87,40,0.8759,0.1303,0.7743,2026-09-12 17:29
20260904_1500,2026-09-04 15:00:00,h6_1.0mm,climatology,833,1.0,0.5966,0.2707,0.3754,496,336,1,0,0.998,0.4038,0.5954,2026-09-12 17:29
20260904_1500,2026-09-04 15:00:00,h6_1.0mm,persistence,833,1.0,0.5966,0.3132,0.6259,331,144,166,192,0.666,0.3032,0.5164,2026-09-12 17:29
20260904_1600,2026-09-04 16:00:00,h1_0.1mm,climatology,833,1.0,0.6218,0.2527,0.458,516,315,2,0,0.9961,0.3791,0.6194,2026-09-12 17:29
20260904_1600,2026-09-04 16:00:00,h1_0.1mm,persistence,833,1.0,0.6218,0.1683,0.8165,470,94,48,221,0.9073,0.1667,0.768,2026-09-12 17:29
20260904_1600,2026-09-04 16:00:00,h1_1.0mm,climatology,833,1.0,0.3085,0.2328,0.4342,219,511,38,65,0.8521,0.7,0.2852,2026-09-12 17:29
20260904_1600,2026-09-04 16:00:00,h1_1.0mm,persistence,833,1.0,0.3085,0.2279,0.826,202,130,55,446,0.786,0.3916,0.522,2026-09-12 17:29
20260904_1600,2026-09-04 16:00:00,h3_0.1mm,climatology,833,1.0,0.7671,0.2045,0.3565,639,194,0,0,1.0,0.2329,0.7671,2026-09-12 17:29
20260904_1600,2026-09-04 16:00:00,h3_0.1mm,persistence,833,1.0,0.7671,0.2083,0.6055,578,136,61,58,0.9045,0.1905,0.7458,2026-09-12 17:29
20260904_1600,2026-09-04 16:00:00,h3_1.0mm,climatology,833,1.0,0.449,0.2737,0.4116,361,454,13,5,0.9652,0.5571,0.436,2026-09-12 17:29
20260904_1600,2026-09-04 16:00:00,h3_1.0mm,persistence,833,1.0,0.449,0.3595,0.6487,275,207,99,252,0.7353,0.4295,0.4733,2026-09-12 17:29
20260904_1600,2026-09-04 16:00:00,h6_0.1mm,climatology,833,1.0,0.8235,0.1653,0.3474,686,147,0,0,1.0,0.1765,0.8235,2026-09-12 17:29
20260904_1600,2026-09-04 16:00:00,h6_0.1mm,persistence,833,1.0,0.8235,0.1856,0.5498,623,119,63,28,0.9082,0.1604,0.7739,2026-09-12 17:29
20260904_1600,2026-09-04 16:00:00,h6_1.0mm,climatology,833,1.0,0.5078,0.2811,0.405,416,408,7,2,0.9835,0.4951,0.5006,2026-09-12 17:29
20260904_1600,2026-09-04 16:00:00,h6_1.0mm,persistence,833,1.0,0.5078,0.3789,0.5955,314,229,109,181,0.7423,0.4217,0.4816,2026-09-12 17:29
20260904_2300,2026-09-04 23:00:00,h1_0.1mm,climatology,833,1.0,0.3385,0.2428,0.6266,262,478,20,73,0.9291,0.6459,0.3447,2026-09-12 17:29
20260904_2300,2026-09-04 23:00:00,h1_0.1mm,persistence,833,1.0,0.3385,0.1848,0.8455,222,95,60,456,0.7872,0.2997,0.5889,2026-09-12 17:29
20260904_2300,2026-09-04 23:00:00,h1_1.0mm,climatology,833,1.0,0.1104,0.1125,0.7041,67,275,25,466,0.7283,0.8041,0.1826,2026-09-12 17:29
20260904_2300,2026-09-04 23:00:00,h1_1.0mm,persistence,833,1.0,0.1104,0.1536,0.8891,62,80,30,661,0.6739,0.5634,0.3605,2026-09-12 17:29
20260904_2300,2026-09-04 23:00:00,h3_0.1mm,climatology,833,1.0,0.395,0.2975,0.5924,329,504,0,0,1.0,0.605,0.395,2026-09-12 17:29
20260904_2300,2026-09-04 23:00:00,h3_0.1mm,persistence,833,1.0,0.395,0.31,0.7369,264,181,65,323,0.8024,0.4067,0.5176,2026-09-12 17:29
20260904_2300,2026-09-04 23:00:00,h3_1.0mm,climatology,833,1.0,0.1261,0.1538,0.6685,96,489,9,239,0.9143,0.8359,0.1616,2026-09-12 17:29
20260904_2300,2026-09-04 23:00:00,h3_1.0mm,persistence,833,1.0,0.1261,0.2329,0.8177,73,132,32,596,0.6952,0.6439,0.308,2026-09-12 17:29
20260904_2300,2026-09-04 23:00:00,h6_0.1mm,climatology,833,1.0,0.497,0.323,0.5273,414,419,0,0,1.0,0.503,0.497,2026-09-12 17:29
20260904_2300,2026-09-04 23:00:00,h6_0.1mm,persistence,833,1.0,0.497,0.4695,0.5214,353,339,61,80,0.8527,0.4899,0.4688,2026-09-12 17:29
20260904_2300,2026-09-04 23:00:00,h6_1.0mm,climatology,833,1.0,0.1921,0.2194,0.645,156,602,4,71,0.975,0.7942,0.2047,2026-09-12 17:29
20260904_2300,2026-09-04 23:00:00,h6_1.0mm,persistence,833,1.0,0.1921,0.4934,0.5969,104,317,56,356,0.65,0.753,0.218,2026-09-12 17:29
20260905_0000,2026-09-05 00:00:00,h1_0.1mm,climatology,833,1.0,0.1621,0.26,0.5388,119,608,16,90,0.8815,0.8363,0.1602,2026-09-12 17:29
20260905_0000,2026-09-05 00:00:00,h1_0.1mm,persistence,833,1.0,0.1621,0.2597,0.807,109,173,26,525,0.8074,0.6135,0.3539,2026-09-12 17:29
20260905_0000,2026-09-05 00:00:00,h1_1.0mm,climatology,833,1.0,0.066,0.0882,0.7856,43,256,12,522,0.7818,0.8562,0.1383,2026-09-12 17:29
20260905_0000,2026-09-05 00:00:00,h1_1.0mm,persistence,833,1.0,0.066,0.1027,0.9577,47,45,8,733,0.8545,0.4891,0.47,2026-09-12 17:29
20260905_0000,2026-09-05 00:00:00,h3_0.1mm,climatology,833,1.0,0.3157,0.3317,0.5334,262,570,1,0,0.9962,0.6851,0.3145,2026-09-12 17:29
20260905_0000,2026-09-05 00:00:00,h3_0.1mm,persistence,833,1.0,0.3157,0.4366,0.6214,187,263,76,307,0.711,0.5844,0.3555,2026-09-12 17:29
20260905_0000,2026-09-05 00:00:00,h3_1.0mm,climatology,833,1.0,0.1273,0.146,0.7104,96,443,10,284,0.9057,0.8219,0.1749,2026-09-12 17:29
20260905_0000,2026-09-05 00:00:00,h3_1.0mm,persistence,833,1.0,0.1273,0.2734,0.7288,66,150,40,577,0.6226,0.6944,0.2578,2026-09-12 17:29
20260905_0000,2026-09-05 00:00:00,h6_0.1mm,climatology,833,1.0,0.3673,0.4008,0.4352,306,527,0,0,1.0,0.6327,0.3673,2026-09-12 17:29
20260905_0000,2026-09-05 00:00:00,h6_0.1mm,persistence,833,1.0,0.3673,0.5403,0.5367,249,388,57,139,0.8137,0.6091,0.3588,2026-09-12 17:29
20260905_0000,2026-09-05 00:00:00,h6_1.0mm,climatology,833,1.0,0.1525,0.2106,0.6479,123,614,4,92,0.9685,0.8331,0.166,2026-09-12 17:29
20260905_0000,2026-09-05 00:00:00,h6_1.0mm,persistence,833,1.0,0.1525,0.4428,0.6336,85,274,42,432,0.6693,0.7632,0.212,2026-09-12 17:29
20260905_0100,2026-09-05 01:00:00,h1_0.1mm,climatology,833,1.0,0.1765,0.252,0.5613,131,605,16,81,0.8912,0.822,0.1742,2026-09-12 17:29
20260905_0100,2026-09-05 01:00:00,h1_0.1mm,persistence,833,1.0,0.1765,0.0559,0.9713,113,22,34,664,0.7687,0.163,0.6686,2026-09-12 17:29
20260905_0100,2026-09-05 01:00:00,h1_1.0mm,climatology,833,1.0,0.0588,0.0841,0.7632,38,246,11,538,0.7755,0.8662,0.1288,2026-09-12 17:29
20260905_0100,2026-09-05 01:00:00,h1_1.0mm,persistence,833,1.0,0.0588,0.0253,0.991,44,11,5,773,0.898,0.2,0.7333,2026-09-12 17:29
20260905_0100,2026-09-05 01:00:00,h3_0.1mm,climatology,833,1.0,0.3229,0.3279,0.5293,269,562,0,2,1.0,0.6763,0.3237,2026-09-12 17:29
20260905_0100,2026-09-05 01:00:00,h3_0.1mm,persistence,833,1.0,0.3229,0.3477,0.6858,192,204,77,360,0.7138,0.5152,0.4059,2026-09-12 17:29
20260905_0100,2026-09-05 01:00:00,h3_1.0mm,climatology,833,1.0,0.1309,0.1481,0.7114,96,455,13,269,0.8807,0.8258,0.1702,2026-09-12 17:29
20260905_0100,2026-09-05 01:00:00,h3_1.0mm,persistence,833,1.0,0.1309,0.2322,0.746,63,113,46,611,0.578,0.642,0.2838,2026-09-12 17:29
20260905_0100,2026-09-05 01:00:00,h6_0.1mm,climatology,833,1.0,0.3782,0.3824,0.452,315,518,0,0,1.0,0.6218,0.3782,2026-09-12 17:29
20260905_0100,2026-09-05 01:00:00,h6_0.1mm,persistence,833,1.0,0.3782,0.4697,0.5887,252,329,63,189,0.8,0.5663,0.3913,2026-09-12 17:29
20260905_0100,2026-09-05 01:00:00,h6_1.0mm,climatology,833,1.0,0.1657,0.2053,0.635,131,577,7,118,0.9493,0.815,0.1832,2026-09-12 17:29
20260905_0100,2026-09-05 01:00:00,h6_1.0mm,persistence,833,1.0,0.1657,0.3595,0.6728,84,192,54,503,0.6087,0.6957,0.2545,2026-09-12 17:29
20260905_0200,2026-09-05 02:00:00,h1_0.1mm,climatology,833,1.0,0.2389,0.2472,0.5855,192,580,7,54,0.9648,0.7513,0.2465,2026-09-12 17:29
20260905_0200,2026-09-05 02:00:00,h1_0.1mm,persistence,833,1.0,0.2389,0.1739,0.7558,100,47,99,587,0.5025,0.3197,0.4065,2026-09-12 17:29
20260905_0200,2026-09-05 02:00:00,h1_1.0mm,climatology,833,1.0,0.0936,0.0974,0.722,52,217,26,538,0.6667,0.8067,0.1763,2026-09-12 17:29
20260905_0200,2026-09-05 02:00:00,h1_1.0mm,persistence,833,1.0,0.0936,0.0692,0.8301,32,17,46,738,0.4103,0.3469,0.3368,2026-09-12 17:29
20260905_0200,2026-09-05 02:00:00,h3_0.1mm,climatology,833,1.0,0.2869,0.3349,0.503,239,591,0,3,1.0,0.712,0.288,2026-09-12 17:29
20260905_0200,2026-09-05 02:00:00,h3_0.1mm,persistence,833,1.0,0.2869,0.3157,0.6895,154,175,85,419,0.6444,0.5319,0.372,2026-09-12 17:29
20260905_0200,2026-09-05 02:00:00,h3_1.0mm,climatology,833,1.0,0.1176,0.1447,0.709,88,467,10,268,0.898,0.8414,0.1558,2026-09-12 17:29
20260905_0200,2026-09-05 02:00:00,h3_1.0mm,persistence,833,1.0,0.1176,0.16,0.7828,43,62,55,673,0.4388,0.5905,0.2687,2026-09-12 17:29
20260905_0200,2026-09-05 02:00:00,h6_0.1mm,climatology,833,1.0,0.3758,0.3721,0.4555,313,520,0,0,1.0,0.6242,0.3758,2026-09-12 17:29
20260905_0200,2026-09-05 02:00:00,h6_0.1mm,persistence,833,1.0,0.3758,0.4201,0.6259,238,272,75,248,0.7604,0.5333,0.4068,2026-09-12 17:29
20260905_0200,2026-09-05 02:00:00,h6_1.0mm,climatology,833,1.0,0.1633,0.1975,0.6126,120,525,16,172,0.8824,0.814,0.1815,2026-09-12 17:29
20260905_0200,2026-09-05 02:00:00,h6_1.0mm,persistence,833,1.0,0.1633,0.2979,0.7134,79,158,57,539,0.5809,0.6667,0.2687,2026-09-12 17:29
20260905_0300,2026-09-05 03:00:00,h1_0.1mm,climatology,833,1.0,0.1321,0.2444,0.5282,103,678,7,45,0.9364,0.8681,0.1307,2026-09-12 17:29
20260905_0300,2026-09-05 03:00:00,h1_0.1mm,persistence,833,1.0,0.1321,0.1916,0.8333,83,116,27,607,0.7545,0.5829,0.3673,2026-09-12 17:29
20260905_0300,2026-09-05 03:00:00,h1_1.0mm,climatology,833,1.0,0.042,0.072,0.7578,23,211,12,587,0.6571,0.9017,0.0935,2026-09-12 17:29
20260905_0300,2026-09-05 03:00:00,h1_1.0mm,persistence,833,1.0,0.042,0.101,0.921,21,57,14,741,0.6,0.7308,0.2283,2026-09-12 17:29
20260905_0300,2026-09-05 03:00:00,h3_0.1mm,climatology,833,1.0,0.1813,0.3511,0.4199,151,677,0,5,1.0,0.8176,0.1824,2026-09-12 17:29
20260905_0300,2026-09-05 03:00:00,h3_0.1mm,persistence,833,1.0,0.1813,0.2471,0.7898,108,155,43,527,0.7152,0.5894,0.3529,2026-09-12 17:29
20260905_0300,2026-09-05 03:00:00,h3_1.0mm,climatology,833,1.0,0.06,0.1249,0.6614,39,439,11,344,0.78,0.9184,0.0798,2026-09-12 17:29
20260905_0300,2026-09-05 03:00:00,h3_1.0mm,persistence,833,1.0,0.06,0.1289,0.8625,29,77,21,706,0.58,0.7264,0.2283,2026-09-12 17:29
20260905_0300,2026-09-05 03:00:00,h6_0.1mm,climatology,833,1.0,0.3349,0.3768,0.4369,279,553,0,1,1.0,0.6647,0.3353,2026-09-12 17:29
20260905_0300,2026-09-05 03:00:00,h6_0.1mm,persistence,833,1.0,0.3349,0.4218,0.6645,233,293,46,261,0.8351,0.557,0.4073,2026-09-12 17:29
20260905_0300,2026-09-05 03:00:00,h6_1.0mm,climatology,833,1.0,0.1333,0.182,0.5948,84,456,27,266,0.7568,0.8444,0.1481,2026-09-12 17:29
20260905_0300,2026-09-05 03:00:00,h6_1.0mm,persistence,833,1.0,0.1333,0.3096,0.7401,72,184,39,538,0.6486,0.7188,0.2441,2026-09-12 17:29
20260905_0400,2026-09-05 04:00:00,h1_0.1mm,climatology,833,1.0,0.114,0.2303,0.4864,82,687,13,51,0.8632,0.8934,0.1049,2026-09-12 17:29
20260905_0400,2026-09-05 04:00:00,h1_0.1mm,persistence,833,1.0,0.114,0.0638,0.9289,81,29,14,709,0.8526,0.2636,0.6532,2026-09-12 17:29
20260905_0400,2026-09-05 04:00:00,h1_1.0mm,climatology,833,1.0,0.0312,0.0639,0.6954,11,180,15,627,0.4231,0.9424,0.0534,2026-09-12 17:29
20260905_0400,2026-09-05 04:00:00,h1_1.0mm,persistence,833,1.0,0.0312,0.0406,0.9775,19,16,7,791,0.7308,0.4571,0.4524,2026-09-12 17:29
20260905_0400,2026-09-05 04:00:00,h3_0.1mm,climatology,833,1.0,0.1993,0.3232,0.4161,165,659,1,8,0.994,0.7998,0.2,2026-09-12 17:29
20260905_0400,2026-09-05 04:00:00,h3_0.1mm,persistence,833,1.0,0.1993,0.2562,0.775,120,149,46,518,0.7229,0.5539,0.381,2026-09-12 17:29
20260905_0400,2026-09-05 04:00:00,h3_1.0mm,climatology,833,1.0,0.078,0.1219,0.5812,35,336,30,432,0.5385,0.9057,0.0873,2026-09-12 17:29
20260905_0400,2026-09-05 04:00:00,h3_1.0mm,persistence,833,1.0,0.078,0.1436,0.8166,36,73,29,695,0.5538,0.6697,0.2609,2026-09-12 17:29
20260905_0400,2026-09-05 04:00:00,h6_0.1mm,climatology,833,1.0,0.413,0.3368,0.4717,343,488,1,1,0.9971,0.5872,0.4123,2026-09-12 17:29
20260905_0400,2026-09-05 04:00:00,h6_0.1mm,persistence,833,1.0,0.413,0.3787,0.6444,250,223,94,266,0.7267,0.4715,0.4409,2026-09-12 17:29
20260905_0400,2026-09-05 04:00:00,h6_1.0mm,climatology,833,1.0,0.1585,0.1811,0.5834,93,396,39,305,0.7045,0.8098,0.1761,2026-09-12 17:29
20260905_0400,2026-09-05 04:00:00,h6_1.0mm,persistence,833,1.0,0.1585,0.273,0.7337,73,149,59,552,0.553,0.6712,0.2598,2026-09-12 17:29
20260905_0500,2026-09-05 05:00:00,h1_0.1mm,climatology,833,1.0,0.102,0.2137,0.4051,68,663,17,85,0.8,0.907,0.0909,2026-09-12 17:29
20260905_0500,2026-09-05 05:00:00,h1_0.1mm,persistence,833,1.0,0.102,0.07,0.9293,58,37,27,711,0.6824,0.3895,0.4754,2026-09-12 17:29
20260905_0500,2026-09-05 05:00:00,h1_1.0mm,climatology,833,1.0,0.0324,0.0604,0.6196,6,149,21,657,0.2222,0.9613,0.0341,2026-09-12 17:29
20260905_0500,2026-09-05 05:00:00,h1_1.0mm,persistence,833,1.0,0.0324,0.027,0.9481,19,7,8,799,0.7037,0.2692,0.5588,2026-09-12 17:29
20260905_0500,2026-09-05 05:00:00,h3_0.1mm,climatology,833,1.0,0.2185,0.2967,0.4325,175,645,7,6,0.9615,0.7866,0.2116,2026-09-12 17:29
20260905_0500,2026-09-05 05:00:00,h3_0.1mm,persistence,833,1.0,0.2185,0.2541,0.7252,108,131,74,520,0.5934,0.5481,0.345,2026-09-12 17:29
20260905_0500,2026-09-05 05:00:00,h3_1.0mm,climatology,833,1.0,0.0792,0.1118,0.5553,22,259,44,508,0.3333,0.9217,0.0677,2026-09-12 17:29
20260905_0500,2026-09-05 05:00:00,h3_1.0mm,persistence,833,1.0,0.0792,0.1434,0.7829,28,70,38,697,0.4242,0.7143,0.2059,2026-09-12 17:29
20260905_0500,2026-09-05 05:00:00,h6_0.1mm,climatology,833,1.0,0.5462,0.2818,0.5278,455,378,0,0,1.0,0.4538,0.5462,2026-09-12 17:29
20260905_0500,2026-09-05 05:00:00,h6_0.1mm,persistence,833,1.0,0.5462,0.3612,0.6215,274,140,181,238,0.6022,0.3382,0.4605,2026-09-12 17:29
20260905_0500,2026-09-05 05:00:00,h6_1.0mm,climatology,833,1.0,0.2653,0.2019,0.6323,173,348,48,264,0.7828,0.6679,0.304,2026-09-12 17:29
20260905_0500,2026-09-05 05:00:00,h6_1.0mm,persistence,833,1.0,0.2653,0.2583,0.6682,76,84,145,528,0.3439,0.525,0.2492,2026-09-12 17:29
20260905_0600,2026-09-05 06:00:00,h1_0.1mm,climatology,833,1.0,0.1236,0.1965,0.4241,63,529,40,201,0.6117,0.8936,0.0997,2026-09-12 17:29
20260905_0600,2026-09-05 06:00:00,h1_0.1mm,persistence,833,1.0,0.1236,0.0927,0.7781,56,29,47,701,0.5437,0.3412,0.4242,2026-09-12 17:29
20260905_0600,2026-09-05 06:00:00,h1_1.0mm,climatology,833,1.0,0.066,0.0748,0.6043,10,91,45,687,0.1818,0.901,0.0685,2026-09-12 17:29
20260905_0600,2026-09-05 06:00:00,h1_1.0mm,persistence,833,1.0,0.066,0.0362,0.876,24,3,31,775,0.4364,0.1111,0.4138,2026-09-12 17:29
20260905_0600,2026-09-05 06:00:00,h3_0.1mm,climatology,833,1.0,0.2653,0.2726,0.4858,209,599,12,13,0.9457,0.7413,0.2549,2026-09-12 17:29
20260905_0600,2026-09-05 06:00:00,h3_0.1mm,persistence,833,1.0,0.2653,0.2191,0.6824,93,58,128,554,0.4208,0.3841,0.3333,2026-09-12 17:29
20260905_0600,2026-09-05 06:00:00,h3_1.0mm,climatology,833,1.0,0.1044,0.1115,0.6048,23,170,64,576,0.2644,0.8808,0.0895,2026-09-12 17:29
20260905_0600,2026-09-05 06:00:00,h3_1.0mm,persistence,833,1.0,0.1044,0.0928,0.7992,26,24,61,722,0.2989,0.48,0.2342,2026-09-12 17:29
20260905_0600,2026-09-05 06:00:00,h6_0.1mm,climatology,833,1.0,0.6375,0.2434,0.5577,531,302,0,0,1.0,0.3625,0.6375,2026-09-12 17:29
20260905_0600,2026-09-05 06:00:00,h6_0.1mm,persistence,833,1.0,0.6375,0.389,0.6273,244,62,287,240,0.4595,0.2026,0.4115,2026-09-12 17:29
20260905_0600,2026-09-05 06:00:00,h6_1.0mm,climatology,833,1.0,0.3661,0.216,0.6781,274,315,31,213,0.8984,0.5348,0.4419,2026-09-12 17:29
20260905_0600,2026-09-05 06:00:00,h6_1.0mm,persistence,833,1.0,0.3661,0.2727,0.6671,85,42,220,486,0.2787,0.3307,0.245,2026-09-12 17:29
20260905_0700,2026-09-05 07:00:00,h1_0.1mm,climatology,833,1.0,0.1657,0.1859,0.4652,58,354,80,341,0.4203,0.8592,0.1179,2026-09-12 17:29
20260905_0700,2026-09-05 07:00:00,h1_0.1mm,persistence,833,1.0,0.1657,0.0713,0.913,86,17,52,678,0.6232,0.165,0.5548,2026-09-12 17:29
20260905_0700,2026-09-05 07:00:00,h1_1.0mm,climatology,833,1.0,0.0588,0.0652,0.6038,9,54,40,730,0.1837,0.8571,0.0874,2026-09-12 17:29
20260905_0700,2026-09-05 07:00:00,h1_1.0mm,persistence,833,1.0,0.0588,0.0288,0.9737,41,14,8,770,0.8367,0.2545,0.6508,2026-09-12 17:29
20260905_0700,2026-09-05 07:00:00,h3_0.1mm,climatology,833,1.0,0.3685,0.2627,0.5359,291,514,16,12,0.9479,0.6385,0.3544,2026-09-12 17:29
20260905_0700,2026-09-05 07:00:00,h3_0.1mm,persistence,833,1.0,0.3685,0.2184,0.7381,129,37,178,489,0.4202,0.2229,0.375,2026-09-12 17:29
20260905_0700,2026-09-05 07:00:00,h3_1.0mm,climatology,833,1.0,0.1333,0.1222,0.6178,29,141,82,581,0.2613,0.8294,0.1151,2026-09-12 17:29
20260905_0700,2026-09-05 07:00:00,h3_1.0mm,persistence,833,1.0,0.1333,0.0991,0.8073,44,21,67,701,0.3964,0.3231,0.3333,2026-09-12 17:29
20260905_0700,2026-09-05 07:00:00,h6_0.1mm,climatology,833,1.0,0.7299,0.1871,0.6588,608,225,0,0,1.0,0.2701,0.7299,2026-09-12 17:29
20260905_0700,2026-09-05 07:00:00,h6_0.1mm,persistence,833,1.0,0.7299,0.3776,0.6545,278,37,330,188,0.4572,0.1175,0.431,2026-09-12 17:29
20260905_0700,2026-09-05 07:00:00,h6_1.0mm,climatology,833,1.0,0.4298,0.2187,0.7092,344,306,14,169,0.9609,0.4708,0.5181,2026-09-12 17:29
20260905_0700,2026-09-05 07:00:00,h6_1.0mm,persistence,833,1.0,0.4298,0.2971,0.6693,105,33,253,442,0.2933,0.2391,0.2685,2026-09-12 17:29
20260905_0800,2026-09-05 08:00:00,h1_0.1mm,climatology,833,1.0,0.2173,0.1885,0.5504,75,252,106,400,0.4144,0.7706,0.1732,2026-09-12 17:29
20260905_0800,2026-09-05 08:00:00,h1_0.1mm,persistence,833,1.0,0.2173,0.107,0.842,109,29,72,623,0.6022,0.2101,0.519,2026-09-12 17:29
20260905_0800,2026-09-05 08:00:00,h1_1.0mm,climatology,833,1.0,0.0576,0.0598,0.68,12,38,36,747,0.25,0.76,0.1395,2026-09-12 17:29
20260905_0800,2026-09-05 08:00:00,h1_1.0mm,persistence,833,1.0,0.0576,0.0567,0.9282,23,26,25,759,0.4792,0.5306,0.3108,2026-09-12 17:29
20260905_0800,2026-09-05 08:00:00,h3_0.1mm,climatology,833,1.0,0.5126,0.246,0.6064,423,404,4,2,0.9906,0.4885,0.509,2026-09-12 17:29
20260905_0800,2026-09-05 08:00:00,h3_0.1mm,persistence,833,1.0,0.5126,0.3105,0.7025,154,28,273,378,0.3607,0.1538,0.3385,2026-09-12 17:29
20260905_0800,2026-09-05 08:00:00,h3_1.0mm,climatology,833,1.0,0.2317,0.168,0.6713,96,198,97,442,0.4974,0.6735,0.2455,2026-09-12 17:29
20260905_0800,2026-09-05 08:00:00,h3_1.0mm,persistence,833,1.0,0.2317,0.1984,0.6566,38,28,155,612,0.1969,0.4242,0.1719,2026-09-12 17:29
20260905_0800,2026-09-05 08:00:00,h6_0.1mm,climatology,833,1.0,0.7623,0.1682,0.686,635,198,0,0,1.0,0.2377,0.7623,2026-09-12 17:29
20260905_0800,2026-09-05 08:00:00,h6_0.1mm,persistence,833,1.0,0.7623,0.3852,0.6595,285,28,350,170,0.4488,0.0895,0.4299,2026-09-12 17:29
20260905_0800,2026-09-05 08:00:00,h6_1.0mm,climatology,833,1.0,0.4586,0.2199,0.7166,377,345,5,106,0.9869,0.4778,0.5186,2026-09-12 17:29
20260905_0800,2026-09-05 08:00:00,h6_1.0mm,persistence,833,1.0,0.4586,0.335,0.6296,97,39,285,412,0.2539,0.2868,0.2304,2026-09-12 17:29
20260905_0900,2026-09-05 09:00:00,h1_0.1mm,climatology,833,1.0,0.2917,0.2054,0.6232,167,280,76,310,0.6872,0.6264,0.3193,2026-09-12 17:29
20260905_0900,2026-09-05 09:00:00,h1_0.1mm,persistence,833,1.0,0.2917,0.1664,0.8088,140,41,103,549,0.5761,0.2265,0.493,2026-09-12 17:29
20260905_0900,2026-09-05 09:00:00,h1_1.0mm,climatology,833,1.0,0.0864,0.0782,0.7155,20,43,52,718,0.2778,0.6825,0.1739,2026-09-12 17:29
20260905_0900,2026-09-05 09:00:00,h1_1.0mm,persistence,833,1.0,0.0864,0.0672,0.8347,32,16,40,745,0.4444,0.3333,0.3636,2026-09-12 17:29
20260905_0900,2026-09-05 09:00:00,h3_0.1mm,climatology,833,1.0,0.611,0.2296,0.61,508,324,1,0,0.998,0.3894,0.6098,2026-09-12 17:29
20260905_0900,2026-09-05 09:00:00,h3_0.1mm,persistence,833,1.0,0.611,0.3321,0.7206,199,22,310,302,0.391,0.0995,0.3748,2026-09-12 17:29
20260905_0900,2026-09-05 09:00:00,h3_1.0mm,climatology,833,1.0,0.3337,0.2008,0.7029,217,259,61,296,0.7806,0.5441,0.4041,2026-09-12 17:29
20260905_0900,2026-09-05 09:00:00,h3_1.0mm,persistence,833,1.0,0.3337,0.2658,0.6629,60,27,218,528,0.2158,0.3103,0.1967,2026-09-12 17:29
20260905_0900,2026-09-05 09:00:00,h6_0.1mm,climatology,833,1.0,0.7839,0.1582,0.6905,653,180,0,0,1.0,0.2161,0.7839,2026-09-12 17:29
20260905_0900,2026-09-05 09:00:00,h6_0.1mm,persistence,833,1.0,0.7839,0.4176,0.6855,265,14,388,166,0.4058,0.0502,0.3973,2026-09-12 17:29
20260905_0900,2026-09-05 09:00:00,h6_1.0mm,climatology,833,1.0,0.5318,0.2289,0.6732,437,354,6,36,0.9865,0.4475,0.5483,2026-09-12 17:29
20260905_0900,2026-09-05 09:00:00,h6_1.0mm,persistence,833,1.0,0.5318,0.3718,0.6509,96,15,347,375,0.2167,0.1351,0.2096,2026-09-12 17:29
20260905_1000,2026-09-05 10:00:00,h1_0.1mm,climatology,833,1.0,0.4118,0.232,0.6233,318,397,25,93,0.9271,0.5552,0.4297,2026-09-12 17:29
20260905_1000,2026-09-05 10:00:00,h1_0.1mm,persistence,833,1.0,0.4118,0.2146,0.7919,180,63,163,427,0.5248,0.2593,0.4433,2026-09-12 17:29
20260905_1000,2026-09-05 10:00:00,h1_1.0mm,climatology,833,1.0,0.1741,0.1345,0.6895,55,136,90,552,0.3793,0.712,0.1957,2026-09-12 17:29
20260905_1000,2026-09-05 10:00:00,h1_1.0mm,persistence,833,1.0,0.1741,0.1426,0.8021,38,34,107,654,0.2621,0.4722,0.2123,2026-09-12 17:29
20260905_1000,2026-09-05 10:00:00,h3_0.1mm,climatology,833,1.0,0.6963,0.1894,0.7064,580,253,0,0,1.0,0.3037,0.6963,2026-09-12 17:29
20260905_1000,2026-09-05 10:00:00,h3_0.1mm,persistence,833,1.0,0.6963,0.3281,0.7188,279,28,301,225,0.481,0.0912,0.4589,2026-09-12 17:29
20260905_1000,2026-09-05 10:00:00,h3_1.0mm,climatology,833,1.0,0.377,0.2112,0.6985,290,317,24,202,0.9236,0.5222,0.4596,2026-09-12 17:29
20260905_1000,2026-09-05 10:00:00,h3_1.0mm,persistence,833,1.0,0.377,0.2857,0.6964,67,44,247,475,0.2134,0.3964,0.1872,2026-09-12 17:29
20260905_1000,2026-09-05 10:00:00,h6_0.1mm,climatology,833,1.0,0.8235,0.1368,0.6963,686,147,0,0,1.0,0.1765,0.8235,2026-09-12 17:29
20260905_1000,2026-09-05 10:00:00,h6_0.1mm,persistence,833,1.0,0.8235,0.3347,0.7493,335,9,351,138,0.4883,0.0262,0.482,2026-09-12 17:29
20260905_1000,2026-09-05 10:00:00,h6_1.0mm,climatology,833,1.0,0.5882,0.2325,0.6225,489,342,1,1,0.998,0.4116,0.5877,2026-09-12 17:29
20260905_1000,2026-09-05 10:00:00,h6_1.0mm,persistence,833,1.0,0.5882,0.4001,0.6484,106,26,384,317,0.2163,0.197,0.2054,2026-09-12 17:29
20260905_1100,2026-09-05 11:00:00,h1_0.1mm,climatology,833,1.0,0.5186,0.2329,0.6472,429,350,3,51,0.9931,0.4493,0.5486,2026-09-12 17:29
20260905_1100,2026-09-05 11:00:00,h1_0.1mm,persistence,833,1.0,0.5186,0.1468,0.8733,301,42,131,359,0.6968,0.1224,0.635,2026-09-12 17:29
20260905_1100,2026-09-05 11:00:00,h1_1.0mm,climatology,833,1.0,0.2689,0.1818,0.6867,140,246,84,363,0.625,0.6373,0.2979,2026-09-12 17:29
20260905_1100,2026-09-05 11:00:00,h1_1.0mm,persistence,833,1.0,0.2689,0.1164,0.8968,120,25,104,584,0.5357,0.1724,0.4819,2026-09-12 17:29
20260905_1100,2026-09-05 11:00:00,h3_0.1mm,climatology,833,1.0,0.7035,0.182,0.7381,586,247,0,0,1.0,0.2965,0.7035,2026-09-12 17:29
20260905_1100,2026-09-05 11:00:00,h3_0.1mm,persistence,833,1.0,0.7035,0.2603,0.7456,378,49,208,198,0.6451,0.1148,0.5953,2026-09-12 17:29
20260905_1100,2026-09-05 11:00:00,h3_1.0mm,climatology,833,1.0,0.3962,0.2154,0.6939,317,369,13,134,0.9606,0.5379,0.4535,2026-09-12 17:29
20260905_1100,2026-09-05 11:00:00,h3_1.0mm,persistence,833,1.0,0.3962,0.2319,0.7588,141,52,189,451,0.4273,0.2694,0.3691,2026-09-12 17:29
20260905_1100,2026-09-05 11:00:00,h6_0.1mm,climatology,833,1.0,0.8439,0.1294,0.6408,703,130,0,0,1.0,0.1561,0.8439,2026-09-12 17:29
20260905_1100,2026-09-05 11:00:00,h6_0.1mm,persistence,833,1.0,0.8439,0.256,0.7791,439,16,264,114,0.6245,0.0352,0.6106,2026-09-12 17:29
20260905_1100,2026-09-05 11:00:00,h6_1.0mm,climatology,833,1.0,0.611,0.2355,0.5843,509,323,0,1,1.0,0.3882,0.6118,2026-09-12 17:29
20260905_1100,2026-09-05 11:00:00,h6_1.0mm,persistence,833,1.0,0.611,0.3315,0.7076,189,32,320,292,0.3713,0.1448,0.3494,2026-09-12 17:29
20260905_1200,2026-09-05 12:00:00,h1_0.1mm,climatology,833,1.0,0.6086,0.2101,0.7212,506,294,1,32,0.998,0.3675,0.6317,2026-09-12 17:29
20260905_1200,2026-09-05 12:00:00,h1_0.1mm,persistence,833,1.0,0.6086,0.1543,0.8593,389,43,118,283,0.7673,0.0995,0.7073,2026-09-12 17:29
20260905_1200,2026-09-05 12:00:00,h1_1.0mm,climatology,833,1.0,0.3037,0.1983,0.6627,204,307,49,273,0.8063,0.6008,0.3643,2026-09-12 17:29
20260905_1200,2026-09-05 12:00:00,h1_1.0mm,persistence,833,1.0,0.3037,0.1021,0.9221,185,39,68,541,0.7312,0.1741,0.6336,2026-09-12 17:29
20260905_1200,2026-09-05 12:00:00,h3_0.1mm,climatology,833,1.0,0.7167,0.184,0.7066,597,236,0,0,1.0,0.2833,0.7167,2026-09-12 17:29
20260905_1200,2026-09-05 12:00:00,h3_0.1mm,persistence,833,1.0,0.7167,0.202,0.7715,453,56,144,180,0.7588,0.11,0.6937,2026-09-12 17:29
20260905_1200,2026-09-05 12:00:00,h3_1.0mm,climatology,833,1.0,0.4622,0.2373,0.6254,372,402,13,46,0.9662,0.5194,0.4727,2026-09-12 17:29
20260905_1200,2026-09-05 12:00:00,h3_1.0mm,persistence,833,1.0,0.4622,0.2123,0.7919,220,58,165,390,0.5714,0.2086,0.4966,2026-09-12 17:29
20260905_1200,2026-09-05 12:00:00,h6_0.1mm,climatology,833,1.0,0.8547,0.1265,0.596,712,121,0,0,1.0,0.1453,0.8547,2026-09-12 17:29
20260905_1200,2026-09-05 12:00:00,h6_0.1mm,persistence,833,1.0,0.8547,0.2099,0.7249,501,30,211,91,0.7037,0.0565,0.6752,2026-09-12 17:29
20260905_1200,2026-09-05 12:00:00,h6_1.0mm,climatology,833,1.0,0.6399,0.2367,0.5279,533,300,0,0,1.0,0.3601,0.6399,2026-09-12 17:29
20260905_1200,2026-09-05 12:00:00,h6_1.0mm,persistence,833,1.0,0.6399,0.3051,0.6926,257,48,276,252,0.4822,0.1574,0.4423,2026-09-12 17:29
20260905_1300,2026-09-05 13:00:00,h1_0.1mm,climatology,833,1.0,0.587,0.2146,0.7098,489,342,0,2,1.0,0.4116,0.5884,2026-09-12 17:29
20260905_1300,2026-09-05 13:00:00,h1_0.1mm,persistence,833,1.0,0.587,0.1418,0.8879,446,61,43,283,0.9121,0.1203,0.8109,2026-09-12 17:29
20260905_1300,2026-09-05 13:00:00,h1_1.0mm,climatology,833,1.0,0.3061,0.2045,0.6299,229,375,26,203,0.898,0.6209,0.3635,2026-09-12 17:29
20260905_1300,2026-09-05 13:00:00,h1_1.0mm,persistence,833,1.0,0.3061,0.1057,0.9418,210,43,45,535,0.8235,0.17,0.7047,2026-09-12 17:29
20260905_1300,2026-09-05 13:00:00,h3_0.1mm,climatology,833,1.0,0.7503,0.1796,0.648,625,208,0,0,1.0,0.2497,0.7503,2026-09-12 17:29
20260905_1300,2026-09-05 13:00:00,h3_0.1mm,persistence,833,1.0,0.7503,0.1661,0.78,519,61,106,147,0.8304,0.1052,0.7566,2026-09-12 17:29
20260905_1300,2026-09-05 13:00:00,h3_1.0mm,climatology,833,1.0,0.5234,0.2513,0.5561,433,393,3,4,0.9931,0.4758,0.5223,2026-09-12 17:29
20260905_1300,2026-09-05 13:00:00,h3_1.0mm,persistence,833,1.0,0.5234,0.2169,0.7935,260,54,176,343,0.5963,0.172,0.5306,2026-09-12 17:29
20260905_1300,2026-09-05 13:00:00,h6_0.1mm,climatology,833,1.0,0.8571,0.1268,0.5577,714,119,0,0,1.0,0.1429,0.8571,2026-09-12 17:29
20260905_1300,2026-09-05 13:00:00,h6_0.1mm,persistence,833,1.0,0.8571,0.1549,0.7268,567,41,147,78,0.7941,0.0674,0.751,2026-09-12 17:29
20260905_1300,2026-09-05 13:00:00,h6_1.0mm,climatology,833,1.0,0.6411,0.2407,0.4929,534,299,0,0,1.0,0.3589,0.6411,2026-09-12 17:29
20260905_1300,2026-09-05 13:00:00,h6_1.0mm,persistence,833,1.0,0.6411,0.2933,0.69,293,65,241,234,0.5487,0.1816,0.4891,2026-09-12 17:29
20260905_1400,2026-09-05 14:00:00,h1_0.1mm,climatology,833,1.0,0.5834,0.2282,0.6482,486,347,0,0,1.0,0.4166,0.5834,2026-09-12 17:29
20260905_1400,2026-09-05 14:00:00,h1_0.1mm,persistence,833,1.0,0.5834,0.1598,0.8485,419,70,67,277,0.8621,0.1431,0.7536,2026-09-12 17:29
20260905_1400,2026-09-05 14:00:00,h1_1.0mm,climatology,833,1.0,0.3229,0.2176,0.5761,247,438,22,126,0.9182,0.6394,0.3494,2026-09-12 17:29
20260905_1400,2026-09-05 14:00:00,h1_1.0mm,persistence,833,1.0,0.3229,0.1836,0.8495,166,89,103,475,0.6171,0.349,0.4637,2026-09-12 17:29
20260905_1400,2026-09-05 14:00:00,h3_0.1mm,climatology,833,1.0,0.7551,0.1883,0.5568,629,204,0,0,1.0,0.2449,0.7551,2026-09-12 17:29
20260905_1400,2026-09-05 14:00:00,h3_0.1mm,persistence,833,1.0,0.7551,0.192,0.7306,512,74,117,130,0.814,0.1263,0.7283,2026-09-12 17:29
20260905_1400,2026-09-05 14:00:00,h3_1.0mm,climatology,833,1.0,0.473,0.2602,0.5069,393,431,1,8,0.9975,0.5231,0.4764,2026-09-12 17:29
20260905_1400,2026-09-05 14:00:00,h3_1.0mm,persistence,833,1.0,0.473,0.2817,0.7085,215,115,179,324,0.5457,0.3485,0.4224,2026-09-12 17:29
20260905_1400,2026-09-05 14:00:00,h6_0.1mm,climatology,833,1.0,0.8367,0.141,0.5481,697,136,0,0,1.0,0.1633,0.8367,2026-09-12 17:29
20260905_1400,2026-09-05 14:00:00,h6_0.1mm,persistence,833,1.0,0.8367,0.1656,0.6844,573,62,124,74,0.8221,0.0976,0.7549,2026-09-12 17:29
20260905_1400,2026-09-05 14:00:00,h6_1.0mm,climatology,833,1.0,0.581,0.2544,0.5104,484,349,0,0,1.0,0.419,0.581,2026-09-12 17:29
20260905_1400,2026-09-05 14:00:00,h6_1.0mm,persistence,833,1.0,0.581,0.3611,0.5891,250,132,234,217,0.5165,0.3455,0.4058,2026-09-12 17:29
20260905_1500,2026-09-05 15:00:00,h1_0.1mm,climatology,833,1.0,0.5966,0.2449,0.54,497,336,0,0,1.0,0.4034,0.5966,2026-09-12 17:29
20260905_1500,2026-09-05 15:00:00,h1_0.1mm,persistence,833,1.0,0.5966,0.1922,0.7984,398,88,99,248,0.8008,0.1811,0.6803,2026-09-12 17:29
20260905_1500,2026-09-05 15:00:00,h1_1.0mm,climatology,833,1.0,0.2845,0.2202,0.4658,217,530,20,66,0.9156,0.7095,0.2829,2026-09-12 17:29
20260905_1500,2026-09-05 15:00:00,h1_1.0mm,persistence,833,1.0,0.2845,0.2406,0.7976,147,122,90,474,0.6203,0.4535,0.4095,2026-09-12 17:29
20260905_1500,2026-09-05 15:00:00,h3_0.1mm,climatology,833,1.0,0.7131,0.2167,0.5015,594,239,0,0,1.0,0.2869,0.7131,2026-09-12 17:29
20260905_1500,2026-09-05 15:00:00,h3_0.1mm,persistence,833,1.0,0.7131,0.2452,0.6608,479,118,115,121,0.8064,0.1977,0.6728,2026-09-12 17:29
20260905_1500,2026-09-05 15:00:00,h3_1.0mm,climatology,833,1.0,0.4082,0.2668,0.469,337,487,3,6,0.9912,0.591,0.4075,2026-09-12 17:29
20260905_1500,2026-09-05 15:00:00,h3_1.0mm,persistence,833,1.0,0.4082,0.3697,0.6205,192,193,148,300,0.5647,0.5013,0.3602,2026-09-12 17:29
20260905_1500,2026-09-05 15:00:00,h6_0.1mm,climatology,833,1.0,0.7755,0.1838,0.5272,646,187,0,0,1.0,0.2245,0.7755,2026-09-12 17:29
20260905_1500,2026-09-05 15:00:00,h6_0.1mm,persistence,833,1.0,0.7755,0.2175,0.6055,536,117,110,70,0.8297,0.1792,0.7025,2026-09-12 17:29
20260905_1500,2026-09-05 15:00:00,h6_1.0mm,climatology,833,1.0,0.4826,0.2733,0.5232,401,431,1,0,0.9975,0.518,0.4814,2026-09-12 17:29
20260905_1500,2026-09-05 15:00:00,h6_1.0mm,persistence,833,1.0,0.4826,0.4277,0.5291,221,222,181,209,0.5498,0.5011,0.3542,2026-09-12 17:29
20260905_1700,2026-09-05 17:00:00,h1_0.1mm,climatology,833,1.0,0.4658,0.2715,0.5357,388,444,0,1,1.0,0.5337,0.4663,2026-09-12 17:29
20260905_1700,2026-09-05 17:00:00,h1_0.1mm,persistence,833,1.0,0.4658,0.2298,0.7991,338,136,50,309,0.8711,0.2869,0.645,2026-09-12 17:29
20260905_1700,2026-09-05 17:00:00,h1_1.0mm,climatology,833,1.0,0.2065,0.1806,0.5656,147,530,25,131,0.8547,0.7829,0.2094,2026-09-12 17:29
20260905_1700,2026-09-05 17:00:00,h1_1.0mm,persistence,833,1.0,0.2065,0.2071,0.8318,115,92,57,569,0.6686,0.4444,0.4356,2026-09-12 17:29
20260905_1700,2026-09-05 17:00:00,h3_0.1mm,climatology,833,1.0,0.5378,0.2774,0.5732,448,385,0,0,1.0,0.4622,0.5378,2026-09-12 17:29
20260905_1700,2026-09-05 17:00:00,h3_0.1mm,persistence,833,1.0,0.5378,0.3688,0.6061,380,249,68,136,0.8482,0.3959,0.5452,2026-09-12 17:29
20260905_1700,2026-09-05 17:00:00,h3_1.0mm,climatology,833,1.0,0.2689,0.223,0.6195,210,567,14,42,0.9375,0.7297,0.2655,2026-09-12 17:29
20260905_1700,2026-09-05 17:00:00,h3_1.0mm,persistence,833,1.0,0.2689,0.4493,0.5851,134,260,90,349,0.5982,0.6599,0.2769,2026-09-12 17:29
20260905_1700,2026-09-05 17:00:00,h6_0.1mm,climatology,833,1.0,0.6651,0.2271,0.6736,554,279,0,0,1.0,0.3349,0.6651,2026-09-12 17:29
20260905_1700,2026-09-05 17:00:00,h6_0.1mm,persistence,833,1.0,0.6651,0.3172,0.5363,480,223,74,56,0.8664,0.3172,0.6178,2026-09-12 17:29
20260905_1700,2026-09-05 17:00:00,h6_1.0mm,climatology,833,1.0,0.3697,0.2443,0.7099,307,507,1,18,0.9968,0.6229,0.3767,2026-09-12 17:29
20260905_1700,2026-09-05 17:00:00,h6_1.0mm,persistence,833,1.0,0.3697,0.4995,0.5207,194,315,114,210,0.6299,0.6189,0.3114,2026-09-12 17:29
20260906_1200,2026-09-06 12:00:00,h1_0.1mm,climatology,833,1.0,0.7839,0.21,0.6574,635,165,18,15,0.9724,0.2062,0.7763,2026-09-12 17:29
20260906_1200,2026-09-06 12:00:00,h1_0.1mm,persistence,833,1.0,0.7839,0.1293,0.8643,549,23,104,157,0.8407,0.0402,0.8121,2026-09-12 17:29
20260906_1200,2026-09-06 12:00:00,h1_1.0mm,climatology,833,1.0,0.4142,0.2519,0.6087,252,259,93,229,0.7304,0.5068,0.4172,2026-09-12 17:29
20260906_1200,2026-09-06 12:00:00,h1_1.0mm,persistence,833,1.0,0.4142,0.1588,0.872,237,49,108,439,0.687,0.1713,0.6015,2026-09-12 17:29
20260906_1200,2026-09-06 12:00:00,h3_0.1mm,climatology,833,1.0,0.8992,0.1154,0.6115,749,84,0,0,1.0,0.1008,0.8992,2026-09-12 17:29
20260906_1200,2026-09-06 12:00:00,h3_0.1mm,persistence,833,1.0,0.8992,0.1296,0.7329,610,29,139,55,0.8144,0.0454,0.7841,2026-09-12 17:29
20260906_1200,2026-09-06 12:00:00,h3_1.0mm,climatology,833,1.0,0.6507,0.2678,0.5476,505,269,37,22,0.9317,0.3475,0.6227,2026-09-12 17:29
20260906_1200,2026-09-06 12:00:00,h3_1.0mm,persistence,833,1.0,0.6507,0.2655,0.7173,281,54,261,237,0.5185,0.1612,0.4715,2026-09-12 17:29
20260906_1200,2026-09-06 12:00:00,h6_0.1mm,climatology,833,1.0,0.976,0.0366,0.6586,813,20,0,0,1.0,0.024,0.976,2026-09-12 17:29
20260906_1200,2026-09-06 12:00:00,h6_0.1mm,persistence,833,1.0,0.976,0.0969,0.6613,662,10,151,10,0.8143,0.0149,0.8044,2026-09-12 17:29
20260906_1200,2026-09-06 12:00:00,h6_1.0mm,climatology,833,1.0,0.8463,0.1801,0.4958,705,128,0,0,1.0,0.1537,0.8463,2026-09-12 17:29
20260906_1200,2026-09-06 12:00:00,h6_1.0mm,persistence,833,1.0,0.8463,0.2974,0.6365,334,31,371,97,0.4738,0.0849,0.4538,2026-09-12 17:29
20260906_1300,2026-09-06 13:00:00,h1_0.1mm,climatology,833,1.0,0.8019,0.2002,0.6397,666,165,2,0,0.997,0.1986,0.7995,2026-09-12 17:29
20260906_1300,2026-09-06 13:00:00,h1_0.1mm,persistence,833,1.0,0.8019,0.1094,0.8411,611,42,57,123,0.9147,0.0643,0.8606,2026-09-12 17:29
20260906_1300,2026-09-06 13:00:00,h1_1.0mm,climatology,833,1.0,0.4694,0.2743,0.5502,296,308,95,134,0.757,0.5099,0.4235,2026-09-12 17:29
20260906_1300,2026-09-06 13:00:00,h1_1.0mm,persistence,833,1.0,0.4694,0.2156,0.8001,263,82,128,360,0.6726,0.2377,0.556,2026-09-12 17:29
20260906_1300,2026-09-06 13:00:00,h3_0.1mm,climatology,833,1.0,0.9352,0.0884,0.6473,779,54,0,0,1.0,0.0648,0.9352,2026-09-12 17:29
20260906_1300,2026-09-06 13:00:00,h3_0.1mm,persistence,833,1.0,0.9352,0.0883,0.6519,668,30,111,24,0.8575,0.043,0.8257,2026-09-12 17:29
20260906_1300,2026-09-06 13:00:00,h3_1.0mm,climatology,833,1.0,0.7059,0.2556,0.5212,583,243,5,2,0.9915,0.2942,0.7016,2026-09-12 17:29
20260906_1300,2026-09-06 13:00:00,h3_1.0mm,persistence,833,1.0,0.7059,0.251,0.6821,344,71,244,174,0.585,0.1711,0.522,2026-09-12 17:29
20260906_1300,2026-09-06 13:00:00,h6_0.1mm,climatology,833,1.0,0.976,0.0374,0.6269,813,20,0,0,1.0,0.024,0.976,2026-09-12 17:29
20260906_1300,2026-09-06 13:00:00,h6_0.1mm,persistence,833,1.0,0.976,0.054,0.6943,718,10,95,10,0.8831,0.0137,0.8724,2026-09-12 17:29
20260906_1300,2026-09-06 13:00:00,h6_1.0mm,climatology,833,1.0,0.8415,0.1815,0.4531,701,132,0,0,1.0,0.1585,0.8415,2026-09-12 17:29
20260906_1300,2026-09-06 13:00:00,h6_1.0mm,persistence,833,1.0,0.8415,0.2565,0.5883,391,55,310,77,0.5578,0.1233,0.5172,2026-09-12 17:29
20260906_1400,2026-09-06 14:00:00,h1_0.1mm,climatology,833,1.0,0.7767,0.1934,0.6155,647,186,0,0,1.0,0.2233,0.7767,2026-09-12 17:29
20260906_1400,2026-09-06 14:00:00,h1_0.1mm,persistence,833,1.0,0.7767,0.1401,0.7776,598,70,49,116,0.9243,0.1048,0.834,2026-09-12 17:29
20260906_1400,2026-09-06 14:00:00,h1_1.0mm,climatology,833,1.0,0.4166,0.2564,0.5193,287,398,60,88,0.8271,0.581,0.3852,2026-09-12 17:29
20260906_1400,2026-09-06 14:00:00,h1_1.0mm,persistence,833,1.0,0.4166,0.2665,0.7684,260,131,87,355,0.7493,0.335,0.5439,2026-09-12 17:29
20260906_1400,2026-09-06 14:00:00,h3_0.1mm,climatology,833,1.0,0.9304,0.0853,0.68,775,58,0,0,1.0,0.0696,0.9304,2026-09-12 17:29
20260906_1400,2026-09-06 14:00:00,h3_0.1mm,persistence,833,1.0,0.9304,0.0757,0.6695,692,33,83,25,0.8929,0.0455,0.8564,2026-09-12 17:29
20260906_1400,2026-09-06 14:00:00,h3_1.0mm,climatology,833,1.0,0.6975,0.2536,0.4877,574,250,7,2,0.988,0.3034,0.6907,2026-09-12 17:29
20260906_1400,2026-09-06 14:00:00,h3_1.0mm,persistence,833,1.0,0.6975,0.285,0.6059,387,121,194,131,0.6661,0.2382,0.5513,2026-09-12 17:29
20260906_1400,2026-09-06 14:00:00,h6_0.1mm,climatology,833,1.0,0.9604,0.0511,0.5955,800,33,0,0,1.0,0.0396,0.9604,2026-09-12 17:29
20260906_1400,2026-09-06 14:00:00,h6_0.1mm,persistence,833,1.0,0.9604,0.0574,0.6121,735,23,65,10,0.9187,0.0303,0.8931,2026-09-12 17:29
20260906_1400,2026-09-06 14:00:00,h6_1.0mm,climatology,833,1.0,0.7875,0.1997,0.4802,656,177,0,0,1.0,0.2125,0.7875,2026-09-12 17:29
20260906_1400,2026-09-06 14:00:00,h6_1.0mm,persistence,833,1.0,0.7875,0.2678,0.5404,438,105,218,72,0.6677,0.1934,0.5756,2026-09-12 17:29
20260906_1500,2026-09-06 15:00:00,h1_0.1mm,climatology,833,1.0,0.8043,0.1878,0.5672,670,163,0,0,1.0,0.1957,0.8043,2026-09-12 17:29
20260906_1500,2026-09-06 15:00:00,h1_0.1mm,persistence,833,1.0,0.8043,0.1796,0.7054,572,75,98,88,0.8537,0.1159,0.7678,2026-09-12 17:29
20260906_1500,2026-09-06 15:00:00,h1_1.0mm,climatology,833,1.0,0.4658,0.2732,0.4887,355,392,33,53,0.9149,0.5248,0.4551,2026-09-12 17:29
20260906_1500,2026-09-06 15:00:00,h1_1.0mm,persistence,833,1.0,0.4658,0.292,0.7049,233,114,155,331,0.6005,0.3285,0.4641,2026-09-12 17:29
20260906_1500,2026-09-06 15:00:00,h3_0.1mm,climatology,833,1.0,0.9172,0.1001,0.5898,764,69,0,0,1.0,0.0828,0.9172,2026-09-12 17:29
20260906_1500,2026-09-06 15:00:00,h3_0.1mm,persistence,833,1.0,0.9172,0.0928,0.6055,700,49,64,20,0.9162,0.0654,0.861,2026-09-12 17:29
20260906_1500,2026-09-06 15:00:00,h3_1.0mm,climatology,833,1.0,0.6471,0.2568,0.5061,532,292,7,2,0.987,0.3544,0.6402,2026-09-12 17:29
20260906_1500,2026-09-06 15:00:00,h3_1.0mm,persistence,833,1.0,0.6471,0.331,0.5669,376,166,163,128,0.6976,0.3063,0.5333,2026-09-12 17:29
20260906_1500,2026-09-06 15:00:00,h6_0.1mm,climatology,833,1.0,0.9424,0.068,0.559,785,48,0,0,1.0,0.0576,0.9424,2026-09-12 17:29
20260906_1500,2026-09-06 15:00:00,h6_0.1mm,persistence,833,1.0,0.9424,0.0652,0.5658,739,39,46,9,0.9414,0.0501,0.8968,2026-09-12 17:29
20260906_1500,2026-09-06 15:00:00,h6_1.0mm,climatology,833,1.0,0.7239,0.2155,0.5513,603,229,0,1,1.0,0.2752,0.7248,2026-09-12 17:29
20260906_1500,2026-09-06 15:00:00,h6_1.0mm,persistence,833,1.0,0.7239,0.3113,0.5051,434,162,169,68,0.7197,0.2718,0.5673,2026-09-12 17:29
20260906_1800,2026-09-06 18:00:00,h1_0.1mm,climatology,833,1.0,0.5822,0.2403,0.5858,477,344,8,4,0.9835,0.419,0.5754,2026-09-12 17:29
20260906_1800,2026-09-06 18:00:00,h1_0.1mm,persistence,833,1.0,0.5822,0.2167,0.7628,436,138,49,210,0.899,0.2404,0.6998,2026-09-12 17:29
20260906_1800,2026-09-06 18:00:00,h1_1.0mm,climatology,833,1.0,0.3325,0.2238,0.5484,203,383,74,173,0.7329,0.6536,0.3076,2026-09-12 17:29
20260906_1800,2026-09-06 18:00:00,h1_1.0mm,persistence,833,1.0,0.3325,0.2037,0.858,226,87,51,469,0.8159,0.278,0.6209,2026-09-12 17:29
20260906_1800,2026-09-06 18:00:00,h3_0.1mm,climatology,833,1.0,0.7239,0.199,0.6038,603,230,0,0,1.0,0.2761,0.7239,2026-09-12 17:29
20260906_1800,2026-09-06 18:00:00,h3_0.1mm,persistence,833,1.0,0.7239,0.2393,0.5878,582,182,21,48,0.9652,0.2382,0.7414,2026-09-12 17:29
20260906_1800,2026-09-06 18:00:00,h3_1.0mm,climatology,833,1.0,0.5006,0.2432,0.656,384,335,33,81,0.9209,0.4659,0.5106,2026-09-12 17:29
20260906_1800,2026-09-06 18:00:00,h3_1.0mm,persistence,833,1.0,0.5006,0.3024,0.7154,353,186,64,230,0.8465,0.3451,0.5854,2026-09-12 17:29
20260906_1800,2026-09-06 18:00:00,h6_0.1mm,climatology,833,1.0,0.8788,0.1168,0.6336,732,101,0,0,1.0,0.1212,0.8788,2026-09-12 17:29
20260906_1800,2026-09-06 18:00:00,h6_0.1mm,persistence,833,1.0,0.8788,0.1316,0.492,713,100,19,1,0.974,0.123,0.857,2026-09-12 17:29
20260906_1800,2026-09-06 18:00:00,h6_1.0mm,climatology,833,1.0,0.6495,0.2237,0.6904,530,271,11,21,0.9797,0.3383,0.6527,2026-09-12 17:29
20260906_1800,2026-09-06 18:00:00,h6_1.0mm,persistence,833,1.0,0.6495,0.3362,0.5229,466,239,75,53,0.8614,0.339,0.5974,2026-09-12 17:29
20260906_1900,2026-09-06 19:00:00,h1_0.1mm,climatology,833,1.0,0.5882,0.2357,0.6339,461,303,29,40,0.9408,0.3966,0.5813,2026-09-12 17:29
20260906_1900,2026-09-06 19:00:00,h1_0.1mm,persistence,833,1.0,0.5882,0.1357,0.8685,423,62,67,281,0.8633,0.1278,0.7663,2026-09-12 17:29
20260906_1900,2026-09-06 19:00:00,h1_1.0mm,climatology,833,1.0,0.3758,0.2291,0.6775,232,242,81,278,0.7412,0.5105,0.418,2026-09-12 17:29
20260906_1900,2026-09-06 19:00:00,h1_1.0mm,persistence,833,1.0,0.3758,0.1476,0.8825,221,56,92,464,0.7061,0.2022,0.5989,2026-09-12 17:29
20260906_1900,2026-09-06 19:00:00,h3_0.1mm,climatology,833,1.0,0.7851,0.1797,0.6804,652,179,2,0,0.9969,0.2154,0.7827,2026-09-12 17:29
20260906_1900,2026-09-06 19:00:00,h3_0.1mm,persistence,833,1.0,0.7851,0.1831,0.6452,597,113,57,66,0.9128,0.1592,0.7784,2026-09-12 17:29
20260906_1900,2026-09-06 19:00:00,h3_1.0mm,climatology,833,1.0,0.5126,0.2484,0.6877,379,286,48,120,0.8876,0.4301,0.5316,2026-09-12 17:29
20260906_1900,2026-09-06 19:00:00,h3_1.0mm,persistence,833,1.0,0.5126,0.2664,0.7487,342,139,85,267,0.8009,0.289,0.6042,2026-09-12 17:29
20260906_1900,2026-09-06 19:00:00,h6_0.1mm,climatology,833,1.0,0.8776,0.12,0.6636,731,102,0,0,1.0,0.1224,0.8776,2026-09-12 17:29
20260906_1900,2026-09-06 19:00:00,h6_0.1mm,persistence,833,1.0,0.8776,0.1337,0.4976,713,100,18,2,0.9754,0.123,0.858,2026-09-12 17:29
20260906_1900,2026-09-06 19:00:00,h6_1.0mm,climatology,833,1.0,0.6375,0.2274,0.7049,515,267,16,35,0.9699,0.3414,0.6454,2026-09-12 17:29
20260906_1900,2026-09-06 19:00:00,h6_1.0mm,persistence,833,1.0,0.6375,0.3308,0.5493,465,236,66,66,0.8757,0.3367,0.6063,2026-09-12 17:29
20260906_2000,2026-09-06 20:00:00,h1_0.1mm,climatology,833,1.0,0.6182,0.2368,0.6703,476,231,39,87,0.9243,0.3267,0.6381,2026-09-12 17:29
20260906_2000,2026-09-06 20:00:00,h1_0.1mm,persistence,833,1.0,0.6182,0.1224,0.8879,445,45,70,273,0.8641,0.0918,0.7946,2026-09-12 17:29
20260906_2000,2026-09-06 20:00:00,h1_1.0mm,climatology,833,1.0,0.3866,0.2361,0.7024,198,178,124,333,0.6149,0.4734,0.396,2026-09-12 17:29
20260906_2000,2026-09-06 20:00:00,h1_1.0mm,persistence,833,1.0,0.3866,0.1216,0.9121,264,49,58,462,0.8199,0.1565,0.7116,2026-09-12 17:29
20260906_2000,2026-09-06 20:00:00,h3_0.1mm,climatology,833,1.0,0.8091,0.1715,0.7004,671,157,3,2,0.9955,0.1896,0.8075,2026-09-12 17:29
20260906_2000,2026-09-06 20:00:00,h3_0.1mm,persistence,833,1.0,0.8091,0.159,0.7194,582,71,92,88,0.8635,0.1087,0.7812,2026-09-12 17:29
20260906_2000,2026-09-06 20:00:00,h3_1.0mm,climatology,833,1.0,0.5606,0.2623,0.6875,405,228,62,138,0.8672,0.3602,0.5827,2026-09-12 17:29
20260906_2000,2026-09-06 20:00:00,h3_1.0mm,persistence,833,1.0,0.5606,0.2364,0.7643,334,87,133,279,0.7152,0.2067,0.6029,2026-09-12 17:29
20260906_2000,2026-09-06 20:00:00,h6_0.1mm,climatology,833,1.0,0.8703,0.1253,0.6555,725,108,0,0,1.0,0.1297,0.8703,2026-09-12 17:29
20260906_2000,2026-09-06 20:00:00,h6_0.1mm,persistence,833,1.0,0.8703,0.1363,0.5257,701,99,24,9,0.9669,0.1237,0.8507,2026-09-12 17:29
20260906_2000,2026-09-06 20:00:00,h6_1.0mm,climatology,833,1.0,0.6182,0.2355,0.6737,492,270,23,48,0.9553,0.3543,0.6268,2026-09-12 17:29
20260906_2000,2026-09-06 20:00:00,h6_1.0mm,persistence,833,1.0,0.6182,0.3229,0.597,443,213,72,105,0.8602,0.3247,0.6085,2026-09-12 17:29
20260906_2100,2026-09-06 21:00:00,h1_0.1mm,climatology,833,1.0,0.6567,0.2329,0.7162,503,192,44,94,0.9196,0.2763,0.6806,2026-09-12 17:29
20260906_2100,2026-09-06 21:00:00,h1_0.1mm,persistence,833,1.0,0.6567,0.2291,0.7515,430,85,117,201,0.7861,0.165,0.6804,2026-09-12 17:29
20260906_2100,2026-09-06 21:00:00,h1_1.0mm,climatology,833,1.0,0.3445,0.2232,0.6447,162,202,125,344,0.5645,0.5549,0.3313,2026-09-12 17:29
20260906_2100,2026-09-06 21:00:00,h1_1.0mm,persistence,833,1.0,0.3445,0.2204,0.8118,215,107,72,439,0.7491,0.3323,0.5457,2026-09-12 17:29
20260906_2100,2026-09-06 21:00:00,h3_0.1mm,climatology,833,1.0,0.7839,0.1761,0.6881,653,179,0,1,1.0,0.2151,0.7849,2026-09-12 17:29
20260906_2100,2026-09-06 21:00:00,h3_0.1mm,persistence,833,1.0,0.7839,0.2068,0.6883,524,79,129,101,0.8025,0.131,0.7158,2026-09-12 17:29
20260906_2100,2026-09-06 21:00:00,h3_1.0mm,climatology,833,1.0,0.497,0.2459,0.667,365,300,49,119,0.8816,0.4511,0.5112,2026-09-12 17:29
20260906_2100,2026-09-06 21:00:00,h3_1.0mm,persistence,833,1.0,0.497,0.2876,0.7169,290,127,124,292,0.7005,0.3046,0.536,2026-09-12 17:29
20260906_2100,2026-09-06 21:00:00,h6_0.1mm,climatology,833,1.0,0.8475,0.1355,0.6437,706,127,0,0,1.0,0.1525,0.8475,2026-09-12 17:29
20260906_2100,2026-09-06 21:00:00,h6_0.1mm,persistence,833,1.0,0.8475,0.1579,0.5499,676,109,30,18,0.9575,0.1389,0.8294,2026-09-12 17:29
20260906_2100,2026-09-06 21:00:00,h6_1.0mm,climatology,833,1.0,0.545,0.2331,0.6645,427,329,27,50,0.9405,0.4352,0.5453,2026-09-12 17:29
20260906_2100,2026-09-06 21:00:00,h6_1.0mm,persistence,833,1.0,0.545,0.3524,0.6238,379,224,75,155,0.8348,0.3715,0.559,2026-09-12 17:29
20260906_2200,2026-09-06 22:00:00,h1_0.1mm,climatology,833,1.0,0.6194,0.223,0.713,494,267,22,50,0.9574,0.3509,0.6309,2026-09-12 17:29
20260906_2200,2026-09-06 22:00:00,h1_0.1mm,persistence,833,1.0,0.6194,0.1913,0.7946,448,99,68,218,0.8682,0.181,0.7285,2026-09-12 17:29
20260906_2200,2026-09-06 22:00:00,h1_1.0mm,climatology,833,1.0,0.3265,0.2119,0.6574,150,217,122,344,0.5515,0.5913,0.3067,2026-09-12 17:29
20260906_2200,2026-09-06 22:00:00,h1_1.0mm,persistence,833,1.0,0.3265,0.2312,0.799,175,112,97,449,0.6434,0.3902,0.4557,2026-09-12 17:29
20260906_2200,2026-09-06 22:00:00,h3_0.1mm,climatology,833,1.0,0.7551,0.1849,0.6745,629,204,0,0,1.0,0.2449,0.7551,2026-09-12 17:29
20260906_2200,2026-09-06 22:00:00,h3_0.1mm,persistence,833,1.0,0.7551,0.2047,0.6891,552,102,77,102,0.8776,0.156,0.7551,2026-09-12 17:29
20260906_2200,2026-09-06 22:00:00,h3_1.0mm,climatology,833,1.0,0.4214,0.2291,0.6576,299,337,52,145,0.8519,0.5299,0.4346,2026-09-12 17:29
20260906_2200,2026-09-06 22:00:00,h3_1.0mm,persistence,833,1.0,0.4214,0.3154,0.6994,247,180,104,302,0.7037,0.4215,0.4652,2026-09-12 17:29
20260906_2200,2026-09-06 22:00:00,h6_0.1mm,climatology,833,1.0,0.8211,0.1509,0.6035,684,149,0,0,1.0,0.1789,0.8211,2026-09-12 17:29
20260906_2200,2026-09-06 22:00:00,h6_0.1mm,persistence,833,1.0,0.8211,0.177,0.5746,648,119,36,30,0.9474,0.1551,0.807,2026-09-12 17:29
20260906_2200,2026-09-06 22:00:00,h6_1.0mm,climatology,833,1.0,0.4754,0.2265,0.6873,379,388,17,49,0.9571,0.5059,0.4834,2026-09-12 17:29
20260906_2200,2026-09-06 22:00:00,h6_1.0mm,persistence,833,1.0,0.4754,0.3748,0.6338,319,247,77,190,0.8056,0.4364,0.4961,2026-09-12 17:29
20260906_2300,2026-09-06 23:00:00,h1_0.1mm,climatology,833,1.0,0.6062,0.2368,0.645,464,276,41,52,0.9188,0.373,0.5941,2026-09-12 17:29
20260906_2300,2026-09-06 23:00:00,h1_0.1mm,persistence,833,1.0,0.6062,0.1583,0.829,433,83,72,245,0.8574,0.1609,0.7364,2026-09-12 17:29
20260906_2300,2026-09-06 23:00:00,h1_1.0mm,climatology,833,1.0,0.2545,0.1786,0.6388,114,228,98,393,0.5377,0.6667,0.2591,2026-09-12 17:29
20260906_2300,2026-09-06 23:00:00,h1_1.0mm,persistence,833,1.0,0.2545,0.2106,0.8495,161,111,51,510,0.7594,0.4081,0.4985,2026-09-12 17:29
20260906_2300,2026-09-06 23:00:00,h3_0.1mm,climatology,833,1.0,0.6891,0.2082,0.6372,574,259,0,0,1.0,0.3109,0.6891,2026-09-12 17:29
20260906_2300,2026-09-06 23:00:00,h3_0.1mm,persistence,833,1.0,0.6891,0.2509,0.662,523,151,51,108,0.9111,0.224,0.7214,2026-09-12 17:29
20260906_2300,2026-09-06 23:00:00,h3_1.0mm,climatology,833,1.0,0.3133,0.2022,0.6443,202,383,59,189,0.7739,0.6547,0.3137,2026-09-12 17:29
20260906_2300,2026-09-06 23:00:00,h3_1.0mm,persistence,833,1.0,0.3133,0.3891,0.699,213,254,48,318,0.8161,0.5439,0.4136,2026-09-12 17:29
20260906_2300,2026-09-06 23:00:00,h6_0.1mm,climatology,833,1.0,0.7683,0.181,0.5751,640,193,0,0,1.0,0.2317,0.7683,2026-09-12 17:29
20260906_2300,2026-09-06 23:00:00,h6_0.1mm,persistence,833,1.0,0.7683,0.2135,0.6027,603,142,37,51,0.9422,0.1906,0.7711,2026-09-12 17:29
20260906_2300,2026-09-06 23:00:00,h6_1.0mm,climatology,833,1.0,0.3914,0.2197,0.6959,303,455,23,52,0.9294,0.6003,0.388,2026-09-12 17:29
20260906_2300,2026-09-06 23:00:00,h6_1.0mm,persistence,833,1.0,0.3914,0.4214,0.6383,267,287,59,220,0.819,0.5181,0.4356,2026-09-12 17:29
20260907_0900,2026-09-07 09:00:00,h1_0.1mm,climatology,833,1.0,0.2809,0.2203,0.502,137,310,97,289,0.5855,0.6935,0.2518,2026-09-12 17:29
20260907_0900,2026-09-07 09:00:00,h1_0.1mm,persistence,833,1.0,0.2809,0.1748,0.7766,132,42,102,557,0.5641,0.2414,0.4783,2026-09-12 17:29
20260907_0900,2026-09-07 09:00:00,h1_1.0mm,climatology,833,1.0,0.084,0.0823,0.6617,3,60,67,703,0.0429,0.9524,0.0231,2026-09-12 17:29
20260907_0900,2026-09-07 09:00:00,h1_1.0mm,persistence,833,1.0,0.084,0.057,0.9146,49,22,21,741,0.7,0.3099,0.5326,2026-09-12 17:29
20260907_0900,2026-09-07 09:00:00,h3_0.1mm,climatology,833,1.0,0.6014,0.2372,0.5729,501,331,0,1,1.0,0.3978,0.6022,2026-09-12 17:29
20260907_0900,2026-09-07 09:00:00,h3_0.1mm,persistence,833,1.0,0.6014,0.3842,0.6509,193,33,308,299,0.3852,0.146,0.3614,2026-09-12 17:29
20260907_0900,2026-09-07 09:00:00,h3_1.0mm,climatology,833,1.0,0.2017,0.1807,0.5716,120,356,48,309,0.7143,0.7479,0.229,2026-09-12 17:29
20260907_0900,2026-09-07 09:00:00,h3_1.0mm,persistence,833,1.0,0.2017,0.1553,0.7144,60,25,108,640,0.3571,0.2941,0.3109,2026-09-12 17:29
20260907_0900,2026-09-07 09:00:00,h6_0.1mm,climatology,833,1.0,0.8367,0.1364,0.5926,697,136,0,0,1.0,0.1633,0.8367,2026-09-12 17:29
20260907_0900,2026-09-07 09:00:00,h6_0.1mm,persistence,833,1.0,0.8367,0.3413,0.5464,424,66,273,70,0.6083,0.1347,0.5557,2026-09-12 17:29
20260907_0900,2026-09-07 09:00:00,h6_1.0mm,climatology,833,1.0,0.4286,0.2548,0.5792,352,439,5,37,0.986,0.555,0.4422,2026-09-12 17:29
20260907_0900,2026-09-07 09:00:00,h6_1.0mm,persistence,833,1.0,0.4286,0.3982,0.4719,102,82,255,394,0.2857,0.4457,0.2323,2026-09-12 17:29
20260907_1000,2026-09-07 10:00:00,h1_0.1mm,climatology,833,1.0,0.3709,0.2468,0.513,281,434,28,90,0.9094,0.607,0.3782,2026-09-12 17:29
20260907_1000,2026-09-07 10:00:00,h1_0.1mm,persistence,833,1.0,0.3709,0.1917,0.8067,170,64,139,460,0.5502,0.2735,0.4558,2026-09-12 17:29
20260907_1000,2026-09-07 10:00:00,h1_1.0mm,climatology,833,1.0,0.0984,0.1041,0.5288,11,180,71,571,0.1341,0.9424,0.042,2026-09-12 17:29
20260907_1000,2026-09-07 10:00:00,h1_1.0mm,persistence,833,1.0,0.0984,0.1044,0.8625,30,40,52,711,0.3659,0.5714,0.2459,2026-09-12 17:29
20260907_1000,2026-09-07 10:00:00,h3_0.1mm,climatology,833,1.0,0.6663,0.2064,0.6585,555,278,0,0,1.0,0.3337,0.6663,2026-09-12 17:29
20260907_1000,2026-09-07 10:00:00,h3_0.1mm,persistence,833,1.0,0.6663,0.3488,0.6875,244,46,311,232,0.4396,0.1586,0.406,2026-09-12 17:29
20260907_1000,2026-09-07 10:00:00,h3_1.0mm,climatology,833,1.0,0.2149,0.1908,0.6325,156,451,23,203,0.8715,0.743,0.2476,2026-09-12 17:29
20260907_1000,2026-09-07 10:00:00,h3_1.0mm,persistence,833,1.0,0.2149,0.207,0.6832,46,52,133,602,0.257,0.5306,0.1991,2026-09-12 17:29
20260907_1000,2026-09-07 10:00:00,h6_0.1mm,climatology,833,1.0,0.8475,0.1282,0.6076,706,127,0,0,1.0,0.1525,0.8475,2026-09-12 17:29
20260907_1000,2026-09-07 10:00:00,h6_0.1mm,persistence,833,1.0,0.8475,0.3355,0.5728,418,58,288,69,0.5921,0.1218,0.5471,2026-09-12 17:29
20260907_1000,2026-09-07 10:00:00,h6_1.0mm,climatology,833,1.0,0.4382,0.2628,0.6004,364,467,1,1,0.9973,0.562,0.4375,2026-09-12 17:29
20260907_1000,2026-09-07 10:00:00,h6_1.0mm,persistence,833,1.0,0.4382,0.414,0.4748,81,85,284,383,0.2219,0.512,0.18,2026-09-12 17:29
20260907_1100,2026-09-07 11:00:00,h1_0.1mm,climatology,833,1.0,0.4562,0.2402,0.625,376,403,4,50,0.9895,0.5173,0.4802,2026-09-12 17:29
20260907_1100,2026-09-07 11:00:00,h1_0.1mm,persistence,833,1.0,0.4562,0.2359,0.7758,233,76,147,377,0.6132,0.246,0.511,2026-09-12 17:29
20260907_1100,2026-09-07 11:00:00,h1_1.0mm,climatology,833,1.0,0.1068,0.1177,0.6145,58,328,31,416,0.6517,0.8497,0.1391,2026-09-12 17:29
20260907_1100,2026-09-07 11:00:00,h1_1.0mm,persistence,833,1.0,0.1068,0.1233,0.8712,40,42,49,702,0.4494,0.5122,0.3053,2026-09-12 17:29
20260907_1100,2026-09-07 11:00:00,h3_0.1mm,climatology,833,1.0,0.7215,0.1859,0.6791,601,232,0,0,1.0,0.2785,0.7215,2026-09-12 17:29
20260907_1100,2026-09-07 11:00:00,h3_0.1mm,persistence,833,1.0,0.7215,0.3262,0.6512,334,67,267,165,0.5557,0.1671,0.5,2026-09-12 17:29
20260907_1100,2026-09-07 11:00:00,h3_1.0mm,climatology,833,1.0,0.2797,0.2112,0.639,213,473,20,127,0.9142,0.6895,0.3017,2026-09-12 17:29
20260907_1100,2026-09-07 11:00:00,h3_1.0mm,persistence,833,1.0,0.2797,0.2798,0.6148,58,81,175,519,0.2489,0.5827,0.1847,2026-09-12 17:29
20260907_1100,2026-09-07 11:00:00,h6_0.1mm,climatology,833,1.0,0.8511,0.1272,0.5979,709,124,0,0,1.0,0.1489,0.8511,2026-09-12 17:29
20260907_1100,2026-09-07 11:00:00,h6_0.1mm,persistence,833,1.0,0.8511,0.2916,0.5454,456,68,253,56,0.6432,0.1298,0.5869,2026-09-12 17:29
20260907_1100,2026-09-07 11:00:00,h6_1.0mm,climatology,833,1.0,0.4862,0.2665,0.58,405,427,0,1,1.0,0.5132,0.4868,2026-09-12 17:29
20260907_1100,2026-09-07 11:00:00,h6_1.0mm,persistence,833,1.0,0.4862,0.4149,0.4842,82,95,323,333,0.2025,0.5367,0.164,2026-09-12 17:29
20260907_1200,2026-09-07 12:00:00,h1_0.1mm,climatology,833,1.0,0.5078,0.228,0.6872,420,380,3,30,0.9929,0.475,0.523,2026-09-12 17:29
20260907_1200,2026-09-07 12:00:00,h1_0.1mm,persistence,833,1.0,0.5078,0.2366,0.7883,301,79,122,331,0.7116,0.2079,0.5996,2026-09-12 17:29
20260907_1200,2026-09-07 12:00:00,h1_1.0mm,climatology,833,1.0,0.1381,0.1381,0.6705,95,416,20,302,0.8261,0.8141,0.1789,2026-09-12 17:29
20260907_1200,2026-09-07 12:00:00,h1_1.0mm,persistence,833,1.0,0.1381,0.1062,0.8682,66,23,49,695,0.5739,0.2584,0.4783,2026-09-12 17:29
20260907_1200,2026-09-07 12:00:00,h3_0.1mm,climatology,833,1.0,0.7215,0.1927,0.6436,601,232,0,0,1.0,0.2785,0.7215,2026-09-12 17:29
20260907_1200,2026-09-07 12:00:00,h3_0.1mm,persistence,833,1.0,0.7215,0.2632,0.6454,405,96,196,136,0.6739,0.1916,0.5811,2026-09-12 17:29
20260907_1200,2026-09-07 12:00:00,h3_1.0mm,climatology,833,1.0,0.3349,0.2318,0.6142,262,512,17,42,0.9391,0.6615,0.3312,2026-09-12 17:29
20260907_1200,2026-09-07 12:00:00,h3_1.0mm,persistence,833,1.0,0.3349,0.2941,0.6194,90,78,189,476,0.3226,0.4643,0.2521,2026-09-12 17:29
20260907_1200,2026-09-07 12:00:00,h6_0.1mm,climatology,833,1.0,0.8619,0.1208,0.558,718,115,0,0,1.0,0.1381,0.8619,2026-09-12 17:29
20260907_1200,2026-09-07 12:00:00,h6_0.1mm,persistence,833,1.0,0.8619,0.2313,0.5927,478,56,240,59,0.6657,0.1049,0.6176,2026-09-12 17:29
20260907_1200,2026-09-07 12:00:00,h6_1.0mm,climatology,833,1.0,0.551,0.2526,0.5853,459,374,0,0,1.0,0.449,0.551,2026-09-12 17:29
20260907_1200,2026-09-07 12:00:00,h6_1.0mm,persistence,833,1.0,0.551,0.4002,0.5228,113,80,346,294,0.2462,0.4145,0.2096,2026-09-12 17:29
20260907_1300,2026-09-07 13:00:00,h1_0.1mm,climatology,833,1.0,0.575,0.2242,0.6721,479,352,0,2,1.0,0.4236,0.5764,2026-09-12 17:29
20260907_1300,2026-09-07 13:00:00,h1_0.1mm,persistence,833,1.0,0.575,0.2091,0.8096,359,64,120,290,0.7495,0.1513,0.6611,2026-09-12 17:29
20260907_1300,2026-09-07 13:00:00,h1_1.0mm,climatology,833,1.0,0.2173,0.1724,0.6476,158,446,23,206,0.8729,0.7384,0.252,2026-09-12 17:29
20260907_1300,2026-09-07 13:00:00,h1_1.0mm,persistence,833,1.0,0.2173,0.1282,0.8718,82,33,99,619,0.453,0.287,0.3832,2026-09-12 17:29
20260907_1300,2026-09-07 13:00:00,h3_0.1mm,climatology,833,1.0,0.7107,0.2006,0.6274,592,241,0,0,1.0,0.2893,0.7107,2026-09-12 17:29
20260907_1300,2026-09-07 13:00:00,h3_0.1mm,persistence,833,1.0,0.7107,0.2535,0.6432,441,114,151,127,0.7449,0.2054,0.6246,2026-09-12 17:29
20260907_1300,2026-09-07 13:00:00,h3_1.0mm,climatology,833,1.0,0.3493,0.2452,0.6066,290,536,1,6,0.9966,0.6489,0.3507,2026-09-12 17:29
20260907_1300,2026-09-07 13:00:00,h3_1.0mm,persistence,833,1.0,0.3493,0.2669,0.6865,105,74,186,468,0.3608,0.4134,0.2877,2026-09-12 17:29
20260907_1300,2026-09-07 13:00:00,h6_0.1mm,climatology,833,1.0,0.8655,0.116,0.5564,721,112,0,0,1.0,0.1345,0.8655,2026-09-12 17:29
20260907_1300,2026-09-07 13:00:00,h6_0.1mm,persistence,833,1.0,0.8655,0.1977,0.5585,531,70,190,42,0.7365,0.1165,0.6713,2026-09-12 17:29
20260907_1300,2026-09-07 13:00:00,h6_1.0mm,climatology,833,1.0,0.6002,0.2334,0.6173,500,333,0,0,1.0,0.3998,0.6002,2026-09-12 17:29
20260907_1300,2026-09-07 13:00:00,h6_1.0mm,persistence,833,1.0,0.6002,0.388,0.5331,143,88,357,245,0.286,0.381,0.2432,2026-09-12 17:29
20260907_1400,2026-09-07 14:00:00,h1_0.1mm,climatology,833,1.0,0.5834,0.2285,0.6543,486,347,0,0,1.0,0.4166,0.5834,2026-09-12 17:29
20260907_1400,2026-09-07 14:00:00,h1_0.1mm,persistence,833,1.0,0.5834,0.1501,0.8666,417,62,69,285,0.858,0.1294,0.7609,2026-09-12 17:29
20260907_1400,2026-09-07 14:00:00,h1_1.0mm,climatology,833,1.0,0.2389,0.1915,0.5828,175,510,24,124,0.8794,0.7445,0.2468,2026-09-12 17:29
20260907_1400,2026-09-07 14:00:00,h1_1.0mm,persistence,833,1.0,0.2389,0.1314,0.9003,131,50,68,584,0.6583,0.2762,0.5261,2026-09-12 17:29
20260907_1400,2026-09-07 14:00:00,h3_0.1mm,climatology,833,1.0,0.7251,0.1941,0.618,604,229,0,0,1.0,0.2749,0.7251,2026-09-12 17:29
20260907_1400,2026-09-07 14:00:00,h3_0.1mm,persistence,833,1.0,0.7251,0.2132,0.6906,496,105,108,124,0.8212,0.1747,0.6996,2026-09-12 17:29
20260907_1400,2026-09-07 14:00:00,h3_1.0mm,climatology,833,1.0,0.4034,0.2541,0.5672,335,489,1,8,0.997,0.5934,0.4061,2026-09-12 17:29
20260907_1400,2026-09-07 14:00:00,h3_1.0mm,persistence,833,1.0,0.4034,0.2433,0.7321,164,69,172,428,0.4881,0.2961,0.4049,2026-09-12 17:29
20260907_1400,2026-09-07 14:00:00,h6_0.1mm,climatology,833,1.0,0.8944,0.0949,0.5609,745,88,0,0,1.0,0.1056,0.8944,2026-09-12 17:29
20260907_1400,2026-09-07 14:00:00,h6_0.1mm,persistence,833,1.0,0.8944,0.1633,0.5387,604,64,141,24,0.8107,0.0958,0.7466,2026-09-12 17:29
20260907_1400,2026-09-07 14:00:00,h6_1.0mm,climatology,833,1.0,0.6242,0.2317,0.5803,520,313,0,0,1.0,0.3758,0.6242,2026-09-12 17:29
20260907_1400,2026-09-07 14:00:00,h6_1.0mm,persistence,833,1.0,0.6242,0.3752,0.5413,208,106,312,207,0.4,0.3376,0.3323,2026-09-12 17:29
20260907_1500,2026-09-07 15:00:00,h1_0.1mm,climatology,833,1.0,0.533,0.2493,0.6047,444,389,0,0,1.0,0.467,0.533,2026-09-12 17:29
20260907_1500,2026-09-07 15:00:00,h1_0.1mm,persistence,833,1.0,0.533,0.1831,0.8352,392,94,52,295,0.8829,0.1934,0.7286,2026-09-12 17:29
20260907_1500,2026-09-07 15:00:00,h1_1.0mm,climatology,833,1.0,0.2149,0.189,0.5513,170,577,9,77,0.9497,0.7724,0.2249,2026-09-12 17:29
20260907_1500,2026-09-07 15:00:00,h1_1.0mm,persistence,833,1.0,0.2149,0.1639,0.904,134,65,45,589,0.7486,0.3266,0.5492,2026-09-12 17:29
20260907_1500,2026-09-07 15:00:00,h3_0.1mm,climatology,833,1.0,0.7419,0.1831,0.6142,618,215,0,0,1.0,0.2581,0.7419,2026-09-12 17:29
20260907_1500,2026-09-07 15:00:00,h3_0.1mm,persistence,833,1.0,0.7419,0.2169,0.6802,501,100,117,115,0.8107,0.1664,0.6978,2026-09-12 17:29
20260907_1500,2026-09-07 15:00:00,h3_1.0mm,climatology,833,1.0,0.4442,0.2503,0.5547,368,456,2,7,0.9946,0.5534,0.4455,2026-09-12 17:29
20260907_1500,2026-09-07 15:00:00,h3_1.0mm,persistence,833,1.0,0.4442,0.2811,0.6902,190,89,180,374,0.5135,0.319,0.4139,2026-09-12 17:29
20260907_1500,2026-09-07 15:00:00,h6_0.1mm,climatology,833,1.0,0.8896,0.0988,0.5896,741,92,0,0,1.0,0.1104,0.8896,2026-09-12 17:29
20260907_1500,2026-09-07 15:00:00,h6_0.1mm,persistence,833,1.0,0.8896,0.1567,0.5063,621,76,120,16,0.8381,0.109,0.7601,2026-09-12 17:29
20260907_1500,2026-09-07 15:00:00,h6_1.0mm,climatology,833,1.0,0.6062,0.2409,0.54,505,327,0,1,1.0,0.393,0.607,2026-09-12 17:29
20260907_1500,2026-09-07 15:00:00,h6_1.0mm,persistence,833,1.0,0.6062,0.352,0.5613,236,121,269,207,0.4673,0.3389,0.377,2026-09-12 17:29
20260907_1600,2026-09-07 16:00:00,h1_0.1mm,climatology,833,1.0,0.5846,0.2312,0.6259,487,344,0,2,1.0,0.414,0.586,2026-09-12 17:29
20260907_1600,2026-09-07 16:00:00,h1_0.1mm,persistence,833,1.0,0.5846,0.185,0.8207,379,65,108,281,0.7782,0.1464,0.6866,2026-09-12 17:29
20260907_1600,2026-09-07 16:00:00,h1_1.0mm,climatology,833,1.0,0.2893,0.2086,0.5486,227,503,14,89,0.9419,0.689,0.3051,2026-09-12 17:29
20260907_1600,2026-09-07 16:00:00,h1_1.0mm,persistence,833,1.0,0.2893,0.1834,0.8192,130,49,111,543,0.5394,0.2737,0.4483,2026-09-12 17:29
20260907_1600,2026-09-07 16:00:00,h3_0.1mm,climatology,833,1.0,0.7755,0.1675,0.6145,646,187,0,0,1.0,0.2245,0.7755,2026-09-12 17:29
20260907_1600,2026-09-07 16:00:00,h3_0.1mm,persistence,833,1.0,0.7755,0.2191,0.6992,517,75,129,112,0.8003,0.1267,0.7171,2026-09-12 17:29
20260907_1600,2026-09-07 16:00:00,h3_1.0mm,climatology,833,1.0,0.4802,0.2487,0.5509,396,419,4,14,0.99,0.5141,0.4835,2026-09-12 17:29
20260907_1600,2026-09-07 16:00:00,h3_1.0mm,persistence,833,1.0,0.4802,0.3123,0.6583,191,100,209,333,0.4775,0.3436,0.382,2026-09-12 17:29
20260907_1600,2026-09-07 16:00:00,h6_0.1mm,climatology,833,1.0,0.8944,0.0984,0.6265,745,88,0,0,1.0,0.1056,0.8944,2026-09-12 17:29
20260907_1600,2026-09-07 16:00:00,h6_0.1mm,persistence,833,1.0,0.8944,0.1533,0.5059,633,73,112,15,0.8497,0.1034,0.7738,2026-09-12 17:29
20260907_1600,2026-09-07 16:00:00,h6_1.0mm,climatology,833,1.0,0.6074,0.2501,0.4861,500,324,6,3,0.9881,0.3932,0.6024,2026-09-12 17:29
20260907_1600,2026-09-07 16:00:00,h6_1.0mm,persistence,833,1.0,0.6074,0.3441,0.5776,246,119,260,208,0.4862,0.326,0.3936,2026-09-12 17:29
20260907_1700,2026-09-07 17:00:00,h1_0.1mm,climatology,833,1.0,0.5678,0.2423,0.5777,473,359,0,1,1.0,0.4315,0.5685,2026-09-12 17:29
20260907_1700,2026-09-07 17:00:00,h1_0.1mm,persistence,833,1.0,0.5678,0.2181,0.7713,377,110,96,250,0.797,0.2259,0.6467,2026-09-12 17:29
20260907_1700,2026-09-07 17:00:00,h1_1.0mm,climatology,833,1.0,0.2677,0.2053,0.5118,189,488,34,122,0.8475,0.7208,0.2658,2026-09-12 17:29
20260907_1700,2026-09-07 17:00:00,h1_1.0mm,persistence,833,1.0,0.2677,0.2287,0.7942,133,108,90,502,0.5964,0.4481,0.4018,2026-09-12 17:29
20260907_1700,2026-09-07 17:00:00,h3_0.1mm,climatology,833,1.0,0.8019,0.1715,0.5461,668,165,0,0,1.0,0.1981,0.8019,2026-09-12 17:29
20260907_1700,2026-09-07 17:00:00,h3_0.1mm,persistence,833,1.0,0.8019,0.223,0.662,527,77,141,88,0.7889,0.1275,0.7074,2026-09-12 17:29
20260907_1700,2026-09-07 17:00:00,h3_1.0mm,climatology,833,1.0,0.4694,0.2573,0.5061,367,410,24,32,0.9386,0.5277,0.4582,2026-09-12 17:29
20260907_1700,2026-09-07 17:00:00,h3_1.0mm,persistence,833,1.0,0.4694,0.3294,0.6507,207,129,184,313,0.5294,0.3839,0.3981,2026-09-12 17:29
20260907_1700,2026-09-07 17:00:00,h6_0.1mm,climatology,833,1.0,0.8932,0.1087,0.5422,744,89,0,0,1.0,0.1068,0.8932,2026-09-12 17:29
20260907_1700,2026-09-07 17:00:00,h6_0.1mm,persistence,833,1.0,0.8932,0.1529,0.5152,636,73,108,16,0.8548,0.103,0.7785,2026-09-12 17:29
20260907_1700,2026-09-07 17:00:00,h6_1.0mm,climatology,833,1.0,0.5882,0.2578,0.4655,480,334,10,9,0.9796,0.4103,0.5825,2026-09-12 17:29
20260907_1700,2026-09-07 17:00:00,h6_1.0mm,persistence,833,1.0,0.5882,0.3355,0.5858,260,145,230,198,0.5306,0.358,0.4094,2026-09-12 17:29
20260908_0900,2026-09-08 09:00:00,h1_0.1mm,climatology,833,1.0,0.3157,0.2148,0.5884,167,280,96,290,0.635,0.6264,0.3076,2026-09-12 17:29
20260908_0900,2026-09-08 09:00:00,h1_0.1mm,persistence,833,1.0,0.3157,0.1991,0.7611,119,47,144,523,0.4525,0.2831,0.3839,2026-09-12 17:29
20260908_0900,2026-09-08 09:00:00,h1_1.0mm,climatology,833,1.0,0.0828,0.0765,0.6904,19,44,50,720,0.2754,0.6984,0.1681,2026-09-12 17:29
20260908_0900,2026-09-08 09:00:00,h1_1.0mm,persistence,833,1.0,0.0828,0.0731,0.8111,17,12,52,752,0.2464,0.4138,0.2099,2026-09-12 17:29
20260908_0900,2026-09-08 09:00:00,h3_0.1mm,climatology,833,1.0,0.7227,0.199,0.6353,601,231,1,0,0.9983,0.2776,0.7215,2026-09-12 17:29
20260908_0900,2026-09-08 09:00:00,h3_0.1mm,persistence,833,1.0,0.7227,0.449,0.5815,210,57,392,174,0.3488,0.2135,0.3187,2026-09-12 17:29
20260908_0900,2026-09-08 09:00:00,h3_1.0mm,climatology,833,1.0,0.3301,0.2057,0.6623,205,271,70,287,0.7455,0.5693,0.3755,2026-09-12 17:29
20260908_0900,2026-09-08 09:00:00,h3_1.0mm,persistence,833,1.0,0.3301,0.2779,0.6029,34,17,241,541,0.1236,0.3333,0.1164,2026-09-12 17:29
20260908_0900,2026-09-08 09:00:00,h6_0.1mm,climatology,833,1.0,0.8992,0.0915,0.7124,749,84,0,0,1.0,0.1008,0.8992,2026-09-12 17:29
20260908_0900,2026-09-08 09:00:00,h6_0.1mm,persistence,833,1.0,0.8992,0.3884,0.5505,372,32,377,52,0.4967,0.0792,0.4763,2026-09-12 17:29
20260908_0900,2026-09-08 09:00:00,h6_1.0mm,climatology,833,1.0,0.6291,0.2265,0.6511,501,290,23,19,0.9561,0.3666,0.6155,2026-09-12 17:29
20260908_0900,2026-09-08 09:00:00,h6_1.0mm,persistence,833,1.0,0.6291,0.4504,0.5855,86,27,438,282,0.1641,0.2389,0.1561,2026-09-12 17:29
20260908_1000,2026-09-08 10:00:00,h1_0.1mm,climatology,833,1.0,0.4466,0.2372,0.6116,341,374,31,87,0.9167,0.5231,0.4571,2026-09-12 17:29
20260908_1000,2026-09-08 10:00:00,h1_0.1mm,persistence,833,1.0,0.4466,0.1752,0.8366,219,44,153,417,0.5887,0.1673,0.5264,2026-09-12 17:29
20260908_1000,2026-09-08 10:00:00,h1_1.0mm,climatology,833,1.0,0.1633,0.1303,0.6783,51,140,85,557,0.375,0.733,0.1848,2026-09-12 17:29
20260908_1000,2026-09-08 10:00:00,h1_1.0mm,persistence,833,1.0,0.1633,0.1005,0.866,46,23,90,674,0.3382,0.3333,0.2893,2026-09-12 17:29
20260908_1000,2026-09-08 10:00:00,h3_0.1mm,climatology,833,1.0,0.8415,0.145,0.7161,701,132,0,0,1.0,0.1585,0.8415,2026-09-12 17:29
20260908_1000,2026-09-08 10:00:00,h3_0.1mm,persistence,833,1.0,0.8415,0.4022,0.6021,314,33,387,99,0.4479,0.0951,0.4278,2026-09-12 17:29
20260908_1000,2026-09-08 10:00:00,h3_1.0mm,climatology,833,1.0,0.4634,0.242,0.643,322,285,64,162,0.8342,0.4695,0.4799,2026-09-12 17:29
20260908_1000,2026-09-08 10:00:00,h3_1.0mm,persistence,833,1.0,0.4634,0.3165,0.6503,74,18,312,429,0.1917,0.1957,0.1832,2026-09-12 17:29
20260908_1000,2026-09-08 10:00:00,h6_0.1mm,climatology,833,1.0,0.9208,0.0749,0.7263,767,66,0,0,1.0,0.0792,0.9208,2026-09-12 17:29
20260908_1000,2026-09-08 10:00:00,h6_0.1mm,persistence,833,1.0,0.9208,0.3226,0.6055,433,23,334,43,0.5645,0.0504,0.5481,2026-09-12 17:29
20260908_1000,2026-09-08 10:00:00,h6_1.0mm,climatology,833,1.0,0.6795,0.2159,0.6366,566,265,0,2,1.0,0.3189,0.6811,2026-09-12 17:29
20260908_1000,2026-09-08 10:00:00,h6_1.0mm,persistence,833,1.0,0.6795,0.4314,0.6155,110,32,456,235,0.1943,0.2254,0.1839,2026-09-12 17:29
20260908_1100,2026-09-08 11:00:00,h1_0.1mm,climatology,833,1.0,0.6735,0.228,0.661,548,231,13,41,0.9768,0.2965,0.6919,2026-09-12 17:29
20260908_1100,2026-09-08 11:00:00,h1_0.1mm,persistence,833,1.0,0.6735,0.1586,0.8661,350,22,211,250,0.6239,0.0591,0.6003,2026-09-12 17:29
20260908_1100,2026-09-08 11:00:00,h1_1.0mm,climatology,833,1.0,0.2689,0.1848,0.6713,144,242,80,367,0.6429,0.6269,0.309,2026-09-12 17:29
20260908_1100,2026-09-08 11:00:00,h1_1.0mm,persistence,833,1.0,0.2689,0.1244,0.8681,104,32,120,577,0.4643,0.2353,0.4062,2026-09-12 17:29
20260908_1100,2026-09-08 11:00:00,h3_0.1mm,climatology,833,1.0,0.8631,0.1291,0.7312,719,114,0,0,1.0,0.1369,0.8631,2026-09-12 17:29
20260908_1100,2026-09-08 11:00:00,h3_0.1mm,persistence,833,1.0,0.8631,0.2641,0.7164,422,24,297,90,0.5869,0.0538,0.568,2026-09-12 17:29
20260908_1100,2026-09-08 11:00:00,h3_1.0mm,climatology,833,1.0,0.503,0.2444,0.638,373,313,46,101,0.8902,0.4563,0.5096,2026-09-12 17:29
20260908_1100,2026-09-08 11:00:00,h3_1.0mm,persistence,833,1.0,0.503,0.2561,0.7439,142,27,277,387,0.3389,0.1598,0.3184,2026-09-12 17:29
20260908_1100,2026-09-08 11:00:00,h6_0.1mm,climatology,833,1.0,0.9364,0.0623,0.7546,780,53,0,0,1.0,0.0636,0.9364,2026-09-12 17:29
20260908_1100,2026-09-08 11:00:00,h6_0.1mm,persistence,833,1.0,0.9364,0.2165,0.7071,506,15,274,38,0.6487,0.0288,0.6365,2026-09-12 17:29
20260908_1100,2026-09-08 11:00:00,h6_1.0mm,climatology,833,1.0,0.7383,0.2046,0.5954,614,218,1,0,0.9984,0.262,0.7371,2026-09-12 17:29
20260908_1100,2026-09-08 11:00:00,h6_1.0mm,persistence,833,1.0,0.7383,0.3742,0.6697,181,24,434,194,0.2943,0.1171,0.2833,2026-09-12 17:29
20260908_1200,2026-09-08 12:00:00,h1_0.1mm,climatology,833,1.0,0.8199,0.1994,0.7284,667,133,16,17,0.9766,0.1663,0.8174,2026-09-12 17:29
20260908_1200,2026-09-08 12:00:00,h1_0.1mm,persistence,833,1.0,0.8199,0.12,0.8868,550,11,133,139,0.8053,0.0196,0.7925,2026-09-12 17:29
20260908_1200,2026-09-08 12:00:00,h1_1.0mm,climatology,833,1.0,0.3854,0.2376,0.622,221,290,100,222,0.6885,0.5675,0.3617,2026-09-12 17:29
20260908_1200,2026-09-08 12:00:00,h1_1.0mm,persistence,833,1.0,0.3854,0.1499,0.8712,177,47,144,465,0.5514,0.2098,0.481,2026-09-12 17:29
20260908_1200,2026-09-08 12:00:00,h3_0.1mm,climatology,833,1.0,0.8824,0.115,0.7305,735,98,0,0,1.0,0.1176,0.8824,2026-09-12 17:29
20260908_1200,2026-09-08 12:00:00,h3_0.1mm,persistence,833,1.0,0.8824,0.134,0.8382,588,14,147,84,0.8,0.0233,0.785,2026-09-12 17:29
20260908_1200,2026-09-08 12:00:00,h3_1.0mm,climatology,833,1.0,0.5762,0.2466,0.6227,454,320,26,33,0.9458,0.4134,0.5675,2026-09-12 17:29
20260908_1200,2026-09-08 12:00:00,h3_1.0mm,persistence,833,1.0,0.5762,0.2061,0.8016,231,44,249,309,0.4813,0.16,0.4408,2026-09-12 17:29
20260908_1200,2026-09-08 12:00:00,h6_0.1mm,climatology,833,1.0,0.9388,0.0596,0.7576,782,51,0,0,1.0,0.0612,0.9388,2026-09-12 17:29
20260908_1200,2026-09-08 12:00:00,h6_0.1mm,persistence,833,1.0,0.9388,0.1152,0.7888,646,13,136,38,0.8261,0.0197,0.8126,2026-09-12 17:29
20260908_1200,2026-09-08 12:00:00,h6_1.0mm,climatology,833,1.0,0.7599,0.1943,0.5923,633,200,0,0,1.0,0.2401,0.7599,2026-09-12 17:29
20260908_1200,2026-09-08 12:00:00,h6_1.0mm,persistence,833,1.0,0.7599,0.2691,0.7294,267,25,366,175,0.4218,0.0856,0.4058,2026-09-12 17:29
20260908_1300,2026-09-08 13:00:00,h1_0.1mm,climatology,833,1.0,0.8019,0.1928,0.7008,667,164,1,1,0.9985,0.1974,0.8017,2026-09-12 17:29
20260908_1300,2026-09-08 13:00:00,h1_0.1mm,persistence,833,1.0,0.8019,0.1012,0.8626,642,41,26,124,0.9611,0.06,0.9055,2026-09-12 17:29
20260908_1300,2026-09-08 13:00:00,h1_1.0mm,climatology,833,1.0,0.3902,0.2292,0.6537,276,328,49,180,0.8492,0.543,0.4227,2026-09-12 17:29
20260908_1300,2026-09-08 13:00:00,h1_1.0mm,persistence,833,1.0,0.3902,0.1589,0.9082,262,59,63,449,0.8062,0.1838,0.6823,2026-09-12 17:29
20260908_1300,2026-09-08 13:00:00,h3_0.1mm,climatology,833,1.0,0.8872,0.1097,0.7017,739,94,0,0,1.0,0.1128,0.8872,2026-09-12 17:29
20260908_1300,2026-09-08 13:00:00,h3_0.1mm,persistence,833,1.0,0.8872,0.0766,0.8149,673,28,66,66,0.9107,0.0399,0.8774,2026-09-12 17:29
20260908_1300,2026-09-08 13:00:00,h3_1.0mm,climatology,833,1.0,0.623,0.2419,0.6051,516,310,3,4,0.9942,0.3753,0.6224,2026-09-12 17:29
20260908_1300,2026-09-08 13:00:00,h3_1.0mm,persistence,833,1.0,0.623,0.1692,0.8268,339,47,180,267,0.6532,0.1218,0.5989,2026-09-12 17:29
20260908_1300,2026-09-08 13:00:00,h6_0.1mm,climatology,833,1.0,0.94,0.0604,0.7036,783,50,0,0,1.0,0.06,0.94,2026-09-12 17:29
20260908_1300,2026-09-08 13:00:00,h6_0.1mm,persistence,833,1.0,0.94,0.0631,0.7255,711,23,72,27,0.908,0.0313,0.8821,2026-09-12 17:29
20260908_1300,2026-09-08 13:00:00,h6_1.0mm,climatology,833,1.0,0.7875,0.1849,0.5997,656,177,0,0,1.0,0.2125,0.7875,2026-09-12 17:29
20260908_1300,2026-09-08 13:00:00,h6_1.0mm,persistence,833,1.0,0.7875,0.1978,0.7673,374,30,282,147,0.5701,0.0743,0.5452,2026-09-12 17:29
20260908_1400,2026-09-08 14:00:00,h1_0.1mm,climatology,833,1.0,0.7599,0.1907,0.6784,633,200,0,0,1.0,0.2401,0.7599,2026-09-12 17:29
20260908_1400,2026-09-08 14:00:00,h1_0.1mm,persistence,833,1.0,0.7599,0.1453,0.7841,593,75,40,125,0.9368,0.1123,0.8376,2026-09-12 17:29
20260908_1400,2026-09-08 14:00:00,h1_1.0mm,climatology,833,1.0,0.4022,0.2346,0.6226,291,394,44,104,0.8687,0.5752,0.3992,2026-09-12 17:29
20260908_1400,2026-09-08 14:00:00,h1_1.0mm,persistence,833,1.0,0.4022,0.2333,0.7916,220,105,115,393,0.6567,0.3231,0.5,2026-09-12 17:29
20260908_1400,2026-09-08 14:00:00,h3_0.1mm,climatology,833,1.0,0.8727,0.1144,0.7061,727,106,0,0,1.0,0.1273,0.8727,2026-09-12 17:29
20260908_1400,2026-09-08 14:00:00,h3_0.1mm,persistence,833,1.0,0.8727,0.1018,0.7124,666,53,61,53,0.9161,0.0737,0.8538,2026-09-12 17:29
20260908_1400,2026-09-08 14:00:00,h3_1.0mm,climatology,833,1.0,0.6363,0.2433,0.5652,526,298,4,5,0.9925,0.3617,0.6353,2026-09-12 17:29
20260908_1400,2026-09-08 14:00:00,h3_1.0mm,persistence,833,1.0,0.6363,0.2225,0.7355,334,85,196,218,0.6302,0.2029,0.5431,2026-09-12 17:29
20260908_1400,2026-09-08 14:00:00,h6_0.1mm,climatology,833,1.0,0.9268,0.0708,0.7016,772,61,0,0,1.0,0.0732,0.9268,2026-09-12 17:29
20260908_1400,2026-09-08 14:00:00,h6_0.1mm,persistence,833,1.0,0.9268,0.079,0.6364,704,39,68,22,0.9119,0.0525,0.8681,2026-09-12 17:29
20260908_1400,2026-09-08 14:00:00,h6_1.0mm,climatology,833,1.0,0.7659,0.1901,0.6242,638,195,0,0,1.0,0.2341,0.7659,2026-09-12 17:29
20260908_1400,2026-09-08 14:00:00,h6_1.0mm,persistence,833,1.0,0.7659,0.2468,0.6448,374,72,264,123,0.5862,0.1614,0.5268,2026-09-12 17:29
20260908_1500,2026-09-08 15:00:00,h1_0.1mm,climatology,833,1.0,0.7467,0.1985,0.6129,622,211,0,0,1.0,0.2533,0.7467,2026-09-12 17:29
20260908_1500,2026-09-08 15:00:00,h1_0.1mm,persistence,833,1.0,0.7467,0.1357,0.7931,561,72,61,139,0.9019,0.1137,0.8084,2026-09-12 17:29
20260908_1500,2026-09-08 15:00:00,h1_1.0mm,climatology,833,1.0,0.419,0.2478,0.559,330,417,19,67,0.9456,0.5582,0.4308,2026-09-12 17:29
20260908_1500,2026-09-08 15:00:00,h1_1.0mm,persistence,833,1.0,0.419,0.2153,0.8109,245,90,104,394,0.702,0.2687,0.5581,2026-09-12 17:29
20260908_1500,2026-09-08 15:00:00,h3_0.1mm,climatology,833,1.0,0.8427,0.1313,0.6882,702,131,0,0,1.0,0.1573,0.8427,2026-09-12 17:29
20260908_1500,2026-09-08 15:00:00,h3_0.1mm,persistence,833,1.0,0.8427,0.1275,0.6642,655,80,47,51,0.933,0.1088,0.8376,2026-09-12 17:29
20260908_1500,2026-09-08 15:00:00,h3_1.0mm,climatology,833,1.0,0.6194,0.2466,0.569,510,314,6,3,0.9884,0.3811,0.6145,2026-09-12 17:29
20260908_1500,2026-09-08 15:00:00,h3_1.0mm,persistence,833,1.0,0.6194,0.2438,0.7026,363,117,153,200,0.7035,0.2437,0.5735,2026-09-12 17:29
20260908_1500,2026-09-08 15:00:00,h6_0.1mm,climatology,833,1.0,0.9244,0.0746,0.7127,770,63,0,0,1.0,0.0756,0.9244,2026-09-12 17:29
20260908_1500,2026-09-08 15:00:00,h6_0.1mm,persistence,833,1.0,0.9244,0.0758,0.6274,707,42,63,21,0.9182,0.0561,0.8707,2026-09-12 17:29
20260908_1500,2026-09-08 15:00:00,h6_1.0mm,climatology,833,1.0,0.7563,0.1987,0.6328,629,203,1,0,0.9984,0.244,0.7551,2026-09-12 17:29
20260908_1500,2026-09-08 15:00:00,h6_1.0mm,persistence,833,1.0,0.7563,0.2442,0.6248,429,95,201,108,0.681,0.1813,0.5917,2026-09-12 17:29
20260908_1600,2026-09-08 16:00:00,h1_0.1mm,climatology,833,1.0,0.7515,0.1937,0.6605,624,207,2,0,0.9968,0.2491,0.7491,2026-09-12 17:29
20260908_1600,2026-09-08 16:00:00,h1_0.1mm,persistence,833,1.0,0.7515,0.1186,0.823,561,61,65,146,0.8962,0.0981,0.8166,2026-09-12 17:29
20260908_1600,2026-09-08 16:00:00,h1_1.0mm,climatology,833,1.0,0.4286,0.2505,0.5563,318,412,39,64,0.8908,0.5644,0.4135,2026-09-12 17:29
20260908_1600,2026-09-08 16:00:00,h1_1.0mm,persistence,833,1.0,0.4286,0.25,0.7662,230,119,127,357,0.6443,0.341,0.4832,2026-09-12 17:29
20260908_1600,2026-09-08 16:00:00,h3_0.1mm,climatology,833,1.0,0.8331,0.1365,0.7087,694,139,0,0,1.0,0.1669,0.8331,2026-09-12 17:29
20260908_1600,2026-09-08 16:00:00,h3_0.1mm,persistence,833,1.0,0.8331,0.1446,0.6492,650,89,44,50,0.9366,0.1204,0.8301,2026-09-12 17:29
20260908_1600,2026-09-08 16:00:00,h3_1.0mm,climatology,833,1.0,0.5762,0.2445,0.6162,470,345,10,8,0.9792,0.4233,0.5697,2026-09-12 17:29
20260908_1600,2026-09-08 16:00:00,h3_1.0mm,persistence,833,1.0,0.5762,0.3124,0.632,343,176,137,177,0.7146,0.3391,0.5229,2026-09-12 17:29
20260908_1600,2026-09-08 16:00:00,h6_0.1mm,climatology,833,1.0,0.9172,0.0841,0.6697,764,69,0,0,1.0,0.0828,0.9172,2026-09-12 17:29
20260908_1600,2026-09-08 16:00:00,h6_0.1mm,persistence,833,1.0,0.9172,0.0837,0.5925,715,52,49,17,0.9359,0.0678,0.8762,2026-09-12 17:29
20260908_1600,2026-09-08 16:00:00,h6_1.0mm,climatology,833,1.0,0.6903,0.2184,0.6242,568,256,7,2,0.9878,0.3107,0.6835,2026-09-12 17:29
20260908_1600,2026-09-08 16:00:00,h6_1.0mm,persistence,833,1.0,0.6903,0.2899,0.5754,413,153,162,105,0.7183,0.2703,0.5673,2026-09-12 17:29
20260908_1700,2026-09-08 17:00:00,h1_0.1mm,climatology,833,1.0,0.6747,0.2192,0.6148,562,270,0,1,1.0,0.3245,0.6755,2026-09-12 17:29
20260908_1700,2026-09-08 17:00:00,h1_0.1mm,persistence,833,1.0,0.6747,0.1402,0.8167,535,91,27,180,0.952,0.1454,0.8193,2026-09-12 17:29
20260908_1700,2026-09-08 17:00:00,h1_1.0mm,climatology,833,1.0,0.3073,0.218,0.5321,216,461,40,116,0.8438,0.6809,0.3013,2026-09-12 17:29
20260908_1700,2026-09-08 17:00:00,h1_1.0mm,persistence,833,1.0,0.3073,0.2505,0.8313,213,144,43,433,0.832,0.4034,0.5325,2026-09-12 17:29
20260908_1700,2026-09-08 17:00:00,h3_0.1mm,climatology,833,1.0,0.8499,0.1414,0.6777,708,125,0,0,1.0,0.1501,0.8499,2026-09-12 17:29
20260908_1700,2026-09-08 17:00:00,h3_0.1mm,persistence,833,1.0,0.8499,0.1181,0.7132,663,64,45,61,0.9364,0.088,0.8588,2026-09-12 17:29
20260908_1700,2026-09-08 17:00:00,h3_1.0mm,climatology,833,1.0,0.557,0.2488,0.6222,436,341,28,28,0.9397,0.4389,0.5416,2026-09-12 17:29
20260908_1700,2026-09-08 17:00:00,h3_1.0mm,persistence,833,1.0,0.557,0.2986,0.6678,356,174,108,195,0.7672,0.3283,0.558,2026-09-12 17:29
20260908_1700,2026-09-08 17:00:00,h6_0.1mm,climatology,833,1.0,0.9316,0.0834,0.6075,776,57,0,0,1.0,0.0684,0.9316,2026-09-12 17:29
20260908_1700,2026-09-08 17:00:00,h6_0.1mm,persistence,833,1.0,0.9316,0.0779,0.5412,731,49,45,8,0.942,0.0628,0.8861,2026-09-12 17:29
20260908_1700,2026-09-08 17:00:00,h6_1.0mm,climatology,833,1.0,0.6843,0.2309,0.5849,557,257,13,6,0.9772,0.3157,0.6735,2026-09-12 17:29
20260908_1700,2026-09-08 17:00:00,h6_1.0mm,persistence,833,1.0,0.6843,0.2733,0.592,450,165,120,98,0.7895,0.2683,0.6122,2026-09-12 17:29
20260908_1800,2026-09-08 18:00:00,h1_0.1mm,climatology,833,1.0,0.7179,0.2156,0.6567,590,231,8,4,0.9866,0.2814,0.7117,2026-09-12 17:29
20260908_1800,2026-09-08 18:00:00,h1_0.1mm,persistence,833,1.0,0.7179,0.1564,0.8153,504,58,94,177,0.8428,0.1032,0.7683,2026-09-12 17:29
20260908_1800,2026-09-08 18:00:00,h1_1.0mm,climatology,833,1.0,0.4118,0.242,0.6384,282,304,61,186,0.8222,0.5188,0.4359,2026-09-12 17:29
20260908_1800,2026-09-08 18:00:00,h1_1.0mm,persistence,833,1.0,0.4118,0.1855,0.8349,198,58,145,432,0.5773,0.2266,0.4938,2026-09-12 17:29
20260908_1800,2026-09-08 18:00:00,h3_0.1mm,climatology,833,1.0,0.8415,0.1597,0.6431,701,132,0,0,1.0,0.1585,0.8415,2026-09-12 17:29
20260908_1800,2026-09-08 18:00:00,h3_0.1mm,persistence,833,1.0,0.8415,0.1373,0.6967,633,69,68,63,0.903,0.0983,0.8221,2026-09-12 17:29
20260908_1800,2026-09-08 18:00:00,h3_1.0mm,climatology,833,1.0,0.5378,0.2587,0.6065,399,320,49,65,0.8906,0.4451,0.5195,2026-09-12 17:29
20260908_1800,2026-09-08 18:00:00,h3_1.0mm,persistence,833,1.0,0.5378,0.3262,0.6486,334,182,114,203,0.7455,0.3527,0.5302,2026-09-12 17:29
20260908_1800,2026-09-08 18:00:00,h6_0.1mm,climatology,833,1.0,0.94,0.0888,0.5593,783,50,0,0,1.0,0.06,0.94,2026-09-12 17:29
20260908_1800,2026-09-08 18:00:00,h6_0.1mm,persistence,833,1.0,0.94,0.0739,0.5315,738,44,45,6,0.9425,0.0563,0.8924,2026-09-12 17:29
20260908_1800,2026-09-08 18:00:00,h6_1.0mm,climatology,833,1.0,0.6771,0.2409,0.5772,538,263,26,6,0.9539,0.3283,0.6505,2026-09-12 17:29
20260908_1800,2026-09-08 18:00:00,h6_1.0mm,persistence,833,1.0,0.6771,0.2865,0.5925,461,172,103,97,0.8174,0.2717,0.6264,2026-09-12 17:29
20260908_1900,2026-09-08 19:00:00,h1_0.1mm,climatology,833,1.0,0.7143,0.2398,0.6211,550,214,45,24,0.9244,0.2801,0.6799,2026-09-12 17:29
20260908_1900,2026-09-08 19:00:00,h1_0.1mm,persistence,833,1.0,0.7143,0.1503,0.7978,522,76,73,162,0.8773,0.1271,0.7779,2026-09-12 17:29
20260908_1900,2026-09-08 19:00:00,h1_1.0mm,climatology,833,1.0,0.3733,0.241,0.5805,203,271,108,251,0.6527,0.5717,0.3488,2026-09-12 17:29
20260908_1900,2026-09-08 19:00:00,h1_1.0mm,persistence,833,1.0,0.3733,0.2137,0.8278,239,104,72,418,0.7685,0.3032,0.5759,2026-09-12 17:29
20260908_1900,2026-09-08 19:00:00,h3_0.1mm,climatology,833,1.0,0.8391,0.1834,0.5387,697,134,2,0,0.9971,0.1613,0.8367,2026-09-12 17:29
20260908_1900,2026-09-08 19:00:00,h3_0.1mm,persistence,833,1.0,0.8391,0.1346,0.7148,629,65,70,69,0.8999,0.0937,0.8233,2026-09-12 17:29
20260908_1900,2026-09-08 19:00:00,h3_1.0mm,climatology,833,1.0,0.4622,0.2519,0.5791,315,350,70,98,0.8182,0.5263,0.4286,2026-09-12 17:29
20260908_1900,2026-09-08 19:00:00,h3_1.0mm,persistence,833,1.0,0.4622,0.3352,0.6776,290,190,95,258,0.7532,0.3958,0.5043,2026-09-12 17:29
20260908_1900,2026-09-08 19:00:00,h6_0.1mm,climatology,833,1.0,0.922,0.1061,0.5601,768,65,0,0,1.0,0.078,0.922,2026-09-12 17:29
20260908_1900,2026-09-08 19:00:00,h6_0.1mm,persistence,833,1.0,0.922,0.0869,0.5513,728,55,40,10,0.9479,0.0702,0.8846,2026-09-12 17:29
20260908_1900,2026-09-08 19:00:00,h6_1.0mm,climatology,833,1.0,0.6194,0.2506,0.5561,480,302,36,15,0.9302,0.3862,0.5868,2026-09-12 17:29
20260908_1900,2026-09-08 19:00:00,h6_1.0mm,persistence,833,1.0,0.6194,0.3274,0.5905,441,215,75,102,0.8547,0.3277,0.6033,2026-09-12 17:29
20260908_2000,2026-09-08 20:00:00,h1_0.1mm,climatology,833,1.0,0.4982,0.2756,0.4529,333,374,82,44,0.8024,0.529,0.4221,2026-09-12 17:29
20260908_2000,2026-09-08 20:00:00,h1_0.1mm,persistence,833,1.0,0.4982,0.3214,0.6787,365,230,50,188,0.8795,0.3866,0.5659,2026-09-12 17:29
20260908_2000,2026-09-08 20:00:00,h1_1.0mm,climatology,833,1.0,0.2185,0.1741,0.5426,89,287,93,364,0.489,0.7633,0.1898,2026-09-12 17:29
20260908_2000,2026-09-08 20:00:00,h1_1.0mm,persistence,833,1.0,0.2185,0.296,0.7972,137,174,45,477,0.7527,0.5595,0.3848,2026-09-12 17:29
20260908_2000,2026-09-08 20:00:00,h3_0.1mm,climatology,833,1.0,0.8079,0.1932,0.5444,668,160,5,0,0.9926,0.1932,0.8019,2026-09-12 17:29
20260908_2000,2026-09-08 20:00:00,h3_0.1mm,persistence,833,1.0,0.8079,0.1772,0.6333,605,103,68,57,0.899,0.1455,0.7796,2026-09-12 17:29
20260908_2000,2026-09-08 20:00:00,h3_1.0mm,climatology,833,1.0,0.4238,0.2458,0.563,278,355,75,125,0.7875,0.5608,0.3927,2026-09-12 17:29
20260908_2000,2026-09-08 20:00:00,h3_1.0mm,persistence,833,1.0,0.4238,0.3801,0.6357,247,217,106,263,0.6997,0.4677,0.4333,2026-09-12 17:29
20260908_2000,2026-09-08 20:00:00,h6_0.1mm,climatology,833,1.0,0.8739,0.1297,0.583,728,105,0,0,1.0,0.1261,0.8739,2026-09-12 17:29
20260908_2000,2026-09-08 20:00:00,h6_0.1mm,persistence,833,1.0,0.8739,0.1313,0.5584,685,87,43,18,0.9409,0.1127,0.8405,2026-09-12 17:29
20260908_2000,2026-09-08 20:00:00,h6_1.0mm,climatology,833,1.0,0.5018,0.2492,0.5559,378,384,40,31,0.9043,0.5039,0.4713,2026-09-12 17:29
20260908_2000,2026-09-08 20:00:00,h6_1.0mm,persistence,833,1.0,0.5018,0.4173,0.5731,349,289,69,126,0.8349,0.453,0.4936,2026-09-12 17:29
20260909_0900,2026-09-09 09:00:00,h1_0.1mm,climatology,833,1.0,0.4826,0.259,0.5936,253,194,149,237,0.6294,0.434,0.4245,2026-09-12 17:29
20260909_0900,2026-09-09 09:00:00,h1_0.1mm,persistence,833,1.0,0.4826,0.2319,0.7718,248,69,154,362,0.6169,0.2177,0.5265,2026-09-12 17:29
20260909_0900,2026-09-09 09:00:00,h1_1.0mm,climatology,833,1.0,0.1873,0.1464,0.6829,14,49,142,628,0.0897,0.7778,0.0683,2026-09-12 17:29
20260909_0900,2026-09-09 09:00:00,h1_1.0mm,persistence,833,1.0,0.1873,0.1224,0.8664,88,36,68,641,0.5641,0.2903,0.4583,2026-09-12 17:29
20260909_0900,2026-09-09 09:00:00,h3_0.1mm,climatology,833,1.0,0.8319,0.1789,0.5948,693,139,0,1,1.0,0.1671,0.8329,2026-09-12 17:29
20260909_0900,2026-09-09 09:00:00,h3_0.1mm,persistence,833,1.0,0.8319,0.35,0.6339,365,38,328,102,0.5267,0.0943,0.4993,2026-09-12 17:29
20260909_0900,2026-09-09 09:00:00,h3_1.0mm,climatology,833,1.0,0.5006,0.2641,0.6487,287,189,130,227,0.6882,0.3971,0.4736,2026-09-12 17:29
20260909_0900,2026-09-09 09:00:00,h3_1.0mm,persistence,833,1.0,0.5006,0.3652,0.5822,130,59,287,357,0.3118,0.3122,0.2731,2026-09-12 17:29
20260909_0900,2026-09-09 09:00:00,h6_0.1mm,climatology,833,1.0,0.9232,0.0838,0.5611,769,64,0,0,1.0,0.0768,0.9232,2026-09-12 17:29
20260909_0900,2026-09-09 09:00:00,h6_0.1mm,persistence,833,1.0,0.9232,0.2574,0.6265,499,25,270,39,0.6489,0.0477,0.6285,2026-09-12 17:29
20260909_0900,2026-09-09 09:00:00,h6_1.0mm,climatology,833,1.0,0.6759,0.2106,0.7182,558,233,5,37,0.9911,0.2946,0.701,2026-09-12 17:29
20260909_0900,2026-09-09 09:00:00,h6_1.0mm,persistence,833,1.0,0.6759,0.4134,0.5628,183,56,380,214,0.325,0.2343,0.2956,2026-09-12 17:29
20260909_1000,2026-09-09 10:00:00,h1_0.1mm,climatology,833,1.0,0.6315,0.2615,0.5643,477,238,49,69,0.9068,0.3329,0.6243,2026-09-12 17:29
20260909_1000,2026-09-09 10:00:00,h1_0.1mm,persistence,833,1.0,0.6315,0.2515,0.7455,334,68,192,239,0.635,0.1692,0.5623,2026-09-12 17:29
20260909_1000,2026-09-09 10:00:00,h1_1.0mm,climatology,833,1.0,0.2593,0.1904,0.6145,65,126,151,491,0.3009,0.6597,0.1901,2026-09-12 17:29
20260909_1000,2026-09-09 10:00:00,h1_1.0mm,persistence,833,1.0,0.2593,0.1824,0.7926,95,61,121,556,0.4398,0.391,0.343,2026-09-12 17:29
20260909_1000,2026-09-09 10:00:00,h3_0.1mm,climatology,833,1.0,0.8355,0.1486,0.6908,696,137,0,0,1.0,0.1645,0.8355,2026-09-12 17:29
20260909_1000,2026-09-09 10:00:00,h3_0.1mm,persistence,833,1.0,0.8355,0.2926,0.6017,447,61,249,76,0.6422,0.1201,0.5905,2026-09-12 17:29
20260909_1000,2026-09-09 10:00:00,h3_1.0mm,climatology,833,1.0,0.5078,0.2381,0.7149,375,232,48,178,0.8865,0.3822,0.5725,2026-09-12 17:29
20260909_1000,2026-09-09 10:00:00,h3_1.0mm,persistence,833,1.0,0.5078,0.3827,0.5713,129,97,294,313,0.305,0.4292,0.2481,2026-09-12 17:29
20260909_1000,2026-09-09 10:00:00,h6_0.1mm,climatology,833,1.0,0.9484,0.061,0.559,790,43,0,0,1.0,0.0516,0.9484,2026-09-12 17:29
20260909_1000,2026-09-09 10:00:00,h6_0.1mm,persistence,833,1.0,0.9484,0.1889,0.6362,569,19,221,24,0.7203,0.0323,0.7033,2026-09-12 17:29
20260909_1000,2026-09-09 10:00:00,h6_1.0mm,climatology,833,1.0,0.6927,0.1928,0.7617,576,255,1,1,0.9983,0.3069,0.6923,2026-09-12 17:29
20260909_1000,2026-09-09 10:00:00,h6_1.0mm,persistence,833,1.0,0.6927,0.4144,0.5305,190,83,387,173,0.3293,0.304,0.2879,2026-09-12 17:29
20260909_1100,2026-09-09 11:00:00,h1_0.1mm,climatology,833,1.0,0.7167,0.2225,0.6941,580,199,17,37,0.9715,0.2555,0.7286,2026-09-12 17:29
20260909_1100,2026-09-09 11:00:00,h1_0.1mm,persistence,833,1.0,0.7167,0.1633,0.8157,475,51,122,185,0.7956,0.097,0.733,2026-09-12 17:29
20260909_1100,2026-09-09 11:00:00,h1_1.0mm,climatology,833,1.0,0.3601,0.2226,0.6979,187,199,113,334,0.6233,0.5155,0.3747,2026-09-12 17:29
20260909_1100,2026-09-09 11:00:00,h1_1.0mm,persistence,833,1.0,0.3601,0.1796,0.841,153,63,147,470,0.51,0.2917,0.4215,2026-09-12 17:29
20260909_1100,2026-09-09 11:00:00,h3_0.1mm,climatology,833,1.0,0.8331,0.1361,0.7419,694,139,0,0,1.0,0.1669,0.8331,2026-09-12 17:29
20260909_1100,2026-09-09 11:00:00,h3_0.1mm,persistence,833,1.0,0.8331,0.1886,0.6747,562,65,132,74,0.8098,0.1037,0.7404,2026-09-12 17:29
20260909_1100,2026-09-09 11:00:00,h3_1.0mm,climatology,833,1.0,0.4814,0.2148,0.7575,390,296,11,136,0.9726,0.4315,0.5595,2026-09-12 17:29
20260909_1100,2026-09-09 11:00:00,h3_1.0mm,persistence,833,1.0,0.4814,0.3313,0.6277,178,128,223,304,0.4439,0.4183,0.3365,2026-09-12 17:29
20260909_1100,2026-09-09 11:00:00,h6_0.1mm,climatology,833,1.0,0.9448,0.0594,0.5759,787,46,0,0,1.0,0.0552,0.9448,2026-09-12 17:29
20260909_1100,2026-09-09 11:00:00,h6_0.1mm,persistence,833,1.0,0.9448,0.1444,0.6358,636,24,151,22,0.8081,0.0364,0.7842,2026-09-12 17:29
20260909_1100,2026-09-09 11:00:00,h6_1.0mm,climatology,833,1.0,0.7071,0.1857,0.7575,589,243,0,1,1.0,0.2921,0.7079,2026-09-12 17:29
20260909_1100,2026-09-09 11:00:00,h6_1.0mm,persistence,833,1.0,0.7071,0.363,0.5376,245,103,344,141,0.416,0.296,0.354,2026-09-12 17:29
20260909_1200,2026-09-09 12:00:00,h1_0.1mm,climatology,833,1.0,0.7263,0.1939,0.774,600,200,5,28,0.9917,0.25,0.7453,2026-09-12 17:29
20260909_1200,2026-09-09 12:00:00,h1_0.1mm,persistence,833,1.0,0.7263,0.1216,0.8637,548,49,57,179,0.9058,0.0821,0.8379,2026-09-12 17:29
20260909_1200,2026-09-09 12:00:00,h1_1.0mm,climatology,833,1.0,0.3782,0.2168,0.7251,267,244,48,274,0.8476,0.4775,0.4776,2026-09-12 17:29
20260909_1200,2026-09-09 12:00:00,h1_1.0mm,persistence,833,1.0,0.3782,0.153,0.9054,251,49,64,469,0.7968,0.1633,0.6896,2026-09-12 17:29
20260909_1200,2026-09-09 12:00:00,h3_0.1mm,climatology,833,1.0,0.8631,0.1201,0.7318,719,114,0,0,1.0,0.1369,0.8631,2026-09-12 17:29
20260909_1200,2026-09-09 12:00:00,h3_0.1mm,persistence,833,1.0,0.8631,0.0976,0.7411,643,50,76,64,0.8943,0.0722,0.8362,2026-09-12 17:29
20260909_1200,2026-09-09 12:00:00,h3_1.0mm,climatology,833,1.0,0.5378,0.2128,0.7727,439,335,9,50,0.9799,0.4328,0.5607,2026-09-12 17:29
20260909_1200,2026-09-09 12:00:00,h3_1.0mm,persistence,833,1.0,0.5378,0.2662,0.7234,302,115,146,270,0.6741,0.2758,0.5364,2026-09-12 17:29
20260909_1200,2026-09-09 12:00:00,h6_0.1mm,climatology,833,1.0,0.9472,0.0538,0.6455,789,44,0,0,1.0,0.0528,0.9472,2026-09-12 17:29
20260909_1200,2026-09-09 12:00:00,h6_0.1mm,persistence,833,1.0,0.9472,0.0783,0.6039,701,30,88,14,0.8885,0.041,0.8559,2026-09-12 17:29
20260909_1200,2026-09-09 12:00:00,h6_1.0mm,climatology,833,1.0,0.7035,0.1882,0.7295,586,247,0,0,1.0,0.2965,0.7035,2026-09-12 17:29
20260909_1200,2026-09-09 12:00:00,h6_1.0mm,persistence,833,1.0,0.7035,0.2993,0.5786,357,119,229,128,0.6092,0.25,0.5064,2026-09-12 17:29
20260909_1300,2026-09-09 13:00:00,h1_0.1mm,climatology,833,1.0,0.7395,0.1855,0.778,615,216,1,1,0.9984,0.2599,0.7392,2026-09-12 17:29
20260909_1300,2026-09-09 13:00:00,h1_0.1mm,persistence,833,1.0,0.7395,0.109,0.8973,570,35,46,182,0.9253,0.0579,0.8756,2026-09-12 17:29
20260909_1300,2026-09-09 13:00:00,h1_1.0mm,climatology,833,1.0,0.3601,0.2097,0.7128,280,324,20,209,0.9333,0.5364,0.4487,2026-09-12 17:29
20260909_1300,2026-09-09 13:00:00,h1_1.0mm,persistence,833,1.0,0.3601,0.1527,0.9196,258,57,42,476,0.86,0.181,0.7227,2026-09-12 17:29
20260909_1300,2026-09-09 13:00:00,h3_0.1mm,climatology,833,1.0,0.8872,0.1056,0.7163,739,94,0,0,1.0,0.1128,0.8872,2026-09-12 17:29
20260909_1300,2026-09-09 13:00:00,h3_0.1mm,persistence,833,1.0,0.8872,0.1042,0.6743,645,51,94,43,0.8728,0.0733,0.8165,2026-09-12 17:29
20260909_1300,2026-09-09 13:00:00,h3_1.0mm,climatology,833,1.0,0.5798,0.2164,0.7453,482,344,1,6,0.9979,0.4165,0.5828,2026-09-12 17:29
20260909_1300,2026-09-09 13:00:00,h3_1.0mm,persistence,833,1.0,0.5798,0.2385,0.74,329,94,154,256,0.6812,0.2222,0.5702,2026-09-12 17:29
20260909_1300,2026-09-09 13:00:00,h6_0.1mm,climatology,833,1.0,0.9556,0.0458,0.7369,796,37,0,0,1.0,0.0444,0.9556,2026-09-12 17:29
20260909_1300,2026-09-09 13:00:00,h6_0.1mm,persistence,833,1.0,0.9556,0.0654,0.5388,726,31,70,6,0.9121,0.041,0.8779,2026-09-12 17:29
20260909_1300,2026-09-09 13:00:00,h6_1.0mm,climatology,833,1.0,0.7467,0.1828,0.6869,622,211,0,0,1.0,0.2533,0.7467,2026-09-12 17:29
20260909_1300,2026-09-09 13:00:00,h6_1.0mm,persistence,833,1.0,0.7467,0.2762,0.559,405,115,217,96,0.6511,0.2212,0.5495,2026-09-12 17:29
20260909_1400,2026-09-09 14:00:00,h1_0.1mm,climatology,833,1.0,0.7647,0.184,0.7161,637,196,0,0,1.0,0.2353,0.7647,2026-09-12 17:29
20260909_1400,2026-09-09 14:00:00,h1_0.1mm,persistence,833,1.0,0.7647,0.1258,0.824,562,54,75,142,0.8823,0.0877,0.8133,2026-09-12 17:29
20260909_1400,2026-09-09 14:00:00,h1_1.0mm,climatology,833,1.0,0.4166,0.2268,0.691,327,358,20,128,0.9424,0.5226,0.4638,2026-09-12 17:29
20260909_1400,2026-09-09 14:00:00,h1_1.0mm,persistence,833,1.0,0.4166,0.1675,0.8606,233,67,114,419,0.6715,0.2233,0.5628,2026-09-12 17:29
20260909_1400,2026-09-09 14:00:00,h3_0.1mm,climatology,833,1.0,0.8824,0.1087,0.6612,735,98,0,0,1.0,0.1176,0.8824,2026-09-12 17:29
20260909_1400,2026-09-09 14:00:00,h3_0.1mm,persistence,833,1.0,0.8824,0.0987,0.6835,642,52,93,46,0.8735,0.0749,0.8158,2026-09-12 17:29
20260909_1400,2026-09-09 14:00:00,h3_1.0mm,climatology,833,1.0,0.6122,0.224,0.6884,508,316,2,7,0.9961,0.3835,0.615,2026-09-12 17:29
20260909_1400,2026-09-09 14:00:00,h3_1.0mm,persistence,833,1.0,0.6122,0.2384,0.73,322,79,188,244,0.6314,0.197,0.5467,2026-09-12 17:29
20260909_1400,2026-09-09 14:00:00,h6_0.1mm,climatology,833,1.0,0.946,0.0582,0.593,788,45,0,0,1.0,0.054,0.946,2026-09-12 17:29
20260909_1400,2026-09-09 14:00:00,h6_0.1mm,persistence,833,1.0,0.946,0.069,0.5117,719,40,69,5,0.9124,0.0527,0.8684,2026-09-12 17:29
20260909_1400,2026-09-09 14:00:00,h6_1.0mm,climatology,833,1.0,0.7479,0.1877,0.6618,623,210,0,0,1.0,0.2521,0.7479,2026-09-12 17:29
20260909_1400,2026-09-09 14:00:00,h6_1.0mm,persistence,833,1.0,0.7479,0.2794,0.5423,407,122,216,88,0.6533,0.2306,0.5463,2026-09-12 17:29
20260909_1500,2026-09-09 15:00:00,h1_0.1mm,climatology,833,1.0,0.7503,0.1914,0.6375,625,208,0,0,1.0,0.2497,0.7503,2026-09-12 17:29
20260909_1500,2026-09-09 15:00:00,h1_0.1mm,persistence,833,1.0,0.7503,0.1621,0.7638,558,79,67,129,0.8928,0.124,0.7926,2026-09-12 17:29
20260909_1500,2026-09-09 15:00:00,h1_1.0mm,climatology,833,1.0,0.4394,0.2431,0.6307,349,398,17,69,0.9536,0.5328,0.4568,2026-09-12 17:29
20260909_1500,2026-09-09 15:00:00,h1_1.0mm,persistence,833,1.0,0.4394,0.1962,0.837,279,68,87,399,0.7623,0.196,0.6429,2026-09-12 17:29
20260909_1500,2026-09-09 15:00:00,h3_0.1mm,climatology,833,1.0,0.8415,0.1373,0.5599,701,132,0,0,1.0,0.1585,0.8415,2026-09-12 17:29
20260909_1500,2026-09-09 15:00:00,h3_0.1mm,persistence,833,1.0,0.8415,0.1427,0.6227,631,88,70,44,0.9001,0.1224,0.7997,2026-09-12 17:29
20260909_1500,2026-09-09 15:00:00,h3_1.0mm,climatology,833,1.0,0.5702,0.2401,0.6113,472,352,3,6,0.9937,0.4272,0.5707,2026-09-12 17:29
20260909_1500,2026-09-09 15:00:00,h3_1.0mm,persistence,833,1.0,0.5702,0.2623,0.7126,337,111,138,247,0.7095,0.2478,0.5751,2026-09-12 17:29
20260909_1500,2026-09-09 15:00:00,h6_0.1mm,climatology,833,1.0,0.922,0.0805,0.5264,768,65,0,0,1.0,0.078,0.922,2026-09-12 17:29
20260909_1500,2026-09-09 15:00:00,h6_0.1mm,persistence,833,1.0,0.922,0.0904,0.5,709,60,59,5,0.9232,0.078,0.8563,2026-09-12 17:29
20260909_1500,2026-09-09 15:00:00,h6_1.0mm,climatology,833,1.0,0.7071,0.2137,0.5946,588,244,1,0,0.9983,0.2933,0.7059,2026-09-12 17:29
20260909_1500,2026-09-09 15:00:00,h6_1.0mm,persistence,833,1.0,0.7071,0.2949,0.5525,416,147,173,97,0.7063,0.2611,0.5652,2026-09-12 17:29
20260909_1800,2026-09-09 18:00:00,h1_0.1mm,climatology,833,1.0,0.6687,0.2356,0.5575,555,266,2,10,0.9964,0.324,0.6744,2026-09-12 17:29
20260909_1800,2026-09-09 18:00:00,h1_0.1mm,persistence,833,1.0,0.6687,0.2075,0.768,444,81,113,195,0.7971,0.1543,0.6959,2026-09-12 17:29
20260909_1800,2026-09-09 18:00:00,h1_1.0mm,climatology,833,1.0,0.3577,0.2343,0.5537,227,359,71,176,0.7617,0.6126,0.3455,2026-09-12 17:29
20260909_1800,2026-09-09 18:00:00,h1_1.0mm,persistence,833,1.0,0.3577,0.1986,0.8211,192,78,106,457,0.6443,0.2889,0.5106,2026-09-12 17:29
20260909_1800,2026-09-09 18:00:00,h3_0.1mm,climatology,833,1.0,0.7863,0.1885,0.5485,655,178,0,0,1.0,0.2137,0.7863,2026-09-12 17:29
20260909_1800,2026-09-09 18:00:00,h3_0.1mm,persistence,833,1.0,0.7863,0.1944,0.634,588,113,67,65,0.8977,0.1612,0.7656,2026-09-12 17:29
20260909_1800,2026-09-09 18:00:00,h3_1.0mm,climatology,833,1.0,0.461,0.2538,0.5577,344,375,40,74,0.8958,0.5216,0.4532,2026-09-12 17:29
20260909_1800,2026-09-09 18:00:00,h3_1.0mm,persistence,833,1.0,0.461,0.3516,0.6473,270,205,114,244,0.7031,0.4316,0.4584,2026-09-12 17:29
20260909_1800,2026-09-09 18:00:00,h6_0.1mm,climatology,833,1.0,0.9364,0.081,0.7491,780,53,0,0,1.0,0.0636,0.9364,2026-09-12 17:29
20260909_1800,2026-09-09 18:00:00,h6_0.1mm,persistence,833,1.0,0.9364,0.0893,0.4815,737,52,43,1,0.9449,0.0659,0.8858,2026-09-12 17:29
20260909_1800,2026-09-09 18:00:00,h6_1.0mm,climatology,833,1.0,0.6543,0.2356,0.6038,535,266,10,22,0.9817,0.3321,0.6597,2026-09-12 17:29
20260909_1800,2026-09-09 18:00:00,h6_1.0mm,persistence,833,1.0,0.6543,0.3157,0.5585,403,183,142,105,0.7394,0.3123,0.5536,2026-09-12 17:29
20260909_1900,2026-09-09 19:00:00,h1_0.1mm,climatology,833,1.0,0.6375,0.2538,0.5531,506,258,25,44,0.9529,0.3377,0.6413,2026-09-12 17:29
20260909_1900,2026-09-09 19:00:00,h1_0.1mm,persistence,833,1.0,0.6375,0.1639,0.8198,474,83,57,219,0.8927,0.149,0.772,2026-09-12 17:29
20260909_1900,2026-09-09 19:00:00,h1_1.0mm,climatology,833,1.0,0.3241,0.2234,0.5545,174,300,96,263,0.6444,0.6329,0.3053,2026-09-12 17:29
20260909_1900,2026-09-09 19:00:00,h1_1.0mm,persistence,833,1.0,0.3241,0.1919,0.8605,204,94,66,469,0.7556,0.3154,0.5604,2026-09-12 17:29
20260909_1900,2026-09-09 19:00:00,h3_0.1mm,climatology,833,1.0,0.8343,0.1804,0.5842,695,136,0,2,1.0,0.1637,0.8363,2026-09-12 17:29
20260909_1900,2026-09-09 19:00:00,h3_0.1mm,persistence,833,1.0,0.8343,0.1821,0.6224,595,86,100,52,0.8561,0.1263,0.7618,2026-09-12 17:29
20260909_1900,2026-09-09 19:00:00,h3_1.0mm,climatology,833,1.0,0.4646,0.2561,0.577,335,330,52,116,0.8656,0.4962,0.4672,2026-09-12 17:29
20260909_1900,2026-09-09 19:00:00,h3_1.0mm,persistence,833,1.0,0.4646,0.2944,0.7039,260,150,127,296,0.6718,0.3659,0.4842,2026-09-12 17:29
20260909_1900,2026-09-09 19:00:00,h6_0.1mm,climatology,833,1.0,0.9244,0.0942,0.7229,770,63,0,0,1.0,0.0756,0.9244,2026-09-12 17:29
20260909_1900,2026-09-09 19:00:00,h6_0.1mm,persistence,833,1.0,0.9244,0.096,0.4925,735,61,35,2,0.9545,0.0766,0.8845,2026-09-12 17:29
20260909_1900,2026-09-09 19:00:00,h6_1.0mm,climatology,833,1.0,0.611,0.2414,0.6031,493,289,16,35,0.9686,0.3696,0.6178,2026-09-12 17:29
20260909_1900,2026-09-09 19:00:00,h6_1.0mm,persistence,833,1.0,0.611,0.336,0.5636,402,220,107,104,0.7898,0.3537,0.5514,2026-09-12 17:29
20260909_2000,2026-09-09 20:00:00,h1_0.1mm,climatology,833,1.0,0.5534,0.2813,0.4699,403,304,58,68,0.8742,0.43,0.5268,2026-09-12 17:29
20260909_2000,2026-09-09 20:00:00,h1_0.1mm,persistence,833,1.0,0.5534,0.2067,0.7826,398,133,63,239,0.8633,0.2505,0.67,2026-09-12 17:29
20260909_2000,2026-09-09 20:00:00,h1_1.0mm,climatology,833,1.0,0.2713,0.2007,0.5474,116,260,110,347,0.5133,0.6915,0.2387,2026-09-12 17:29
20260909_2000,2026-09-09 20:00:00,h1_1.0mm,persistence,833,1.0,0.2713,0.1531,0.9192,196,74,30,533,0.8673,0.2741,0.6533,2026-09-12 17:29
20260909_2000,2026-09-09 20:00:00,h3_0.1mm,climatology,833,1.0,0.8331,0.1785,0.6143,692,136,2,3,0.9971,0.1643,0.8337,2026-09-12 17:29
20260909_2000,2026-09-09 20:00:00,h3_0.1mm,persistence,833,1.0,0.8331,0.1888,0.5824,584,96,110,43,0.8415,0.1412,0.7392,2026-09-12 17:29
20260909_2000,2026-09-09 20:00:00,h3_1.0mm,climatology,833,1.0,0.4874,0.2587,0.5875,339,294,67,133,0.835,0.4645,0.4843,2026-09-12 17:29
20260909_2000,2026-09-09 20:00:00,h3_1.0mm,persistence,833,1.0,0.4874,0.2988,0.7007,286,145,120,282,0.7044,0.3364,0.5191,2026-09-12 17:29
20260909_2000,2026-09-09 20:00:00,h6_0.1mm,climatology,833,1.0,0.9112,0.1064,0.6546,759,74,0,0,1.0,0.0888,0.9112,2026-09-12 17:29
20260909_2000,2026-09-09 20:00:00,h6_0.1mm,persistence,833,1.0,0.9112,0.1099,0.4986,718,70,41,4,0.946,0.0888,0.8661,2026-09-12 17:29
20260909_2000,2026-09-09 20:00:00,h6_1.0mm,climatology,833,1.0,0.6014,0.2444,0.6008,480,282,21,50,0.9581,0.3701,0.613,2026-09-12 17:29
20260909_2000,2026-09-09 20:00:00,h6_1.0mm,persistence,833,1.0,0.6014,0.3429,0.5736,402,221,99,111,0.8024,0.3547,0.5568,2026-09-12 17:29
20260909_2100,2026-09-09 21:00:00,h1_0.1mm,climatology,833,1.0,0.6567,0.261,0.5774,469,226,78,60,0.8574,0.3252,0.6067,2026-09-12 17:29
20260909_2100,2026-09-09 21:00:00,h1_0.1mm,persistence,833,1.0,0.6567,0.309,0.6782,370,91,177,195,0.6764,0.1974,0.5799,2026-09-12 17:29
20260909_2100,2026-09-09 21:00:00,h1_1.0mm,climatology,833,1.0,0.3433,0.2338,0.5782,144,220,142,327,0.5035,0.6044,0.2846,2026-09-12 17:29
20260909_2100,2026-09-09 21:00:00,h1_1.0mm,persistence,833,1.0,0.3433,0.2025,0.7875,173,53,113,494,0.6049,0.2345,0.5103,2026-09-12 17:29
20260909_2100,2026-09-09 21:00:00,h3_0.1mm,climatology,833,1.0,0.8115,0.1707,0.6866,676,156,0,1,1.0,0.1875,0.8125,2026-09-12 17:29
20260909_2100,2026-09-09 21:00:00,h3_0.1mm,persistence,833,1.0,0.8115,0.2155,0.582,551,104,125,53,0.8151,0.1588,0.7064,2026-09-12 17:29
20260909_2100,2026-09-09 21:00:00,h3_1.0mm,climatology,833,1.0,0.4934,0.2538,0.6076,365,300,46,122,0.8881,0.4511,0.5134,2026-09-12 17:29
20260909_2100,2026-09-09 21:00:00,h3_1.0mm,persistence,833,1.0,0.4934,0.3236,0.6598,250,134,161,288,0.6083,0.349,0.4587,2026-09-12 17:29
20260909_2100,2026-09-09 21:00:00,h6_0.1mm,climatology,833,1.0,0.9124,0.1084,0.605,760,73,0,0,1.0,0.0876,0.9124,2026-09-12 17:29
20260909_2100,2026-09-09 21:00:00,h6_0.1mm,persistence,833,1.0,0.9124,0.12,0.48,698,70,62,3,0.9184,0.0911,0.841,2026-09-12 17:29
20260909_2100,2026-09-09 21:00:00,h6_1.0mm,climatology,833,1.0,0.605,0.244,0.6075,484,272,20,57,0.9603,0.3598,0.6237,2026-09-12 17:29
20260909_2100,2026-09-09 21:00:00,h6_1.0mm,persistence,833,1.0,0.605,0.3633,0.5454,374,215,130,114,0.7421,0.365,0.5202,2026-09-12 17:29
20260909_2200,2026-09-09 22:00:00,h1_0.1mm,climatology,833,1.0,0.6062,0.241,0.6134,470,291,35,37,0.9307,0.3824,0.5905,2026-09-12 17:29
20260909_2200,2026-09-09 22:00:00,h1_0.1mm,persistence,833,1.0,0.6062,0.2088,0.7669,429,118,76,210,0.8495,0.2157,0.6886,2026-09-12 17:29
20260909_2200,2026-09-09 22:00:00,h1_1.0mm,climatology,833,1.0,0.3229,0.2203,0.5836,136,231,133,333,0.5056,0.6294,0.272,2026-09-12 17:29
20260909_2200,2026-09-09 22:00:00,h1_1.0mm,persistence,833,1.0,0.3229,0.1938,0.8426,193,93,76,471,0.7175,0.3252,0.5331,2026-09-12 17:29
20260909_2200,2026-09-09 22:00:00,h3_0.1mm,climatology,833,1.0,0.7671,0.1837,0.6611,639,194,0,0,1.0,0.2329,0.7671,2026-09-12 17:29
20260909_2200,2026-09-09 22:00:00,h3_0.1mm,persistence,833,1.0,0.7671,0.1967,0.6135,564,131,75,63,0.8826,0.1885,0.7325,2026-09-12 17:29
20260909_2200,2026-09-09 22:00:00,h3_1.0mm,climatology,833,1.0,0.4466,0.246,0.5919,317,319,55,142,0.8522,0.5016,0.4588,2026-09-12 17:29
20260909_2200,2026-09-09 22:00:00,h3_1.0mm,persistence,833,1.0,0.4466,0.3002,0.7037,250,137,122,324,0.672,0.354,0.4912,2026-09-12 17:29
20260909_2200,2026-09-09 22:00:00,h6_0.1mm,climatology,833,1.0,0.928,0.1016,0.5517,773,60,0,0,1.0,0.072,0.928,2026-09-12 17:29
20260909_2200,2026-09-09 22:00:00,h6_0.1mm,persistence,833,1.0,0.928,0.0932,0.503,725,56,48,4,0.9379,0.0717,0.8745,2026-09-12 17:29
20260909_2200,2026-09-09 22:00:00,h6_1.0mm,climatology,833,1.0,0.6303,0.2496,0.5933,506,261,19,47,0.9638,0.3403,0.6438,2026-09-12 17:29
20260909_2200,2026-09-09 22:00:00,h6_1.0mm,persistence,833,1.0,0.6303,0.3632,0.5317,354,183,171,125,0.6743,0.3408,0.5,2026-09-12 17:29
20260909_2300,2026-09-09 23:00:00,h1_0.1mm,climatology,833,1.0,0.5798,0.2439,0.6181,454,286,29,64,0.94,0.3865,0.5904,2026-09-12 17:29
20260909_2300,2026-09-09 23:00:00,h1_0.1mm,persistence,833,1.0,0.5798,0.1854,0.808,405,100,78,250,0.8385,0.198,0.6947,2026-09-12 17:29
20260909_2300,2026-09-09 23:00:00,h1_1.0mm,climatology,833,1.0,0.3025,0.2131,0.5471,108,234,144,347,0.4286,0.6842,0.2222,2026-09-12 17:29
20260909_2300,2026-09-09 23:00:00,h1_1.0mm,persistence,833,1.0,0.3025,0.1606,0.8773,194,75,58,506,0.7698,0.2788,0.5933,2026-09-12 17:29
20260909_2300,2026-09-09 23:00:00,h3_0.1mm,climatology,833,1.0,0.7575,0.1928,0.6357,631,202,0,0,1.0,0.2425,0.7575,2026-09-12 17:29
20260909_2300,2026-09-09 23:00:00,h3_0.1mm,persistence,833,1.0,0.7575,0.202,0.6382,566,128,65,74,0.897,0.1844,0.7457,2026-09-12 17:29
20260909_2300,2026-09-09 23:00:00,h3_1.0mm,climatology,833,1.0,0.413,0.2429,0.5632,267,318,77,171,0.7762,0.5436,0.4033,2026-09-12 17:29
20260909_2300,2026-09-09 23:00:00,h3_1.0mm,persistence,833,1.0,0.413,0.299,0.7249,249,157,95,332,0.7238,0.3867,0.497,2026-09-12 17:29
20260909_2300,2026-09-09 23:00:00,h6_0.1mm,climatology,833,1.0,0.94,0.0981,0.5399,783,50,0,0,1.0,0.06,0.94,2026-09-12 17:29
20260909_2300,2026-09-09 23:00:00,h6_0.1mm,persistence,833,1.0,0.94,0.0809,0.505,743,47,40,3,0.9489,0.0595,0.8952,2026-09-12 17:29
20260909_2300,2026-09-09 23:00:00,h6_1.0mm,climatology,833,1.0,0.6471,0.2607,0.5518,513,245,26,49,0.9518,0.3232,0.6543,2026-09-12 17:29
20260909_2300,2026-09-09 23:00:00,h6_1.0mm,persistence,833,1.0,0.6471,0.3398,0.5531,380,171,159,123,0.705,0.3103,0.5352,2026-09-12 17:29
20260910_0000,2026-09-10 00:00:00,h1_0.1mm,climatology,833,1.0,0.5618,0.2619,0.5394,428,299,40,66,0.9145,0.4113,0.558,2026-09-12 17:29
20260910_0000,2026-09-10 00:00:00,h1_0.1mm,persistence,833,1.0,0.5618,0.2133,0.7803,372,111,96,254,0.7949,0.2298,0.6425,2026-09-12 17:29
20260910_0000,2026-09-10 00:00:00,h1_1.0mm,climatology,833,1.0,0.2449,0.1885,0.5194,73,226,131,403,0.3578,0.7559,0.1698,2026-09-12 17:29
20260910_0000,2026-09-10 00:00:00,h1_1.0mm,persistence,833,1.0,0.2449,0.1831,0.8684,145,107,59,522,0.7108,0.4246,0.4662,2026-09-12 17:29
20260910_0000,2026-09-10 00:00:00,h3_0.1mm,climatology,833,1.0,0.7635,0.203,0.5529,635,197,1,0,0.9984,0.2368,0.7623,2026-09-12 17:29
20260910_0000,2026-09-10 00:00:00,h3_0.1mm,persistence,833,1.0,0.7635,0.2294,0.6186,552,124,84,73,0.8679,0.1834,0.7263,2026-09-12 17:29
20260910_0000,2026-09-10 00:00:00,h3_1.0mm,climatology,833,1.0,0.3758,0.229,0.5843,222,317,91,203,0.7093,0.5881,0.3524,2026-09-12 17:29
20260910_0000,2026-09-10 00:00:00,h3_1.0mm,persistence,833,1.0,0.3758,0.3284,0.6993,220,191,93,329,0.7029,0.4647,0.4365,2026-09-12 17:29
20260910_0000,2026-09-10 00:00:00,h6_0.1mm,climatology,833,1.0,0.9268,0.1038,0.5993,772,61,0,0,1.0,0.0732,0.9268,2026-09-12 17:29
20260910_0000,2026-09-10 00:00:00,h6_0.1mm,persistence,833,1.0,0.9268,0.1088,0.4831,721,59,51,2,0.9339,0.0756,0.8676,2026-09-12 17:29
20260910_0000,2026-09-10 00:00:00,h6_1.0mm,climatology,833,1.0,0.5774,0.2548,0.5674,449,288,32,64,0.9335,0.3908,0.5839,2026-09-12 17:29
20260910_0000,2026-09-10 00:00:00,h6_1.0mm,persistence,833,1.0,0.5774,0.3759,0.5527,338,207,143,145,0.7027,0.3798,0.4913,2026-09-12 17:29
20260910_0100,2026-09-10 01:00:00,h1_0.1mm,climatology,833,1.0,0.6423,0.2518,0.5834,500,236,35,62,0.9346,0.3207,0.6485,2026-09-12 17:29
20260910_0100,2026-09-10 01:00:00,h1_0.1mm,persistence,833,1.0,0.6423,0.0965,0.925,447,21,88,277,0.8355,0.0449,0.804,2026-09-12 17:29
20260910_0100,2026-09-10 01:00:00,h1_1.0mm,climatology,833,1.0,0.2617,0.189,0.5997,89,195,129,420,0.4083,0.6866,0.2155,2026-09-12 17:29
20260910_0100,2026-09-10 01:00:00,h1_1.0mm,persistence,833,1.0,0.2617,0.0834,0.9551,180,24,38,591,0.8257,0.1176,0.7438,2026-09-12 17:29
20260910_0100,2026-09-10 01:00:00,h3_0.1mm,climatology,833,1.0,0.8691,0.1694,0.581,722,109,2,0,0.9972,0.1312,0.8667,2026-09-12 17:29
20260910_0100,2026-09-10 01:00:00,h3_0.1mm,persistence,833,1.0,0.8691,0.1669,0.6839,590,49,134,60,0.8149,0.0767,0.7633,2026-09-12 17:29
20260910_0100,2026-09-10 01:00:00,h3_1.0mm,climatology,833,1.0,0.479,0.2589,0.6052,293,258,106,176,0.7343,0.4682,0.446,2026-09-12 17:29
20260910_0100,2026-09-10 01:00:00,h3_1.0mm,persistence,833,1.0,0.479,0.3035,0.6755,246,126,153,308,0.6165,0.3387,0.4686,2026-09-12 17:29
20260910_0100,2026-09-10 01:00:00,h6_0.1mm,climatology,833,1.0,0.9304,0.1036,0.6433,775,58,0,0,1.0,0.0696,0.9304,2026-09-12 17:29
20260910_0100,2026-09-10 01:00:00,h6_0.1mm,persistence,833,1.0,0.9304,0.1105,0.4957,716,54,59,4,0.9239,0.0701,0.8637,2026-09-12 17:29
20260910_0100,2026-09-10 01:00:00,h6_1.0mm,climatology,833,1.0,0.6014,0.2593,0.5831,450,258,51,74,0.8982,0.3644,0.5929,2026-09-12 17:29
20260910_0100,2026-09-10 01:00:00,h6_1.0mm,persistence,833,1.0,0.6014,0.3366,0.5833,339,170,162,162,0.6766,0.334,0.5052,2026-09-12 17:29
20260910_0900,2026-09-10 09:00:00,h1_0.1mm,climatology,833,1.0,0.6831,0.3342,0.4066,274,173,295,91,0.4815,0.387,0.3693,2026-09-12 17:29
20260910_0900,2026-09-10 09:00:00,h1_0.1mm,persistence,833,1.0,0.6831,0.1949,0.7932,436,59,133,205,0.7663,0.1192,0.6943,2026-09-12 17:29
20260910_0900,2026-09-10 09:00:00,h1_1.0mm,climatology,833,1.0,0.2749,0.2124,0.5238,38,25,191,579,0.1659,0.3968,0.1496,2026-09-12 17:29
20260910_0900,2026-09-10 09:00:00,h1_1.0mm,persistence,833,1.0,0.2749,0.1319,0.9038,174,44,55,560,0.7598,0.2018,0.6374,2026-09-12 17:29
20260910_0900,2026-09-10 09:00:00,h3_0.1mm,climatology,833,1.0,0.8788,0.1751,0.5337,732,100,0,1,1.0,0.1202,0.8798,2026-09-12 17:29
20260910_0900,2026-09-10 09:00:00,h3_0.1mm,persistence,833,1.0,0.8788,0.1511,0.7469,613,36,119,65,0.8374,0.0555,0.7982,2026-09-12 17:29
20260910_0900,2026-09-10 09:00:00,h3_1.0mm,climatology,833,1.0,0.5906,0.3037,0.5981,302,174,190,167,0.6138,0.3655,0.4535,2026-09-12 17:29
20260910_0900,2026-09-10 09:00:00,h3_1.0mm,persistence,833,1.0,0.5906,0.2676,0.7006,291,91,201,250,0.5915,0.2382,0.4991,2026-09-12 17:29
20260910_0900,2026-09-10 09:00:00,h6_0.1mm,climatology,833,1.0,0.9616,0.0561,0.7066,801,32,0,0,1.0,0.0384,0.9616,2026-09-12 17:29
20260910_0900,2026-09-10 09:00:00,h6_0.1mm,persistence,833,1.0,0.9616,0.0664,0.7599,734,13,67,19,0.9164,0.0174,0.9017,2026-09-12 17:29
20260910_0900,2026-09-10 09:00:00,h6_1.0mm,climatology,833,1.0,0.7695,0.2232,0.626,624,167,17,25,0.9735,0.2111,0.7723,2026-09-12 17:29
20260910_0900,2026-09-10 09:00:00,h6_1.0mm,persistence,833,1.0,0.7695,0.2291,0.6629,430,75,211,117,0.6708,0.1485,0.6006,2026-09-12 17:29
20260910_1000,2026-09-10 10:00:00,h1_0.1mm,climatology,833,1.0,0.7503,0.2738,0.5643,549,166,76,42,0.8784,0.2322,0.6941,2026-09-12 17:29
20260910_1000,2026-09-10 10:00:00,h1_0.1mm,persistence,833,1.0,0.7503,0.1577,0.777,503,66,122,142,0.8048,0.116,0.7279,2026-09-12 17:29
20260910_1000,2026-09-10 10:00:00,h1_1.0mm,climatology,833,1.0,0.3902,0.2668,0.5875,95,96,230,412,0.2923,0.5026,0.2257,2026-09-12 17:29
20260910_1000,2026-09-10 10:00:00,h1_1.0mm,persistence,833,1.0,0.3902,0.2213,0.7795,161,68,164,440,0.4954,0.2969,0.4097,2026-09-12 17:29
20260910_1000,2026-09-10 10:00:00,h3_0.1mm,climatology,833,1.0,0.9112,0.1248,0.7435,759,74,0,0,1.0,0.0888,0.9112,2026-09-12 17:29
20260910_1000,2026-09-10 10:00:00,h3_0.1mm,persistence,833,1.0,0.9112,0.1298,0.6981,636,34,123,40,0.8379,0.0507,0.802,2026-09-12 17:29
20260910_1000,2026-09-10 10:00:00,h3_1.0mm,climatology,833,1.0,0.6267,0.283,0.6366,421,186,101,125,0.8065,0.3064,0.5946,2026-09-12 17:29
20260910_1000,2026-09-10 10:00:00,h3_1.0mm,persistence,833,1.0,0.6267,0.2903,0.663,276,89,246,222,0.5287,0.2438,0.4517,2026-09-12 17:29
20260910_1000,2026-09-10 10:00:00,h6_0.1mm,climatology,833,1.0,0.97,0.0423,0.7683,808,25,0,0,1.0,0.03,0.97,2026-09-12 17:29
20260910_1000,2026-09-10 10:00:00,h6_0.1mm,persistence,833,1.0,0.97,0.0568,0.8198,738,7,70,18,0.9134,0.0094,0.9055,2026-09-12 17:29
20260910_1000,2026-09-10 10:00:00,h6_1.0mm,climatology,833,1.0,0.8127,0.1957,0.6502,675,156,2,0,0.997,0.1877,0.8103,2026-09-12 17:29
20260910_1000,2026-09-10 10:00:00,h6_1.0mm,persistence,833,1.0,0.8127,0.2314,0.6617,414,57,263,99,0.6115,0.121,0.564,2026-09-12 17:29
20260910_1100,2026-09-10 11:00:00,h1_0.1mm,climatology,833,1.0,0.7671,0.2323,0.6294,614,165,25,29,0.9609,0.2118,0.7637,2026-09-12 17:29
20260910_1100,2026-09-10 11:00:00,h1_0.1mm,persistence,833,1.0,0.7671,0.1252,0.8239,573,52,66,142,0.8967,0.0832,0.8292,2026-09-12 17:29
20260910_1100,2026-09-10 11:00:00,h1_1.0mm,climatology,833,1.0,0.4034,0.2561,0.6182,184,202,152,295,0.5476,0.5233,0.342,2026-09-12 17:29
20260910_1100,2026-09-10 11:00:00,h1_1.0mm,persistence,833,1.0,0.4034,0.2263,0.7975,219,106,117,391,0.6518,0.3262,0.4955,2026-09-12 17:29
20260910_1100,2026-09-10 11:00:00,h3_0.1mm,climatology,833,1.0,0.9004,0.1188,0.6914,750,83,0,0,1.0,0.0996,0.9004,2026-09-12 17:29
20260910_1100,2026-09-10 11:00:00,h3_0.1mm,persistence,833,1.0,0.9004,0.129,0.6648,665,46,85,37,0.8867,0.0647,0.8354,2026-09-12 17:29
20260910_1100,2026-09-10 11:00:00,h3_1.0mm,climatology,833,1.0,0.6038,0.2659,0.6157,444,242,59,88,0.8827,0.3528,0.596,2026-09-12 17:29
20260910_1100,2026-09-10 11:00:00,h3_1.0mm,persistence,833,1.0,0.6038,0.285,0.6543,303,122,200,208,0.6024,0.2871,0.4848,2026-09-12 17:29
20260910_1100,2026-09-10 11:00:00,h6_0.1mm,climatology,833,1.0,0.9772,0.0335,0.8791,814,19,0,0,1.0,0.0228,0.9772,2026-09-12 17:29
20260910_1100,2026-09-10 11:00:00,h6_0.1mm,persistence,833,1.0,0.9772,0.0528,0.8313,749,5,65,14,0.9201,0.0066,0.9145,2026-09-12 17:29
20260910_1100,2026-09-10 11:00:00,h6_1.0mm,climatology,833,1.0,0.8319,0.1757,0.6749,693,139,0,1,1.0,0.1671,0.8329,2026-09-12 17:29
20260910_1100,2026-09-10 11:00:00,h6_1.0mm,persistence,833,1.0,0.8319,0.1926,0.6788,470,55,223,85,0.6782,0.1048,0.6283,2026-09-12 17:29
20260910_1200,2026-09-10 12:00:00,h1_0.1mm,climatology,833,1.0,0.8127,0.2058,0.6739,666,134,11,22,0.9838,0.1675,0.8212,2026-09-12 17:29
20260910_1200,2026-09-10 12:00:00,h1_0.1mm,persistence,833,1.0,0.8127,0.1378,0.7868,591,48,86,108,0.873,0.0751,0.8152,2026-09-12 17:29
20260910_1200,2026-09-10 12:00:00,h1_1.0mm,climatology,833,1.0,0.4034,0.2519,0.582,235,276,101,221,0.6994,0.5401,0.384,2026-09-12 17:29
20260910_1200,2026-09-10 12:00:00,h1_1.0mm,persistence,833,1.0,0.4034,0.2144,0.8242,240,96,96,401,0.7143,0.2857,0.5556,2026-09-12 17:29
20260910_1200,2026-09-10 12:00:00,h3_0.1mm,climatology,833,1.0,0.922,0.101,0.6853,768,65,0,0,1.0,0.078,0.922,2026-09-12 17:29
20260910_1200,2026-09-10 12:00:00,h3_0.1mm,persistence,833,1.0,0.922,0.0889,0.7037,699,33,69,32,0.9102,0.0451,0.8727,2026-09-12 17:29
20260910_1200,2026-09-10 12:00:00,h3_1.0mm,climatology,833,1.0,0.6399,0.2603,0.5883,511,263,22,37,0.9587,0.3398,0.642,2026-09-12 17:29
20260910_1200,2026-09-10 12:00:00,h3_1.0mm,persistence,833,1.0,0.6399,0.2394,0.7057,384,108,149,192,0.7205,0.2195,0.5991,2026-09-12 17:29
20260910_1200,2026-09-10 12:00:00,h6_0.1mm,climatology,833,1.0,0.9772,0.0313,0.9289,814,19,0,0,1.0,0.0228,0.9772,2026-09-12 17:29
20260910_1200,2026-09-10 12:00:00,h6_0.1mm,persistence,833,1.0,0.9772,0.0404,0.7855,761,7,53,12,0.9349,0.0091,0.9269,2026-09-12 17:29
20260910_1200,2026-09-10 12:00:00,h6_1.0mm,climatology,833,1.0,0.8331,0.1647,0.6865,694,139,0,0,1.0,0.1669,0.8331,2026-09-12 17:29
20260910_1200,2026-09-10 12:00:00,h6_1.0mm,persistence,833,1.0,0.8331,0.1692,0.6829,523,60,171,79,0.7536,0.1029,0.6936,2026-09-12 17:29
20260910_1300,2026-09-10 13:00:00,h1_0.1mm,climatology,833,1.0,0.7815,0.2002,0.6551,650,181,1,1,0.9985,0.2178,0.7812,2026-09-12 17:29
20260910_1300,2026-09-10 13:00:00,h1_0.1mm,persistence,833,1.0,0.7815,0.1199,0.8122,616,61,35,121,0.9462,0.0901,0.8652,2026-09-12 17:29
20260910_1300,2026-09-10 13:00:00,h1_1.0mm,climatology,833,1.0,0.4478,0.2659,0.5657,293,311,80,149,0.7855,0.5149,0.4284,2026-09-12 17:29
20260910_1300,2026-09-10 13:00:00,h1_1.0mm,persistence,833,1.0,0.4478,0.1644,0.8704,271,65,102,395,0.7265,0.1935,0.6187,2026-09-12 17:29
20260910_1300,2026-09-10 13:00:00,h3_0.1mm,climatology,833,1.0,0.9352,0.0852,0.7169,779,54,0,0,1.0,0.0648,0.9352,2026-09-12 17:29
20260910_1300,2026-09-10 13:00:00,h3_0.1mm,persistence,833,1.0,0.9352,0.062,0.7049,730,29,49,25,0.9371,0.0382,0.9035,2026-09-12 17:29
20260910_1300,2026-09-10 13:00:00,h3_1.0mm,climatology,833,1.0,0.7131,0.2399,0.6267,590,236,4,3,0.9933,0.2857,0.7108,2026-09-12 17:29
20260910_1300,2026-09-10 13:00:00,h3_1.0mm,persistence,833,1.0,0.7131,0.2048,0.7206,439,83,155,156,0.7391,0.159,0.6484,2026-09-12 17:29
20260910_1300,2026-09-10 13:00:00,h6_0.1mm,climatology,833,1.0,0.9712,0.0354,0.8691,809,24,0,0,1.0,0.0288,0.9712,2026-09-12 17:29
20260910_1300,2026-09-10 13:00:00,h6_0.1mm,persistence,833,1.0,0.9712,0.0319,0.734,781,12,28,12,0.9654,0.0151,0.9513,2026-09-12 17:29
20260910_1300,2026-09-10 13:00:00,h6_1.0mm,climatology,833,1.0,0.8283,0.1641,0.6708,690,143,0,0,1.0,0.1717,0.8283,2026-09-12 17:29
20260910_1300,2026-09-10 13:00:00,h6_1.0mm,persistence,833,1.0,0.8283,0.167,0.6596,540,71,150,72,0.7826,0.1162,0.7096,2026-09-12 17:29
20260910_1400,2026-09-10 14:00:00,h1_0.1mm,climatology,833,1.0,0.7839,0.1895,0.6389,653,180,0,0,1.0,0.2161,0.7839,2026-09-12 17:29
20260910_1400,2026-09-10 14:00:00,h1_0.1mm,persistence,833,1.0,0.7839,0.1723,0.6895,561,90,92,90,0.8591,0.1382,0.755,2026-09-12 17:29
20260910_1400,2026-09-10 14:00:00,h1_1.0mm,climatology,833,1.0,0.4466,0.2609,0.5486,325,360,47,101,0.8737,0.5255,0.444,2026-09-12 17:29
20260910_1400,2026-09-10 14:00:00,h1_1.0mm,persistence,833,1.0,0.4466,0.281,0.7315,256,117,116,344,0.6882,0.3137,0.5235,2026-09-12 17:29
20260910_1400,2026-09-10 14:00:00,h3_0.1mm,climatology,833,1.0,0.9088,0.0916,0.7465,757,76,0,0,1.0,0.0912,0.9088,2026-09-12 17:29
20260910_1400,2026-09-10 14:00:00,h3_0.1mm,persistence,833,1.0,0.9088,0.0942,0.5876,693,57,64,19,0.9155,0.076,0.8514,2026-09-12 17:29
20260910_1400,2026-09-10 14:00:00,h3_1.0mm,climatology,833,1.0,0.6951,0.2265,0.6679,574,250,5,4,0.9914,0.3034,0.6924,2026-09-12 17:29
20260910_1400,2026-09-10 14:00:00,h3_1.0mm,persistence,833,1.0,0.6951,0.2814,0.6174,389,114,190,140,0.6718,0.2266,0.5613,2026-09-12 17:29
20260910_1400,2026-09-10 14:00:00,h6_0.1mm,climatology,833,1.0,0.9496,0.05,0.8477,791,42,0,0,1.0,0.0504,0.9496,2026-09-12 17:29
20260910_1400,2026-09-10 14:00:00,h6_0.1mm,persistence,833,1.0,0.9496,0.048,0.6284,766,30,25,12,0.9684,0.0377,0.933,2026-09-12 17:29
20260910_1400,2026-09-10 14:00:00,h6_1.0mm,climatology,833,1.0,0.7875,0.1762,0.6809,656,177,0,0,1.0,0.2125,0.7875,2026-09-12 17:29
20260910_1400,2026-09-10 14:00:00,h6_1.0mm,persistence,833,1.0,0.7875,0.2057,0.6268,527,98,129,79,0.8034,0.1568,0.6989,2026-09-12 17:29
20260910_1500,2026-09-10 15:00:00,h1_0.1mm,climatology,833,1.0,0.7455,0.1862,0.6886,621,212,0,0,1.0,0.2545,0.7455,2026-09-12 17:29
20260910_1500,2026-09-10 15:00:00,h1_0.1mm,persistence,833,1.0,0.7455,0.1846,0.7115,551,102,70,110,0.8873,0.1562,0.7621,2026-09-12 17:29
20260910_1500,2026-09-10 15:00:00,h1_1.0mm,climatology,833,1.0,0.4466,0.2405,0.6495,351,396,21,65,0.9435,0.5301,0.457,2026-09-12 17:29
20260910_1500,2026-09-10 15:00:00,h1_1.0mm,persistence,833,1.0,0.4466,0.2733,0.7342,238,134,134,327,0.6398,0.3602,0.4704,2026-09-12 17:29
20260910_1500,2026-09-10 15:00:00,h3_0.1mm,climatology,833,1.0,0.8619,0.1146,0.7515,718,115,0,0,1.0,0.1381,0.8619,2026-09-12 17:29
20260910_1500,2026-09-10 15:00:00,h3_0.1mm,persistence,833,1.0,0.8619,0.1407,0.5526,672,96,46,19,0.9359,0.125,0.8256,2026-09-12 17:29
20260910_1500,2026-09-10 15:00:00,h3_1.0mm,climatology,833,1.0,0.6134,0.2266,0.6815,508,316,3,6,0.9941,0.3835,0.6143,2026-09-12 17:29
20260910_1500,2026-09-10 15:00:00,h3_1.0mm,persistence,833,1.0,0.6134,0.3446,0.5623,350,183,161,139,0.6849,0.3433,0.5043,2026-09-12 17:29
20260910_1500,2026-09-10 15:00:00,h6_0.1mm,climatology,833,1.0,0.9148,0.0778,0.7483,762,71,0,0,1.0,0.0852,0.9148,2026-09-12 17:29
20260910_1500,2026-09-10 15:00:00,h6_0.1mm,persistence,833,1.0,0.9148,0.0832,0.5642,741,60,21,11,0.9724,0.0749,0.9015,2026-09-12 17:29
20260910_1500,2026-09-10 15:00:00,h6_1.0mm,climatology,833,1.0,0.7191,0.2048,0.625,599,233,0,1,1.0,0.28,0.72,2026-09-12 17:29
20260910_1500,2026-09-10 15:00:00,h6_1.0mm,persistence,833,1.0,0.7191,0.2596,0.5735,484,157,115,77,0.808,0.2449,0.6402,2026-09-12 17:29
20260910_1600,2026-09-10 16:00:00,h1_0.1mm,climatology,833,1.0,0.6807,0.2028,0.6838,567,264,0,2,1.0,0.3177,0.6823,2026-09-12 17:29
20260910_1600,2026-09-10 16:00:00,h1_0.1mm,persistence,833,1.0,0.6807,0.2091,0.7208,499,122,68,144,0.8801,0.1965,0.7242,2026-09-12 17:29
20260910_1600,2026-09-10 16:00:00,h1_1.0mm,climatology,833,1.0,0.3842,0.2197,0.6737,297,433,23,80,0.9281,0.5932,0.3944,2026-09-12 17:29
20260910_1600,2026-09-10 16:00:00,h1_1.0mm,persistence,833,1.0,0.3842,0.2656,0.7658,226,146,94,367,0.7063,0.3925,0.485,2026-09-12 17:29
20260910_1600,2026-09-10 16:00:00,h3_0.1mm,climatology,833,1.0,0.8007,0.1496,0.7031,667,166,0,0,1.0,0.1993,0.8007,2026-09-12 17:29
20260910_1600,2026-09-10 16:00:00,h3_0.1mm,persistence,833,1.0,0.8007,0.1883,0.551,637,142,30,24,0.955,0.1823,0.7874,2026-09-12 17:29
20260910_1600,2026-09-10 16:00:00,h3_1.0mm,climatology,833,1.0,0.5162,0.2338,0.651,424,391,6,12,0.986,0.4798,0.5164,2026-09-12 17:29
20260910_1600,2026-09-10 16:00:00,h3_1.0mm,persistence,833,1.0,0.5162,0.4054,0.5684,334,260,96,143,0.7767,0.4377,0.4841,2026-09-12 17:29
20260910_1600,2026-09-10 16:00:00,h6_0.1mm,climatology,833,1.0,0.8944,0.0958,0.6932,745,88,0,0,1.0,0.1056,0.8944,2026-09-12 17:35
20260910_1600,2026-09-10 16:00:00,h6_0.1mm,persistence,833,1.0,0.8944,0.1015,0.5533,731,77,14,11,0.9812,0.0953,0.8893,2026-09-12 17:35
20260910_1600,2026-09-10 16:00:00,h6_1.0mm,climatology,833,1.0,0.6543,0.231,0.5611,537,287,8,1,0.9853,0.3483,0.6454,2026-09-12 17:35
20260910_1600,2026-09-10 16:00:00,h6_1.0mm,persistence,833,1.0,0.6543,0.3117,0.5596,464,213,81,75,0.8514,0.3146,0.6121,2026-09-12 17:35
20260910_1700,2026-09-10 17:00:00,h1_0.1mm,climatology,833,1.0,0.6735,0.2074,0.6809,561,271,0,1,1.0,0.3257,0.6743,2026-09-12 17:29
20260910_1700,2026-09-10 17:00:00,h1_0.1mm,persistence,833,1.0,0.6735,0.1373,0.8459,503,64,58,208,0.8966,0.1129,0.8048,2026-09-12 17:29
20260910_1700,2026-09-10 17:00:00,h1_1.0mm,climatology,833,1.0,0.3914,0.2226,0.6794,291,386,35,121,0.8926,0.5702,0.4087,2026-09-12 17:29
20260910_1700,2026-09-10 17:00:00,h1_1.0mm,persistence,833,1.0,0.3914,0.146,0.904,268,52,58,455,0.8221,0.1625,0.709,2026-09-12 17:29
20260910_1700,2026-09-10 17:00:00,h3_0.1mm,climatology,833,1.0,0.7647,0.169,0.6915,637,196,0,0,1.0,0.2353,0.7647,2026-09-12 17:29
20260910_1700,2026-09-10 17:00:00,h3_0.1mm,persistence,833,1.0,0.7647,0.21,0.5825,603,154,34,42,0.9466,0.2034,0.7623,2026-09-12 17:29
20260910_1700,2026-09-10 17:00:00,h3_1.0mm,climatology,833,1.0,0.5054,0.2401,0.6311,397,380,24,32,0.943,0.4891,0.4956,2026-09-12 17:29
20260910_1700,2026-09-10 17:00:00,h3_1.0mm,persistence,833,1.0,0.5054,0.3607,0.6321,344,235,77,177,0.8171,0.4059,0.5244,2026-09-12 17:29
20260910_1700,2026-09-10 17:00:00,h6_0.1mm,climatology,833,1.0,0.8956,0.101,0.6562,746,87,0,0,1.0,0.1044,0.8956,2026-09-12 17:35
20260910_1700,2026-09-10 17:00:00,h6_0.1mm,persistence,833,1.0,0.8956,0.0965,0.5644,739,75,7,12,0.9906,0.0921,0.9001,2026-09-12 17:35
20260910_1700,2026-09-10 17:00:00,h6_1.0mm,climatology,833,1.0,0.6759,0.2375,0.528,545,269,18,1,0.968,0.3305,0.655,2026-09-12 17:35
20260910_1700,2026-09-10 17:00:00,h6_1.0mm,persistence,833,1.0,0.6759,0.2786,0.5879,499,194,64,76,0.8863,0.2799,0.6592,2026-09-12 17:35
20260911_0900,2026-09-11 09:00:00,h1_0.1mm,climatology,833,1.0,0.3361,0.2154,0.6087,176,271,104,282,0.6286,0.6063,0.3194,2026-09-12 17:29
20260911_0900,2026-09-11 09:00:00,h1_0.1mm,persistence,833,1.0,0.3361,0.134,0.8635,217,46,63,507,0.775,0.1749,0.6656,2026-09-12 17:29
20260911_0900,2026-09-11 09:00:00,h1_1.0mm,climatology,833,1.0,0.1453,0.1146,0.6713,35,28,86,684,0.2893,0.4444,0.2349,2026-09-12 17:29
20260911_0900,2026-09-11 09:00:00,h1_1.0mm,persistence,833,1.0,0.1453,0.0797,0.9181,81,29,40,683,0.6694,0.2636,0.54,2026-09-12 17:29
