utc_time,region,station,station_name,latitude,longitude,altitude_m,raw_sectime,wind_dir_avg_deg,max_wind_dir_deg,wind_speed_avg_knot,max_wind_speed_knot,temperature_c,precipitation_mm,pressure_hpa,humidity_percent,weather_code,visibility_m
2026-01-01 01:00:00,1,50,Phatthalung Agrometeorlogical Station,7.613611,100.1175,4.15,20260101010000,64.09833440780639,123.8,0.41833334118127824,1.3,24.975000190734864,0.0,1007.061675008138,95.84000078837077,0.0,0.0
2026-01-01 02:00:00,1,50,Phatthalung Agrometeorlogical Station,7.613611,100.1175,4.15,20260101020000,61.81833432515462,47.7,0.5000000115483999,1.7,27.05833339691162,0.0,1008.3250071207682,88.0966672261556,0.0,0.0
2026-01-01 03:00:00,1,50,Phatthalung Agrometeorlogical Station,7.613611,100.1175,4.15,20260101030000,69.38333415985107,129.3,0.9800000220537186,3.7,30.15333340962728,0.0,1008.9183390299479,77.04833374023437,0.0,0.0
2026-01-01 04:00:00,1,50,Phatthalung Agrometeorlogical Station,7.613611,100.1175,4.15,20260101040000,76.38333396911621,50.5,2.0983333627382916,4.4,30.780000336964925,0.0,1008.6833435058594,73.10333340962728,0.0,0.0
2026-01-01 05:00:00,1,50,Phatthalung Agrometeorlogical Station,7.613611,100.1175,4.15,20260101050000,56.07333386739095,53.4,2.0150000234444936,4.1,31.398333485921224,0.0,1008.2216776529948,71.25166714986166,0.0,0.0
2026-01-01 06:00:00,1,50,Phatthalung Agrometeorlogical Station,7.613611,100.1175,4.15,20260101060000,68.36500047047933,64.6,2.1050000260273616,5.0,31.63166700998942,0.0,1007.4900085449219,69.7550006866455,0.0,0.0
2026-01-01 07:00:00,1,50,Phatthalung Agrometeorlogical Station,7.613611,100.1175,4.15,20260101070000,65.31500072479248,64.6,2.195000018676122,5.1,31.745000076293945,0.0,1006.3116760253906,68.91833432515462,0.0,0.0
2026-01-01 08:00:00,1,50,Phatthalung Agrometeorlogical Station,7.613611,100.1175,4.15,20260101080000,72.72000064849854,50.5,2.6416667024294536,5.0,31.54833351771037,0.0,1005.311675008138,69.963334274292,0.0,0.0
2026-01-01 09:00:00,1,50,Phatthalung Agrometeorlogical Station,7.613611,100.1175,4.15,20260101090000,72.8683338801066,59.0,2.7400000294049582,5.5,30.975000445048014,0.0,1004.8000111897786,71.59000053405762,0.0,0.0
2026-01-01 10:00:00,1,50,Phatthalung Agrometeorlogical Station,7.613611,100.1175,4.15,20260101100000,70.24833399454752,115.3,2.6233333667119343,5.5,30.205000241597492,0.0,1004.4616760253906,74.08166720072428,0.0,0.0
2026-01-01 11:00:00,1,50,Phatthalung Agrometeorlogical Station,7.613611,100.1175,4.15,20260101110000,68.82666734059652,64.6,2.220000026623408,5.0,28.525000190734865,0.0,1004.7133463541667,80.33333422342936,0.0,0.0
2026-01-01 12:00:00,1,50,Phatthalung Agrometeorlogical Station,7.613611,100.1175,4.15,20260101120000,69.43833414713542,67.5,2.181666699051857,4.9,27.406667073567707,0.0,1005.1683390299479,83.34500071207682,0.0,0.0
2026-01-01 13:00:00,1,50,Phatthalung Agrometeorlogical Station,7.613611,100.1175,4.15,20260101130000,66.52333380381266,47.7,1.3433333585659664,3.9,26.898333835601807,0.0,1006.1200083414714,85.10333391825358,0.0,0.0
2026-01-01 14:00:00,1,50,Phatthalung Agrometeorlogical Station,7.613611,100.1175,4.15,20260101140000,68.61333395640055,59.0,1.610000017285347,4.5,26.93166669209798,0.0,1007.2033416748047,85.93166720072428,0.0,0.0
2026-01-01 15:00:00,1,50,Phatthalung Agrometeorlogical Station,7.613611,100.1175,4.15,20260101150000,67.05000082651775,47.7,0.9066666786869367,3.2,26.37166716257731,0.0,1007.9700052897135,88.0233341217041,0.0,0.0
2026-01-01 16:00:00,1,50,Phatthalung Agrometeorlogical Station,7.613611,100.1175,4.15,20260101160000,67.05666720072428,53.4,1.145000017186006,3.2,26.378333791097006,0.0,1008.2500152587891,88.25000076293945,0.0,0.0
2026-01-01 17:00:00,1,50,Phatthalung Agrometeorlogical Station,7.613611,100.1175,4.15,20260101170000,62.8250005086263,47.7,0.7400000146279733,2.5,26.513333384195963,0.0,1008.3233530680338,87.57166735331218,0.0,0.0
2026-01-01 18:00:00,1,50,Phatthalung Agrometeorlogical Station,7.613611,100.1175,4.15,20260101180000,70.39833431243896,50.5,1.7466666748126347,4.5,26.575000286102295,0.0,1008.273350016276,86.56666730244955,0.0,0.0
2026-01-01 19:00:00,1,50,Phatthalung Agrometeorlogical Station,7.613611,100.1175,4.15,20260101190000,67.43333384195964,47.7,1.261666684349378,3.0,26.18833367029826,0.0,1007.6750101725261,87.33666763305663,0.0,0.0
2026-01-01 20:00:00,1,50,Phatthalung Agrometeorlogical Station,7.613611,100.1175,4.15,20260101200000,72.73333384195963,67.5,1.216666679829359,3.2,26.148333899180095,0.0,1007.0466725667318,87.1483341217041,0.0,0.0
2026-01-01 21:00:00,1,50,Phatthalung Agrometeorlogical Station,7.613611,100.1175,4.15,20260101210000,146.25833638509116,157.5,0.6183333457758029,1.5,25.131666787465413,0.0,1006.5866729736329,95.45166714986165,0.0,0.0
2026-01-01 22:00:00,1,50,Phatthalung Agrometeorlogical Station,7.613611,100.1175,4.15,20260101220000,144.42500330607098,140.6,0.6850000148018202,1.6,24.628333822886148,0.0,1006.4616760253906,98.08333384195963,0.0,0.0
2026-01-01 23:00:00,1,50,Phatthalung Agrometeorlogical Station,7.613611,100.1175,4.15,20260101230000,125.63000221252442,129.3,0.6200000142057737,1.8,24.4,0.0,1006.5,98.3483336130778,0.0,0.0
2026-01-02 00:00:00,1,50,Phatthalung Agrometeorlogical Station,7.613611,100.1175,4.15,20260101240000,85.4250010172526,47.7,0.6083333441366752,1.7,24.215000534057616,0.0,1006.9883463541667,99.18833452860514,0.0,0.0
2026-01-02 01:00:00,1,50,Phatthalung Agrometeorlogical Station,7.613611,100.1175,4.15,20260102010000,119.45833504994711,132.1,0.5966666787862778,1.7,24.753333536783853,0.0,1007.8566752115886,97.56000073750813,0.0,0.0
2026-01-02 02:00:00,1,50,Phatthalung Agrometeorlogical Station,7.613611,100.1175,4.15,20260102020000,112.74333585103354,61.9,0.8100000104556481,4.6,26.78333355585734,0.0,1008.9150075276692,90.03833401997885,0.0,0.0
2026-01-02 03:00:00,1,50,Phatthalung Agrometeorlogical Station,7.613611,100.1175,4.15,20260102030000,83.67666727701823,59.0,3.428333385785421,7.4,29.59000031153361,0.0,1009.285014851888,75.36333389282227,0.0,0.0
2026-01-02 04:00:00,1,50,Phatthalung Agrometeorlogical Station,7.613611,100.1175,4.15,20260102040000,81.51166712443033,64.6,4.236666715145111,7.9,30.23333349227905,0.0,1009.1900115966797,73.28500111897786,0.0,0.0
2026-01-02 05:00:00,1,50,Phatthalung Agrometeorlogical Station,7.613611,100.1175,4.15,20260102050000,83.25666758219401,59.0,3.9033333619435626,7.4,30.234999974568684,0.0,1009.0950083414714,72.82166697184245,0.0,0.0
2026-01-02 06:00:00,1,50,Phatthalung Agrometeorlogical Station,7.613611,100.1175,4.15,20260102060000,88.00833371480306,132.1,4.098333358764648,7.0,30.756667041778563,0.0,1008.5316752115885,71.60666732788086,0.0,0.0
2026-01-02 07:00:00,1,50,Phatthalung Agrometeorlogical Station,7.613611,100.1175,4.15,20260102070000,84.76440740035753,59.0,4.032203435897827,6.9,30.7491528139276,0.0,1007.7186537920419,71.20000069828357,0.0,0.0
2026-01-02 08:00:00,1,50,Phatthalung Agrometeorlogical Station,7.613611,100.1175,4.15,20260102080000,89.47500089009603,129.3,3.8133333762486776,6.6,30.720000330607096,0.0,1006.8950134277344,71.91333363850912,0.0,0.0
2026-01-02 09:00:00,1,50,Phatthalung Agrometeorlogical Station,7.613611,100.1175,4.15,20260102090000,78.61000061035156,56.2,3.548333368698756,6.5,30.423333326975506,0.0,1006.5416697184245,72.0883337656657,0.0,0.0
2026-01-02 10:00:00,1,50,Phatthalung Agrometeorlogical Station,7.613611,100.1175,4.15,20260102100000,86.11333389282227,59.0,4.166666694482168,7.9,29.061666997273765,0.0,1006.6933451334636,76.75166714986166,0.0,0.0
2026-01-02 11:00:00,1,50,Phatthalung Agrometeorlogical Station,7.613611,100.1175,4.15,20260102110000,87.45000076293945,53.4,3.7666667143503827,6.8,27.93333355585734,0.0,1006.9416758219401,80.04166730244954,0.0,0.0
2026-01-02 12:00:00,1,50,Phatthalung Agrometeorlogical Station,7.613611,100.1175,4.15,20260102120000,87.71166750590007,129.3,4.455000030994415,8.3,27.301666609446208,0.0,1007.5500111897786,81.26666730244955,0.0,0.0
2026-01-02 13:00:00,1,50,Phatthalung Agrometeorlogical Station,7.613611,100.1175,4.15,20260102130000,83.5350004196167,50.5,4.300000059604645,8.3,27.04333349863688,0.0,1008.4500091552734,82.41666717529297,0.0,0.0
2026-01-02 14:00:00,1,50,Phatthalung Agrometeorlogical Station,7.613611,100.1175,4.15,20260102140000,87.11833407084147,50.5,3.9800000270207723,8.0,26.8950000445048,0.0,1009.4566792805989,83.0433339436849,0.0,0.0
2026-01-02 15:00:00,1,50,Phatthalung Agrometeorlogical Station,7.613611,100.1175,4.15,20260102150000,83.37500057220458,129.3,4.036666707197825,6.9,26.76666653951009,0.0,1010.1400115966796,82.76666717529297,0.0,0.0
2026-01-02 16:00:00,1,50,Phatthalung Agrometeorlogical Station,7.613611,100.1175,4.15,20260102160000,83.43666712443034,132.1,3.7633333643277487,6.8,26.700000762939453,0.0,1010.3500172932943,82.64500058492025,0.0,0.0
2026-01-02 17:00:00,1,50,Phatthalung Agrometeorlogical Station,7.613611,100.1175,4.15,20260102170000,89.1216672261556,126.5,2.8650000393390656,5.5,26.376666641235353,0.0,1010.1800109863282,83.70666758219402,0.0,0.0
2026-01-02 18:00:00,1,50,Phatthalung Agrometeorlogical Station,7.613611,100.1175,4.15,20260102180000,90.00833371480306,129.3,2.8100000341733296,5.9,26.304999669392902,0.0,1010.0983408610026,84.1233341217041,0.0,0.0
2026-01-02 19:00:00,1,50,Phatthalung Agrometeorlogical Station,7.613611,100.1175,4.15,20260102190000,101.8700008392334,120.9,2.3050000329812366,4.0,26.170000648498537,0.0,1009.551680501302,84.87500063578288,0.0,0.0
2026-01-02 20:00:00,1,50,Phatthalung Agrometeorlogical Station,7.613611,100.1175,4.15,20260102200000,99.01333452860514,132.1,2.285000028212865,5.4,25.928333441416424,0.0,1008.8583384195964,84.8733341217041,0.0,0.0
2026-01-02 21:00:00,1,50,Phatthalung Agrometeorlogical Station,7.613611,100.1175,4.15,20260102210000,108.9250005086263,56.2,1.8616666833559672,4.3,25.63833386103312,0.0,1008.4100219726563,86.11000073750814,0.0,0.0
2026-01-02 22:00:00,1,50,Phatthalung Agrometeorlogical Station,7.613611,100.1175,4.15,20260102220000,142.2133373260498,123.8,0.7433333449065685,3.2,24.996666812896727,0.0,1008.5700073242188,89.64666709899902,0.0,0.0
2026-01-02 23:00:00,1,50,Phatthalung Agrometeorlogical Station,7.613611,100.1175,4.15,20260102230000,136.81333643595377,135.0,0.5666666769733032,2.0,24.098333581288657,0.4000000059604645,1008.6700083414713,94.87833391825357,0.0,0.0
2026-01-03 00:00:00,1,50,Phatthalung Agrometeorlogical Station,7.613611,100.1175,4.15,20260102240000,142.65666961669922,118.0,0.17833333723247052,1.0,23.625000127156575,0.4000000059604645,1009.1716735839843,98.7283342997233,0.0,0.0
2026-01-03 01:00:00,1,50,Phatthalung Agrometeorlogical Station,7.613611,100.1175,4.15,20260103010000,130.29833660125732,146.3,0.2750000078231096,1.1,24.0350004196167,0.0,1009.9216776529948,99.15666770935059,0.0,0.0
2026-01-03 02:00:00,1,50,Phatthalung Agrometeorlogical Station,7.613611,100.1175,4.15,20260103020000,137.74333693186443,137.8,0.3533333418269952,1.7,25.456666723887125,0.0,1010.8266713460287,92.47500076293946,0.0,0.0
2026-01-03 03:00:00,1,50,Phatthalung Agrometeorlogical Station,7.613611,100.1175,4.15,20260103030000,114.22666861216227,132.1,1.4250000147769848,6.5,27.015000279744466,0.0,1011.0450113932292,86.8533342997233,0.0,0.0
2026-01-03 04:00:00,1,50,Phatthalung Agrometeorlogical Station,7.613611,100.1175,4.15,20260103040000,85.85000050862631,59.0,4.173333362738291,7.9,28.471667035420737,0.0,1010.4266754150391,77.20666732788087,0.0,0.0
2026-01-03 05:00:00,1,50,Phatthalung Agrometeorlogical Station,7.613611,100.1175,4.15,20260103050000,92.11333414713542,53.4,4.211666703224182,7.9,29.773333803812662,0.0,1010.0600077311198,73.61333401997884,0.0,0.0
2026-01-03 06:00:00,1,50,Phatthalung Agrometeorlogical Station,7.613611,100.1175,4.15,20260103060000,87.66666704813639,59.0,4.193333367506663,7.4,29.700000349680582,0.0,1009.1950083414714,72.3983341217041,0.0,0.0
2026-01-03 07:00:00,1,50,Phatthalung Agrometeorlogical Station,7.613611,100.1175,4.15,20260103070000,85.81333376566569,67.5,4.058333373069763,7.0,30.09166685740153,0.0,1007.9616780598958,72.55166727701823,0.0,0.0
2026-01-03 08:00:00,1,50,Phatthalung Agrometeorlogical Station,7.613611,100.1175,4.15,20260103080000,91.58833389282226,50.5,4.5600000341733296,8.6,29.903333536783855,0.0,1007.0183430989583,71.11333376566569,0.0,0.0
2026-01-03 09:00:00,1,50,Phatthalung Agrometeorlogical Station,7.613611,100.1175,4.15,20260103090000,93.04666748046876,47.7,4.691666710376739,8.1,30.21333367029826,0.0,1006.5633371988932,67.91000073750814,0.0,0.0
2026-01-03 10:00:00,1,50,Phatthalung Agrometeorlogical Station,7.613611,100.1175,4.15,20260103100000,92.56666730244955,47.7,3.9733333667119344,7.0,29.428333568573,0.0,1006.5766713460287,69.08000081380209,0.0,0.0
2026-01-03 11:00:00,1,50,Phatthalung Agrometeorlogical Station,7.613611,100.1175,4.15,20260103110000,92.48666687011719,50.5,3.178333361943563,6.0,27.590000184377036,0.0,1007.0533447265625,75.63000081380208,0.0,0.0
2026-01-03 12:00:00,1,50,Phatthalung Agrometeorlogical Station,7.613611,100.1175,4.15,20260103120000,102.16666717529297,50.5,2.563333370288213,5.3,26.18333365122477,0.0,1007.8083404541015,81.71666730244955,0.0,0.0
2026-01-03 13:00:00,1,50,Phatthalung Agrometeorlogical Station,7.613611,100.1175,4.15,20260103130000,121.33500099182129,118.0,0.8450000166893006,2.7,25.070000203450522,0.0,1008.5033447265625,87.09500058492024,0.0,0.0
2026-01-03 14:00:00,1,50,Phatthalung Agrometeorlogical Station,7.613611,100.1175,4.15,20260103140000,108.18666763305664,64.6,0.9650000172356764,3.2,24.561666933695474,0.0,1009.3650085449219,91.82166748046875,0.0,0.0
2026-01-03 15:00:00,1,50,Phatthalung Agrometeorlogical Station,7.613611,100.1175,4.15,20260103150000,87.49000078837076,53.4,1.3933333476384482,4.1,25.360000451405842,0.0,1009.9033416748047,90.02000071207682,0.0,0.0
2026-01-03 16:00:00,1,50,Phatthalung Agrometeorlogical Station,7.613611,100.1175,4.15,20260103160000,86.30166765848796,126.5,2.1950000166893004,5.4,25.70000041325887,0.0,1009.9716705322265,86.9500005086263,0.0,0.0
2026-01-03 17:00:00,1,50,Phatthalung Agrometeorlogical Station,7.613611,100.1175,4.15,20260103170000,95.50833403269449,56.2,1.6333333532015482,4.0,25.27333339055379,0.0,1009.7800170898438,88.6900006612142,0.0,0.0
2026-01-03 18:00:00,1,50,Phatthalung Agrometeorlogical Station,7.613611,100.1175,4.15,20260103180000,107.22000096638997,56.2,1.0583333428949118,3.0,24.586666679382326,0.0,1009.5783416748047,91.55166791280111,0.0,0.0
2026-01-03 19:00:00,1,50,Phatthalung Agrometeorlogical Station,7.613611,100.1175,4.15,20260103190000,117.72833468119303,115.3,0.7966666841258605,2.0,23.818333880106607,0.0,1008.9466786702474,95.95166714986165,0.0,0.0
2026-01-03 20:00:00,1,50,Phatthalung Agrometeorlogical Station,7.613611,100.1175,4.15,20260103200000,109.54333464304607,64.6,0.6066666770726442,3.0,23.776666514078777,0.0,1008.5400115966797,97.55500030517578,0.0,0.0
2026-01-03 21:00:00,1,50,Phatthalung Agrometeorlogical Station,7.613611,100.1175,4.15,20260103210000,72.11666723887126,64.6,1.4200000137090683,3.7,24.53166716893514,0.0,1008.0150024414063,92.5666670481364,0.0,0.0
2026-01-03 22:00:00,1,50,Phatthalung Agrometeorlogical Station,7.613611,100.1175,4.15,20260103220000,85.52000033060709,129.3,0.48000000876684984,2.0,23.823333549499512,0.0,1008.1000111897787,96.40333353678385,0.0,0.0
2026-01-03 23:00:00,1,50,Phatthalung Agrometeorlogical Station,7.613611,100.1175,4.15,20260103230000,116.39333521525064,118.0,0.6733333428700765,1.6,23.05000006357829,0.0,1008.2800130208333,98.91500053405761,0.0,0.0
2026-01-04 00:00:00,1,50,Phatthalung Agrometeorlogical Station,7.613611,100.1175,4.15,20260103240000,119.4716672261556,118.0,0.6133333493024111,1.5,22.72166716257731,0.0,1008.8133402506511,99.79166768391927,0.0,0.0
2026-01-04 01:00:00,1,50,Phatthalung Agrometeorlogical Station,7.613611,100.1175,4.15,20260104010000,126.5,126.5,0.07833333437641461,0.6,23.995000235239665,0.0,1009.6483439127604,97.80333404541015,0.0,0.0
2026-01-04 02:00:00,1,50,Phatthalung Agrometeorlogical Station,7.613611,100.1175,4.15,20260104020000,79.95666720072428,59.0,2.6483333735416332,5.9,27.741666920979817,0.0,1010.5266774495443,79.89000040690104,0.0,0.0
2026-01-04 03:00:00,1,50,Phatthalung Agrometeorlogical Station,7.613611,100.1175,4.15,20260104030000,74.878333791097,132.1,3.721666705608368,7.4,29.414999993642173,0.0,1010.6866780598958,71.71500040690104,0.0,0.0
2026-01-04 04:00:00,1,50,Phatthalung Agrometeorlogical Station,7.613611,100.1175,4.15,20260104040000,73.73833401997884,47.7,3.665000041325887,6.5,29.975,0.0,1010.4683400472005,69.54333368937175,0.0,0.0
2026-01-04 05:00:00,1,50,Phatthalung Agrometeorlogical Station,7.613611,100.1175,4.15,20260104050000,76.76333401997884,135.0,3.830000023047129,7.0,30.65500036875407,0.0,1010.073344930013,68.19333407084147,0.0,0.0
2026-01-04 06:00:00,1,50,Phatthalung Agrometeorlogical Station,7.613611,100.1175,4.15,20260104060000,69.15833377838135,61.9,3.7983333587646486,7.3,30.825000222524007,0.0,1009.2816782633464,66.91166712443034,0.0,0.0
2026-01-04 07:00:00,1,50,Phatthalung Agrometeorlogical Station,7.613611,100.1175,4.15,20260104070000,74.70333379109701,129.3,4.308333373069763,7.5,30.961666965484618,0.0,1008.2666768391927,68.51500066121419,0.0,0.0
2026-01-04 08:00:00,1,50,Phatthalung Agrometeorlogical Station,7.613611,100.1175,4.15,20260104080000,74.15333417256673,135.0,4.3583333730697635,7.9,30.58000030517578,0.0,1007.2600077311198,68.33333358764648,0.0,0.0
2026-01-04 09:00:00,1,50,Phatthalung Agrometeorlogical Station,7.613611,100.1175,4.15,20260104090000,87.81000073750813,118.0,4.2533333659172055,7.4,30.551666895548504,0.0,1006.8466776529948,69.7733341217041,0.0,0.0
2026-01-04 10:00:00,1,50,Phatthalung Agrometeorlogical Station,7.613611,100.1175,4.15,20260104100000,91.97333386739095,123.8,4.323333382606506,8.1,29.863333447774252,0.0,1007.1050099690755,72.28000068664551,0.0,0.0
2026-01-04 11:00:00,1,50,Phatthalung Agrometeorlogical Station,7.613611,100.1175,4.15,20260104110000,90.49333407084147,126.5,3.711864439107604,6.5,27.920339228743213,0.0,1007.4915347341764,78.34067845748643,0.0,0.0
2026-01-04 12:00:00,1,50,Phatthalung Agrometeorlogical Station,7.613611,100.1175,4.15,20260104120000,87.31833394368489,50.5,3.4166667024294535,7.0,26.78166675567627,0.0,1008.1416768391927,82.17666778564453,0.0,0.0
2026-01-04 13:00:00,1,50,Phatthalung Agrometeorlogical Station,7.613611,100.1175,4.15,20260104130000,93.30500049591065,115.3,2.3850000341733297,5.0,26.245000171661378,0.0,1008.9583455403646,84.34833386739095,0.0,0.0
2026-01-04 14:00:00,1,50,Phatthalung Agrometeorlogical Station,7.613611,100.1175,4.15,20260104140000,106.64333419799804,129.3,1.4666666795810064,3.7,25.570000171661377,0.0,1009.896674601237,87.9366673787435,0.0,0.0
2026-01-04 15:00:00,1,50,Phatthalung Agrometeorlogical Station,7.613611,100.1175,4.15,20260104150000,106.81833457946777,56.2,1.4533333485325177,3.4,25.200000762939453,0.0,1010.4666687011719,90.48833427429199,0.0,0.0
2026-01-04 16:00:00,1,50,Phatthalung Agrometeorlogical Station,7.613611,100.1175,4.15,20260104160000,125.93833567301432,118.0,0.4833333435157935,1.2,24.853333473205566,0.0,1010.3566741943359,92.61666730244954,0.0,0.0
2026-01-04 17:00:00,1,50,Phatthalung Agrometeorlogical Station,7.613611,100.1175,4.15,20260104170000,121.45166753133138,149.1,0.3733333428700765,1.2,24.17333396275838,0.0,1009.785009765625,94.46500015258789,0.0,0.0
2026-01-04 18:00:00,1,50,Phatthalung Agrometeorlogical Station,7.613611,100.1175,4.15,20260104180000,118.62500114440918,118.0,0.551666680475076,1.2,23.8233336130778,0.0,1009.5133392333985,95.82333386739096,0.0,0.0
2026-01-04 19:00:00,1,50,Phatthalung Agrometeorlogical Station,7.613611,100.1175,4.15,20260104190000,119.71833521525065,132.1,0.4850000121941169,1.2,23.351666959126792,0.0,1009.2600087483723,97.63000081380208,0.0,0.0
2026-01-04 20:00:00,1,50,Phatthalung Agrometeorlogical Station,7.613611,100.1175,4.15,20260104200000,94.43166777292888,64.6,0.5183333461483319,1.5,22.97833325068156,0.0,1008.5266794840495,98.8700003306071,0.0,0.0
2026-01-04 21:00:00,1,50,Phatthalung Agrometeorlogical Station,7.613611,100.1175,4.15,20260104210000,115.45166803995768,123.8,0.25000000447034837,0.8,22.661666997273763,0.0,1008.1233408610026,99.58500099182129,0.0,0.0
2026-01-04 22:00:00,1,50,Phatthalung Agrometeorlogical Station,7.613611,100.1175,4.15,20260104220000,119.878333791097,47.7,0.20000000422199568,1.0,22.45166648228963,0.0,1008.1500091552734,99.9000015258789,0.0,0.0
2026-01-04 23:00:00,1,50,Phatthalung Agrometeorlogical Station,7.613611,100.1175,4.15,20260104230000,140.44500605265299,140.6,0.2216666717082262,0.8,22.23666671117147,0.0,1008.4966674804688,99.9000015258789,0.0,0.0
2026-01-05 00:00:00,1,50,Phatthalung Agrometeorlogical Station,7.613611,100.1175,4.15,20260104240000,120.55000356038411,115.3,0.2133333387474219,0.8,22.161667283376058,0.0,1008.8866821289063,99.9000015258789,0.0,0.0
2026-01-05 01:00:00,1,50,Phatthalung Agrometeorlogical Station,7.613611,100.1175,4.15,20260105010000,109.11833610534669,64.6,0.32000000700354575,1.1,23.075000222524007,0.0,1009.7050079345703,99.64833463033041,0.0,0.0
2026-01-05 02:00:00,1,50,Phatthalung Agrometeorlogical Station,7.613611,100.1175,4.15,20260105020000,98.27666803995768,132.1,0.3966666748126348,1.3,26.03000020980835,0.0,1010.6266805013021,87.86000035603841,0.0,0.0
2026-01-05 03:00:00,1,50,Phatthalung Agrometeorlogical Station,7.613611,100.1175,4.15,20260105030000,64.52833420435587,45.0,0.9283333477874597,2.9,29.0983336130778,0.0,1010.9333424886067,77.87666727701823,0.0,0.0
2026-01-05 04:00:00,1,50,Phatthalung Agrometeorlogical Station,7.613611,100.1175,4.15,20260105040000,63.04333375295003,53.4,1.9066666861375172,4.6,30.44500010808309,0.0,1010.9200103759765,71.01500066121419,0.0,0.0
2026-01-05 05:00:00,1,50,Phatthalung Agrometeorlogical Station,7.613611,100.1175,4.15,20260105050000,55.615000343322755,126.5,2.001666683952014,5.3,30.953333632151285,0.0,1010.5966817220052,69.04000078837076,0.0,0.0
2026-01-05 06:00:00,1,50,Phatthalung Agrometeorlogical Station,7.613611,100.1175,4.15,20260105060000,62.05166727701823,45.0,2.6483333627382915,6.5,30.575000031789145,0.0,1009.8083445231119,69.58666699727377,0.0,0.0
2026-01-05 07:00:00,1,50,Phatthalung Agrometeorlogical Station,7.613611,100.1175,4.15,20260105070000,63.81666742960612,42.2,2.778333367904027,6.6,31.10333360036214,0.0,1008.580008951823,68.86833419799805,0.0,0.0
2026-01-05 08:00:00,1,50,Phatthalung Agrometeorlogical Station,7.613611,100.1175,4.15,20260105080000,58.67833391825358,129.3,2.641666696468989,6.4,30.836666838328043,0.0,1007.5700083414714,69.0216672261556,0.0,0.0
2026-01-05 09:00:00,1,50,Phatthalung Agrometeorlogical Station,7.613611,100.1175,4.15,20260105090000,61.52666702270508,64.6,2.563333362340927,6.5,30.50833355585734,0.0,1007.2000122070312,68.32500063578287,0.0,0.0
2026-01-05 10:00:00,1,50,Phatthalung Agrometeorlogical Station,7.613611,100.1175,4.15,20260105100000,60.02833391825358,25.2,2.306666695078214,5.3,29.88666715621948,0.0,1007.315010579427,68.78833363850912,0.0,0.0
2026-01-05 11:00:00,1,50,Phatthalung Agrometeorlogical Station,7.613611,100.1175,4.15,20260105110000,61.3966672261556,30.8,1.9600000232458115,5.4,28.148333708445232,0.0,1007.8416768391927,74.41000086466471,0.0,0.0
2026-01-05 12:00:00,1,50,Phatthalung Agrometeorlogical Station,7.613611,100.1175,4.15,20260105120000,60.99333388010661,39.4,1.1316666834056377,3.9,26.84666700363159,0.0,1008.5133422851562,78.81833381652832,0.0,0.0
2026-01-05 13:00:00,1,50,Phatthalung Agrometeorlogical Station,7.613611,100.1175,4.15,20260105130000,61.78333390553792,36.5,0.9266666779915492,3.0,26.34833354949951,0.0,1009.0533437093098,80.90000038146972,0.0,0.0
2026-01-05 14:00:00,1,50,Phatthalung Agrometeorlogical Station,7.613611,100.1175,4.15,20260105140000,50.75833384195963,28.1,0.8433333516120911,3.2,26.121667098999023,0.0,1009.7950042724609,82.41000061035156,0.0,0.0
2026-01-05 15:00:00,1,50,Phatthalung Agrometeorlogical Station,7.613611,100.1175,4.15,20260105150000,55.49500045776367,28.1,0.20500000454485418,1.6,25.475000190734864,0.0,1010.1800109863282,85.91833381652832,0.0,0.0
2026-01-05 16:00:00,1,50,Phatthalung Agrometeorlogical Station,7.613611,100.1175,4.15,20260105160000,121.71666920979818,135.0,0.4233333422491948,1.2,24.906666946411132,0.0,1010.4533416748047,90.87833391825357,0.0,0.0
2026-01-05 17:00:00,1,50,Phatthalung Agrometeorlogical Station,7.613611,100.1175,4.15,20260105170000,113.23666788736979,115.3,0.2900000064323346,1.2,24.661666838328042,0.0,1010.2333475748698,92.54666709899902,0.0,0.0
2026-01-05 18:00:00,1,50,Phatthalung Agrometeorlogical Station,7.613611,100.1175,4.15,20260105180000,115.84833380381266,118.0,0.27166667270163697,1.0,24.335000451405843,0.0,1009.7983418782552,94.61333401997884,0.0,0.0
2026-01-05 19:00:00,1,50,Phatthalung Agrometeorlogical Station,7.613611,100.1175,4.15,20260105190000,119.55833485921224,120.9,0.6416666811952988,1.5,23.903333568572997,0.0,1009.1633463541667,94.75666720072428,0.0,0.0
2026-01-05 20:00:00,1,50,Phatthalung Agrometeorlogical Station,7.613611,100.1175,4.15,20260105200000,113.44500109354655,129.3,0.7366666826109092,2.0,23.58000030517578,0.0,1008.3533437093099,96.17833455403645,0.0,0.0
2026-01-05 21:00:00,1,50,Phatthalung Agrometeorlogical Station,7.613611,100.1175,4.15,20260105210000,64.04333483378092,61.9,0.34500000812113285,1.6,23.2650003751119,0.0,1007.9983367919922,96.4016674041748,0.0,0.0
2026-01-05 22:00:00,1,50,Phatthalung Agrometeorlogical Station,7.613611,100.1175,4.15,20260105220000,62.041668065389,61.9,0.4216666748126348,1.1,22.808333079020183,0.0,1007.9400146484375,98.36000073750814,0.0,0.0
2026-01-05 23:00:00,1,50,Phatthalung Agrometeorlogical Station,7.613611,100.1175,4.15,20260105230000,85.9233341217041,115.3,0.67166668176651,1.8,22.715000534057616,0.0,1008.1633433024089,99.21166712443033,0.0,0.0
2026-01-06 00:00:00,1,50,Phatthalung Agrometeorlogical Station,7.613611,100.1175,4.15,20260105240000,95.45333410898844,126.5,0.6783333480358124,1.7,22.625000476837158,0.0,1008.2466786702474,99.31000086466472,0.0,0.0
2026-01-06 01:00:00,1,50,Phatthalung Agrometeorlogical Station,7.613611,100.1175,4.15,20260106010000,69.52000096638997,47.7,0.17833333710829416,1.1,23.35000034968058,0.0,1008.9083414713542,98.10500030517578,0.0,0.0
2026-01-06 02:00:00,1,50,Phatthalung Agrometeorlogical Station,7.613611,100.1175,4.15,20260106020000,101.52833474477133,123.8,0.22166667034228643,3.4,25.856666882832844,0.0,1009.8816762288411,88.08000043233235,0.0,0.0
2026-01-06 03:00:00,1,50,Phatthalung Agrometeorlogical Station,7.613611,100.1175,4.15,20260106030000,66.85500062306723,47.7,0.6883333464463551,2.4,28.278333632151284,0.0,1010.2300130208333,80.60833409627278,0.0,0.0
2026-01-06 04:00:00,1,50,Phatthalung Agrometeorlogical Station,7.613611,100.1175,4.15,20260106040000,56.67833423614502,47.7,1.1883333524068196,3.9,30.631666692097983,0.0,1010.2333424886068,72.39000078837077,0.0,0.0
2026-01-06 05:00:00,1,50,Phatthalung Agrometeorlogical Station,7.613611,100.1175,4.15,20260106050000,62.23833401997884,33.7,1.7716666917006174,5.5,30.816666571299233,0.0,1009.7833506266276,70.1216672261556,0.0,0.0
2026-01-06 06:00:00,1,50,Phatthalung Agrometeorlogical Station,7.613611,100.1175,4.15,20260106060000,77.92833410898844,132.1,2.1200000286102294,5.1,30.76500021616618,0.0,1009.3216715494792,71.01166725158691,0.0,0.0
2026-01-06 07:00:00,1,50,Phatthalung Agrometeorlogical Station,7.613611,100.1175,4.15,20260106070000,60.17500057220459,25.2,1.8800000150998433,4.5,30.666666825612385,0.0,1008.3000111897786,71.22500025431314,0.0,0.0
2026-01-06 08:00:00,1,50,Phatthalung Agrometeorlogical Station,7.613611,100.1175,4.15,20260106080000,64.37333393096924,56.2,2.285000030199687,5.0,30.2049999554952,0.0,1007.4300109863282,73.2216672261556,0.0,0.0
2026-01-06 09:00:00,1,50,Phatthalung Agrometeorlogical Station,7.613611,100.1175,4.15,20260106090000,63.80333398183187,56.2,1.85833334227403,5.0,29.23166700998942,0.0,1006.9766784667969,77.26500053405762,0.0,0.0
2026-01-06 10:00:00,1,50,Phatthalung Agrometeorlogical Station,7.613611,100.1175,4.15,20260106100000,64.40000057220459,135.0,1.8433333526055018,4.0,28.758333492279053,0.0,1006.9133422851562,78.90333379109701,0.0,0.0
2026-01-06 11:00:00,1,50,Phatthalung Agrometeorlogical Station,7.613611,100.1175,4.15,20260106110000,63.30000069936116,67.5,2.728333353996277,8.3,27.071667289733888,0.800000011920929,1007.3433420817057,87.5766674041748,0.0,0.0
2026-01-06 12:00:00,1,50,Phatthalung Agrometeorlogical Station,7.613611,100.1175,4.15,20260106120000,80.35166746775309,132.1,2.9450000325838723,6.3,25.79333340326945,0.0,1008.1233408610026,94.28000081380209,0.0,0.0
2026-01-06 13:00:00,1,50,Phatthalung Agrometeorlogical Station,7.613611,100.1175,4.15,20260106130000,69.15500062306722,64.6,2.538333378235499,5.3,25.96666653951009,0.0,1008.7750101725261,89.97833404541015,0.0,0.0
2026-01-06 14:00:00,1,50,Phatthalung Agrometeorlogical Station,7.613611,100.1175,4.15,20260106140000,61.275000445048015,25.2,1.543333351612091,5.0,26.198334089914958,0.0,1009.5466796875,91.17000020345053,0.0,0.0
2026-01-06 15:00:00,1,50,Phatthalung Agrometeorlogical Station,7.613611,100.1175,4.15,20260106150000,58.77333393096924,56.2,1.6300000230471292,4.5,26.108333746592205,0.0,1010.0733428955078,91.56000048319498,0.0,0.0
2026-01-06 16:00:00,1,50,Phatthalung Agrometeorlogical Station,7.613611,100.1175,4.15,20260106160000,102.59833437601725,50.5,1.4400000274181366,4.5,25.766666889190674,0.0,1010.3916778564453,93.46666730244955,0.0,0.0
2026-01-06 17:00:00,1,50,Phatthalung Agrometeorlogical Station,7.613611,100.1175,4.15,20260106170000,101.05666796366374,123.8,2.161666689316432,8.8,24.64166679382324,12.400000169873238,1010.1183420817057,98.84000116984049,0.0,0.0
2026-01-06 18:00:00,1,50,Phatthalung Agrometeorlogical Station,7.613611,100.1175,4.15,20260106180000,67.25666707356771,45.0,2.958333371082942,6.3,24.201667404174806,12.400000244379044,1010.0050008138021,99.9000015258789,0.0,0.0
2026-01-06 19:00:00,1,50,Phatthalung Agrometeorlogical Station,7.613611,100.1175,4.15,20260106190000,88.46666742960612,132.1,2.631666698058446,6.0,24.02500009536743,18.60000018775463,1009.5450164794922,99.9000015258789,0.0,0.0
2026-01-06 20:00:00,1,50,Phatthalung Agrometeorlogical Station,7.613611,100.1175,4.15,20260106200000,69.5383337020874,45.0,3.7683333615461985,7.8,23.7066668510437,6.8000001311302185,1009.0633371988932,99.9000015258789,0.0,0.0
2026-01-06 21:00:00,1,50,Phatthalung Agrometeorlogical Station,7.613611,100.1175,4.15,20260106210000,59.89833405812581,53.4,2.963333362340927,7.9,23.111666997273762,6.600000113248825,1009.0883402506511,99.9000015258789,0.0,0.0
2026-01-06 22:00:00,1,50,Phatthalung Agrometeorlogical Station,7.613611,100.1175,4.15,20260106220000,65.99500064849853,39.4,1.6183333456516267,4.5,23.2200000445048,5.600000098347664,1009.2933512369792,99.9000015258789,0.0,0.0
2026-01-06 23:00:00,1,50,Phatthalung Agrometeorlogical Station,7.613611,100.1175,4.15,20260106230000,73.36333389282227,123.8,1.3233333524316548,5.5,23.101666831970213,6.400000095367432,1009.3383443196615,99.9000015258789,0.0,0.0
2026-01-07 00:00:00,1,50,Phatthalung Agrometeorlogical Station,7.613611,100.1175,4.15,20260106240000,115.5016684850057,59.0,0.7466666804005703,3.7,22.738333670298257,4.200000077486038,1009.7400146484375,99.9000015258789,0.0,0.0
2026-01-07 01:00:00,1,50,Phatthalung Agrometeorlogical Station,7.613611,100.1175,4.15,20260107010000,97.16666882832845,135.0,0.35833334028720853,1.5,23.33500010172526,0.0,1009.9100118001302,99.9000015258789,0.0,0.0
2026-01-07 02:00:00,1,50,Phatthalung Agrometeorlogical Station,7.613611,100.1175,4.15,20260107020000,115.58666871388753,137.8,0.526666676128904,1.7,24.286667029062908,0.0,1010.8300099690755,99.9000015258789,0.0,0.0
2026-01-07 03:00:00,1,50,Phatthalung Agrometeorlogical Station,7.613611,100.1175,4.15,20260107030000,85.6250010808309,47.7,2.2416666970898707,6.0,25.82500031789144,0.0,1011.0733378092448,97.50166791280111,0.0,0.0
2026-01-07 04:00:00,1,50,Phatthalung Agrometeorlogical Station,7.613611,100.1175,4.15,20260107040000,72.25000063578288,47.7,3.896666713555654,8.6,27.803333568573,0.0,1010.6883402506511,85.20333417256673,0.0,0.0
2026-01-07 05:00:00,1,50,Phatthalung Agrometeorlogical Station,7.613611,100.1175,4.15,20260107050000,82.57966167643919,67.5,4.757627155821202,9.3,29.35932224079714,0.0,1009.9440783484507,78.78813636909096,0.0,0.0
2026-01-07 06:00:00,1,50,Phatthalung Agrometeorlogical Station,7.613611,100.1175,4.15,20260107060000,71.86333408355713,56.2,4.706666707992554,9.5,30.215000057220458,0.0,1008.9250071207682,75.56000035603842,0.0,0.0
2026-01-07 07:00:00,1,50,Phatthalung Agrometeorlogical Station,7.613611,100.1175,4.15,20260107070000,70.38833389282226,50.5,4.63833339214325,9.1,29.675000031789143,0.0,1007.9833435058594,74.82833353678386,0.0,0.0
2026-01-07 08:00:00,1,50,Phatthalung Agrometeorlogical Station,7.613611,100.1175,4.15,20260107080000,87.80000069936116,53.4,4.645000048478445,9.8,28.613333384195965,0.0,1007.3566772460938,81.01333414713541,0.0,0.0
2026-01-07 09:00:00,1,50,Phatthalung Agrometeorlogical Station,7.613611,100.1175,4.15,20260107090000,68.5433339436849,50.5,3.176666690905889,8.8,26.928333568573,0.0,1006.9766723632813,88.48500035603841,0.0,0.0
2026-01-07 10:00:00,1,50,Phatthalung Agrometeorlogical Station,7.613611,100.1175,4.15,20260107100000,59.59166749318441,42.2,1.796666693687439,5.0,26.51833333969116,0.0,1006.97333984375,88.42000045776368,0.0,0.0
2026-01-07 11:00:00,1,50,Phatthalung Agrometeorlogical Station,7.613611,100.1175,4.15,20260107110000,75.25333410898844,132.1,4.185000046094259,9.8,25.563333638509114,1.600000023841858,1007.7966766357422,93.37000058492025,0.0,0.0
2026-01-07 12:00:00,1,50,Phatthalung Agrometeorlogical Station,7.613611,100.1175,4.15,20260107120000,52.19166717529297,61.9,2.00500002404054,7.6,24.056666882832847,1.600000023841858,1008.7750081380208,99.55000127156576,0.0,0.0
2026-01-07 13:00:00,1,50,Phatthalung Agrometeorlogical Station,7.613611,100.1175,4.15,20260107130000,60.59000066121419,47.7,2.6800000394384065,7.0,24.60166654586792,0.0,1009.2450124104818,96.53833414713542,0.0,0.0
2026-01-07 14:00:00,1,50,Phatthalung Agrometeorlogical Station,7.613611,100.1175,4.15,20260107140000,60.66862786984911,56.2,2.9470588599934295,7.0,24.964705897312538,1.2000000327825546,1010.1019705978094,92.78823598225911,0.0,0.0
2026-01-07 15:00:00,1,50,Phatthalung Agrometeorlogical Station,7.613611,100.1175,4.15,20260107150000,64.53571455819267,45.0,2.192857188837869,6.9,24.200000762939453,0.0,1013.2428676060268,98.42857197352818,0.0,0.0
2026-01-07 16:00:00,1,50,Phatthalung Agrometeorlogical Station,7.613611,100.1175,4.15,20260107160000,62.37451044718424,126.5,2.7862745453329647,7.0,24.090196534699086,5.000000104308128,1013.4862778607537,99.57451091093175,0.0,0.0
2026-01-07 17:00:00,1,50,Phatthalung Agrometeorlogical Station,7.613611,100.1175,4.15,20260107170000,57.78500067392985,59.0,3.5100000351667404,9.0,23.486666774749757,7.400000110268593,1013.4833404541016,99.9000015258789,0.0,0.0
2026-01-07 18:00:00,1,50,Phatthalung Agrometeorlogical Station,7.613611,100.1175,4.15,20260107180000,54.170000584920246,45.0,3.0216666986544927,9.0,22.904999891916912,4.800000086426735,1013.593339029948,99.83833491007486,0.0,0.0
2026-01-07 19:00:00,1,50,Phatthalung Agrometeorlogical Station,7.613611,100.1175,4.15,20260107190000,50.875000635782875,64.6,1.3916666820645331,7.1,22.410000324249268,1.2000000178813934,1013.1533406575521,99.58833452860515,0.0,0.0
2026-01-07 20:00:00,1,50,Phatthalung Agrometeorlogical Station,7.613611,100.1175,4.15,20260107200000,69.06166718800863,61.9,3.0016667013367018,7.3,23.771666717529296,1.0000000149011612,1012.4766723632813,93.8700003306071,0.0,0.0
2026-01-07 21:00:00,1,50,Phatthalung Agrometeorlogical Station,7.613611,100.1175,4.15,20260107210000,118.87333437601725,126.5,2.578333368897438,6.4,23.215000247955324,0.20000000298023224,1012.3316772460937,98.6416675567627,0.0,0.0
2026-01-07 22:00:00,1,50,Phatthalung Agrometeorlogical Station,7.613611,100.1175,4.15,20260107220000,137.35500310262043,146.3,0.87166668176651,3.2,23.19333407084147,0.0,1011.7383473714193,99.9000015258789,0.0,0.0
2026-01-07 23:00:00,1,50,Phatthalung Agrometeorlogical Station,7.613611,100.1175,4.15,20260107230000,86.75833435058594,123.8,0.7950000149508317,2.0,23.191667397816975,0.0,1012.1850067138672,99.9000015258789,0.0,0.0
2026-01-08 00:00:00,1,50,Phatthalung Agrometeorlogical Station,7.613611,100.1175,4.15,20260107240000,107.53166770935059,126.5,1.301666690905889,3.0,22.92333370844523,0.0,1012.9350087483724,99.9000015258789,0.0,0.0
2026-01-08 01:00:00,1,50,Phatthalung Agrometeorlogical Station,7.613611,100.1175,4.15,20260108010000,82.99666805267334,64.6,0.47500001130004726,2.2,22.925000127156576,0.4000000059604645,1013.5583404541015,99.9000015258789,0.0,0.0
2026-01-08 02:00:00,1,50,Phatthalung Agrometeorlogical Station,7.613611,100.1175,4.15,20260108020000,65.85000089009603,118.0,0.5833333440124988,2.4,24.918333530426025,0.0,1014.3033426920573,96.1016668955485,0.0,0.0
2026-01-08 03:00:00,1,50,Phatthalung Agrometeorlogical Station,7.613611,100.1175,4.15,20260108030000,68.87166767120361,120.9,0.8766666823377212,3.2,27.69333356221517,0.0,1014.6616770426432,85.96000073750814,0.0,0.0
2026-01-08 04:00:00,1,50,Phatthalung Agrometeorlogical Station,7.613611,100.1175,4.15,20260108040000,87.17833391825359,132.1,2.2583333551883698,5.0,29.153333377838134,0.0,1014.5866760253906,81.19166717529296,0.0,0.0
2026-01-08 05:00:00,1,50,Phatthalung Agrometeorlogical Station,7.613611,100.1175,4.15,20260108050000,71.41500059763591,67.5,2.9516667048136394,7.0,29.10833355585734,0.20000000298023224,1014.0466725667318,80.30000038146973,0.0,0.0
2026-01-08 06:00:00,1,50,Phatthalung Agrometeorlogical Station,7.613611,100.1175,4.15,20260108060000,62.36333408355713,123.8,3.210000040133794,8.6,28.350000381469727,0.0,1013.3116739908854,81.28833351135253,0.0,0.0
2026-01-08 07:00:00,1,50,Phatthalung Agrometeorlogical Station,7.613611,100.1175,4.15,20260108070000,70.91833368937175,64.6,3.583333361148834,8.6,29.98166694641113,0.0,1012.3950073242188,73.54833424886068,0.0,0.0
2026-01-08 08:00:00,1,50,Phatthalung Agrometeorlogical Station,7.613611,100.1175,4.15,20260108080000,71.11666742960612,59.0,4.700000019868215,8.6,30.211666997273763,0.20000000298023224,1011.8300059000651,70.96833432515463,0.0,0.0
2026-01-08 09:00:00,1,50,Phatthalung Agrometeorlogical Station,7.613611,100.1175,4.15,20260108090000,65.15166734059652,129.3,3.4200000325838724,7.5,29.510000292460123,0.0,1011.3650146484375,72.97000045776367,0.0,0.0
2026-01-08 10:00:00,1,50,Phatthalung Agrometeorlogical Station,7.613611,100.1175,4.15,20260108100000,66.99666748046874,47.7,3.23500003417333,6.8,28.326667054494223,0.0,1011.2233469645182,80.02833417256673,0.0,0.0
2026-01-08 11:00:00,1,50,Phatthalung Agrometeorlogical Station,7.613611,100.1175,4.15,20260108110000,62.18000055948893,33.7,3.100000031789144,7.4,27.626666990915933,0.0,1011.5500101725261,80.56666692097981,0.0,0.0
2026-01-08 12:00:00,1,50,Phatthalung Agrometeorlogical Station,7.613611,100.1175,4.15,20260108120000,75.87166716257731,132.1,3.056666707992554,6.6,26.91666695276896,0.0,1012.4716756184896,83.2400006612142,0.0,0.0
2026-01-08 13:00:00,1,50,Phatthalung Agrometeorlogical Station,7.613611,100.1175,4.15,20260108130000,89.94666716257731,50.5,3.6416667103767395,7.5,25.518333371480306,0.0,1013.445009358724,93.12833404541016,0.0,0.0
2026-01-08 14:00:00,1,50,Phatthalung Agrometeorlogical Station,7.613611,100.1175,4.15,20260108140000,94.10166708628337,47.7,3.621666701634725,7.0,24.985000069936117,0.800000011920929,1014.2633443196614,94.06000048319498,0.0,0.0
2026-01-08 15:00:00,1,50,Phatthalung Agrometeorlogical Station,7.613611,100.1175,4.15,20260108150000,77.78333390553793,126.5,1.8983333516865968,6.0,24.665000216166177,0.0,1014.4183390299479,95.87500038146973,0.0,0.0
2026-01-08 16:00:00,1,50,Phatthalung Agrometeorlogical Station,7.613611,100.1175,4.15,20260108160000,66.56000054677328,59.0,3.163333368301392,7.5,25.983333587646484,0.0,1014.2466817220052,86.2433339436849,0.0,0.0
2026-01-08 17:00:00,1,50,Phatthalung Agrometeorlogical Station,7.613611,100.1175,4.15,20260108170000,65.79000053405761,56.2,2.906666700045268,6.8,26.200000762939453,0.0,1014.0800048828125,82.87833391825357,0.0,0.0
2026-01-08 18:00:00,1,50,Phatthalung Agrometeorlogical Station,7.613611,100.1175,4.15,20260108180000,66.36500078837076,42.2,2.690000037352244,6.4,26.20500068664551,0.0,1013.8366709391277,81.70833358764648,0.0,0.0
2026-01-08 19:00:00,1,50,Phatthalung Agrometeorlogical Station,7.613611,100.1175,4.15,20260108190000,62.32500095367432,45.0,2.6233333587646483,6.0,26.198334089914958,0.0,1013.4083374023437,82.18666712443034,0.0,0.0
2026-01-08 20:00:00,1,50,Phatthalung Agrometeorlogical Station,7.613611,100.1175,4.15,20260108200000,61.74333388010661,50.5,2.2750000317891437,5.9,26.013333479563396,0.0,1012.7933400472006,83.00666732788086,0.0,0.0
2026-01-08 21:00:00,1,50,Phatthalung Agrometeorlogical Station,7.613611,100.1175,4.15,20260108210000,62.04000072479248,61.9,1.683333350221316,4.5,25.4166664759318,0.0,1012.1533426920573,84.91333414713542,0.0,0.0
2026-01-08 22:00:00,1,50,Phatthalung Agrometeorlogical Station,7.613611,100.1175,4.15,20260108220000,58.251667467753094,45.0,0.7716666802763938,3.2,24.855000305175782,0.0,1012.3200113932292,87.52000020345052,0.0,0.0
2026-01-08 23:00:00,1,50,Phatthalung Agrometeorlogical Station,7.613611,100.1175,4.15,20260108230000,50.99166723887126,45.0,0.5933333434164524,2.7,24.34499994913737,0.0,1012.5,91.16500040690104,0.0,0.0
2026-01-09 00:00:00,1,50,Phatthalung Agrometeorlogical Station,7.613611,100.1175,4.15,20260108240000,86.40666859944662,67.5,0.5916666803260644,2.0,23.895000235239664,0.0,1012.6400085449219,94.48666712443034,0.0,0.0
2026-01-09 01:00:00,1,50,Phatthalung Agrometeorlogical Station,7.613611,100.1175,4.15,20260109010000,87.34666748046875,59.0,0.3766666742662589,1.3,24.371666940053306,0.0,1013.2050140380859,94.69666697184245,0.0,0.0
2026-01-09 02:00:00,1,50,Phatthalung Agrometeorlogical Station,7.613611,100.1175,4.15,20260109020000,66.96833426157633,56.2,1.4500000139077505,4.0,27.101666768391926,0.0,1014.1833445231119,82.58666725158692,0.0,0.0
2026-01-09 03:00:00,1,50,Phatthalung Agrometeorlogical Station,7.613611,100.1175,4.15,20260109030000,56.72666727701823,25.2,1.4150000174840291,5.1,26.088333479563396,0.4000000059604645,1014.6800099690755,88.15666720072429,0.0,0.0
2026-01-09 04:00:00,1,50,Phatthalung Agrometeorlogical Station,7.613611,100.1175,4.15,20260109040000,44.000000635782875,61.9,0.7800000153481961,2.0,25.93333371480306,0.0,1014.588345336914,91.77833391825358,0.0,0.0
2026-01-09 05:00:00,1,50,Phatthalung Agrometeorlogical Station,7.613611,100.1175,4.15,20260109050000,52.615000597635905,42.2,1.3133333501716455,4.1,28.148333644866945,0.0,1013.8283447265625,82.10166714986165,0.0,0.0
2026-01-09 06:00:00,1,50,Phatthalung Agrometeorlogical Station,7.613611,100.1175,4.15,20260109060000,67.95000069936117,67.5,2.7250000298023225,5.9,28.813333384195964,0.0,1012.9366739908854,75.58166720072428,0.0,0.0
2026-01-09 07:00:00,1,50,Phatthalung Agrometeorlogical Station,7.613611,100.1175,4.15,20260109070000,62.640000406901045,36.5,2.0883333653211595,5.9,27.215000343322753,0.0,1012.1933400472005,80.17333424886068,0.0,0.0
2026-01-09 08:00:00,1,50,Phatthalung Agrometeorlogical Station,7.613611,100.1175,4.15,20260109080000,62.903333791097005,61.9,2.161666691303253,5.9,26.97666680018107,0.0,1011.5816792805989,79.50000063578288,0.0,0.0
2026-01-09 09:00:00,1,50,Phatthalung Agrometeorlogical Station,7.613611,100.1175,4.15,20260109090000,66.12333386739095,36.5,2.3166666984558106,5.1,27.173333581288656,0.0,1011.0866719563802,79.18166669209798,0.0,0.0
2026-01-09 10:00:00,1,50,Phatthalung Agrometeorlogical Station,7.613611,100.1175,4.15,20260109100000,66.10166727701822,47.7,1.9583333512147267,4.5,26.871666940053306,0.0,1011.5100087483723,79.19333394368489,0.0,0.0
2026-01-09 11:00:00,1,50,Phatthalung Agrometeorlogical Station,7.613611,100.1175,4.15,20260109110000,63.42500069936116,33.7,2.135000026226044,5.5,26.676667086283366,0.0,1012.008344523112,79.41166725158692,0.0,0.0
2026-01-09 12:00:00,1,50,Phatthalung Agrometeorlogical Station,7.613611,100.1175,4.15,20260109120000,66.58333365122478,64.6,1.9266666849454244,4.5,26.301666450500488,0.0,1012.496674601237,81.08833401997884,0.0,0.0
2026-01-09 13:00:00,1,50,Phatthalung Agrometeorlogical Station,7.613611,100.1175,4.15,20260109130000,65.30000038146973,28.1,1.8933333496252696,4.8,26.203334045410156,0.0,1013.0166798909505,81.9216672261556,0.0,0.0
2026-01-09 14:00:00,1,50,Phatthalung Agrometeorlogical Station,7.613611,100.1175,4.15,20260109140000,65.16500053405761,120.9,1.7366666873296102,3.9,26.200000762939453,0.0,1013.7700154622396,82.53666725158692,0.0,0.0
2026-01-09 15:00:00,1,50,Phatthalung Agrometeorlogical Station,7.613611,100.1175,4.15,20260109150000,66.14333381652833,67.5,1.5600000113248824,4.1,26.136667188008627,0.0,1013.9916687011719,84.36166763305664,0.0,0.0
2026-01-09 16:00:00,1,50,Phatthalung Agrometeorlogical Station,7.613611,100.1175,4.15,20260109160000,63.74666741689046,25.2,1.4433333416779837,4.6,25.84333349863688,0.0,1013.8050150553386,87.56833394368489,0.0,0.0
2026-01-09 17:00:00,1,50,Phatthalung Agrometeorlogical Station,7.613611,100.1175,4.15,20260109170000,61.03666725158691,45.0,1.8616666883230208,5.0,25.71666717529297,0.0,1013.6783447265625,86.9366673787435,0.0,0.0
2026-01-09 18:00:00,1,50,Phatthalung Agrometeorlogical Station,7.613611,100.1175,4.15,20260109180000,58.97333393096924,28.1,1.736666676402092,4.4,25.63166700998942,0.0,1013.2833506266276,85.8433339436849,0.0,0.0
2026-01-09 19:00:00,1,50,Phatthalung Agrometeorlogical Station,7.613611,100.1175,4.15,20260109190000,60.69666728973389,39.4,1.7150000184774399,4.8,25.43833325703939,0.0,1012.7016733805339,85.33166694641113,0.0,0.0
2026-01-09 20:00:00,1,50,Phatthalung Agrometeorlogical Station,7.613611,100.1175,4.15,20260109200000,61.55166721343994,59.0,1.643333343664805,3.7,25.21333386103312,0.0,1012.2166768391927,84.58333346048991,0.0,0.0
2026-01-09 21:00:00,1,50,Phatthalung Agrometeorlogical Station,7.613611,100.1175,4.15,20260109210000,61.131667137145996,42.2,1.1650000150005022,3.7,24.76333376566569,0.0,1011.8733469645182,86.1683339436849,0.0,0.0
2026-01-09 22:00:00,1,50,Phatthalung Agrometeorlogical Station,7.613611,100.1175,4.15,20260109220000,60.79666728973389,39.4,0.751666680475076,2.7,24.608333746592205,0.0,1011.8800099690756,88.16166737874349,0.0,0.0
2026-01-09 23:00:00,1,50,Phatthalung Agrometeorlogical Station,7.613611,100.1175,4.15,20260109230000,88.23666801452637,120.9,0.36666667374471823,1.2,24.040000343322752,0.0,1012.3983428955078,93.55166753133138,0.0,0.0
2026-01-10 00:00:00,1,50,Phatthalung Agrometeorlogical Station,7.613611,100.1175,4.15,20260109240000,109.94833475748698,129.3,0.35833333966632686,1.2,22.975000222524006,0.0,1012.5766723632812,97.63666750590006,0.0,0.0
2026-01-10 01:00:00,1,50,Phatthalung Agrometeorlogical Station,7.613611,100.1175,4.15,20260110010000,100.83166720072428,120.9,0.3666666710128387,1.7,23.490000279744468,0.0,1013.1266743977865,98.09833399454753,0.0,0.0
2026-01-10 02:00:00,1,50,Phatthalung Agrometeorlogical Station,7.613611,100.1175,4.15,20260110020000,80.02333393096924,50.5,1.6383333511650562,4.9,27.878333568572998,0.0,1014.0083424886068,78.74666697184244,0.0,0.0
2026-01-10 03:00:00,1,50,Phatthalung Agrometeorlogical Station,7.613611,100.1175,4.15,20260110030000,64.78833408355713,61.9,1.6983333577712376,4.3,29.056666978200276,0.0,1014.1200073242187,72.46666692097982,0.0,0.0
2026-01-10 04:00:00,1,50,Phatthalung Agrometeorlogical Station,7.613611,100.1175,4.15,20260110040000,61.226667340596514,135.0,1.8216666837533315,5.5,28.716667016347248,0.0,1014.0566752115885,73.62833455403646,0.0,0.0
2026-01-10 05:00:00,1,50,Phatthalung Agrometeorlogical Station,7.613611,100.1175,4.15,20260110050000,62.8116673151652,135.0,2.51525426315049,6.0,29.46101718837932,0.0,1013.8067895921611,70.03220445018704,0.0,0.0
2026-01-10 06:00:00,1,50,Phatthalung Agrometeorlogical Station,7.613611,100.1175,4.15,20260110060000,68.55333404541015,126.5,2.9866667071978252,5.9,29.70833381017049,0.0,1013.010009765625,68.26833407084148,0.0,0.0
2026-01-10 07:00:00,1,50,Phatthalung Agrometeorlogical Station,7.613611,100.1175,4.15,20260110070000,62.941667556762695,64.6,2.975000035762787,5.8,30.306666882832847,0.0,1012.0716756184896,64.99500090281168,0.0,0.0
2026-01-10 08:00:00,1,50,Phatthalung Agrometeorlogical Station,7.613611,100.1175,4.15,20260110080000,66.50833396911621,56.2,2.8483333686987558,5.8,30.11666701634725,0.0,1011.2916737874349,65.66333382924398,0.0,0.0
2026-01-10 09:00:00,1,50,Phatthalung Agrometeorlogical Station,7.613611,100.1175,4.15,20260110090000,64.83000036875407,30.8,2.6250000298023224,5.8,29.998333422342935,0.0,1011.0166676839193,65.11000054677328,0.0,0.0
2026-01-10 10:00:00,1,50,Phatthalung Agrometeorlogical Station,7.613611,100.1175,4.15,20260110100000,69.85500068664551,126.5,2.7150000373522443,6.1,29.519999949137368,0.0,1011.3683441162109,65.88833389282226,0.0,0.0
2026-01-10 11:00:00,1,50,Phatthalung Agrometeorlogical Station,7.613611,100.1175,4.15,20260110110000,66.36666717529297,67.5,2.194915282524238,5.3,27.650847645129186,0.0,1011.7288239042638,71.07966135315976,0.0,0.0
2026-01-10 12:00:00,1,50,Phatthalung Agrometeorlogical Station,7.613611,100.1175,4.15,20260110120000,64.25666720072428,132.1,1.621666685740153,4.0,26.10833361943563,0.0,1012.2366780598958,76.9600003560384,0.0,0.0
2026-01-10 13:00:00,1,50,Phatthalung Agrometeorlogical Station,7.613611,100.1175,4.15,20260110130000,64.15000069936117,64.6,1.291666685541471,3.2,25.396666431427,0.0,1012.7600087483723,80.31833394368489,0.0,0.0
2026-01-10 14:00:00,1,50,Phatthalung Agrometeorlogical Station,7.613611,100.1175,4.15,20260110140000,61.6850004196167,132.1,0.8716666837533315,2.5,25.201667404174806,0.0,1013.5066762288411,82.11666742960612,0.0,0.0
2026-01-10 15:00:00,1,50,Phatthalung Agrometeorlogical Station,7.613611,100.1175,4.15,20260110150000,88.22000096638997,126.5,0.19166667113701502,1.2,24.995000425974528,0.0,1013.9916687011719,86.18166720072428,0.0,0.0
2026-01-10 16:00:00,1,50,Phatthalung Agrometeorlogical Station,7.613611,100.1175,4.15,20260110160000,103.99333635965984,120.9,0.16166667056580383,1.0,24.22000020345052,0.0,1013.9800048828125,90.22000045776367,0.0,0.0
2026-01-10 17:00:00,1,50,Phatthalung Agrometeorlogical Station,7.613611,100.1175,4.15,20260110170000,133.73500188191733,126.5,0.3116666739185651,0.8,23.148333581288657,0.0,1013.9050099690755,95.67833366394044,0.0,0.0
2026-01-10 18:00:00,1,50,Phatthalung Agrometeorlogical Station,7.613611,100.1175,4.15,20260110180000,122.63000297546387,129.3,0.3366666741669178,0.8,22.57666695912679,0.0,1013.858349609375,98.29833399454752,0.0,0.0
2026-01-10 19:00:00,1,50,Phatthalung Agrometeorlogical Station,7.613611,100.1175,4.15,20260110190000,73.33166732788087,115.3,0.4600000092138847,1.5,22.39166685740153,0.0,1013.7933502197266,98.78500111897786,0.0,0.0
2026-01-10 20:00:00,1,50,Phatthalung Agrometeorlogical Station,7.613611,100.1175,4.15,20260110200000,63.44333400726318,132.1,0.3350000067303578,1.2,21.816666952768962,0.0,1013.2500111897787,99.76333465576172,0.0,0.0
2026-01-10 21:00:00,1,50,Phatthalung Agrometeorlogical Station,7.613611,100.1175,4.15,20260110210000,94.91833464304607,135.0,0.35333334021270274,1.2,21.845000171661376,0.0,1013.136675008138,99.9000015258789,0.0,0.0
2026-01-10 22:00:00,1,50,Phatthalung Agrometeorlogical Station,7.613611,100.1175,4.15,20260110220000,116.47500114440918,120.9,0.36333334172765414,1.1,21.595000076293946,0.0,1013.3150065104167,99.9000015258789,0.0,0.0
2026-01-10 23:00:00,1,50,Phatthalung Agrometeorlogical Station,7.613611,100.1175,4.15,20260110230000,121.78667011260987,132.1,0.4866666787614425,1.5,21.83333339691162,0.0,1013.5800048828125,99.83666788736979,0.0,0.0
2026-01-11 00:00:00,1,50,Phatthalung Agrometeorlogical Station,7.613611,100.1175,4.15,20260110240000,116.43166758219401,59.0,0.25000000608464085,1.0,21.418333689371746,0.0,1014.0266754150391,99.89500160217285,0.0,0.0
2026-01-11 01:00:00,1,50,Phatthalung Agrometeorlogical Station,7.613611,100.1175,4.15,20260111010000,121.05333455403645,126.5,0.2750000059604645,1.1,22.236666838328045,0.0,1014.7750091552734,98.47833468119303,0.0,0.0
2026-01-11 02:00:00,1,50,Phatthalung Agrometeorlogical Station,7.613611,100.1175,4.15,20260111020000,104.78666756947835,132.1,0.3316666739682356,1.7,25.57000026702881,0.0,1015.5983428955078,86.51833368937174,0.0,0.0
2026-01-11 03:00:00,1,50,Phatthalung Agrometeorlogical Station,7.613611,100.1175,4.15,20260111030000,72.56000076929728,135.0,0.8050000118712585,4.3,28.503333695729573,0.0,1016.1233408610026,75.91000073750814,0.0,0.0
2026-01-11 04:00:00,1,50,Phatthalung Agrometeorlogical Station,7.613611,100.1175,4.15,20260111040000,74.6183338801066,53.4,2.435000028212865,5.0,29.890000279744466,0.0,1016.058339436849,69.05166740417481,0.0,0.0
2026-01-11 05:00:00,1,50,Phatthalung Agrometeorlogical Station,7.613611,100.1175,4.15,20260111050000,74.47833410898845,61.9,2.846666701634725,5.9,30.366666762034097,0.0,1015.5466725667318,66.13833344777426,0.0,0.0
2026-01-11 06:00:00,1,50,Phatthalung Agrometeorlogical Station,7.613611,100.1175,4.15,20260111060000,70.40166721343994,47.7,3.4200000365575156,7.1,30.281666978200278,0.0,1014.8200083414714,66.34333419799805,0.0,0.0
2026-01-11 07:00:00,1,50,Phatthalung Agrometeorlogical Station,7.613611,100.1175,4.15,20260111070000,71.24333400726319,50.5,3.5633333683013917,6.6,30.148333581288657,0.0,1013.8450083414714,64.55166708628336,0.0,0.0
2026-01-11 08:00:00,1,50,Phatthalung Agrometeorlogical Station,7.613611,100.1175,4.15,20260111080000,65.90500062306722,56.2,2.8116667052110036,6.4,29.99333356221517,0.0,1013.0683461507161,62.66833368937174,0.0,0.0
2026-01-11 09:00:00,1,50,Phatthalung Agrometeorlogical Station,7.613611,100.1175,4.15,20260111090000,58.143333943684894,132.1,2.6016667048136393,5.8,29.5566668510437,0.0,1012.7100128173828,61.418334007263184,0.0,0.0
2026-01-11 10:00:00,1,50,Phatthalung Agrometeorlogical Station,7.613611,100.1175,4.15,20260111100000,60.10833396911621,30.8,2.360000026226044,5.5,29.291666920979818,0.0,1012.8066813151041,60.28166732788086,0.0,0.0
2026-01-11 11:00:00,1,50,Phatthalung Agrometeorlogical Station,7.613611,100.1175,4.15,20260111110000,62.438333956400555,39.4,1.6350000222524008,4.6,26.950000381469728,0.0,1012.9166778564453,67.6883342107137,0.0,0.0
2026-01-11 12:00:00,1,50,Phatthalung Agrometeorlogical Station,7.613611,100.1175,4.15,20260111120000,62.36333395640055,42.2,1.4950000087420146,3.5,25.63833351135254,0.0,1013.2900105794271,74.05166765848796,0.0,0.0
2026-01-11 13:00:00,1,50,Phatthalung Agrometeorlogical Station,7.613611,100.1175,4.15,20260111130000,66.45000031789144,50.5,1.275000015894572,3.2,25.233333396911622,0.0,1013.7000091552734,77.45000076293945,0.0,0.0
2026-01-11 14:00:00,1,50,Phatthalung Agrometeorlogical Station,7.613611,100.1175,4.15,20260111140000,64.11833400726319,61.9,1.1833333534499009,3.7,25.163333797454833,0.0,1014.0916717529296,79.9500005086263,0.0,0.0
2026-01-11 15:00:00,1,50,Phatthalung Agrometeorlogical Station,7.613611,100.1175,4.15,20260111150000,86.97666734059652,67.5,0.5550000080217917,2.7,24.008333524068195,0.0,1014.5766754150391,85.16000035603841,0.0,0.0
2026-01-11 16:00:00,1,50,Phatthalung Agrometeorlogical Station,7.613611,100.1175,4.15,20260111160000,120.33166758219402,118.0,0.6216666789104541,1.3,22.910000133514405,0.0,1014.5366689046224,93.68166694641113,0.0,0.0
2026-01-11 17:00:00,1,50,Phatthalung Agrometeorlogical Station,7.613611,100.1175,4.15,20260111170000,120.72500076293946,123.8,0.7716666794071595,1.7,22.608333587646484,0.0,1014.5216725667318,94.32000071207682,0.0,0.0
2026-01-11 18:00:00,1,50,Phatthalung Agrometeorlogical Station,7.613611,100.1175,4.15,20260111180000,122.9983351389567,115.3,0.4783333434412877,1.3,22.03333346048991,0.0,1014.3866770426432,96.42500076293945,0.0,0.0
2026-01-11 19:00:00,1,50,Phatthalung Agrometeorlogical Station,7.613611,100.1175,4.15,20260111190000,121.90666745503744,115.3,0.47166667530934014,1.2,21.700000381469728,0.0,1013.9333414713542,97.23666763305664,0.0,0.0
2026-01-11 20:00:00,1,50,Phatthalung Agrometeorlogical Station,7.613611,100.1175,4.15,20260111200000,122.55166791280111,115.3,0.7733333468437195,1.7,21.574999841054282,0.0,1013.4883443196615,97.97166748046875,0.0,0.0
2026-01-11 21:00:00,1,50,Phatthalung Agrometeorlogical Station,7.613611,100.1175,4.15,20260111210000,123.43166745503744,120.9,0.44666667679945626,1.6,21.586666933695476,0.0,1013.3966786702474,98.28500073750814,0.0,0.0
2026-01-11 22:00:00,1,50,Phatthalung Agrometeorlogical Station,7.613611,100.1175,4.15,20260111220000,126.5,126.5,0.013333333532015483,0.6,21.111666774749757,0.0,1013.3650166829427,99.33166809082032,0.0,0.0
2026-01-11 23:00:00,1,50,Phatthalung Agrometeorlogical Station,7.613611,100.1175,4.15,20260111230000,124.69666697184245,126.5,0.17500000347693762,0.8,20.875000095367433,0.0,1013.4950012207031,99.9000015258789,0.0,0.0
2026-01-12 00:00:00,1,50,Phatthalung Agrometeorlogical Station,7.613611,100.1175,4.15,20260111240000,124.29833386739095,126.5,0.05833333445092042,0.6,20.516666730244953,0.0,1013.7100067138672,99.9000015258789,0.0,0.0
2026-01-12 01:00:00,1,50,Phatthalung Agrometeorlogical Station,7.613611,100.1175,4.15,20260112010000,112.81166744232178,64.6,0.13500000375012558,1.2,21.425000286102296,0.0,1014.6133453369141,99.88500150044759,0.0,0.0
2026-01-12 02:00:00,1,50,Phatthalung Agrometeorlogical Station,7.613611,100.1175,4.15,20260112020000,89.02666759490967,115.3,0.730000016093254,2.0,25.013333574930826,0.0,1015.3850128173829,86.93500073750813,0.0,0.0
2026-01-12 03:00:00,1,50,Phatthalung Agrometeorlogical Station,7.613611,100.1175,4.15,20260112030000,97.89500144322713,126.5,0.7150000107785066,2.4,28.453333791097005,0.0,1015.6750101725261,72.74166730244954,0.0,0.0
2026-01-12 04:00:00,1,50,Phatthalung Agrometeorlogical Station,7.613611,100.1175,4.15,20260112040000,77.16333446502685,53.4,1.4200000122189522,4.3,30.281666882832845,0.0,1015.613340250651,66.65000057220459,0.0,0.0
2026-01-12 05:00:00,1,50,Phatthalung Agrometeorlogical Station,7.613611,100.1175,4.15,20260112050000,78.35500062306723,64.6,2.7950000286102297,5.3,30.465000120798745,0.0,1015.1500091552734,64.42166728973389,0.0,0.0
2026-01-12 06:00:00,1,50,Phatthalung Agrometeorlogical Station,7.613611,100.1175,4.15,20260112060000,72.29500039418538,129.3,2.5850000301996867,6.3,30.56000000635783,0.0,1014.3933400472005,64.50666745503743,0.0,0.0
2026-01-12 07:00:00,1,50,Phatthalung Agrometeorlogical Station,7.613611,100.1175,4.15,20260112070000,67.93166726430258,47.7,2.88000003695488,6.0,30.560000292460124,0.0,1013.3083455403646,63.365000597635905,0.0,0.0
2026-01-12 08:00:00,1,50,Phatthalung Agrometeorlogical Station,7.613611,100.1175,4.15,20260112080000,69.80500062306722,123.8,2.7116666893164316,6.0,30.52833344141642,0.0,1012.4300140380859,62.26000061035156,0.0,0.0
2026-01-12 09:00:00,1,50,Phatthalung Agrometeorlogical Station,7.613611,100.1175,4.15,20260112090000,75.63166758219401,47.7,2.960000024239222,5.5,30.291666984558105,0.0,1012.026670328776,63.43000055948893,0.0,0.0
2026-01-12 10:00:00,1,50,Phatthalung Agrometeorlogical Station,7.613611,100.1175,4.15,20260112100000,72.25500049591065,123.8,2.475000023841858,5.4,29.77000052134196,0.0,1012.0566721598308,64.00000044504802,0.0,0.0
2026-01-12 11:00:00,1,50,Phatthalung Agrometeorlogical Station,7.613611,100.1175,4.15,20260112110000,73.67333399454752,47.7,2.1866666893164317,5.3,27.788333574930828,0.0,1012.1266743977865,71.47000058492024,0.0,0.0
2026-01-12 12:00:00,1,50,Phatthalung Agrometeorlogical Station,7.613611,100.1175,4.15,20260112120000,85.38333396911621,50.5,0.9666666823128859,3.5,25.715000216166178,0.0,1012.4116729736328,81.10666732788086,0.0,0.0
2026-01-12 13:00:00,1,50,Phatthalung Agrometeorlogical Station,7.613611,100.1175,4.15,20260112130000,79.42166709899902,64.6,0.1583333369344473,1.3,24.288333638509116,0.0,1012.9966776529948,90.36166725158691,0.0,0.0
2026-01-12 14:00:00,1,50,Phatthalung Agrometeorlogical Station,7.613611,100.1175,4.15,20260112140000,115.27833474477133,123.8,0.24666667071481546,0.8,23.878333632151286,0.0,1013.7583465576172,93.60500055948893,0.0,0.0
2026-01-12 15:00:00,1,50,Phatthalung Agrometeorlogical Station,7.613611,100.1175,4.15,20260112150000,120.69000104268392,115.3,0.6666666797051827,1.6,23.318333276112874,0.0,1014.3000091552734,95.838334274292,0.0,0.0
2026-01-12 16:00:00,1,50,Phatthalung Agrometeorlogical Station,7.613611,100.1175,4.15,20260112160000,127.79833501180013,115.3,0.4983333457261324,1.7,23.23833325703939,0.0,1012.7366770426432,94.55333353678385,0.0,0.0
2026-01-12 17:00:00,1,50,Phatthalung Agrometeorlogical Station,7.613611,100.1175,4.15,20260112170000,119.0750005086263,120.9,0.7816666812946399,2.4,22.68500057856242,0.0,1011.5866719563802,94.84833386739095,0.0,0.0
2026-01-12 18:00:00,1,50,Phatthalung Agrometeorlogical Station,7.613611,100.1175,4.15,20260112180000,113.78833586374918,61.9,0.08166666825612386,1.0,22.388333733876546,0.0,1011.5650126139323,96.6733341217041,0.0,0.0
2026-01-12 19:00:00,1,50,Phatthalung Agrometeorlogical Station,7.613611,100.1175,4.15,20260112190000,123.80000305175781,123.8,0.061666667461395264,0.6,21.778333155314126,0.0,1011.0900085449218,99.20333340962728,0.0,0.0
2026-01-12 20:00:00,1,50,Phatthalung Agrometeorlogical Station,7.613611,100.1175,4.15,20260112200000,123.80000305175781,123.8,0.07000000203649202,0.6,21.50166670481364,0.0,1010.6800109863282,99.89166831970215,0.0,0.0
2026-01-12 21:00:00,1,50,Phatthalung Agrometeorlogical Station,7.613611,100.1175,4.15,20260112210000,123.80000305175781,123.8,0.16000000424683095,0.8,21.353333218892416,0.0,1010.4066731770833,99.9000015258789,0.0,0.0
2026-01-12 22:00:00,1,50,Phatthalung Agrometeorlogical Station,7.613611,100.1175,4.15,20260112220000,123.80000305175781,123.8,0.04333333385487397,0.6,21.10500036875407,0.0,1010.4283437093098,99.9000015258789,0.0,0.0
2026-01-12 23:00:00,1,50,Phatthalung Agrometeorlogical Station,7.613611,100.1175,4.15,20260112230000,123.80000305175781,123.8,0.03166666713853677,0.6,20.919999758402508,0.0,1010.6500091552734,99.9000015258789,0.0,0.0
2026-01-13 00:00:00,1,50,Phatthalung Agrometeorlogical Station,7.613611,100.1175,4.15,20260112240000,87.45833466847738,120.9,0.23666667205591996,1.2,20.81999963124593,0.0,1011.0750122070312,99.9000015258789,0.0,0.0
2026-01-13 01:00:00,1,50,Phatthalung Agrometeorlogical Station,7.613611,100.1175,4.15,20260113010000,85.12833474477132,118.0,0.3850000075995922,2.2,22.133333524068195,0.0,1011.7550099690756,99.8033348083496,0.0,0.0
2026-01-13 02:00:00,1,50,Phatthalung Agrometeorlogical Station,7.613611,100.1175,4.15,20260113020000,111.6083345413208,118.0,1.07333334411184,2.5,25.6483336130778,0.0,1012.2216756184896,87.24333381652832,0.0,0.0
2026-01-13 03:00:00,1,50,Phatthalung Agrometeorlogical Station,7.613611,100.1175,4.15,20260113030000,116.27666873931885,115.3,0.770000014702479,2.0,28.405000273386637,0.0,1012.3850107828777,75.88333409627279,0.0,0.0
2026-01-13 04:00:00,1,50,Phatthalung Agrometeorlogical Station,7.613611,100.1175,4.15,20260113040000,84.88333441416422,53.4,0.8800000150998434,2.5,29.493333594004312,0.0,1012.1633433024089,72.9683339436849,0.0,0.0
2026-01-13 05:00:00,1,50,Phatthalung Agrometeorlogical Station,7.613611,100.1175,4.15,20260113050000,71.5383337020874,47.7,1.8566666851441065,4.4,30.633333524068195,0.0,1011.6150115966797,69.40166778564453,0.0,0.0
2026-01-13 06:00:00,1,50,Phatthalung Agrometeorlogical Station,7.613611,100.1175,4.15,20260113060000,61.39833405812581,33.7,2.0816666851441066,5.4,30.741666825612388,0.0,1010.6583435058594,68.7216672261556,0.0,0.0
2026-01-13 07:00:00,1,50,Phatthalung Agrometeorlogical Station,7.613611,100.1175,4.15,20260113070000,65.78333428700765,47.7,2.6900000393390657,6.1,30.78166659673055,0.0,1009.4833435058594,69.1950008392334,0.0,0.0
2026-01-13 08:00:00,1,50,Phatthalung Agrometeorlogical Station,7.613611,100.1175,4.15,20260113080000,62.90833384195964,61.9,2.843333371480306,7.0,30.57666670481364,0.0,1008.2566752115886,70.41666730244954,0.0,0.0
2026-01-13 09:00:00,1,50,Phatthalung Agrometeorlogical Station,7.613611,100.1175,4.15,20260113090000,70.91166712443034,56.2,3.06833336353302,6.6,30.24833370844523,0.0,1007.8650146484375,69.79000078837076,0.0,0.0
2026-01-13 10:00:00,1,50,Phatthalung Agrometeorlogical Station,7.613611,100.1175,4.15,20260113100000,71.51000054677327,67.5,3.3533333778381347,6.0,29.71333360671997,0.0,1007.8266784667969,70.04833399454752,0.0,0.0
2026-01-13 11:00:00,1,50,Phatthalung Agrometeorlogical Station,7.613611,100.1175,4.15,20260113110000,68.95833390553793,135.0,2.445000026623408,5.1,27.960000228881835,0.0,1007.9150105794271,75.22166697184245,0.0,0.0
2026-01-13 12:00:00,1,50,Phatthalung Agrometeorlogical Station,7.613611,100.1175,4.15,20260113120000,63.761667315165205,47.7,1.4933333545923233,4.0,26.468333625793456,0.0,1008.5250111897786,81.6516674041748,0.0,0.0
2026-01-13 13:00:00,1,50,Phatthalung Agrometeorlogical Station,7.613611,100.1175,4.15,20260113130000,62.70666739145915,61.9,1.1966666872302691,3.4,25.798333485921223,0.0,1009.0216766357422,84.63166745503743,0.0,0.0
2026-01-13 14:00:00,1,50,Phatthalung Agrometeorlogical Station,7.613611,100.1175,4.15,20260113140000,88.33000075022379,67.5,0.8283333462973436,2.7,25.508333683013916,0.0,1009.9133453369141,87.45666694641113,0.0,0.0
2026-01-13 15:00:00,1,50,Phatthalung Agrometeorlogical Station,7.613611,100.1175,4.15,20260113150000,119.9500015258789,118.0,0.21166667118668556,1.1,24.620000012715657,0.0,1010.4650024414062,93.2166675567627,0.0,0.0
2026-01-13 16:00:00,1,50,Phatthalung Agrometeorlogical Station,7.613611,100.1175,4.15,20260113160000,105.42881412829382,120.9,0.20847457925141868,0.8,24.057627500113796,0.0,1010.449164956303,95.87288161455575,0.0,0.0
2026-01-13 17:00:00,1,50,Phatthalung Agrometeorlogical Station,7.613611,100.1175,4.15,20260113170000,116.12000020345052,118.0,0.3400000061839819,1.1,23.61666711171468,0.0,1010.2233469645182,97.30333353678385,0.0,0.0
2026-01-13 18:00:00,1,50,Phatthalung Agrometeorlogical Station,7.613611,100.1175,4.15,20260113180000,117.00833396911621,118.0,0.6616666822383801,1.3,23.216667079925536,0.0,1009.8416758219402,98.28666776021322,0.0,0.0
2026-01-13 19:00:00,1,50,Phatthalung Agrometeorlogical Station,7.613611,100.1175,4.15,20260113190000,93.35500087738038,126.5,0.4450000071277221,1.2,22.926666736602783,0.0,1009.2350107828776,98.38666750590006,0.0,0.0
2026-01-13 20:00:00,1,50,Phatthalung Agrometeorlogical Station,7.613611,100.1175,4.15,20260113200000,111.71166744232178,118.0,0.4416666762282451,1.2,22.85666650136312,0.0,1008.286675008138,99.20166753133138,0.0,0.0
2026-01-13 21:00:00,1,50,Phatthalung Agrometeorlogical Station,7.613611,100.1175,4.15,20260113210000,105.98500130971273,47.7,0.6116666800032059,1.8,22.95999984741211,0.0,1007.7766774495443,98.73999964396158,0.0,0.0
2026-01-13 22:00:00,1,50,Phatthalung Agrometeorlogical Station,7.613611,100.1175,4.15,20260113220000,116.75500106811523,118.0,0.5833333453784386,2.0,22.813333638509114,0.0,1007.7750132242838,98.60500005086263,0.0,0.0
2026-01-13 23:00:00,1,50,Phatthalung Agrometeorlogical Station,7.613611,100.1175,4.15,20260113230000,92.88666807810465,115.3,0.5400000128895044,1.7,22.69000072479248,0.0,1008.1083384195964,99.23833351135254,0.0,0.0
2026-01-14 00:00:00,1,50,Phatthalung Agrometeorlogical Station,7.613611,100.1175,4.15,20260113240000,65.79333375295003,120.9,0.1650000035762787,2.0,22.493333307902017,0.0,1008.8633412679036,99.85000127156576,0.0,0.0
2026-01-14 01:00:00,1,50,Phatthalung Agrometeorlogical Station,7.613611,100.1175,4.15,20260114010000,74.43666706085205,45.0,0.4233333420008421,1.3,23.218333530426026,0.0,1009.7416758219401,99.01666768391927,0.0,0.0
2026-01-14 02:00:00,1,50,Phatthalung Agrometeorlogical Station,7.613611,100.1175,4.15,20260114020000,111.47666873931885,132.1,0.7166666799535354,2.4,26.39333346684774,0.0,1010.7916778564453,88.00833396911621,0.0,0.0
2026-01-14 03:00:00,1,50,Phatthalung Agrometeorlogical Station,7.613611,100.1175,4.15,20260114030000,87.24166787465414,50.5,0.69666668176651,2.5,29.630000114440918,0.0,1010.9116760253906,76.38500073750814,0.0,0.0
2026-01-14 04:00:00,1,50,Phatthalung Agrometeorlogical Station,7.613611,100.1175,4.15,20260114040000,82.79166704813639,135.0,2.5450000286102297,5.1,30.760000038146973,0.0,1010.7433410644531,72.25500055948893,0.0,0.0
2026-01-14 05:00:00,1,50,Phatthalung Agrometeorlogical Station,7.613611,100.1175,4.15,20260114050000,81.27666759490967,25.2,1.9233333637317023,4.0,29.970000298817954,0.0,1010.2666737874349,75.70166727701823,0.0,0.0
2026-01-14 06:00:00,1,50,Phatthalung Agrometeorlogical Station,7.613611,100.1175,4.15,20260114060000,72.94166723887126,59.0,2.5883333683013916,5.0,29.69000024795532,0.0,1009.2933430989583,76.63000081380208,0.0,0.0
2026-01-14 07:00:00,1,50,Phatthalung Agrometeorlogical Station,7.613611,100.1175,4.15,20260114070000,81.77500057220459,47.7,2.5466666956742605,4.9,29.73500016530355,0.0,1007.9333414713542,76.60000101725261,0.0,0.0
2026-01-14 08:00:00,1,50,Phatthalung Agrometeorlogical Station,7.613611,100.1175,4.15,20260114080000,73.96500053405762,56.2,2.40666669011116,5.0,29.52333339055379,0.0,1006.9383463541667,76.84000053405762,0.0,0.0
2026-01-14 09:00:00,1,50,Phatthalung Agrometeorlogical Station,7.613611,100.1175,4.15,20260114090000,72.98666725158691,56.2,2.8883333643277487,5.4,28.993333721160887,0.0,1006.5466695149739,77.89333368937174,0.0,0.0
2026-01-14 10:00:00,1,50,Phatthalung Agrometeorlogical Station,7.613611,100.1175,4.15,20260114100000,71.2950003306071,67.5,2.3783333718776705,5.1,28.241667238871255,0.0,1006.5650115966797,79.98500073750814,0.0,0.0
2026-01-14 11:00:00,1,50,Phatthalung Agrometeorlogical Station,7.613611,100.1175,4.15,20260114110000,72.18833408355712,53.4,2.1266666849454245,4.1,27.821666940053305,0.0,1006.8366770426433,81.56166750590006,0.0,0.0
2026-01-14 12:00:00,1,50,Phatthalung Agrometeorlogical Station,7.613611,100.1175,4.15,20260114120000,75.60500087738038,135.0,1.4150000204642614,3.2,26.911666901906333,0.0,1007.3950103759765,84.71666717529297,0.0,0.0
2026-01-14 13:00:00,1,50,Phatthalung Agrometeorlogical Station,7.613611,100.1175,4.15,20260114130000,91.0366678237915,129.3,0.8033333510160446,1.8,26.21833388010661,0.0,1008.3533376057943,89.5166670481364,0.0,0.0
2026-01-14 14:00:00,1,50,Phatthalung Agrometeorlogical Station,7.613611,100.1175,4.15,20260114140000,123.54500096638998,132.1,0.700000012665987,1.6,26.160000610351563,0.0,1009.0833465576172,90.7350015004476,0.0,0.0
2026-01-14 15:00:00,1,50,Phatthalung Agrometeorlogical Station,7.613611,100.1175,4.15,20260114150000,124.62666791280111,129.3,0.3833333417773247,1.2,26.035000133514405,0.0,1009.7866760253906,92.53166694641114,0.0,0.0
2026-01-14 16:00:00,1,50,Phatthalung Agrometeorlogical Station,7.613611,100.1175,4.15,20260114160000,137.37833569844562,135.0,0.4166666744897763,1.7,25.871666717529298,0.0,1009.9150126139323,92.28833389282227,0.0,0.0
2026-01-14 17:00:00,1,50,Phatthalung Agrometeorlogical Station,7.613611,100.1175,4.15,20260114170000,109.08000221252442,42.2,0.7933333424230417,4.0,25.2183336575826,0.20000000298023224,1009.9000081380208,93.94333381652832,0.0,0.0
2026-01-14 18:00:00,1,50,Phatthalung Agrometeorlogical Station,7.613611,100.1175,4.15,20260114180000,128.19166946411133,50.5,1.206666684895754,4.1,24.67833401362101,1.2000000178813934,1009.5150034586588,98.11166725158691,0.0,0.0
2026-01-14 19:00:00,1,50,Phatthalung Agrometeorlogical Station,7.613611,100.1175,4.15,20260114190000,113.14833494822184,135.0,1.0866666785130898,3.4,24.28500010172526,0.0,1008.9650126139323,98.406667582194,0.0,0.0
2026-01-14 20:00:00,1,50,Phatthalung Agrometeorlogical Station,7.613611,100.1175,4.15,20260114200000,84.38333390553792,120.9,0.6316666795561711,3.0,24.151667245229085,0.0,1008.2650115966796,99.55000139872233,0.0,0.0
2026-01-14 21:00:00,1,50,Phatthalung Agrometeorlogical Station,7.613611,100.1175,4.15,20260114210000,121.32833455403646,118.0,0.21666666977107524,1.2,24.170000648498537,0.0,1007.7500132242839,99.9000015258789,0.0,0.0
2026-01-14 22:00:00,1,50,Phatthalung Agrometeorlogical Station,7.613611,100.1175,4.15,20260114220000,115.3383363087972,115.3,0.20500000330309073,1.1,23.773333517710366,0.0,1008.0300109863281,99.9000015258789,0.0,0.0
2026-01-14 23:00:00,1,50,Phatthalung Agrometeorlogical Station,7.613611,100.1175,4.15,20260114230000,119.19166959126791,64.6,0.21333333688477676,1.5,23.468333212534585,0.0,1008.0900054931641,99.9000015258789,0.0,0.0
2026-01-15 00:00:00,1,50,Phatthalung Agrometeorlogical Station,7.613611,100.1175,4.15,20260114240000,112.54000180562338,115.3,0.288333339865009,1.6,23.784999465942384,0.0,1008.5583424886067,99.9000015258789,0.0,0.0
2026-01-15 01:00:00,1,50,Phatthalung Agrometeorlogical Station,7.613611,100.1175,4.15,20260115010000,117.12500305175782,47.7,0.43333334339161717,2.9,24.123333358764647,0.0,1009.371674601237,99.9000015258789,0.0,0.0
2026-01-15 02:00:00,1,50,Phatthalung Agrometeorlogical Station,7.613611,100.1175,4.15,20260115020000,121.18166917165121,154.6,0.8166666808227698,2.2,27.08333355585734,0.0,1010.0683430989583,91.32000058492025,0.0,0.0
2026-01-15 03:00:00,1,50,Phatthalung Agrometeorlogical Station,7.613611,100.1175,4.15,20260115030000,103.25666777292888,120.9,1.6816666906078657,4.6,29.945000044504802,0.0,1010.2050120035807,79.77000058492025,0.0,0.0
2026-01-15 04:00:00,1,50,Phatthalung Agrometeorlogical Station,7.613611,100.1175,4.15,20260115040000,98.45500075022379,64.6,2.5433333694934843,5.5,31.098333390553794,0.0,1010.166678873698,75.09166742960612,0.0,0.0
2026-01-15 05:00:00,1,50,Phatthalung Agrometeorlogical Station,7.613611,100.1175,4.15,20260115050000,85.3000005722046,129.3,2.975000027815501,5.5,31.26833356221517,0.0,1009.5150105794271,73.57666727701823,0.0,0.0
2026-01-15 06:00:00,1,50,Phatthalung Agrometeorlogical Station,7.613611,100.1175,4.15,20260115060000,93.25666758219401,47.7,4.1516667127609255,7.1,30.995000235239665,0.0,1008.8300069173177,74.00333391825357,0.0,0.0
2026-01-15 07:00:00,1,50,Phatthalung Agrometeorlogical Station,7.613611,100.1175,4.15,20260115070000,82.90333423614501,61.9,4.685000042120616,7.9,31.090000438690186,0.0,1007.4000122070313,72.76666717529297,0.0,0.0
2026-01-15 08:00:00,1,50,Phatthalung Agrometeorlogical Station,7.613611,100.1175,4.15,20260115080000,87.80333372751872,59.0,4.125000019868215,7.5,31.005000368754068,0.0,1006.4166737874349,72.9400006612142,0.0,0.0
2026-01-15 09:00:00,1,50,Phatthalung Agrometeorlogical Station,7.613611,100.1175,4.15,20260115090000,86.08833363850911,64.6,3.8816667079925535,6.8,30.378333822886148,0.0,1005.7600138346354,73.99666735331218,0.0,0.0
2026-01-15 10:00:00,1,50,Phatthalung Agrometeorlogical Station,7.613611,100.1175,4.15,20260115100000,78.04833367665609,129.3,3.3316667000452678,5.8,29.20000015894572,0.0,1005.6666768391927,77.26666717529297,0.0,0.0
2026-01-15 11:00:00,1,50,Phatthalung Agrometeorlogical Station,7.613611,100.1175,4.15,20260115110000,76.36666730244954,61.9,2.780000027020772,5.5,27.990000025431314,0.0,1005.9233469645183,82.03333384195963,0.0,0.0
2026-01-15 12:00:00,1,50,Phatthalung Agrometeorlogical Station,7.613611,100.1175,4.15,20260115120000,70.43666718800863,59.0,2.341666700442632,5.0,27.143333594004314,0.0,1006.3350128173828,85.74166730244954,0.0,0.0
2026-01-15 13:00:00,1,50,Phatthalung Agrometeorlogical Station,7.613611,100.1175,4.15,20260115130000,76.31500053405762,135.0,1.8135593402183663,4.3,26.698305130004883,0.0,1007.1491606114274,87.65593266891221,0.0,0.0
2026-01-15 14:00:00,1,50,Phatthalung Agrometeorlogical Station,7.613611,100.1175,4.15,20260115140000,92.83166732788087,50.5,1.7550000170866649,3.7,26.078333632151285,0.0,1008.0350128173828,90.24833399454752,0.0,0.0
2026-01-15 15:00:00,1,50,Phatthalung Agrometeorlogical Station,7.613611,100.1175,4.15,20260115150000,91.31333363850912,129.3,1.2566666836539904,3.0,25.721667098999024,0.0,1008.3866790771484,91.76500091552734,0.0,0.0
2026-01-15 16:00:00,1,50,Phatthalung Agrometeorlogical Station,7.613611,100.1175,4.15,20260115160000,133.24666849772134,47.7,0.32500000645716987,1.1,25.383333428700766,0.0,1008.5500030517578,94.26500066121419,0.0,0.0
2026-01-15 17:00:00,1,50,Phatthalung Agrometeorlogical Station,7.613611,100.1175,4.15,20260115170000,132.87000211079916,115.3,0.3833333423982064,1.2,25.449999809265137,0.0,1008.5,94.63166707356771,0.0,0.0
2026-01-15 18:00:00,1,50,Phatthalung Agrometeorlogical Station,7.613611,100.1175,4.15,20260115180000,135.82833569844564,157.5,0.34000000866750874,1.2,25.211667251586913,0.0,1008.3033406575521,95.33666712443033,0.0,0.0
2026-01-15 19:00:00,1,50,Phatthalung Agrometeorlogical Station,7.613611,100.1175,4.15,20260115190000,144.47500445048016,149.1,0.3400000068048636,1.2,25.035000292460122,0.0,1007.7733418782552,95.36833356221517,0.0,0.0
2026-01-15 20:00:00,1,50,Phatthalung Agrometeorlogical Station,7.613611,100.1175,4.15,20260115200000,139.86500345865886,135.0,0.1800000035514434,0.8,24.240000216166177,0.0,1007.1316772460938,98.26833368937174,0.0,0.0
2026-01-15 21:00:00,1,50,Phatthalung Agrometeorlogical Station,7.613611,100.1175,4.15,20260115210000,99.39666811625163,118.0,0.3083333412806193,1.5,23.685000610351562,0.0,1006.7200124104818,99.83833465576171,0.0,0.0
2026-01-15 22:00:00,1,50,Phatthalung Agrometeorlogical Station,7.613611,100.1175,4.15,20260115220000,131.05167026519774,146.3,0.39500000725189843,1.7,24.078333632151285,0.0,1007.0283416748047,99.69500109354655,0.0,0.0
2026-01-15 23:00:00,1,50,Phatthalung Agrometeorlogical Station,7.613611,100.1175,4.15,20260115230000,136.92000325520834,129.3,0.3800000071525574,1.6,23.68000030517578,0.0,1007.1900115966797,99.33166669209798,0.0,0.0
2026-01-16 00:00:00,1,50,Phatthalung Agrometeorlogical Station,7.613611,100.1175,4.15,20260115240000,121.82500165303549,115.3,0.32500000732640427,1.6,23.223333485921223,0.0,1007.5250071207682,99.88000144958497,0.0,0.0
2026-01-16 01:00:00,1,50,Phatthalung Agrometeorlogical Station,7.613611,100.1175,4.15,20260116010000,123.463334274292,154.6,0.2350000067303578,1.7,23.45666700998942,0.0,1008.2150115966797,99.9000015258789,0.0,0.0
2026-01-16 02:00:00,1,50,Phatthalung Agrometeorlogical Station,7.613611,100.1175,4.15,20260116020000,137.79667027791342,140.6,0.9050000170866649,3.2,26.53833360671997,0.0,1009.3250091552734,90.39500058492025,0.0,0.0
2026-01-16 03:00:00,1,50,Phatthalung Agrometeorlogical Station,7.613611,100.1175,4.15,20260116030000,128.4966687520345,120.9,1.783333354194959,4.8,29.213333415985108,0.0,1009.6233408610026,79.338334274292,0.0,0.0
2026-01-16 04:00:00,1,50,Phatthalung Agrometeorlogical Station,7.613611,100.1175,4.15,20260116040000,97.38666756947835,59.0,2.36166668732961,5.3,30.248333676656088,0.0,1009.4183420817058,75.61666692097982,0.0,0.0
2026-01-16 05:00:00,1,50,Phatthalung Agrometeorlogical Station,7.613611,100.1175,4.15,20260116050000,91.94500039418539,50.5,2.823333364725113,5.4,31.241666984558105,0.0,1008.8700073242187,72.35000063578288,0.0,0.0
2026-01-16 06:00:00,1,50,Phatthalung Agrometeorlogical Station,7.613611,100.1175,4.15,20260116060000,76.7666670481364,50.5,2.7366667071978252,5.5,31.351666959126792,0.0,1007.9500122070312,71.37500038146973,0.0,0.0
2026-01-16 07:00:00,1,50,Phatthalung Agrometeorlogical Station,7.613611,100.1175,4.15,20260116070000,78.70833422342936,53.4,2.6683333655198416,6.0,31.811666838328044,0.0,1006.6383422851562,69.42833391825359,0.0,0.0
2026-01-16 08:00:00,1,50,Phatthalung Agrometeorlogical Station,7.613611,100.1175,4.15,20260116080000,72.38333384195964,53.4,2.516666704416275,5.5,31.608333333333334,0.0,1005.5550079345703,68.7766674041748,0.0,0.0
2026-01-16 09:00:00,1,50,Phatthalung Agrometeorlogical Station,7.613611,100.1175,4.15,20260116090000,80.80333385467529,129.3,2.7100000301996867,5.5,30.86500015258789,0.0,1005.0900054931641,70.92000058492025,0.0,0.0
2026-01-16 10:00:00,1,50,Phatthalung Agrometeorlogical Station,7.613611,100.1175,4.15,20260116100000,73.29500077565511,61.9,2.7316666980584463,5.3,30.74500020345052,0.0,1005.1666768391927,70.3950008392334,0.0,0.0
2026-01-16 11:00:00,1,50,Phatthalung Agrometeorlogical Station,7.613611,100.1175,4.15,20260116110000,75.23166700998942,59.0,2.786666699250539,5.0,28.72500015894572,0.0,1005.3083475748698,76.6200003306071,0.0,0.0
2026-01-16 12:00:00,1,50,Phatthalung Agrometeorlogical Station,7.613611,100.1175,4.15,20260116120000,91.4716672261556,61.9,1.893333359559377,4.0,27.098333581288657,0.0,1005.6333435058593,85.31333414713542,0.0,0.0
2026-01-16 13:00:00,1,50,Phatthalung Agrometeorlogical Station,7.613611,100.1175,4.15,20260116130000,112.66000143686931,47.7,0.5650000068048636,2.7,25.90000031789144,0.0,1006.580008951823,90.5800001780192,0.0,0.0
2026-01-16 14:00:00,1,50,Phatthalung Agrometeorlogical Station,7.613611,100.1175,4.15,20260116140000,120.9000015258789,120.9,0.0,0.1,25.039999930063882,0.0,1007.2666737874349,94.70000025431315,0.0,0.0
2026-01-16 15:00:00,1,50,Phatthalung Agrometeorlogical Station,7.613611,100.1175,4.15,20260116150000,120.9000015258789,120.9,0.0,0.0,25.013333479563396,0.0,1007.8450124104818,95.9983336130778,0.0,0.0
2026-01-16 16:00:00,1,50,Phatthalung Agrometeorlogical Station,7.613611,100.1175,4.15,20260116160000,123.55500157674153,53.4,0.7433333466450374,1.5,25.075000127156574,0.0,1007.9400136311849,96.05500094095866,0.0,0.0
2026-01-16 17:00:00,1,50,Phatthalung Agrometeorlogical Station,7.613611,100.1175,4.15,20260116170000,104.34000142415364,115.3,0.34500000563760597,1.7,24.56166690190633,0.0,1007.7816802978516,97.96500078837077,0.0,0.0
2026-01-16 18:00:00,1,50,Phatthalung Agrometeorlogical Station,7.613611,100.1175,4.15,20260116180000,118.45333493550619,115.3,0.5733333469678958,1.3,24.60500040054321,0.0,1007.3616770426432,97.94333381652832,0.0,0.0
2026-01-16 19:00:00,1,50,Phatthalung Agrometeorlogical Station,7.613611,100.1175,4.15,20260116190000,103.46167017618815,135.0,0.21666667101283868,1.5,24.55000057220459,0.0,1006.7150126139323,97.64333419799804,0.0,0.0
2026-01-16 20:00:00,1,50,Phatthalung Agrometeorlogical Station,7.613611,100.1175,4.15,20260116200000,144.0300033569336,154.6,1.8466666953017314,1.2,23.729310693411993,0.0,1006.0327664079338,99.46034609038254,0.0,0.0
2026-01-16 21:00:00,1,50,Phatthalung Agrometeorlogical Station,7.613611,100.1175,4.15,20260116210000,135.07666880289713,123.8,0.4866666761537393,1.7,23.688334051767985,0.0,1005.7366760253906,99.82500089009604,0.0,0.0
2026-01-16 22:00:00,1,50,Phatthalung Agrometeorlogical Station,7.613611,100.1175,4.15,20260116220000,125.11166865030924,118.0,0.3233333402623733,1.5,23.63500051498413,0.0,1005.6300079345704,99.62833353678386,0.0,0.0
2026-01-16 23:00:00,1,50,Phatthalung Agrometeorlogical Station,7.613611,100.1175,4.15,20260116230000,148.00667037963868,157.5,0.14833333666125934,0.6,23.306666755676268,0.0,1005.6966786702474,99.9000015258789,0.0,0.0
2026-01-17 00:00:00,1,50,Phatthalung Agrometeorlogical Station,7.613611,100.1175,4.15,20260116240000,120.2183354695638,120.9,0.32333334113160767,1.2,23.055000209808348,0.0,1005.7050079345703,99.9000015258789,0.0,0.0
2026-01-17 01:00:00,1,50,Phatthalung Agrometeorlogical Station,7.613611,100.1175,4.15,20260117010000,142.00833600362142,140.6,0.41833334291974705,2.0,23.90000031789144,0.0,1006.5350118001302,99.62166798909506,0.0,0.0
2026-01-17 02:00:00,1,50,Phatthalung Agrometeorlogical Station,7.613611,100.1175,4.15,20260117020000,141.60333646138508,146.3,1.411666674911976,3.5,26.848333644866944,0.0,1007.3883422851562,89.0750005086263,0.0,0.0
2026-01-17 03:00:00,1,50,Phatthalung Agrometeorlogical Station,7.613611,100.1175,4.15,20260117030000,128.21500244140626,151.8,1.6383333524068198,3.7,29.55166695912679,0.0,1007.8350128173828,78.40666720072429,0.0,0.0
2026-01-17 04:00:00,1,50,Phatthalung Agrometeorlogical Station,7.613611,100.1175,4.15,20260117040000,101.38000144958497,118.0,1.648333343366782,4.0,30.92666680018107,0.0,1007.6233408610026,70.89166692097982,0.0,0.0
2026-01-17 05:00:00,1,50,Phatthalung Agrometeorlogical Station,7.613611,100.1175,4.15,20260117050000,84.14666735331217,53.4,1.6700000129640102,4.4,31.166666920979818,0.0,1007.1650095621745,69.92833391825359,0.0,0.0
2026-01-17 06:00:00,1,50,Phatthalung Agrometeorlogical Station,7.613611,100.1175,4.15,20260117060000,83.39333407084148,56.2,2.6050000309944155,5.0,31.63000027338664,0.0,1006.160009765625,70.03666712443034,0.0,0.0
2026-01-17 07:00:00,1,50,Phatthalung Agrometeorlogical Station,7.613611,100.1175,4.15,20260117070000,91.95333372751871,123.8,3.153333369890849,6.0,31.921667194366456,0.0,1005.0150075276692,71.55166740417481,0.0,0.0
2026-01-17 08:00:00,1,50,Phatthalung Agrometeorlogical Station,7.613611,100.1175,4.15,20260117080000,70.7783338546753,135.0,2.8466666956742603,6.1,31.43333361943563,0.0,1003.9383483886719,71.23500048319498,0.0,0.0
2026-01-17 09:00:00,1,50,Phatthalung Agrometeorlogical Station,7.613611,100.1175,4.15,20260117090000,76.19833424886068,50.5,3.2666667143503827,6.0,31.011666584014893,0.0,1003.5233357747396,70.75000063578288,0.0,0.0
2026-01-17 10:00:00,1,50,Phatthalung Agrometeorlogical Station,7.613611,100.1175,4.15,20260117100000,74.54000059763591,47.7,3.1783333639303843,6.6,30.31666701634725,0.0,1003.3533538818359,72.37166697184244,0.0,0.0
2026-01-17 11:00:00,1,50,Phatthalung Agrometeorlogical Station,7.613611,100.1175,4.15,20260117110000,90.72666721343994,67.5,2.403333367904027,4.8,28.876666895548503,0.0,1003.6016723632813,76.60666745503744,0.0,0.0
2026-01-17 12:00:00,1,50,Phatthalung Agrometeorlogical Station,7.613611,100.1175,4.15,20260117120000,110.19833469390869,118.0,0.8700000127156575,2.5,26.836666933695476,0.0,1004.1150126139323,85.86000073750814,0.0,0.0
2026-01-17 13:00:00,1,50,Phatthalung Agrometeorlogical Station,7.613611,100.1175,4.15,20260117130000,108.53500118255616,123.8,0.5372881473878682,1.5,25.496610641479492,0.0,1005.1101767329847,92.35084805246127,0.0,0.0
2026-01-17 14:00:00,1,50,Phatthalung Agrometeorlogical Station,7.613611,100.1175,4.15,20260117140000,118.97833557128907,53.4,0.2733333382755518,1.6,25.055000241597494,0.0,1006.021674601237,95.00000089009603,0.0,0.0
2026-01-17 15:00:00,1,50,Phatthalung Agrometeorlogical Station,7.613611,100.1175,4.15,20260117150000,115.30000305175781,115.3,0.07166666810711225,0.6,24.700000762939453,0.0,1006.4683380126953,96.90333417256673,0.0,0.0
2026-01-17 16:00:00,1,50,Phatthalung Agrometeorlogical Station,7.613611,100.1175,4.15,20260117160000,119.89666976928712,146.3,0.14500000389913717,0.8,24.70666675567627,0.0,1006.5,97.20833396911621,0.0,0.0
2026-01-17 17:00:00,1,50,Phatthalung Agrometeorlogical Station,7.613611,100.1175,4.15,20260117170000,114.091668065389,140.6,0.48166667732099694,1.6,24.30499973297119,0.0,1006.3866811116536,98.05666707356771,0.0,0.0
2026-01-17 18:00:00,1,50,Phatthalung Agrometeorlogical Station,7.613611,100.1175,4.15,20260117180000,118.87333526611329,135.0,0.43166667558252814,1.7,24.06166690190633,0.0,1006.3616739908854,97.80166702270508,0.0,0.0
2026-01-17 19:00:00,1,50,Phatthalung Agrometeorlogical Station,7.613611,100.1175,4.15,20260117190000,106.49500052134196,118.0,0.3916666758557161,2.0,23.64500029881795,0.0,1005.4500081380208,99.18000043233236,0.0,0.0
2026-01-17 20:00:00,1,50,Phatthalung Agrometeorlogical Station,7.613611,100.1175,4.15,20260117200000,94.84166742960612,118.0,0.42500000993410747,1.5,23.34999942779541,0.0,1004.5600138346355,99.88833503723144,0.0,0.0
2026-01-17 21:00:00,1,50,Phatthalung Agrometeorlogical Station,7.613611,100.1175,4.15,20260117210000,98.44500153859457,137.8,0.32833334083358445,1.1,23.708333206176757,0.0,1004.3866770426432,99.88833503723144,0.0,0.0
2026-01-17 22:00:00,1,50,Phatthalung Agrometeorlogical Station,7.613611,100.1175,4.15,20260117220000,107.13333409627279,118.0,0.368333342547218,1.7,23.691666984558104,0.0,1004.393354288737,99.12166684468588,0.0,0.0
2026-01-17 23:00:00,1,50,Phatthalung Agrometeorlogical Station,7.613611,100.1175,4.15,20260117230000,137.698335647583,120.9,0.333333341528972,1.3,23.22000052134196,0.0,1004.4983367919922,99.81000137329102,0.0,0.0
2026-01-18 00:00:00,1,50,Phatthalung Agrometeorlogical Station,7.613611,100.1175,4.15,20260117240000,124.64000231424967,157.5,0.31000000598529975,1.6,23.200000762939453,0.0,1004.8033396402994,99.9000015258789,0.0,0.0
2026-01-18 01:00:00,1,50,Phatthalung Agrometeorlogical Station,7.613611,100.1175,4.15,20260118010000,143.37500324249268,146.3,0.23666667180756729,1.5,23.693333498636882,0.0,1005.423350016276,99.7766679128011,0.0,0.0
2026-01-18 02:00:00,1,50,Phatthalung Agrometeorlogical Station,7.613611,100.1175,4.15,20260118020000,141.42500368754068,151.8,0.7683333482593298,2.2,25.74500036239624,0.0,1006.2433430989583,93.10833396911622,0.0,0.0
2026-01-18 03:00:00,1,50,Phatthalung Agrometeorlogical Station,7.613611,100.1175,4.15,20260118030000,117.66166845957439,135.0,1.485000017285347,3.5,28.28333355585734,0.0,1006.4450103759766,83.37666714986166,0.0,0.0
2026-01-18 04:00:00,1,50,Phatthalung Agrometeorlogical Station,7.613611,100.1175,4.15,20260118040000,104.1516679128011,53.4,1.3533333523819844,3.5,30.355000241597494,0.0,1006.4333455403646,73.89666735331217,0.0,0.0
2026-01-18 05:00:00,1,50,Phatthalung Agrometeorlogical Station,7.613611,100.1175,4.15,20260118050000,81.93666725158691,135.0,2.00500002404054,5.0,31.555000178019206,0.0,1006.1383433024089,67.46166756947835,0.0,0.0
2026-01-18 06:00:00,1,50,Phatthalung Agrometeorlogical Station,7.613611,100.1175,4.15,20260118060000,76.75166708628336,53.4,2.523333366711934,4.5,30.87500015894572,0.0,1005.386675008138,71.47333399454753,0.0,0.0
2026-01-18 07:00:00,1,50,Phatthalung Agrometeorlogical Station,7.613611,100.1175,4.15,20260118070000,85.78666756947835,50.5,2.7116667052110035,5.6,31.35833355585734,0.0,1004.481679280599,70.74833386739095,0.0,0.0
2026-01-18 08:00:00,1,50,Phatthalung Agrometeorlogical Station,7.613611,100.1175,4.15,20260118080000,89.90333423614501,135.0,2.626666702826818,5.0,31.100000127156576,0.0,1003.4816802978515,71.0233336130778,0.0,0.0
2026-01-18 09:00:00,1,50,Phatthalung Agrometeorlogical Station,7.613611,100.1175,4.15,20260118090000,84.19333375295004,126.5,2.9866666992505393,5.4,30.753333568572998,0.0,1003.1700103759765,71.22666714986165,0.0,0.0
2026-01-18 10:00:00,1,50,Phatthalung Agrometeorlogical Station,7.613611,100.1175,4.15,20260118100000,79.8766674677531,126.5,2.8583333690961203,5.1,29.9350004196167,0.0,1003.1650095621745,72.0833340962728,0.0,0.0
2026-01-18 11:00:00,1,50,Phatthalung Agrometeorlogical Station,7.613611,100.1175,4.15,20260118110000,98.69833367665609,135.0,1.8700000127156575,4.1,28.373333644866943,0.0,1003.8233439127604,78.88333396911621,0.0,0.0
2026-01-18 12:00:00,1,50,Phatthalung Agrometeorlogical Station,7.613611,100.1175,4.15,20260118120000,112.5983341217041,129.3,1.44666668176651,3.0,26.791666920979818,0.0,1004.5950103759766,84.70666732788087,0.0,0.0
2026-01-18 13:00:00,1,50,Phatthalung Agrometeorlogical Station,7.613611,100.1175,4.15,20260118130000,107.6800012588501,135.0,1.0616666853427887,2.5,25.428333568573,0.0,1005.2883453369141,89.2900006612142,0.0,0.0
2026-01-18 14:00:00,1,50,Phatthalung Agrometeorlogical Station,7.613611,100.1175,4.15,20260118140000,128.96500517527264,118.0,0.07833333499729633,0.8,24.840000184377036,0.0,1006.0066711425782,92.94166742960611,0.0,0.0
2026-01-18 15:00:00,1,50,Phatthalung Agrometeorlogical Station,7.613611,100.1175,4.15,20260118150000,89.96833515167236,64.6,0.3450000065068404,1.8,24.34166653951009,0.0,1006.4150136311849,94.97666714986165,0.0,0.0
2026-01-18 16:00:00,1,50,Phatthalung Agrometeorlogical Station,7.613611,100.1175,4.15,20260118160000,47.70000076293945,47.7,0.015000000223517418,0.6,24.19000072479248,0.0,1006.753348795573,96.12833417256674,0.0,0.0
2026-01-18 17:00:00,1,50,Phatthalung Agrometeorlogical Station,7.613611,100.1175,4.15,20260118170000,111.03500251770019,120.9,0.5483333438634872,1.5,23.80500005086263,0.0,1006.6666768391927,97.81333427429199,0.0,0.0
2026-01-18 18:00:00,1,50,Phatthalung Agrometeorlogical Station,7.613611,100.1175,4.15,20260118180000,140.24333623250325,129.3,0.49000001065433024,1.7,23.716666984558106,0.0,1006.4700063069662,97.12333386739095,0.0,0.0
2026-01-18 19:00:00,1,50,Phatthalung Agrometeorlogical Station,7.613611,100.1175,4.15,20260118190000,132.08833592732748,120.9,0.426666679357489,1.5,23.396666272481283,0.0,1005.9266784667968,98.36166763305664,0.0,0.0
2026-01-18 20:00:00,1,50,Phatthalung Agrometeorlogical Station,7.613611,100.1175,4.15,20260118200000,130.9233361562093,143.3,0.3116666729251544,1.2,23.208333619435628,0.0,1005.2316731770833,98.09666633605957,0.0,0.0
2026-01-18 21:00:00,1,50,Phatthalung Agrometeorlogical Station,7.613611,100.1175,4.15,20260118210000,126.56166877746583,123.8,0.29333333981533843,1.2,22.641667048136394,0.0,1004.7766835530599,99.54666760762532,0.0,0.0
2026-01-18 22:00:00,1,50,Phatthalung Agrometeorlogical Station,7.613611,100.1175,4.15,20260118220000,125.18333549499512,126.5,0.253333339591821,1.5,22.3366668065389,0.0,1004.9083435058594,99.89500160217285,0.0,0.0
2026-01-18 23:00:00,1,50,Phatthalung Agrometeorlogical Station,7.613611,100.1175,4.15,20260118230000,117.87000122070313,118.0,0.5483333422491948,1.7,22.436666425069173,0.0,1005.2550150553385,99.9000015258789,0.0,0.0
2026-01-19 00:00:00,1,50,Phatthalung Agrometeorlogical Station,7.613611,100.1175,4.15,20260118240000,133.23333625793458,123.8,0.19333333745598794,1.3,22.203334045410156,0.0,1005.5333353678385,99.9000015258789,0.0,0.0
2026-01-19 01:00:00,1,50,Phatthalung Agrometeorlogical Station,7.613611,100.1175,4.15,20260119010000,122.91666927337647,137.8,0.43500000884135565,1.3,22.98833354314168,0.0,1006.2533457438151,99.31833470662436,0.0,0.0
2026-01-19 02:00:00,1,50,Phatthalung Agrometeorlogical Station,7.613611,100.1175,4.15,20260119020000,128.88500264485677,120.9,0.5833333443850279,1.7,25.585000228881835,0.0,1007.0316762288411,90.23833389282227,0.0,0.0
2026-01-19 03:00:00,1,50,Phatthalung Agrometeorlogical Station,7.613611,100.1175,4.15,20260119030000,124.24000212351481,132.1,1.3583333536982536,3.2,28.811666870117186,0.0,1007.32333984375,78.75666720072428,0.0,0.0
2026-01-19 04:00:00,1,50,Phatthalung Agrometeorlogical Station,7.613611,100.1175,4.15,20260119040000,91.53666725158692,47.7,1.4266666871805986,4.1,30.145000203450522,0.0,1007.6300079345704,74.23833401997884,0.0,0.0
2026-01-19 05:00:00,1,50,Phatthalung Agrometeorlogical Station,7.613611,100.1175,4.15,20260119050000,85.00666732788086,120.9,1.726666693886121,4.9,31.501666736602782,0.0,1007.4733428955078,68.5050006866455,0.0,0.0
2026-01-19 06:00:00,1,50,Phatthalung Agrometeorlogical Station,7.613611,100.1175,4.15,20260119060000,82.36166725158691,135.0,2.490000037352244,5.3,31.318333530426024,0.0,1006.8983439127604,68.59833386739095,0.0,0.0
2026-01-19 07:00:00,1,50,Phatthalung Agrometeorlogical Station,7.613611,100.1175,4.15,20260119070000,79.43559387982901,67.5,2.5711864778551003,4.8,31.183051125477935,0.0,1006.0389952578787,67.07627183299954,0.0,0.0
2026-01-19 08:00:00,1,50,Phatthalung Agrometeorlogical Station,7.613611,100.1175,4.15,20260119080000,83.74666754404704,132.1,2.5583333591620128,6.0,31.853333791097004,0.0,1005.4233428955079,66.74166742960612,0.0,0.0
2026-01-19 09:00:00,1,50,Phatthalung Agrometeorlogical Station,7.613611,100.1175,4.15,20260119090000,82.88500061035157,47.7,3.425000031789144,6.3,30.465000247955324,0.0,1005.0900054931641,70.38166720072428,0.0,0.0
2026-01-19 10:00:00,1,50,Phatthalung Agrometeorlogical Station,7.613611,100.1175,4.15,20260119100000,74.4083340326945,59.0,2.891666700442632,6.0,30.05000009536743,0.0,1005.2500122070312,69.57166748046875,0.0,0.0
2026-01-19 11:00:00,1,50,Phatthalung Agrometeorlogical Station,7.613611,100.1175,4.15,20260119110000,78.18666699727376,50.5,2.278333365917206,4.5,28.205000082651775,0.0,1005.551670328776,75.26166750590006,0.0,0.0
2026-01-19 12:00:00,1,50,Phatthalung Agrometeorlogical Station,7.613611,100.1175,4.15,20260119120000,99.35333417256673,67.5,1.115000017484029,2.5,26.203333536783855,0.0,1005.9216766357422,83.8966672261556,0.0,0.0
2026-01-19 13:00:00,1,50,Phatthalung Agrometeorlogical Station,7.613611,100.1175,4.15,20260119130000,107.54500096638998,132.1,1.016949171231965,2.2,25.22711899320958,0.0,1006.6813664840439,88.71525470281051,0.0,0.0
2026-01-19 14:00:00,1,50,Phatthalung Agrometeorlogical Station,7.613611,100.1175,4.15,20260119140000,129.2900020599365,120.9,0.3650000075499217,2.2,25.066666952768962,0.0,1007.4816731770833,90.79833399454752,0.0,0.0
2026-01-19 15:00:00,1,50,Phatthalung Agrometeorlogical Station,7.613611,100.1175,4.15,20260119150000,131.9633366902669,118.0,0.11333333576718967,1.1,24.441666984558104,0.0,1008.1333414713541,94.4400006612142,0.0,0.0
2026-01-19 16:00:00,1,50,Phatthalung Agrometeorlogical Station,7.613611,100.1175,4.15,20260119160000,124.96833381652831,115.3,0.2550000076492627,1.3,24.035000133514405,0.0,1008.0,95.93000081380208,0.0,0.0
2026-01-19 17:00:00,1,50,Phatthalung Agrometeorlogical Station,7.613611,100.1175,4.15,20260119170000,103.58500061035156,132.1,0.4266666768739621,1.2,23.6666672706604,0.0,1007.9300170898438,96.90000139872232,0.0,0.0
2026-01-19 18:00:00,1,50,Phatthalung Agrometeorlogical Station,7.613611,100.1175,4.15,20260119180000,99.56333516438802,118.0,0.21666667126119138,1.0,23.19500052134196,0.0,1007.570014444987,98.23333447774252,0.0,0.0
2026-01-19 19:00:00,1,50,Phatthalung Agrometeorlogical Station,7.613611,100.1175,4.15,20260119190000,147.74000549316406,149.1,0.12666666905085247,1.1,22.783333746592202,0.0,1006.9233418782552,99.41666755676269,0.0,0.0
2026-01-19 20:00:00,1,50,Phatthalung Agrometeorlogical Station,7.613611,100.1175,4.15,20260119200000,133.9322062346895,132.1,0.2796610232632039,1.5,22.583051164271467,0.0,1006.1661128674523,99.9000015258789,0.0,0.0
2026-01-19 21:00:00,1,50,Phatthalung Agrometeorlogical Station,7.613611,100.1175,4.15,20260119210000,124.4116689046224,120.9,0.7466666844983896,1.6,22.560000228881837,0.0,1005.7000122070312,99.8900016784668,0.0,0.0
2026-01-19 22:00:00,1,50,Phatthalung Agrometeorlogical Station,7.613611,100.1175,4.15,20260119220000,115.06666819254558,115.3,0.5733333469678958,1.6,22.583333651224773,0.0,1005.7900146484375,99.8600015004476,0.0,0.0
2026-01-19 23:00:00,1,50,Phatthalung Agrometeorlogical Station,7.613611,100.1175,4.15,20260119230000,114.37666829427083,123.8,0.530000011002024,1.3,22.478333282470704,0.0,1006.0016723632813,99.8900016784668,0.0,0.0
2026-01-20 00:00:00,1,50,Phatthalung Agrometeorlogical Station,7.613611,100.1175,4.15,20260119240000,132.31333618164064,143.3,0.35666667222976683,1.1,22.22500057220459,0.0,1006.5433420817058,99.9000015258789,0.0,0.0
2026-01-20 01:00:00,1,50,Phatthalung Agrometeorlogical Station,7.613611,100.1175,4.15,20260120010000,131.37333666483562,146.3,0.4316666752099991,2.2,23.32500025431315,0.0,1007.5266794840495,98.47833455403646,0.0,0.0
2026-01-20 02:00:00,1,50,Phatthalung Agrometeorlogical Station,7.613611,100.1175,4.15,20260120020000,132.23333651224772,151.8,0.866666679084301,2.9,26.38666690190633,0.0,1008.6633433024089,87.53666737874349,0.0,0.0
2026-01-20 03:00:00,1,50,Phatthalung Agrometeorlogical Station,7.613611,100.1175,4.15,20260120030000,130.73333549499512,120.9,1.4400000219543776,3.9,28.955000368754067,0.0,1009.136675008138,77.69500045776367,0.0,0.0
2026-01-20 04:00:00,1,50,Phatthalung Agrometeorlogical Station,7.613611,100.1175,4.15,20260120040000,106.6950008392334,47.7,2.84000004529953,5.8,30.580000178019205,0.0,1009.2100128173828,72.57833366394043,0.0,0.0
2026-01-20 05:00:00,1,50,Phatthalung Agrometeorlogical Station,7.613611,100.1175,4.15,20260120050000,105.3700008392334,132.1,2.7366667012373607,5.5,31.57166690826416,0.0,1008.7500081380208,69.69666735331218,0.0,0.0
2026-01-20 06:00:00,1,50,Phatthalung Agrometeorlogical Station,7.613611,100.1175,4.15,20260120060000,93.73166726430257,56.2,3.350000027815501,6.0,31.455000114440917,0.0,1007.9566782633464,69.81666717529296,0.0,0.0
2026-01-20 07:00:00,1,50,Phatthalung Agrometeorlogical Station,7.613611,100.1175,4.15,20260120070000,97.87833385467529,50.5,3.461666699250539,7.0,31.4316668510437,0.0,1006.9250101725261,69.54166692097982,0.0,0.0
2026-01-20 08:00:00,1,50,Phatthalung Agrometeorlogical Station,7.613611,100.1175,4.15,20260120080000,92.93166732788086,56.2,3.24333336353302,6.0,31.250000222524008,0.0,1006.0133463541666,68.8216672261556,0.0,0.0
2026-01-20 09:00:00,1,50,Phatthalung Agrometeorlogical Station,7.613611,100.1175,4.15,20260120090000,89.89500052134196,59.0,3.2200000325838727,6.0,30.900000063578286,0.0,1005.7100128173828,69.17333386739095,0.0,0.0
2026-01-20 10:00:00,1,50,Phatthalung Agrometeorlogical Station,7.613611,100.1175,4.15,20260120100000,86.94333407084147,56.2,3.1466667016347247,6.0,29.853333632151287,0.0,1005.6633433024089,72.35333417256673,0.0,0.0
2026-01-20 11:00:00,1,50,Phatthalung Agrometeorlogical Station,7.613611,100.1175,4.15,20260120110000,97.25000076293945,126.5,2.5833333671092986,4.8,28.518333625793456,0.0,1005.9516743977864,76.9733341217041,0.0,0.0
2026-01-20 12:00:00,1,50,Phatthalung Agrometeorlogical Station,7.613611,100.1175,4.15,20260120120000,93.15833371480306,64.6,2.1866666952768963,4.8,26.436666870117186,0.0,1006.1533406575521,82.90500043233236,0.0,0.0
2026-01-20 13:00:00,1,50,Phatthalung Agrometeorlogical Station,7.613611,100.1175,4.15,20260120130000,93.69166698455811,64.6,1.656666679183642,3.5,25.668333975474038,0.0,1006.820009358724,87.45500043233235,0.0,0.0
2026-01-20 14:00:00,1,50,Phatthalung Agrometeorlogical Station,7.613611,100.1175,4.15,20260120140000,99.49833399454752,47.7,1.6383333534002305,3.9,25.290000343322752,0.0,1007.7800120035807,87.753333791097,0.0,0.0
2026-01-20 15:00:00,1,50,Phatthalung Agrometeorlogical Station,7.613611,100.1175,4.15,20260120150000,101.84333368937175,132.1,1.895000010728836,4.3,25.196667003631593,0.0,1008.4966674804688,86.65666732788085,0.0,0.0
2026-01-20 16:00:00,1,50,Phatthalung Agrometeorlogical Station,7.613611,100.1175,4.15,20260120160000,100.01333401997884,56.2,1.7400000125169754,4.0,25.156667264302573,0.0,1008.5533365885417,87.0616673787435,0.0,0.0
2026-01-20 17:00:00,1,50,Phatthalung Agrometeorlogical Station,7.613611,100.1175,4.15,20260120170000,114.48833440144857,135.0,0.9883333486815293,3.0,24.985000228881837,0.0,1008.523334757487,88.83166745503743,0.0,0.0
2026-01-20 18:00:00,1,50,Phatthalung Agrometeorlogical Station,7.613611,100.1175,4.15,20260120180000,128.32833518981934,123.8,0.5900000126411518,1.8,24.198333581288654,0.0,1008.3766815185547,93.38500073750814,0.0,0.0
2026-01-20 19:00:00,1,50,Phatthalung Agrometeorlogical Station,7.613611,100.1175,4.15,20260120190000,124.6150021870931,157.5,0.19833333839972814,1.2,23.706666946411133,0.0,1007.7366760253906,95.57333437601726,0.0,0.0
2026-01-20 20:00:00,1,50,Phatthalung Agrometeorlogical Station,7.613611,100.1175,4.15,20260120200000,114.23166910807292,137.8,0.9800000155965487,0.8,23.3118644972979,0.0,1007.0593354823226,97.66610213457528,0.0,0.0
2026-01-20 21:00:00,1,50,Phatthalung Agrometeorlogical Station,7.613611,100.1175,4.15,20260120210000,132.0400016784668,137.8,0.2516666711618503,1.6,23.299999554951984,0.0,1006.5866719563802,97.76333478291829,0.0,0.0
2026-01-20 22:00:00,1,50,Phatthalung Agrometeorlogical Station,7.613611,100.1175,4.15,20260120220000,142.22167040507,157.5,0.5533333445588747,1.7,23.163333956400553,0.0,1006.6800109863282,96.83666699727377,0.0,0.0
2026-01-20 23:00:00,1,50,Phatthalung Agrometeorlogical Station,7.613611,100.1175,4.15,20260120230000,147.80667012532552,151.8,0.4266666743904352,1.8,22.826666418711344,0.0,1006.9516733805339,97.63500048319499,0.0,0.0
2026-01-21 00:00:00,1,50,Phatthalung Agrometeorlogical Station,7.613611,100.1175,4.15,20260120240000,142.77667020161945,143.3,0.4683333451549212,1.7,23.06500024795532,0.0,1007.2450073242187,96.57333412170411,0.0,0.0
2026-01-21 01:00:00,1,50,Phatthalung Agrometeorlogical Station,7.613611,100.1175,4.15,20260121010000,134.8883364359538,137.8,0.5266666779915492,2.0,23.51166696548462,0.0,1008.1550099690755,95.38166745503743,0.0,0.0
2026-01-21 02:00:00,1,50,Phatthalung Agrometeorlogical Station,7.613611,100.1175,4.15,20260121020000,142.54333661397297,154.6,1.113333348557353,3.5,25.76500021616618,0.0,1009.2983469645183,87.2483341217041,0.0,0.0
2026-01-21 03:00:00,1,50,Phatthalung Agrometeorlogical Station,7.613611,100.1175,4.15,20260121030000,125.01500244140625,118.0,1.7633333494265875,4.1,28.486666870117187,0.0,1009.7900126139323,77.83666712443033,0.0,0.0
2026-01-21 04:00:00,1,50,Phatthalung Agrometeorlogical Station,7.613611,100.1175,4.15,20260121040000,89.20833384195963,47.7,2.811666703224182,5.8,30.461666933695476,0.0,1009.7816782633464,72.1516674041748,0.0,0.0
2026-01-21 05:00:00,1,50,Phatthalung Agrometeorlogical Station,7.613611,100.1175,4.15,20260121050000,95.87833404541016,47.7,2.8350000282128653,5.8,30.21833349863688,0.0,1009.4433390299479,73.34333381652831,0.0,0.0
2026-01-21 06:00:00,1,50,Phatthalung Agrometeorlogical Station,7.613611,100.1175,4.15,20260121060000,95.26333401997884,126.5,2.8200000216563543,7.3,29.488333574930827,0.0,1008.9000061035156,75.74666748046874,0.0,0.0
2026-01-21 07:00:00,1,50,Phatthalung Agrometeorlogical Station,7.613611,100.1175,4.15,20260121070000,85.41500104268393,59.0,4.131666700045268,7.5,31.14666681289673,0.0,1007.9650115966797,68.30000076293945,0.0,0.0
2026-01-21 08:00:00,1,50,Phatthalung Agrometeorlogical Station,7.613611,100.1175,4.15,20260121080000,88.57333405812581,118.0,4.076666696866353,6.8,30.676666895548504,0.0,1007.3183451334636,68.9150006612142,0.0,0.0
2026-01-21 09:00:00,1,50,Phatthalung Agrometeorlogical Station,7.613611,100.1175,4.15,20260121090000,86.63166732788086,59.0,3.7750000317891437,7.5,30.57833350499471,0.0,1007.0900054931641,67.61333414713542,0.0,0.0
2026-01-21 10:00:00,1,50,Phatthalung Agrometeorlogical Station,7.613611,100.1175,4.15,20260121100000,85.34500090281169,56.2,3.63000005086263,7.3,29.356666978200277,0.0,1007.3433441162109,71.9933339436849,0.0,0.0
2026-01-21 11:00:00,1,50,Phatthalung Agrometeorlogical Station,7.613611,100.1175,4.15,20260121110000,87.28666756947835,115.3,3.0750000278155007,6.5,28.316666952768962,0.0,1007.5733378092448,74.58166720072428,0.0,0.0
2026-01-21 12:00:00,1,50,Phatthalung Agrometeorlogical Station,7.613611,100.1175,4.15,20260121120000,89.9466672261556,42.2,2.9300000349680584,5.9,26.63500035603841,0.0,1008.0066762288411,80.12833417256674,0.0,0.0
2026-01-21 13:00:00,1,50,Phatthalung Agrometeorlogical Station,7.613611,100.1175,4.15,20260121130000,97.14500033060709,123.8,2.2866667032241823,4.0,25.93833309809367,0.0,1008.570009358724,84.34333419799805,0.0,0.0
2026-01-21 14:00:00,1,50,Phatthalung Agrometeorlogical Station,7.613611,100.1175,4.15,20260121140000,91.12500038146973,59.0,2.490000033378601,5.5,25.93499978383382,0.0,1009.2166748046875,84.42333399454752,0.0,0.0
2026-01-21 15:00:00,1,50,Phatthalung Agrometeorlogical Station,7.613611,100.1175,4.15,20260121150000,100.26333414713541,126.5,2.016666696468989,4.0,25.59500036239624,0.0,1009.7900177001953,84.42333374023437,0.0,0.0
2026-01-21 16:00:00,1,50,Phatthalung Agrometeorlogical Station,7.613611,100.1175,4.15,20260121160000,107.29833386739095,129.3,2.2200000206629436,4.8,25.648333899180095,0.0,1009.9766723632813,84.88000055948893,0.0,0.0
2026-01-21 17:00:00,1,50,Phatthalung Agrometeorlogical Station,7.613611,100.1175,4.15,20260121170000,104.5983341217041,64.6,1.765000010530154,3.7,25.27166690826416,0.0,1009.9683410644532,85.42000045776368,0.0,0.0
2026-01-21 18:00:00,1,50,Phatthalung Agrometeorlogical Station,7.613611,100.1175,4.15,20260121180000,115.27166779836018,135.0,0.7000000151495139,2.0,24.58833367029826,0.0,1009.8466756184896,88.66500104268393,0.0,0.0
2026-01-21 19:00:00,1,50,Phatthalung Agrometeorlogical Station,7.613611,100.1175,4.15,20260121190000,115.1200024286906,115.3,0.3883333413551251,1.2,23.843333276112876,0.0,1009.2650136311848,93.48000030517578,0.0,0.0
2026-01-21 20:00:00,1,50,Phatthalung Agrometeorlogical Station,7.613611,100.1175,4.15,20260121200000,143.32167129516603,115.3,0.2016666711618503,1.2,23.48000014623006,0.0,1008.4533426920573,95.55333417256674,0.0,0.0
2026-01-21 21:00:00,1,50,Phatthalung Agrometeorlogical Station,7.613611,100.1175,4.15,20260121210000,146.92333704630533,151.8,0.29166667188207307,1.2,22.998333326975505,0.0,1008.0600036621094,97.23500111897786,0.0,0.0
2026-01-21 22:00:00,1,50,Phatthalung Agrometeorlogical Station,7.613611,100.1175,4.15,20260121220000,145.65333658854166,157.5,0.4450000065068404,2.0,22.59666700363159,0.0,1008.0866719563802,97.72500063578288,0.0,0.0
2026-01-21 23:00:00,1,50,Phatthalung Agrometeorlogical Station,7.613611,100.1175,4.15,20260121230000,130.7166695912679,140.6,0.6083333463718493,2.5,22.733333428700764,0.0,1008.3916798909505,95.69833374023438,0.0,0.0
2026-01-22 00:00:00,1,50,Phatthalung Agrometeorlogical Station,7.613611,100.1175,4.15,20260121240000,140.88667017618815,151.8,0.6833333455026149,2.4,22.688334019978843,0.0,1008.9700113932291,95.2183334350586,0.0,0.0
2026-01-22 01:00:00,1,50,Phatthalung Agrometeorlogical Station,7.613611,100.1175,4.15,20260122010000,134.2700023651123,135.0,0.6766666793574889,2.4,23.61000016530355,0.0,1009.5583424886067,92.15500081380209,0.0,0.0
2026-01-22 02:00:00,1,50,Phatthalung Agrometeorlogical Station,7.613611,100.1175,4.15,20260122020000,139.01500282287597,157.5,1.2833333489795526,3.5,26.083333651224773,0.0,1010.6033447265625,84.01000099182129,0.0,0.0
2026-01-22 03:00:00,1,50,Phatthalung Agrometeorlogical Station,7.613611,100.1175,4.15,20260122030000,118.51000162760417,53.4,1.6733333537975947,4.0,29.26166687011719,0.0,1010.9783426920573,74.90333353678385,0.0,0.0
2026-01-22 04:00:00,1,50,Phatthalung Agrometeorlogical Station,7.613611,100.1175,4.15,20260122040000,89.90500062306722,135.0,2.940000037352244,5.1,30.180000178019206,0.0,1011.1200073242187,71.12500076293945,0.0,0.0
2026-01-22 05:00:00,1,50,Phatthalung Agrometeorlogical Station,7.613611,100.1175,4.15,20260122050000,85.25833403269449,47.7,4.255000015099843,8.0,30.77166690826416,0.0,1010.6366770426432,67.31833381652832,0.0,0.0
2026-01-22 06:00:00,1,50,Phatthalung Agrometeorlogical Station,7.613611,100.1175,4.15,20260122060000,84.32500076293945,61.9,4.390000033378601,7.6,31.05000025431315,0.0,1009.7983428955079,64.7500005086263,0.0,0.0
2026-01-22 07:00:00,1,50,Phatthalung Agrometeorlogical Station,7.613611,100.1175,4.15,20260122070000,88.68000094095866,53.4,4.488333336512247,8.6,30.916666889190672,0.0,1009.0616770426433,63.91833381652832,0.0,0.0
2026-01-22 08:00:00,1,50,Phatthalung Agrometeorlogical Station,7.613611,100.1175,4.15,20260122080000,85.93000055948893,47.7,4.405000015099843,7.9,30.363333670298257,0.0,1008.4200124104817,65.46833413441976,0.0,0.0
2026-01-22 09:00:00,1,50,Phatthalung Agrometeorlogical Station,7.613611,100.1175,4.15,20260122090000,90.6950003306071,135.0,4.090000037352244,6.6,30.32833350499471,0.0,1008.1400085449219,66.51833356221518,0.0,0.0
2026-01-22 10:00:00,1,50,Phatthalung Agrometeorlogical Station,7.613611,100.1175,4.15,20260122100000,89.77666727701823,67.5,4.1316667079925535,6.8,29.018333435058594,0.0,1008.2000111897786,69.24833386739095,0.0,0.0
2026-01-22 11:00:00,1,50,Phatthalung Agrometeorlogical Station,7.613611,100.1175,4.15,20260122110000,87.89500071207682,53.4,3.7066667079925537,6.6,28.05666700998942,0.0,1008.4366780598958,72.9466672261556,0.0,0.0
2026-01-22 12:00:00,1,50,Phatthalung Agrometeorlogical Station,7.613611,100.1175,4.15,20260122120000,94.66666755676269,120.9,3.123333382606506,5.9,26.503333695729573,0.0,1009.2200093587239,77.9550006866455,0.0,0.0
2026-01-22 13:00:00,1,50,Phatthalung Agrometeorlogical Station,7.613611,100.1175,4.15,20260122130000,106.75500030517578,132.1,1.8116666893164317,4.5,25.735000356038412,0.0,1009.9816813151042,81.65666720072429,0.0,0.0
2026-01-22 14:00:00,1,50,Phatthalung Agrometeorlogical Station,7.613611,100.1175,4.15,20260122140000,113.4816670735677,56.2,1.5133333543936411,4.3,25.11333351135254,0.0,1010.5466796875,84.8733341217041,0.0,0.0
2026-01-22 15:00:00,1,50,Phatthalung Agrometeorlogical Station,7.613611,100.1175,4.15,20260122150000,105.37833353678386,135.0,2.2483333547910056,4.8,25.361666870117187,0.0,1010.9683410644532,83.72166748046875,0.0,0.0
2026-01-22 16:00:00,1,50,Phatthalung Agrometeorlogical Station,7.613611,100.1175,4.15,20260122160000,106.8383337656657,120.9,2.091666692495346,4.3,25.641666825612386,0.0,1010.9833374023438,82.11666730244954,0.0,0.0
2026-01-22 17:00:00,1,50,Phatthalung Agrometeorlogical Station,7.613611,100.1175,4.15,20260122170000,103.9016674041748,120.9,1.1383333489298821,3.2,24.908333746592202,0.0,1011.0000071207683,85.37333386739095,0.0,0.0
2026-01-22 18:00:00,1,50,Phatthalung Agrometeorlogical Station,7.613611,100.1175,4.15,20260122180000,105.43500067392985,61.9,0.8033333516369263,2.2,24.323333549499512,0.0,1010.8333526611328,89.61000073750814,0.0,0.0
2026-01-22 19:00:00,1,50,Phatthalung Agrometeorlogical Station,7.613611,100.1175,4.15,20260122190000,121.33166809082032,115.3,0.8950000159442425,2.2,24.15333391825358,0.0,1010.4433420817057,89.93000055948893,0.0,0.0
2026-01-22 20:00:00,1,50,Phatthalung Agrometeorlogical Station,7.613611,100.1175,4.15,20260122200000,106.79500102996826,123.8,0.8416666831821203,1.8,23.74666690826416,0.0,1009.8133463541667,92.20333366394043,0.0,0.0
2026-01-22 21:00:00,1,50,Phatthalung Agrometeorlogical Station,7.613611,100.1175,4.15,20260122210000,128.76666882832845,126.5,0.46500000804662706,1.3,22.989999771118164,0.0,1009.4633422851563,95.5966672261556,0.0,0.0
2026-01-22 22:00:00,1,50,Phatthalung Agrometeorlogical Station,7.613611,100.1175,4.15,20260122220000,95.83833401997884,132.1,0.778333347911636,1.7,22.94666649500529,0.0,1009.3733520507812,97.17666727701823,0.0,0.0
2026-01-22 23:00:00,1,50,Phatthalung Agrometeorlogical Station,7.613611,100.1175,4.15,20260122230000,102.55333442687989,56.2,1.1283333510160447,2.2,22.56500024795532,0.0,1009.5866719563802,99.22666727701822,0.0,0.0
2026-01-23 00:00:00,1,50,Phatthalung Agrometeorlogical Station,7.613611,100.1175,4.15,20260122240000,111.641668065389,151.8,0.8400000122686228,2.5,22.34500026702881,0.0,1010.1700103759765,99.7533348083496,0.0,0.0
2026-01-23 01:00:00,1,50,Phatthalung Agrometeorlogical Station,7.613611,100.1175,4.15,20260123010000,88.79833434422811,59.0,0.5833333459993203,2.2,23.446666844685872,0.0,1010.878340657552,97.12500076293945,0.0,0.0
2026-01-23 02:00:00,1,50,Phatthalung Agrometeorlogical Station,7.613611,100.1175,4.15,20260123020000,99.10000165303548,115.3,0.5183333450307449,2.0,25.374999968210854,0.0,1011.9383443196615,89.45333404541016,0.0,0.0
2026-01-23 03:00:00,1,50,Phatthalung Agrometeorlogical Station,7.613611,100.1175,4.15,20260123030000,134.69000295003255,59.0,1.0750000141561031,3.2,27.77500041325887,0.0,1012.4816762288411,80.84666735331217,0.0,0.0
2026-01-23 04:00:00,1,50,Phatthalung Agrometeorlogical Station,7.613611,100.1175,4.15,20260123040000,88.88500035603842,47.7,2.448333363731702,7.0,29.963333479563396,0.0,1012.3383483886719,73.17666753133138,0.0,0.0
2026-01-23 05:00:00,1,50,Phatthalung Agrometeorlogical Station,7.613611,100.1175,4.15,20260123050000,82.54000034332276,135.0,3.6083333690961203,9.0,28.52500009536743,0.6000000089406967,1012.0350087483724,78.76333376566569,0.0,0.0
2026-01-23 06:00:00,1,50,Phatthalung Agrometeorlogical Station,7.613611,100.1175,4.15,20260123060000,89.08333384195963,47.7,3.140000021457672,9.0,27.58666690190633,0.0,1011.3033437093098,86.55500055948893,0.0,0.0
2026-01-23 07:00:00,1,50,Phatthalung Agrometeorlogical Station,7.613611,100.1175,4.15,20260123070000,87.98000068664551,64.6,5.198333378632864,9.0,30.5633337020874,0.0,1010.2850107828776,70.92500089009603,0.0,0.0
2026-01-23 08:00:00,1,50,Phatthalung Agrometeorlogical Station,7.613611,100.1175,4.15,20260123080000,83.63333384195964,126.5,5.1450000405311584,8.6,30.430000209808348,0.0,1009.5700042724609,68.75666720072428,0.0,0.0
2026-01-23 09:00:00,1,50,Phatthalung Agrometeorlogical Station,7.613611,100.1175,4.15,20260123090000,87.70833384195963,47.7,4.051666688919068,7.3,28.065000120798747,0.0,1009.1633433024089,76.80166689554851,0.0,0.0
2026-01-23 10:00:00,1,50,Phatthalung Agrometeorlogical Station,7.613611,100.1175,4.15,20260123100000,86.90833371480306,64.6,4.041666698455811,7.3,28.41833324432373,0.0,1008.8400146484375,76.31000061035157,0.0,0.0
2026-01-23 11:00:00,1,50,Phatthalung Agrometeorlogical Station,7.613611,100.1175,4.15,20260123110000,73.78500054677328,123.8,3.95000003973643,7.5,27.793333784739175,0.0,1009.0950063069662,77.87666727701823,0.0,0.0
2026-01-23 12:00:00,1,50,Phatthalung Agrometeorlogical Station,7.613611,100.1175,4.15,20260123120000,53.52333399454753,61.9,1.9783333549896875,5.5,26.141666825612386,0.0,1009.9033416748047,85.4933339436849,0.0,0.0
2026-01-23 13:00:00,1,50,Phatthalung Agrometeorlogical Station,7.613611,100.1175,4.15,20260123130000,61.75166714986165,64.6,1.1650000142554442,3.2,24.42999973297119,0.0,1010.4683420817057,93.47333424886068,0.0,0.0
2026-01-23 14:00:00,1,50,Phatthalung Agrometeorlogical Station,7.613611,100.1175,4.15,20260123140000,85.11833419799805,129.3,0.8900000164906184,2.9,24.27999954223633,0.0,1011.2000122070312,94.74500096638998,0.0,0.0
2026-01-23 15:00:00,1,50,Phatthalung Agrometeorlogical Station,7.613611,100.1175,4.15,20260123150000,90.20166714986165,53.4,0.8816666771968206,3.9,24.26000035603841,0.0,1011.4733439127605,94.65833409627278,0.0,0.0
2026-01-23 16:00:00,1,50,Phatthalung Agrometeorlogical Station,7.613611,100.1175,4.15,20260123160000,119.37333450317382,120.9,1.0300000137339036,2.2,23.77666664123535,0.0,1011.6500091552734,96.15500043233236,0.0,0.0
2026-01-23 17:00:00,1,50,Phatthalung Agrometeorlogical Station,7.613611,100.1175,4.15,20260123170000,126.31666984558106,118.0,0.8516666861871879,1.8,23.378333059946694,0.20000000298023224,1011.3783447265625,98.23333358764648,0.0,0.0
2026-01-23 18:00:00,1,50,Phatthalung Agrometeorlogical Station,7.613611,100.1175,4.15,20260123180000,121.54166819254557,115.3,0.35833334140479567,1.5,23.071666940053305,0.0,1011.0666758219401,99.26000048319499,0.0,0.0
2026-01-23 19:00:00,1,50,Phatthalung Agrometeorlogical Station,7.613611,100.1175,4.15,20260123190000,119.70666777292887,129.3,0.923333348830541,2.0,22.94833313624064,0.0,1010.625010172526,99.69833437601726,0.0,0.0
2026-01-23 20:00:00,1,50,Phatthalung Agrometeorlogical Station,7.613611,100.1175,4.15,20260123200000,82.41833381652832,67.5,3.153333354492982,8.8,23.40500036875407,5.400000110268593,1010.4283508300781,99.4416675567627,0.0,0.0
2026-01-23 21:00:00,1,50,Phatthalung Agrometeorlogical Station,7.613611,100.1175,4.15,20260123210000,84.96166776021322,53.4,3.550000031789144,9.0,22.306666628519693,0.20000000298023224,1010.3600189208985,96.18500061035157,0.0,0.0
2026-01-23 22:00:00,1,50,Phatthalung Agrometeorlogical Station,7.613611,100.1175,4.15,20260123220000,53.15333366394043,25.2,0.9633333497991164,5.1,22.59500036239624,0.0,1009.9883361816406,91.853333791097,0.0,0.0
2026-01-23 23:00:00,1,50,Phatthalung Agrometeorlogical Station,7.613611,100.1175,4.15,20260123230000,131.50833625793456,67.5,0.8683333430439234,3.0,23.471666685740153,0.0,1010.4150085449219,89.72000083923339,0.0,0.0
2026-01-24 00:00:00,1,50,Phatthalung Agrometeorlogical Station,7.613611,100.1175,4.15,20260123240000,147.34833679199218,157.5,0.7237288243437218,2.5,22.86610199233233,0.0,1010.793230477026,90.53220380362818,0.0,0.0
2026-01-24 01:00:00,1,50,Phatthalung Agrometeorlogical Station,7.613611,100.1175,4.15,20260124010000,148.45833689371744,157.5,0.9166666788359483,2.5,23.496666940053306,0.0,1011.600010172526,90.87666702270508,0.0,0.0
2026-01-24 02:00:00,1,50,Phatthalung Agrometeorlogical Station,7.613611,100.1175,4.15,20260124020000,137.34166984558107,154.6,2.068333355585734,4.5,27.061666774749757,0.0,1012.3916778564453,80.98333409627278,0.0,0.0
2026-01-24 03:00:00,1,50,Phatthalung Agrometeorlogical Station,7.613611,100.1175,4.15,20260124030000,116.17666778564453,120.9,3.276666696866353,6.5,28.7566668510437,0.0,1012.8000111897786,77.13833376566569,0.0,0.0
2026-01-24 04:00:00,1,50,Phatthalung Agrometeorlogical Station,7.613611,100.1175,4.15,20260124040000,102.8116673787435,126.5,3.5366667032241823,7.0,30.455000273386638,0.0,1012.7783437093099,70.88666725158691,0.0,0.0
2026-01-24 05:00:00,1,50,Phatthalung Agrometeorlogical Station,7.613611,100.1175,4.15,20260124050000,89.38833357493083,129.3,3.3666667024294537,6.5,31.36833356221517,0.0,1012.170009358724,66.8466672261556,0.0,0.0
2026-01-24 06:00:00,1,50,Phatthalung Agrometeorlogical Station,7.613611,100.1175,4.15,20260124060000,86.95500062306722,123.8,3.3750000317891438,7.0,31.56666679382324,0.0,1011.2550099690756,66.89000085194905,0.0,0.0
2026-01-24 07:00:00,1,50,Phatthalung Agrometeorlogical Station,7.613611,100.1175,4.15,20260124070000,86.08833395640055,126.5,3.7766666928927104,6.9,30.53333355585734,0.0,1010.3183461507161,70.30666732788086,0.0,0.0
2026-01-24 08:00:00,1,50,Phatthalung Agrometeorlogical Station,7.613611,100.1175,4.15,20260124080000,74.85166746775309,64.6,4.368333359559377,8.3,29.845000330607096,0.0,1009.2916748046875,70.08500061035156,0.0,0.0
2026-01-24 09:00:00,1,50,Phatthalung Agrometeorlogical Station,7.613611,100.1175,4.15,20260124090000,74.83333384195963,53.4,3.5750000218550366,6.9,29.545000267028808,0.0,1008.791678873698,70.86666717529297,0.0,0.0
2026-01-24 10:00:00,1,50,Phatthalung Agrometeorlogical Station,7.613611,100.1175,4.15,20260124100000,70.67288188611047,64.6,3.3474576715695656,6.1,29.088135800119172,0.0,1008.5949210474047,72.47966197385627,0.0,0.0
2026-01-24 11:00:00,1,50,Phatthalung Agrometeorlogical Station,7.613611,100.1175,4.15,20260124110000,72.30833409627279,53.4,2.925423763566098,6.0,27.87966120445122,1.0000000298023224,1008.7271283683131,76.63898377499338,0.0,0.0
2026-01-24 12:00:00,1,50,Phatthalung Agrometeorlogical Station,7.613611,100.1175,4.15,20260124120000,67.5400006612142,56.2,2.4766666988531747,5.4,26.77166690826416,0.0,1009.2500122070312,81.19000091552735,0.0,0.0
2026-01-24 13:00:00,1,50,Phatthalung Agrometeorlogical Station,7.613611,100.1175,4.15,20260124130000,70.51666730244955,56.2,2.2666666845480603,4.9,26.336666170756022,0.0,1009.6750111897786,84.13666725158691,0.0,0.0
2026-01-24 14:00:00,1,50,Phatthalung Agrometeorlogical Station,7.613611,100.1175,4.15,20260124140000,97.4233341217041,137.8,1.678333347539107,6.8,25.98166675567627,9.400000125169754,1010.1150085449219,88.14666735331217,0.0,0.0
2026-01-24 15:00:00,1,50,Phatthalung Agrometeorlogical Station,7.613611,100.1175,4.15,20260124150000,62.86833375295003,59.0,1.2750000150253376,5.6,24.20666697820028,1.4000000208616257,1010.4583435058594,98.90000063578287,0.0,0.0
2026-01-24 16:00:00,1,50,Phatthalung Agrometeorlogical Station,7.613611,100.1175,4.15,20260124160000,96.0200008392334,59.0,3.1666666984558107,6.1,24.798333358764648,0.0,1010.3816864013672,95.93333384195964,0.0,0.0
2026-01-24 17:00:00,1,50,Phatthalung Agrometeorlogical Station,7.613611,100.1175,4.15,20260124170000,95.76666730244955,59.0,2.7983333706855773,5.6,25.191667397816975,0.0,1010.3100107828776,92.0266674041748,0.0,0.0
2026-01-24 18:00:00,1,50,Phatthalung Agrometeorlogical Station,7.613611,100.1175,4.15,20260124180000,105.33666699727377,126.5,2.1383333563804627,4.5,25.118333784739175,0.0,1010.390005493164,90.5616673787435,0.0,0.0
2026-01-24 19:00:00,1,50,Phatthalung Agrometeorlogical Station,7.613611,100.1175,4.15,20260124190000,99.80833384195964,132.1,2.4566666960716246,4.6,25.07000026702881,0.0,1009.7650095621744,90.17333374023437,0.0,0.0
2026-01-24 20:00:00,1,50,Phatthalung Agrometeorlogical Station,7.613611,100.1175,4.15,20260124200000,98.01166769663493,50.5,1.7633333494265875,4.8,25.13833386103312,0.0,1009.1600087483724,89.41666717529297,0.0,0.0
2026-01-24 21:00:00,1,50,Phatthalung Agrometeorlogical Station,7.613611,100.1175,4.15,20260124210000,99.26333401997884,61.9,2.7416666984558105,5.6,25.20333334604899,0.0,1008.7483469645182,88.69500096638997,0.0,0.0
2026-01-24 22:00:00,1,50,Phatthalung Agrometeorlogical Station,7.613611,100.1175,4.15,20260124220000,121.67500152587891,129.3,1.655000025779009,4.6,24.83333371480306,0.0,1008.7800150553386,89.55000063578288,0.0,0.0
2026-01-24 23:00:00,1,50,Phatthalung Agrometeorlogical Station,7.613611,100.1175,4.15,20260124230000,140.00000343322753,132.1,0.4033333429445823,2.2,23.738333956400552,0.0,1009.008334350586,96.3983336130778,0.0,0.0
2026-01-25 00:00:00,1,50,Phatthalung Agrometeorlogical Station,7.613611,100.1175,4.15,20260124240000,136.5800038655599,146.3,0.32166667381922404,1.5,23.51166671117147,0.20000000298023224,1009.3466746012369,97.30500043233236,0.0,0.0
2026-01-25 01:00:00,1,50,Phatthalung Agrometeorlogical Station,7.613611,100.1175,4.15,20260125010000,137.62333609263104,135.0,0.5816666775693496,2.2,24.118333625793458,0.0,1010.0850077311198,96.74000040690105,0.0,0.0
2026-01-25 02:00:00,1,50,Phatthalung Agrometeorlogical Station,7.613611,100.1175,4.15,20260125020000,135.71666971842447,146.3,0.7500000147769849,2.0,25.57666695912679,0.0,1011.0250061035156,90.48333384195963,0.0,0.0
2026-01-25 03:00:00,1,50,Phatthalung Agrometeorlogical Station,7.613611,100.1175,4.15,20260125030000,128.15666980743407,47.7,0.7183333456516265,2.7,25.81500024795532,4.800000086426735,1011.4366790771485,91.38500099182129,0.0,0.0
2026-01-25 04:00:00,1,50,Phatthalung Agrometeorlogical Station,7.613611,100.1175,4.15,20260125040000,115.85714599064418,146.3,0.5976190593625818,3.0,25.040476299467542,1.600000023841858,1011.3095354352679,96.26904823666527,0.0,0.0
2026-01-25 05:00:00,1,50,Phatthalung Agrometeorlogical Station,7.613611,100.1175,4.15,20260125050000,91.0549025442086,59.0,3.5705882567985383,7.8,27.882352978575465,0.0,1010.7019713158701,84.63137308756511,0.0,0.0
2026-01-25 06:00:00,1,50,Phatthalung Agrometeorlogical Station,7.613611,100.1175,4.15,20260125060000,84.97333399454753,115.3,4.6083333730697635,8.5,28.380000178019205,0.0,1009.9983428955078,79.41000073750814,0.0,0.0
2026-01-25 07:00:00,1,50,Phatthalung Agrometeorlogical Station,7.613611,100.1175,4.15,20260125070000,90.40333391825358,67.5,4.695000028610229,8.6,30.005000241597493,0.0,1009.2100128173828,73.57500063578287,0.0,0.0
2026-01-25 08:00:00,1,50,Phatthalung Agrometeorlogical Station,7.613611,100.1175,4.15,20260125080000,82.9583340326945,129.3,4.793333351612091,8.3,31.0833335240682,0.0,1008.4250111897786,69.3716672261556,0.0,0.0
2026-01-25 09:00:00,1,50,Phatthalung Agrometeorlogical Station,7.613611,100.1175,4.15,20260125090000,77.82500069936117,118.0,4.338333364327749,7.5,30.23333361943563,0.0,1008.2500152587891,70.61833381652832,0.0,0.0
2026-01-25 10:00:00,1,50,Phatthalung Agrometeorlogical Station,7.613611,100.1175,4.15,20260125100000,74.81000080108643,59.0,4.098333378632863,7.6,29.500000445048013,0.0,1008.2183451334636,72.41333414713542,0.0,0.0
2026-01-25 11:00:00,1,50,Phatthalung Agrometeorlogical Station,7.613611,100.1175,4.15,20260125110000,77.53333346048991,67.5,3.465000041325887,7.0,28.235000324249267,0.0,1008.5000091552735,77.35166676839192,0.0,0.0
2026-01-25 12:00:00,1,50,Phatthalung Agrometeorlogical Station,7.613611,100.1175,4.15,20260125120000,86.40833396911621,50.5,2.5600000421206155,5.9,26.835000292460123,0.0,1008.9866790771484,83.2183339436849,0.0,0.0
2026-01-25 13:00:00,1,50,Phatthalung Agrometeorlogical Station,7.613611,100.1175,4.15,20260125130000,81.49166730244954,61.9,2.2400000214576723,5.0,26.190000184377034,0.0,1009.5100128173829,85.22833417256673,0.0,0.0
2026-01-25 14:00:00,1,50,Phatthalung Agrometeorlogical Station,7.613611,100.1175,4.15,20260125140000,99.68333409627279,50.5,1.6433333516120912,3.7,25.45999984741211,0.0,1010.1600107828776,88.7166675567627,0.0,0.0
2026-01-25 15:00:00,1,50,Phatthalung Agrometeorlogical Station,7.613611,100.1175,4.15,20260125150000,92.91500021616618,47.7,1.3233333472162485,4.4,25.241666793823242,0.0,1010.5716776529948,89.69500058492025,0.0,0.0
2026-01-25 16:00:00,1,50,Phatthalung Agrometeorlogical Station,7.613611,100.1175,4.15,20260125160000,112.1466682434082,47.7,0.6300000127404928,3.0,24.815000025431313,0.0,1010.6733439127604,92.73000055948893,0.0,0.0
2026-01-25 17:00:00,1,50,Phatthalung Agrometeorlogical Station,7.613611,100.1175,4.15,20260125170000,106.35500055948893,135.0,1.0033333453039328,4.6,25.178333727518716,0.0,1010.456674194336,91.49833399454752,0.0,0.0
2026-01-25 18:00:00,1,50,Phatthalung Agrometeorlogical Station,7.613611,100.1175,4.15,20260125180000,91.5433339436849,129.3,2.413333368301392,4.8,25.749999936421712,0.0,1010.2800170898438,86.09666735331217,0.0,0.0
2026-01-25 19:00:00,1,50,Phatthalung Agrometeorlogical Station,7.613611,100.1175,4.15,20260125190000,96.21500053405762,120.9,2.475000031789144,4.6,25.77166633605957,0.0,1009.878340657552,86.41166725158692,0.0,0.0
2026-01-25 20:00:00,1,50,Phatthalung Agrometeorlogical Station,7.613611,100.1175,4.15,20260125200000,107.99500026702881,64.6,1.1333333508421977,3.5,25.20000015894572,0.0,1009.5616709391276,89.43666725158691,0.0,0.0
2026-01-25 21:00:00,1,50,Phatthalung Agrometeorlogical Station,7.613611,100.1175,4.15,20260125210000,113.99500109354655,132.1,1.6516666889190674,4.5,25.066666920979817,0.0,1009.3033518473308,90.42333386739095,0.0,0.0
2026-01-25 22:00:00,1,50,Phatthalung Agrometeorlogical Station,7.613611,100.1175,4.15,20260125220000,134.89166920979818,146.3,0.6850000155468782,2.2,24.47166690826416,0.0,1009.5450052897136,94.23166770935059,0.0,0.0
2026-01-25 23:00:00,1,50,Phatthalung Agrometeorlogical Station,7.613611,100.1175,4.15,20260125230000,141.99833666483562,137.8,0.6166666773458321,2.7,23.67500031789144,0.0,1009.636675008138,95.91666781107584,0.0,0.0
2026-01-26 00:00:00,1,50,Phatthalung Agrometeorlogical Station,7.613611,100.1175,4.15,20260125240000,129.66833572387696,59.0,0.408333341528972,1.8,23.15333366394043,0.0,1009.8466756184896,97.34500045776367,0.0,0.0
2026-01-26 01:00:00,1,50,Phatthalung Agrometeorlogical Station,7.613611,100.1175,4.15,20260126010000,145.33333574930828,143.3,0.6116666731735071,3.0,24.4483336130778,0.0,1010.6266733805338,93.37333374023437,0.0,0.0
2026-01-26 02:00:00,1,50,Phatthalung Agrometeorlogical Station,7.613611,100.1175,4.15,20260126020000,142.2950033823649,151.8,1.5316666806737582,3.9,27.22333354949951,0.0,1011.4983428955078,82.77166697184245,0.0,0.0
2026-01-26 03:00:00,1,50,Phatthalung Agrometeorlogical Station,7.613611,100.1175,4.15,20260126030000,120.73666890462239,47.7,1.8433333506186804,5.0,29.150000127156577,0.0,1011.6833445231119,76.36833381652832,0.0,0.0
2026-01-26 04:00:00,1,50,Phatthalung Agrometeorlogical Station,7.613611,100.1175,4.15,20260126040000,96.55500068664551,50.5,2.3650000274181364,5.4,30.455000241597492,0.0,1011.7233459472657,71.72666702270507,0.0,0.0
2026-01-26 05:00:00,1,50,Phatthalung Agrometeorlogical Station,7.613611,100.1175,4.15,20260126050000,90.98833389282227,47.7,2.8866666982571285,6.1,30.780000305175783,0.0,1011.0300130208333,71.38500048319499,0.0,0.0
2026-01-26 06:00:00,1,50,Phatthalung Agrometeorlogical Station,7.613611,100.1175,4.15,20260126060000,83.90666700998942,132.1,4.460000030199686,7.5,31.08833367029826,0.0,1010.3133412679036,69.47833417256673,0.0,0.0
2026-01-26 07:00:00,1,50,Phatthalung Agrometeorlogical Station,7.613611,100.1175,4.15,20260126070000,84.65500017801921,126.5,4.621666673819224,8.3,31.315000184377034,0.0,1009.2933410644531,68.29500096638998,0.0,0.0
2026-01-26 08:00:00,1,50,Phatthalung Agrometeorlogical Station,7.613611,100.1175,4.15,20260126080000,83.40666681925455,67.5,4.888333384195963,9.1,30.85333360036214,0.0,1008.3200073242188,68.62333386739095,0.0,0.0
2026-01-26 09:00:00,1,50,Phatthalung Agrometeorlogical Station,7.613611,100.1175,4.15,20260126090000,81.73500080108643,39.4,4.4100000301996864,7.8,30.38333355585734,0.0,1007.9750081380208,69.81166750590006,0.0,0.0
2026-01-26 10:00:00,1,50,Phatthalung Agrometeorlogical Station,7.613611,100.1175,4.15,20260126100000,79.06166712443034,120.9,3.4333333651224773,6.4,28.95500020980835,0.0,1008.1383412679037,73.41000061035156,0.0,0.0
2026-01-26 11:00:00,1,50,Phatthalung Agrometeorlogical Station,7.613611,100.1175,4.15,20260126110000,87.34500064849854,135.0,3.065000033378601,5.6,27.856666819254556,0.0,1008.5966756184896,77.27000071207682,0.0,0.0
2026-01-26 12:00:00,1,50,Phatthalung Agrometeorlogical Station,7.613611,100.1175,4.15,20260126120000,92.85666720072429,123.8,2.445000038544337,5.4,26.708333651224773,0.0,1009.1900115966797,81.49333381652832,0.0,0.0
2026-01-26 13:00:00,1,50,Phatthalung Agrometeorlogical Station,7.613611,100.1175,4.15,20260126130000,81.92000045776368,59.0,2.8050000270207724,5.8,26.123333803812663,0.0,1009.948344930013,84.2983341217041,0.0,0.0
2026-01-26 14:00:00,1,50,Phatthalung Agrometeorlogical Station,7.613611,100.1175,4.15,20260126140000,89.15000025431316,47.7,2.5433333694934843,5.0,25.846666781107583,0.0,1010.7666758219401,85.12666702270508,0.0,0.0
2026-01-26 15:00:00,1,50,Phatthalung Agrometeorlogical Station,7.613611,100.1175,4.15,20260126150000,102.6300006866455,135.0,1.391666683057944,4.5,25.30333350499471,0.0,1011.1333414713541,87.43166720072428,0.0,0.0
2026-01-26 16:00:00,1,50,Phatthalung Agrometeorlogical Station,7.613611,100.1175,4.15,20260126160000,128.33833605448405,53.4,0.320000006010135,1.6,24.643333880106606,0.0,1011.0,91.92666740417481,0.0,0.0
2026-01-26 17:00:00,1,50,Phatthalung Agrometeorlogical Station,7.613611,100.1175,4.15,20260126170000,124.93333613077799,135.0,0.23833333924412728,1.2,24.138333384195963,0.0,1010.8400166829427,93.93333384195964,0.0,0.0
2026-01-26 18:00:00,1,50,Phatthalung Agrometeorlogical Station,7.613611,100.1175,4.15,20260126180000,115.30000305175781,115.3,0.10333333586653073,0.8,23.783333174387614,0.0,1010.570009358724,95.80666694641113,0.0,0.0
2026-01-26 19:00:00,1,50,Phatthalung Agrometeorlogical Station,7.613611,100.1175,4.15,20260126190000,117.9350020090739,135.0,0.6366666809966167,1.6,23.29333299001058,0.0,1010.4366729736328,97.1216672261556,0.0,0.0
2026-01-26 20:00:00,1,50,Phatthalung Agrometeorlogical Station,7.613611,100.1175,4.15,20260126200000,132.9983346303304,140.6,0.27833333959182105,1.3,23.453333473205568,0.0,1010.0533365885417,96.4966672261556,0.0,0.0
2026-01-26 21:00:00,1,50,Phatthalung Agrometeorlogical Station,7.613611,100.1175,4.15,20260126210000,127.7100040435791,115.3,0.27500000496705373,1.2,23.170000648498537,0.0,1010.0333353678385,97.54000040690104,0.0,0.0
2026-01-26 22:00:00,1,50,Phatthalung Agrometeorlogical Station,7.613611,100.1175,4.15,20260126220000,121.38500188191732,118.0,0.5200000122189522,1.3,22.97000020345052,0.0,1010.0500030517578,97.85833384195963,0.0,0.0
2026-01-26 23:00:00,1,50,Phatthalung Agrometeorlogical Station,7.613611,100.1175,4.15,20260126230000,124.3483351389567,154.6,0.6016666822135448,1.8,22.633333841959637,0.0,1010.2550079345704,98.77500076293946,0.0,0.0
2026-01-27 00:00:00,1,50,Phatthalung Agrometeorlogical Station,7.613611,100.1175,4.15,20260126240000,129.83000361124675,132.1,0.22333333753049373,1.3,22.221667098999024,0.0,1010.9016723632812,99.71833407084146,0.0,0.0
2026-01-27 01:00:00,1,50,Phatthalung Agrometeorlogical Station,7.613611,100.1175,4.15,20260127010000,130.2700049082438,120.9,0.1816666703671217,1.2,23.348333485921223,0.0,1011.7166809082031,98.51000086466472,0.0,0.0
2026-01-27 02:00:00,1,50,Phatthalung Agrometeorlogical Station,7.613611,100.1175,4.15,20260127020000,137.76500314076742,146.3,1.1400000122686227,3.7,26.7116668065389,0.0,1012.2900085449219,84.20333391825358,0.0,0.0
2026-01-27 03:00:00,1,50,Phatthalung Agrometeorlogical Station,7.613611,100.1175,4.15,20260127030000,127.19333566029867,118.0,1.5816666876276335,3.7,28.735000197092692,0.0,1012.5900065104166,76.72000071207682,0.0,0.0
2026-01-27 04:00:00,1,50,Phatthalung Agrometeorlogical Station,7.613611,100.1175,4.15,20260127040000,104.72500063578288,53.4,2.3933333585659664,5.6,30.125000222524008,0.0,1012.4916737874349,72.356667582194,0.0,0.0
2026-01-27 05:00:00,1,50,Phatthalung Agrometeorlogical Station,7.613611,100.1175,4.15,20260127050000,86.97500044504801,123.8,2.68833335240682,5.0,31.031666819254557,0.0,1012.0800109863281,68.52833404541016,0.0,0.0
2026-01-27 06:00:00,1,50,Phatthalung Agrometeorlogical Station,7.613611,100.1175,4.15,20260127060000,82.86166718800862,126.5,3.028333369890849,6.0,31.283333492279052,0.0,1011.0100087483723,68.3566670735677,0.0,0.0
2026-01-27 07:00:00,1,50,Phatthalung Agrometeorlogical Station,7.613611,100.1175,4.15,20260127070000,84.91500047047933,67.5,3.418333379427592,7.3,31.76500031153361,0.0,1009.8650126139323,65.80500036875407,0.0,0.0
2026-01-27 08:00:00,1,50,Phatthalung Agrometeorlogical Station,7.613611,100.1175,4.15,20260127080000,82.63333422342936,50.5,3.4233333647251127,5.9,31.108333587646484,0.0,1008.9066782633464,66.70666739145915,0.0,0.0
2026-01-27 09:00:00,1,50,Phatthalung Agrometeorlogical Station,7.613611,100.1175,4.15,20260127090000,76.33500054677327,59.0,3.453333369890849,6.9,30.44500013987223,0.0,1008.5866719563802,67.603333791097,0.0,0.0
2026-01-27 10:00:00,1,50,Phatthalung Agrometeorlogical Station,7.613611,100.1175,4.15,20260127100000,74.8900005976359,50.5,3.2216667075951895,6.0,30.043333689371746,0.0,1008.7666778564453,68.5266674041748,0.0,0.0
2026-01-27 11:00:00,1,50,Phatthalung Agrometeorlogical Station,7.613611,100.1175,4.15,20260127110000,76.77166748046875,135.0,2.946666709582011,5.4,28.450000286102295,0.0,1009.0416697184245,74.1833339691162,0.0,0.0
2026-01-27 12:00:00,1,50,Phatthalung Agrometeorlogical Station,7.613611,100.1175,4.15,20260127120000,76.43833408355712,135.0,2.4683333655198414,5.5,26.796666812896728,0.0,1009.3433441162109,80.52833417256673,0.0,0.0
2026-01-27 13:00:00,1,50,Phatthalung Agrometeorlogical Station,7.613611,100.1175,4.15,20260127130000,79.02833410898845,67.5,1.7316666851441065,4.4,25.73166666030884,0.0,1009.9100128173828,83.80500055948893,0.0,0.0
2026-01-27 14:00:00,1,50,Phatthalung Agrometeorlogical Station,7.613611,100.1175,4.15,20260127140000,74.14500039418539,61.9,1.5633333464463552,3.5,25.366666158040363,0.0,1010.7283416748047,86.41500053405761,0.0,0.0
2026-01-27 15:00:00,1,50,Phatthalung Agrometeorlogical Station,7.613611,100.1175,4.15,20260127150000,98.08833491007486,47.7,0.8650000154972076,2.5,24.93500026067098,0.0,1011.1700103759765,88.64000015258789,0.0,0.0
2026-01-27 16:00:00,1,50,Phatthalung Agrometeorlogical Station,7.613611,100.1175,4.15,20260127160000,125.69833361307779,126.5,0.14333333745598792,1.0,24.258333428700766,0.0,1011.2000122070312,93.28500073750814,0.0,0.0
2026-01-27 17:00:00,1,50,Phatthalung Agrometeorlogical Station,7.613611,100.1175,4.15,20260127170000,94.81333433787027,129.3,0.27666667352120083,1.0,23.703334045410156,0.0,1011.0800048828125,95.99333368937174,0.0,0.0
2026-01-27 18:00:00,1,50,Phatthalung Agrometeorlogical Station,7.613611,100.1175,4.15,20260127180000,114.02333463033041,123.8,0.32666667327284815,1.1,23.60166705449422,0.0,1010.748344930013,96.16500129699708,0.0,0.0
2026-01-27 19:00:00,1,50,Phatthalung Agrometeorlogical Station,7.613611,100.1175,4.15,20260127190000,125.44666976928711,132.1,0.32000000663101674,1.3,23.405000432332358,0.0,1010.2333414713542,96.35166676839192,0.0,0.0
2026-01-27 20:00:00,1,50,Phatthalung Agrometeorlogical Station,7.613611,100.1175,4.15,20260127200000,123.32833506266276,118.0,0.5200000142057737,1.1,23.200000762939453,0.0,1009.5733408610026,97.04500122070313,0.0,0.0
2026-01-27 21:00:00,1,50,Phatthalung Agrometeorlogical Station,7.613611,100.1175,4.15,20260127210000,120.99000142415365,135.0,0.44500000948707263,1.6,23.041666825612385,0.0,1009.1100067138672,97.40833371480306,0.0,0.0
2026-01-27 22:00:00,1,50,Phatthalung Agrometeorlogical Station,7.613611,100.1175,4.15,20260127220000,130.8416690826416,123.8,0.3916666736205419,1.5,22.775000127156577,0.0,1008.9933349609375,98.01333401997884,0.0,0.0
2026-01-27 23:00:00,1,50,Phatthalung Agrometeorlogical Station,7.613611,100.1175,4.15,20260127230000,131.080002339681,123.8,0.2666666726271311,1.2,22.98833328882853,0.0,1009.266678873698,97.99333343505859,0.0,0.0
2026-01-28 00:00:00,1,50,Phatthalung Agrometeorlogical Station,7.613611,100.1175,4.15,20260127240000,123.86333662668864,146.3,0.3350000072270632,1.6,23.23166694641113,0.0,1009.8183410644531,97.18166745503744,0.0,0.0
2026-01-28 01:00:00,1,50,Phatthalung Agrometeorlogical Station,7.613611,100.1175,4.15,20260128010000,93.27333437601725,115.3,0.513333344211181,1.5,23.92166697184245,0.0,1010.5966776529948,94.66333401997885,0.0,0.0
2026-01-28 02:00:00,1,50,Phatthalung Agrometeorlogical Station,7.613611,100.1175,4.15,20260128020000,129.5900016784668,118.0,0.4633333429694176,1.6,25.436667029062907,0.0,1011.4916788736979,90.0750005086263,0.0,0.0
2026-01-28 03:00:00,1,50,Phatthalung Agrometeorlogical Station,7.613611,100.1175,4.15,20260128030000,101.0833351135254,47.7,1.4583333536982537,6.0,28.341666889190673,0.0,1011.8583475748698,80.60833396911622,0.0,0.0
2026-01-28 04:00:00,1,50,Phatthalung Agrometeorlogical Station,7.613611,100.1175,4.15,20260128040000,73.32333399454753,64.6,3.2666667103767395,6.6,30.328333568572997,0.0,1011.9033437093099,69.03500061035156,0.0,0.0
2026-01-28 05:00:00,1,50,Phatthalung Agrometeorlogical Station,7.613611,100.1175,4.15,20260128050000,75.61000029246013,56.2,3.3916666905085244,6.3,30.735000228881837,0.0,1011.6533437093099,67.76666730244955,0.0,0.0
2026-01-28 06:00:00,1,50,Phatthalung Agrometeorlogical Station,7.613611,100.1175,4.15,20260128060000,81.95666720072428,56.2,3.2816667040189107,6.8,30.836666711171468,0.0,1010.9683430989584,67.82500089009604,0.0,0.0
2026-01-28 07:00:00,1,50,Phatthalung Agrometeorlogical Station,7.613611,100.1175,4.15,20260128070000,91.77500076293946,47.7,3.096666705608368,5.8,30.836666870117188,0.0,1010.0966766357421,68.16666742960612,0.0,0.0
2026-01-28 08:00:00,1,50,Phatthalung Agrometeorlogical Station,7.613611,100.1175,4.15,20260128080000,87.17166735331217,135.0,3.08333336909612,5.8,30.695000076293944,0.0,1009.0616770426433,68.79000091552734,0.0,0.0
2026-01-28 09:00:00,1,50,Phatthalung Agrometeorlogical Station,7.613611,100.1175,4.15,20260128090000,78.49166717529297,56.2,3.213333370288213,6.0,30.101666959126792,0.0,1008.5550109863282,70.2733341217041,0.0,0.0
2026-01-28 10:00:00,1,50,Phatthalung Agrometeorlogical Station,7.613611,100.1175,4.15,20260128100000,84.29333407084147,64.6,3.1800000329812366,5.9,29.38166681925456,0.0,1008.5633371988932,72.85833396911622,0.0,0.0
2026-01-28 11:00:00,1,50,Phatthalung Agrometeorlogical Station,7.613611,100.1175,4.15,20260128110000,93.37000045776367,53.4,2.811666703224182,5.5,28.695000203450522,0.0,1008.7683451334635,75.34333419799805,0.0,0.0
2026-01-28 12:00:00,1,50,Phatthalung Agrometeorlogical Station,7.613611,100.1175,4.15,20260128120000,96.35833384195963,120.9,2.0450000206629437,4.4,26.648333676656087,0.0,1009.3333404541015,82.66333389282227,0.0,0.0
2026-01-28 13:00:00,1,50,Phatthalung Agrometeorlogical Station,7.613611,100.1175,4.15,20260128130000,99.74833399454752,50.5,2.0500000218550363,4.3,26.05333375930786,0.0,1010.1283437093099,84.53000030517578,0.0,0.0
2026-01-28 14:00:00,1,50,Phatthalung Agrometeorlogical Station,7.613611,100.1175,4.15,20260128140000,110.70333442687988,135.0,1.1500000211099783,3.0,25.36166696548462,0.0,1010.8750122070312,87.81166712443034,0.0,0.0
2026-01-28 15:00:00,1,50,Phatthalung Agrometeorlogical Station,7.613611,100.1175,4.15,20260128150000,121.67500292460123,126.5,0.4100000100831191,1.5,24.736666933695474,0.0,1011.3266794840495,91.37666727701823,0.0,0.0
2026-01-28 16:00:00,1,50,Phatthalung Agrometeorlogical Station,7.613611,100.1175,4.15,20260128160000,109.04500109354655,126.5,1.0950000104804833,3.7,25.141666634877524,0.0,1011.5,91.37166709899903,0.0,0.0
2026-01-28 17:00:00,1,50,Phatthalung Agrometeorlogical Station,7.613611,100.1175,4.15,20260128170000,102.57333412170411,132.1,1.7266666869322458,3.7,25.305000464121502,0.0,1011.4250101725261,88.93833401997884,0.0,0.0
2026-01-28 18:00:00,1,50,Phatthalung Agrometeorlogical Station,7.613611,100.1175,4.15,20260128180000,103.26333471934001,47.7,0.5466666725774606,3.5,24.77000036239624,0.0,1010.7933410644531,91.34500045776367,0.0,0.0
2026-01-28 19:00:00,1,50,Phatthalung Agrometeorlogical Station,7.613611,100.1175,4.15,20260128190000,123.62500139872233,118.0,0.6700000125914812,1.7,23.89500001271566,0.0,1010.2900177001953,95.83333396911621,0.0,0.0
2026-01-28 20:00:00,1,50,Phatthalung Agrometeorlogical Station,7.613611,100.1175,4.15,20260128200000,124.79833424886068,123.8,0.5616666795065005,1.2,23.728333759307862,0.0,1009.6166788736979,96.30333391825359,0.0,0.0
2026-01-28 21:00:00,1,50,Phatthalung Agrometeorlogical Station,7.613611,100.1175,4.15,20260128210000,128.97166989644367,146.3,0.3083333414047956,1.0,23.665000629425048,0.0,1009.0766713460287,96.80500094095866,0.0,0.0
2026-01-28 22:00:00,1,50,Phatthalung Agrometeorlogical Station,7.613611,100.1175,4.15,20260128220000,113.31666800181071,120.9,0.36500000742574534,1.2,23.240000534057618,0.0,1008.9550099690755,98.18166669209798,0.0,0.0
2026-01-28 23:00:00,1,50,Phatthalung Agrometeorlogical Station,7.613611,100.1175,4.15,20260128230000,124.94166838328043,123.8,0.38833334123094876,1.2,23.463333574930825,0.0,1009.1933451334636,98.13166694641113,0.0,0.0
2026-01-29 00:00:00,1,50,Phatthalung Agrometeorlogical Station,7.613611,100.1175,4.15,20260128240000,139.96166954040527,149.1,0.18000000442067782,1.0,23.700000762939453,0.0,1009.4800099690755,97.32666676839193,0.0,0.0
2026-01-29 01:00:00,1,50,Phatthalung Agrometeorlogical Station,7.613611,100.1175,4.15,20260129010000,132.37000160217286,154.6,0.1850000032534202,1.6,24.598333581288657,0.0,1010.0983469645182,95.5183339436849,0.0,0.0
2026-01-29 02:00:00,1,50,Phatthalung Agrometeorlogical Station,7.613611,100.1175,4.15,20260129020000,141.7266704559326,149.1,1.2733333498239516,3.2,26.708333460489907,0.0,1010.8800079345704,87.13166707356771,0.0,0.0
2026-01-29 03:00:00,1,50,Phatthalung Agrometeorlogical Station,7.613611,100.1175,4.15,20260129030000,105.07333412170411,53.4,2.396666700641314,5.1,28.758333492279053,0.0,1011.2850158691406,77.5183339436849,0.0,0.0
2026-01-29 04:00:00,1,50,Phatthalung Agrometeorlogical Station,7.613611,100.1175,4.15,20260129040000,98.83666712443033,67.5,3.2666666984558104,7.0,30.856666787465414,0.0,1011.4083465576172,69.5716672261556,0.0,0.0
2026-01-29 05:00:00,1,50,Phatthalung Agrometeorlogical Station,7.613611,100.1175,4.15,20260129050000,94.94000027974447,132.1,4.301666696866353,7.3,31.36499989827474,0.0,1011.0233428955078,66.91500040690104,0.0,0.0
2026-01-29 06:00:00,1,50,Phatthalung Agrometeorlogical Station,7.613611,100.1175,4.15,20260129060000,86.18000062306722,129.3,4.315000005563101,7.3,31.39666681289673,0.0,1010.3200083414714,67.41500053405761,0.0,0.0
2026-01-29 07:00:00,1,50,Phatthalung Agrometeorlogical Station,7.613611,100.1175,4.15,20260129070000,85.23666712443034,135.0,4.2800000270207725,8.0,31.20000025431315,0.0,1009.5183380126953,68.03500061035156,0.0,0.0
2026-01-29 08:00:00,1,50,Phatthalung Agrometeorlogical Station,7.613611,100.1175,4.15,20260129080000,87.2600004196167,64.6,4.51500004529953,8.1,30.790000279744465,0.0,1008.6283416748047,68.66166750590007,0.0,0.0
2026-01-29 09:00:00,1,50,Phatthalung Agrometeorlogical Station,7.613611,100.1175,4.15,20260129090000,90.42833442687989,135.0,4.375000027815501,7.4,31.070000394185385,0.0,1008.2650126139323,68.39000091552734,0.0,0.0
2026-01-29 10:00:00,1,50,Phatthalung Agrometeorlogical Station,7.613611,100.1175,4.15,20260129100000,92.78000049591064,126.5,4.088333368301392,7.1,30.35833355585734,0.0,1008.3266855875651,69.4516674041748,0.0,0.0
2026-01-29 11:00:00,1,50,Phatthalung Agrometeorlogical Station,7.613611,100.1175,4.15,20260129110000,92.52833410898845,47.7,3.5700000365575155,6.8,28.90666691462199,0.0,1008.7633443196614,73.31500091552735,0.0,0.0
2026-01-29 12:00:00,1,50,Phatthalung Agrometeorlogical Station,7.613611,100.1175,4.15,20260129120000,80.25833409627279,135.0,2.90833336909612,5.8,26.95333366394043,0.0,1009.408344523112,79.9200003306071,0.0,0.0
2026-01-29 13:00:00,1,50,Phatthalung Agrometeorlogical Station,7.613611,100.1175,4.15,20260129130000,93.81166725158691,56.2,2.6733333667119346,6.0,26.180000336964927,0.0,1010.1383443196614,83.73833401997884,0.0,0.0
2026-01-29 14:00:00,1,50,Phatthalung Agrometeorlogical Station,7.613611,100.1175,4.15,20260129140000,91.57000039418539,50.5,2.063333358367284,4.9,25.84999958674113,0.0,1010.8416778564454,85.22166735331217,0.0,0.0
2026-01-29 15:00:00,1,50,Phatthalung Agrometeorlogical Station,7.613611,100.1175,4.15,20260129150000,89.39166723887125,56.2,1.6316666781902314,3.9,25.663333956400553,0.0,1011.5250081380208,86.99166704813639,0.0,0.0
2026-01-29 16:00:00,1,50,Phatthalung Agrometeorlogical Station,7.613611,100.1175,4.15,20260129160000,102.0566676457723,126.5,1.2833333474894364,3.5,25.503333600362144,0.0,1011.7033457438151,87.31333376566569,0.0,0.0
2026-01-29 17:00:00,1,50,Phatthalung Agrometeorlogical Station,7.613611,100.1175,4.15,20260129170000,104.53833440144857,115.3,0.1616666704416275,1.7,24.815000375111897,0.0,1011.4750061035156,91.41333401997885,0.0,0.0
2026-01-29 18:00:00,1,50,Phatthalung Agrometeorlogical Station,7.613611,100.1175,4.15,20260129180000,118.74166679382324,120.9,0.22333333839972813,1.1,24.408333778381348,0.0,1011.046674601237,93.62166697184244,0.0,0.0
2026-01-29 19:00:00,1,50,Phatthalung Agrometeorlogical Station,7.613611,100.1175,4.15,20260129190000,129.47166837056477,118.0,0.5733333428700765,1.7,24.02833366394043,0.0,1010.5216786702474,94.89166730244955,0.0,0.0
2026-01-29 20:00:00,1,50,Phatthalung Agrometeorlogical Station,7.613611,100.1175,4.15,20260129200000,120.53166796366374,123.8,0.5200000092387199,1.5,23.80833339691162,0.0,1010.0866790771485,95.46666742960612,0.0,0.0
2026-01-29 21:00:00,1,50,Phatthalung Agrometeorlogical Station,7.613611,100.1175,4.15,20260129210000,134.83167088826497,47.7,0.17666667103767394,1.2,23.44333359400431,0.0,1009.8050160725911,96.58166681925455,0.0,0.0
2026-01-29 22:00:00,1,50,Phatthalung Agrometeorlogical Station,7.613611,100.1175,4.15,20260129220000,149.10000610351562,149.1,0.05166666793326537,0.8,22.86166696548462,0.0,1010.1000081380208,98.29333419799805,0.0,0.0
2026-01-29 23:00:00,1,50,Phatthalung Agrometeorlogical Station,7.613611,100.1175,4.15,20260129230000,135.69000320434571,143.3,0.5266666788607836,1.2,22.855000336964924,0.0,1010.1666768391927,99.01500104268392,0.0,0.0
2026-01-30 00:00:00,1,50,Phatthalung Agrometeorlogical Station,7.613611,100.1175,4.15,20260129240000,113.9183349609375,118.0,0.30333334058523176,1.2,23.078333632151285,0.0,1010.7316752115886,98.45333404541016,0.0,0.0
2026-01-30 01:00:00,1,50,Phatthalung Agrometeorlogical Station,7.613611,100.1175,4.15,20260130010000,123.30666993459066,126.5,0.26666667113701503,1.2,24.151667054494222,0.0,1011.3933410644531,95.4000010172526,0.0,0.0
2026-01-30 02:00:00,1,50,Phatthalung Agrometeorlogical Station,7.613611,100.1175,4.15,20260130020000,120.72833557128907,146.3,0.64000001202027,2.9,26.830000178019205,0.0,1012.1850087483724,84.66333363850912,0.0,0.0
2026-01-30 03:00:00,1,50,Phatthalung Agrometeorlogical Station,7.613611,100.1175,4.15,20260130030000,101.21833432515463,135.0,2.850000031789144,6.5,29.50166695912679,0.0,1012.4516743977864,74.31666730244955,0.0,0.0
2026-01-30 04:00:00,1,50,Phatthalung Agrometeorlogical Station,7.613611,100.1175,4.15,20260130040000,81.16500091552734,50.5,3.5366666972637177,6.5,30.895000235239664,0.0,1012.4333475748698,67.95333391825358,0.0,0.0
2026-01-30 05:00:00,1,50,Phatthalung Agrometeorlogical Station,7.613611,100.1175,4.15,20260130050000,89.3933339436849,132.1,3.730000058809916,7.0,31.633333683013916,0.0,1011.9150095621745,65.19333394368489,0.0,0.0
2026-01-30 06:00:00,1,50,Phatthalung Agrometeorlogical Station,7.613611,100.1175,4.15,20260130060000,89.26666730244955,118.0,3.6983333667119345,7.0,31.345000298817954,0.0,1011.138340250651,66.65500081380209,0.0,0.0
2026-01-30 07:00:00,1,50,Phatthalung Agrometeorlogical Station,7.613611,100.1175,4.15,20260130070000,88.57166716257731,132.1,3.846666685740153,7.0,32.16000057856242,0.0,1010.1816782633464,64.69500071207682,0.0,0.0
2026-01-30 08:00:00,1,50,Phatthalung Agrometeorlogical Station,7.613611,100.1175,4.15,20260130080000,81.12666721343994,47.7,3.7566667000452676,7.3,30.60666694641113,0.0,1009.2383412679036,68.66500053405761,0.0,0.0
2026-01-30 09:00:00,1,50,Phatthalung Agrometeorlogical Station,7.613611,100.1175,4.15,20260130090000,89.06666742960611,53.4,3.6750000357627868,7.0,31.106666882832844,0.0,1008.755014038086,66.44000053405762,0.0,0.0
2026-01-30 10:00:00,1,50,Phatthalung Agrometeorlogical Station,7.613611,100.1175,4.15,20260130100000,90.73666699727376,56.2,3.2533333619435627,5.9,30.585000419616698,0.0,1008.7000122070312,68.8750005086263,0.0,0.0
2026-01-30 11:00:00,1,50,Phatthalung Agrometeorlogical Station,7.613611,100.1175,4.15,20260130110000,76.49166704813639,64.6,3.028333375851313,6.0,28.431666978200276,0.0,1008.8066813151041,74.56166750590006,0.0,0.0
2026-01-30 12:00:00,1,50,Phatthalung Agrometeorlogical Station,7.613611,100.1175,4.15,20260130120000,78.65833396911621,67.5,2.1466666877269747,5.1,26.82500025431315,0.0,1009.2866760253906,81.4666675567627,0.0,0.0
2026-01-30 13:00:00,1,50,Phatthalung Agrometeorlogical Station,7.613611,100.1175,4.15,20260130130000,85.28500035603841,61.9,1.941666692495346,4.0,26.115000438690185,0.0,1009.8966776529948,85.88333396911621,0.0,0.0
2026-01-30 14:00:00,1,50,Phatthalung Agrometeorlogical Station,7.613611,100.1175,4.15,20260130140000,104.71833426157633,126.5,0.9850000115732352,2.7,25.468333562215168,0.0,1010.6850077311198,88.38000043233235,0.0,0.0
2026-01-30 15:00:00,1,50,Phatthalung Agrometeorlogical Station,7.613611,100.1175,4.15,20260130150000,116.90500233968099,120.9,0.2733333400140206,1.2,25.08000030517578,0.0,1011.3550120035808,91.88166732788086,0.0,0.0
2026-01-30 16:00:00,1,50,Phatthalung Agrometeorlogical Station,7.613611,100.1175,4.15,20260130160000,115.30000305175781,115.3,0.0,0.2,24.648333485921224,0.0,1011.4783386230469,94.65666745503744,0.0,0.0
2026-01-30 17:00:00,1,50,Phatthalung Agrometeorlogical Station,7.613611,100.1175,4.15,20260130170000,121.55500259399415,129.3,0.3750000065813462,1.2,24.23333371480306,0.0,1011.3166819254558,95.91000010172526,0.0,0.0
2026-01-30 18:00:00,1,50,Phatthalung Agrometeorlogical Station,7.613611,100.1175,4.15,20260130180000,133.56166814168293,118.0,0.30166667302449546,1.2,23.970000330607096,0.0,1010.9350087483724,96.0433344523112,0.0,0.0
2026-01-30 19:00:00,1,50,Phatthalung Agrometeorlogical Station,7.613611,100.1175,4.15,20260130190000,120.3216677347819,129.3,0.36000000648200514,1.2,23.535000133514405,0.0,1010.4816762288411,97.56666793823243,0.0,0.0
2026-01-30 20:00:00,1,50,Phatthalung Agrometeorlogical Station,7.613611,100.1175,4.15,20260130200000,126.81500155131022,120.9,0.5866666787614425,1.7,23.71000035603841,0.0,1009.936680094401,96.70500030517579,0.0,0.0
2026-01-30 21:00:00,1,50,Phatthalung Agrometeorlogical Station,7.613611,100.1175,4.15,20260130210000,138.09166971842447,137.8,0.05166666756073634,0.8,23.2433336575826,0.0,1009.4600077311198,97.94333432515462,0.0,0.0
2026-01-30 22:00:00,1,50,Phatthalung Agrometeorlogical Station,7.613611,100.1175,4.15,20260130220000,118.47000255584717,47.7,0.1650000027070443,0.8,22.921666526794432,0.0,1009.4383412679036,99.50166702270508,0.0,0.0
2026-01-30 23:00:00,1,50,Phatthalung Agrometeorlogical Station,7.613611,100.1175,4.15,20260130230000,129.4733361562093,129.3,0.39833334436019263,1.2,22.70833396911621,0.0,1009.6250122070312,99.88500175476074,0.0,0.0
2026-01-31 00:00:00,1,50,Phatthalung Agrometeorlogical Station,7.613611,100.1175,4.15,20260130240000,128.47833620707195,115.3,0.21500000345210235,1.2,22.71833381652832,0.0,1009.9916707356771,99.87166824340821,0.0,0.0
2026-01-31 01:00:00,1,50,Phatthalung Agrometeorlogical Station,7.613611,100.1175,4.15,20260131010000,114.88500130971273,123.8,0.4423728914836706,1.3,23.450847658060365,0.0,1010.7813648288533,98.28305157160355,0.0,0.0
2026-01-31 02:00:00,1,50,Phatthalung Agrometeorlogical Station,7.613611,100.1175,4.15,20260131020000,109.44833609263102,154.6,0.5766666774948438,1.7,26.83833360671997,0.0,1011.7600087483723,86.87166735331218,0.0,0.0
2026-01-31 03:00:00,1,50,Phatthalung Agrometeorlogical Station,7.613611,100.1175,4.15,20260131030000,101.76666819254557,59.0,1.6133333491782347,5.5,28.780000273386637,0.0,1012.1966786702474,79.69166742960611,0.0,0.0
2026-01-31 04:00:00,1,50,Phatthalung Agrometeorlogical Station,7.613611,100.1175,4.15,20260131040000,92.34000066121419,135.0,3.918333375453949,6.5,30.895000425974526,0.0,1012.1733439127604,70.42166735331217,0.0,0.0
2026-01-31 05:00:00,1,50,Phatthalung Agrometeorlogical Station,7.613611,100.1175,4.15,20260131050000,83.68166700998943,56.2,3.7633333881696065,7.1,31.235000324249267,0.0,1011.8633392333984,69.60000076293946,0.0,0.0
2026-01-31 06:00:00,1,50,Phatthalung Agrometeorlogical Station,7.613611,100.1175,4.15,20260131060000,89.6533332824707,50.5,4.077966140488447,7.8,31.57118661524886,0.0,1011.3508518025027,68.27627201403601,0.0,0.0
2026-01-31 07:00:00,1,50,Phatthalung Agrometeorlogical Station,7.613611,100.1175,4.15,20260131070000,84.70833415985108,135.0,4.05500005086263,6.6,31.718333625793456,0.0,1010.5766774495443,65.82666727701823,0.0,0.0
2026-01-31 08:00:00,1,50,Phatthalung Agrometeorlogical Station,7.613611,100.1175,4.15,20260131080000,83.3333340962728,53.4,3.8983333746592206,7.0,31.478333568573,0.0,1009.7000081380208,67.86166725158691,0.0,0.0
2026-01-31 09:00:00,1,50,Phatthalung Agrometeorlogical Station,7.613611,100.1175,4.15,20260131090000,92.75000069936117,118.0,4.586666695276896,7.5,31.425000190734863,0.0,1009.1766774495443,67.3950008392334,0.0,0.0
2026-01-31 10:00:00,1,50,Phatthalung Agrometeorlogical Station,7.613611,100.1175,4.15,20260131100000,86.19666703542073,50.5,4.04745764651541,7.5,30.733898550777113,0.0,1009.0745808229608,68.338983309471,0.0,0.0
2026-01-31 11:00:00,1,50,Phatthalung Agrometeorlogical Station,7.613611,100.1175,4.15,20260131110000,75.9716672261556,50.5,3.025000047683716,5.6,29.056666819254556,0.0,1009.1633433024089,73.65333404541016,0.0,0.0
2026-01-31 12:00:00,1,50,Phatthalung Agrometeorlogical Station,7.613611,100.1175,4.15,20260131120000,67.56166725158691,33.7,2.2016666889190675,5.0,27.095000298817954,0.0,1009.2700083414713,81.77333399454753,0.0,0.0
2026-01-31 13:00:00,1,50,Phatthalung Agrometeorlogical Station,7.613611,100.1175,4.15,20260131130000,70.05333423614502,61.9,2.178333361943563,4.5,26.406666310628257,0.0,1009.9966756184896,84.41000061035156,0.0,0.0
2026-01-31 14:00:00,1,50,Phatthalung Agrometeorlogical Station,7.613611,100.1175,4.15,20260131140000,68.02500063578287,56.2,1.9600000262260437,4.0,26.241667048136392,0.0,1010.5266794840495,86.07333412170411,0.0,0.0
2026-01-31 15:00:00,1,50,Phatthalung Agrometeorlogical Station,7.613611,100.1175,4.15,20260131150000,68.19833399454753,67.5,2.050000027815501,5.5,26.39333356221517,0.0,1011.1216776529948,86.4733341217041,0.0,0.0
2026-01-31 16:00:00,1,50,Phatthalung Agrometeorlogical Station,7.613611,100.1175,4.15,20260131160000,72.13500048319499,64.6,2.2400000274181364,5.0,26.42333304087321,0.0,1011.4650085449218,86.59500109354654,0.0,0.0
2026-01-31 17:00:00,1,50,Phatthalung Agrometeorlogical Station,7.613611,100.1175,4.15,20260131170000,90.56666762034098,132.1,1.941666688521703,5.0,25.908333587646485,0.0,1011.125010172526,88.91333376566568,0.0,0.0
2026-01-31 18:00:00,1,50,Phatthalung Agrometeorlogical Station,7.613611,100.1175,4.15,20260131180000,82.80500062306722,56.2,1.8850000202655792,4.3,25.864999771118164,0.0,1010.7150126139323,88.86666704813639,0.0,0.0
2026-01-31 19:00:00,1,50,Phatthalung Agrometeorlogical Station,7.613611,100.1175,4.15,20260131190000,96.54333375295003,135.0,1.5216666827599208,4.6,25.340000184377036,0.0,1009.9866790771484,90.01000061035157,0.0,0.0
2026-01-31 20:00:00,1,50,Phatthalung Agrometeorlogical Station,7.613611,100.1175,4.15,20260131200000,119.05833371480306,59.0,0.4816666758308808,2.0,24.82499993642171,0.0,1009.2033386230469,93.17500063578288,0.0,0.0
2026-01-31 21:00:00,1,50,Phatthalung Agrometeorlogical Station,7.613611,100.1175,4.15,20260131210000,126.7266689300537,132.1,0.5033333443105221,1.2,24.55166695912679,0.0,1008.8816752115886,94.55000063578288,0.0,0.0
2026-01-31 22:00:00,1,50,Phatthalung Agrometeorlogical Station,7.613611,100.1175,4.15,20260131220000,121.57666714986165,118.0,0.4950000093628963,1.6,23.845000076293946,0.0,1008.8150146484375,96.91666704813639,0.0,0.0
2026-01-31 23:00:00,1,50,Phatthalung Agrometeorlogical Station,7.613611,100.1175,4.15,20260131230000,122.1866678873698,115.3,0.7000000151495139,1.6,23.986666615804037,0.0,1009.1550099690755,96.96500053405762,0.0,0.0
2026-02-01 00:00:00,1,50,Phatthalung Agrometeorlogical Station,7.613611,100.1175,4.15,20260131240000,104.04833402633668,135.0,0.37166667394340036,1.7,23.8983336130778,0.0,1009.436680094401,97.26833305358886,0.0,0.0
2026-02-01 01:00:00,1,50,Phatthalung Agrometeorlogical Station,7.613611,100.1175,4.15,20260201010000,102.25666859944661,59.0,0.3716666728258133,4.3,25.316666984558104,0.0,1010.511675008138,94.25666758219401,0.0,0.0
2026-02-01 02:00:00,1,50,Phatthalung Agrometeorlogical Station,7.613611,100.1175,4.15,20260201020000,76.72500012715658,56.2,3.27833335796992,6.0,28.364999993642172,0.0,1011.4266723632812,79.81500027974447,0.0,0.0
2026-02-01 03:00:00,1,50,Phatthalung Agrometeorlogical Station,7.613611,100.1175,4.15,20260201030000,83.34500064849854,59.0,3.5233333786328633,6.4,30.155000400543212,0.0,1011.825010172526,72.67500089009603,0.0,0.0
2026-02-01 04:00:00,1,50,Phatthalung Agrometeorlogical Station,7.613611,100.1175,4.15,20260201040000,74.45500075022379,67.5,3.6216667175292967,6.6,30.995000171661378,0.0,1011.9683400472005,69.14333407084148,0.0,0.0
2026-02-01 05:00:00,1,50,Phatthalung Agrometeorlogical Station,7.613611,100.1175,4.15,20260201050000,75.36666717529297,67.5,3.3750000218550364,7.1,31.64333346684774,0.0,1011.5066772460938,67.54500071207683,0.0,0.0
2026-02-01 06:00:00,1,50,Phatthalung Agrometeorlogical Station,7.613611,100.1175,4.15,20260201060000,71.52000052134196,59.0,3.7283333778381347,6.9,31.66333360671997,0.0,1010.9316762288412,67.06833419799804,0.0,0.0
2026-02-01 07:00:00,1,50,Phatthalung Agrometeorlogical Station,7.613611,100.1175,4.15,20260201070000,73.40666732788085,53.4,3.768333375453949,7.5,31.90333344141642,0.0,1010.1350067138671,67.01000048319499,0.0,0.0
2026-02-01 08:00:00,1,50,Phatthalung Agrometeorlogical Station,7.613611,100.1175,4.15,20260201080000,70.42166741689046,47.7,3.6583333651224774,7.4,31.27999998728434,0.0,1009.433339436849,68.47166748046875,0.0,0.0
2026-02-01 09:00:00,1,50,Phatthalung Agrometeorlogical Station,7.613611,100.1175,4.15,20260201090000,75.45333404541016,53.4,4.075000035762787,7.3,30.791666920979818,0.0,1008.9800089518229,69.83833389282226,0.0,0.0
2026-02-01 10:00:00,1,50,Phatthalung Agrometeorlogical Station,7.613611,100.1175,4.15,20260201100000,71.21833381652831,59.0,3.5516667008399962,6.8,29.860000324249267,0.0,1009.1433420817058,71.41833407084147,0.0,0.0
2026-02-01 11:00:00,1,50,Phatthalung Agrometeorlogical Station,7.613611,100.1175,4.15,20260201110000,70.86000061035156,64.6,3.0250000337759655,5.8,28.63500016530355,0.0,1009.1766774495443,75.1150006612142,0.0,0.0
2026-02-01 12:00:00,1,50,Phatthalung Agrometeorlogical Station,7.613611,100.1175,4.15,20260201120000,69.57666759490967,61.9,2.3800000230471294,5.0,26.995000394185386,0.0,1009.5800109863281,81.10666732788086,0.0,0.0
2026-02-01 13:00:00,1,50,Phatthalung Agrometeorlogical Station,7.613611,100.1175,4.15,20260201130000,68.10666732788086,56.2,2.6166666984558105,5.4,26.676667340596516,0.0,1010.0683430989583,83.25333340962727,0.0,0.0
2026-02-01 14:00:00,1,50,Phatthalung Agrometeorlogical Station,7.613611,100.1175,4.15,20260201140000,74.61000067392985,59.0,2.930508508520611,6.0,26.466101565603484,0.0,1010.8830587096134,83.6915259927006,0.0,0.0
2026-02-01 15:00:00,1,50,Phatthalung Agrometeorlogical Station,7.613611,100.1175,4.15,20260201150000,81.91500047047933,67.5,2.668333367506663,5.4,26.158333810170493,0.0,1011.1533426920573,85.17833391825359,0.0,0.0
2026-02-01 16:00:00,1,50,Phatthalung Agrometeorlogical Station,7.613611,100.1175,4.15,20260201160000,89.45666732788087,50.5,2.52833335796992,5.0,25.943333117167153,0.0,1011.2766835530599,85.82000071207682,0.0,0.0
2026-02-01 17:00:00,1,50,Phatthalung Agrometeorlogical Station,7.613611,100.1175,4.15,20260201170000,98.10000063578288,132.1,2.095000030597051,3.9,25.464999834696453,0.0,1011.1066731770833,86.90666732788085,0.0,0.0
2026-02-01 18:00:00,1,50,Phatthalung Agrometeorlogical Station,7.613611,100.1175,4.15,20260201180000,106.02333399454753,47.7,1.591666685541471,4.4,25.154999764760337,0.0,1011.0466766357422,87.77500025431316,0.0,0.0
2026-02-01 19:00:00,1,50,Phatthalung Agrometeorlogical Station,7.613611,100.1175,4.15,20260201190000,119.9000005086263,50.5,0.5983333426217238,2.4,24.48166716893514,0.0,1010.3383422851563,91.05000063578288,0.0,0.0
2026-02-01 20:00:00,1,50,Phatthalung Agrometeorlogical Station,7.613611,100.1175,4.15,20260201200000,128.5866683959961,115.3,0.47333334100743135,1.8,24.08833367029826,0.0,1009.8966766357422,93.89000104268392,0.0,0.0
2026-02-01 21:00:00,1,50,Phatthalung Agrometeorlogical Station,7.613611,100.1175,4.15,20260201210000,124.49000225067138,120.9,0.42166667530934016,1.7,23.918333212534588,0.0,1009.5583404541015,94.6300001780192,0.0,0.0
2026-02-01 22:00:00,1,50,Phatthalung Agrometeorlogical Station,7.613611,100.1175,4.15,20260201220000,110.35666783650716,115.3,0.3133333386232456,1.2,23.67500066757202,0.0,1009.423350016276,95.80666707356771,0.0,0.0
2026-02-01 23:00:00,1,50,Phatthalung Agrometeorlogical Station,7.613611,100.1175,4.15,20260201230000,125.72667007446289,118.0,0.38500000884135566,2.5,23.560000228881837,0.0,1009.3850179036458,96.50500055948893,0.0,0.0
2026-02-02 00:00:00,1,50,Phatthalung Agrometeorlogical Station,7.613611,100.1175,4.15,20260201240000,135.68000246683758,118.0,0.42833334505558013,2.0,23.334999974568685,0.0,1009.8050069173177,97.06833381652832,0.0,0.0
2026-02-02 01:00:00,1,50,Phatthalung Agrometeorlogical Station,7.613611,100.1175,4.15,20260202010000,141.65167032877605,154.6,0.5733333464711905,1.8,24.4733336130778,0.0,1010.6000061035156,93.26833368937174,0.0,0.0
2026-02-02 02:00:00,1,50,Phatthalung Agrometeorlogical Station,7.613611,100.1175,4.15,20260202020000,139.19166997273763,143.3,0.8150000122686227,2.5,26.67333354949951,0.0,1011.608344523112,85.0266674041748,0.0,0.0
2026-02-02 03:00:00,1,50,Phatthalung Agrometeorlogical Station,7.613611,100.1175,4.15,20260202030000,102.26333446502686,50.5,2.8383333592365187,8.0,28.068333466847736,0.0,1011.7500152587891,79.73833376566569,0.0,0.0
2026-02-02 04:00:00,1,50,Phatthalung Agrometeorlogical Station,7.613611,100.1175,4.15,20260202040000,75.5000005086263,53.4,4.486666687329611,9.0,30.370000267028807,0.0,1011.6300079345704,68.31666730244955,0.0,0.0
2026-02-02 05:00:00,1,50,Phatthalung Agrometeorlogical Station,7.613611,100.1175,4.15,20260202050000,79.42833353678385,59.0,4.601666712760926,8.5,30.84333340326945,0.0,1011.2566782633463,67.07500089009604,0.0,0.0
2026-02-02 06:00:00,1,50,Phatthalung Agrometeorlogical Station,7.613611,100.1175,4.15,20260202060000,73.21166756947835,53.4,4.536666703224182,8.1,30.993333435058595,0.0,1010.5383453369141,65.67500069936116,0.0,0.0
2026-02-02 07:00:00,1,50,Phatthalung Agrometeorlogical Station,7.613611,100.1175,4.15,20260202070000,75.76333389282226,135.0,4.668333383401235,8.3,31.076667086283365,0.0,1009.7700073242188,64.881667137146,0.0,0.0
2026-02-02 08:00:00,1,50,Phatthalung Agrometeorlogical Station,7.613611,100.1175,4.15,20260202080000,76.1533343633016,123.8,4.526666688919067,8.1,30.84166711171468,0.0,1009.0366719563802,64.97166748046875,0.0,0.0
2026-02-02 09:00:00,1,50,Phatthalung Agrometeorlogical Station,7.613611,100.1175,4.15,20260202090000,80.0450008392334,135.0,4.371666713555654,7.5,30.40833346048991,0.0,1008.6833445231119,65.73666737874349,0.0,0.0
2026-02-02 10:00:00,1,50,Phatthalung Agrometeorlogical Station,7.613611,100.1175,4.15,20260202100000,84.49500045776367,64.6,4.206666692097982,7.4,29.24000031153361,0.0,1008.6500091552734,68.21166712443033,0.0,0.0
2026-02-02 11:00:00,1,50,Phatthalung Agrometeorlogical Station,7.613611,100.1175,4.15,20260202110000,84.62333405812582,47.7,3.5000000317891438,7.5,28.533333619435627,0.0,1008.858344523112,70.10333417256673,0.0,0.0
2026-02-02 12:00:00,1,50,Phatthalung Agrometeorlogical Station,7.613611,100.1175,4.15,20260202120000,88.60000050862631,61.9,3.1250000397364297,6.1,26.73333346048991,0.0,1009.6750101725261,76.19500045776367,0.0,0.0
2026-02-02 13:00:00,1,50,Phatthalung Agrometeorlogical Station,7.613611,100.1175,4.15,20260202130000,87.35166753133139,123.8,3.061666707197825,5.8,26.121667098999023,0.0,1010.3466746012369,79.5400006612142,0.0,0.0
2026-02-02 14:00:00,1,50,Phatthalung Agrometeorlogical Station,7.613611,100.1175,4.15,20260202140000,85.82833391825358,135.0,2.4416666984558106,5.6,25.77500015894572,0.0,1010.8683481852214,81.76000048319499,0.0,0.0
2026-02-02 15:00:00,1,50,Phatthalung Agrometeorlogical Station,7.613611,100.1175,4.15,20260202150000,80.43833395640056,47.7,2.675000031789144,5.0,25.881666946411134,0.0,1011.6116760253906,82.52000045776367,0.0,0.0
2026-02-02 16:00:00,1,50,Phatthalung Agrometeorlogical Station,7.613611,100.1175,4.15,20260202160000,84.64666709899902,126.5,2.9583333651224772,6.5,25.84666633605957,0.0,1011.8366841634114,81.77833366394043,0.0,0.0
2026-02-02 17:00:00,1,50,Phatthalung Agrometeorlogical Station,7.613611,100.1175,4.15,20260202170000,89.30333417256674,56.2,2.8866666932900746,5.6,25.64166720708211,0.0,1011.6866780598958,82.88000030517578,0.0,0.0
2026-02-02 18:00:00,1,50,Phatthalung Agrometeorlogical Station,7.613611,100.1175,4.15,20260202180000,88.63166720072428,132.1,2.11000002125899,4.8,25.55833355585734,0.0,1011.4950012207031,84.48833363850912,0.0,0.0
2026-02-02 19:00:00,1,50,Phatthalung Agrometeorlogical Station,7.613611,100.1175,4.15,20260202190000,89.77833340962728,135.0,2.7033333679040275,7.0,25.451666990915935,0.0,1011.0583424886067,83.74000053405761,0.0,0.0
2026-02-02 20:00:00,1,50,Phatthalung Agrometeorlogical Station,7.613611,100.1175,4.15,20260202200000,91.15166714986165,61.9,2.696666697661082,6.8,25.231666819254556,0.0,1010.5333435058594,83.39166768391927,0.0,0.0
2026-02-02 21:00:00,1,50,Phatthalung Agrometeorlogical Station,7.613611,100.1175,4.15,20260202210000,114.0000010172526,126.5,1.628333356976509,4.0,24.845000108083088,0.0,1010.1566762288411,85.18666725158691,0.0,0.0
2026-02-02 22:00:00,1,50,Phatthalung Agrometeorlogical Station,7.613611,100.1175,4.15,20260202220000,130.52666842142742,143.3,0.3616666744152705,1.7,23.60333360036214,0.0,1009.9266774495443,91.14833424886068,0.0,0.0
2026-02-02 23:00:00,1,50,Phatthalung Agrometeorlogical Station,7.613611,100.1175,4.15,20260202230000,128.62000160217286,126.5,0.4916666770974795,1.7,22.795000298817953,0.0,1010.0050048828125,94.2233336130778,0.0,0.0
2026-02-03 00:00:00,1,50,Phatthalung Agrometeorlogical Station,7.613611,100.1175,4.15,20260202240000,93.55666790008544,115.3,0.10833333718279997,1.3,22.275000286102294,0.0,1010.5783447265625,96.45166765848795,0.0,0.0
2026-02-03 01:00:00,1,50,Phatthalung Agrometeorlogical Station,7.613611,100.1175,4.15,20260203010000,132.9433359781901,149.1,0.3416666713853677,2.0,23.770000235239664,0.0,1011.1483408610026,92.95833358764648,0.0,0.0
2026-02-03 02:00:00,1,50,Phatthalung Agrometeorlogical Station,7.613611,100.1175,4.15,20260203020000,140.5000035603841,137.8,1.5116666841010253,3.4,26.968333562215168,0.0,1012.1200113932292,80.36500027974446,0.0,0.0
2026-02-03 03:00:00,1,50,Phatthalung Agrometeorlogical Station,7.613611,100.1175,4.15,20260203030000,103.39833424886068,47.7,2.761666697263718,5.8,29.300000286102296,0.0,1012.6433461507162,73.26000061035157,0.0,0.0
2026-02-03 04:00:00,1,50,Phatthalung Agrometeorlogical Station,7.613611,100.1175,4.15,20260203040000,86.61666717529297,67.5,4.980000023047129,8.8,30.123333422342935,0.0,1012.7033457438151,68.93666750590006,0.0,0.0
2026-02-03 05:00:00,1,50,Phatthalung Agrometeorlogical Station,7.613611,100.1175,4.15,20260203050000,79.16666679382324,135.0,5.391666777928671,8.8,31.135000387827557,0.0,1012.4966766357422,63.29166742960612,0.0,0.0
2026-02-03 06:00:00,1,50,Phatthalung Agrometeorlogical Station,7.613611,100.1175,4.15,20260203060000,84.74166723887126,50.5,4.921666693687439,8.8,31.06333335240682,0.0,1011.6250142415364,63.47333348592122,0.0,0.0
2026-02-03 07:00:00,1,50,Phatthalung Agrometeorlogical Station,7.613611,100.1175,4.15,20260203070000,87.87000064849853,56.2,4.946666701634725,8.1,31.290000184377035,0.0,1010.565010579427,62.51833413441976,0.0,0.0
2026-02-03 08:00:00,1,50,Phatthalung Agrometeorlogical Station,7.613611,100.1175,4.15,20260203080000,90.78166732788085,123.8,4.6050000309944155,8.1,31.44000031153361,0.0,1009.8700093587239,61.44666728973389,0.0,0.0
2026-02-03 09:00:00,1,50,Phatthalung Agrometeorlogical Station,7.613611,100.1175,4.15,20260203090000,87.33333384195963,132.1,3.986666703224182,6.8,31.366666984558105,0.0,1009.4700103759766,62.21333382924398,0.0,0.0
2026-02-03 10:00:00,1,50,Phatthalung Agrometeorlogical Station,7.613611,100.1175,4.15,20260203100000,94.06500027974447,47.7,4.181666704018911,7.5,30.71500015258789,0.0,1009.4400136311849,64.48000036875406,0.0,0.0
2026-02-03 11:00:00,1,50,Phatthalung Agrometeorlogical Station,7.613611,100.1175,4.15,20260203110000,87.18500073750813,126.5,3.6300000468889873,6.4,28.818333498636882,0.0,1009.7233459472657,71.48500048319498,0.0,0.0
2026-02-03 12:00:00,1,50,Phatthalung Agrometeorlogical Station,7.613611,100.1175,4.15,20260203120000,86.8266674041748,126.5,3.0666667064030966,6.5,26.918333594004313,0.0,1010.0183451334635,78.54666709899902,0.0,0.0
2026-02-03 13:00:00,1,50,Phatthalung Agrometeorlogical Station,7.613611,100.1175,4.15,20260203130000,91.02333374023438,56.2,2.4033333599567412,4.5,26.198334058125813,0.0,1010.7566731770834,83.50333391825357,0.0,0.0
2026-02-03 14:00:00,1,50,Phatthalung Agrometeorlogical Station,7.613611,100.1175,4.15,20260203140000,99.54500071207683,59.0,1.8983333587646485,4.4,25.89833319981893,0.0,1011.1850077311198,85.2233336130778,0.0,0.0
2026-02-03 15:00:00,1,50,Phatthalung Agrometeorlogical Station,7.613611,100.1175,4.15,20260203150000,105.34333381652831,118.0,1.7450000176827112,4.0,25.798333358764648,0.0,1011.5833384195963,86.36166712443034,0.0,0.0
2026-02-03 16:00:00,1,50,Phatthalung Agrometeorlogical Station,7.613611,100.1175,4.15,20260203160000,111.50833409627279,50.5,1.5433333496252695,3.5,25.60999978383382,0.0,1011.6933451334636,87.77000033060709,0.0,0.0
2026-02-03 17:00:00,1,50,Phatthalung Agrometeorlogical Station,7.613611,100.1175,4.15,20260203170000,110.21333414713541,123.8,1.9083333591620126,4.0,25.6100004196167,0.0,1011.7000122070312,87.57166697184245,0.0,0.0
2026-02-03 18:00:00,1,50,Phatthalung Agrometeorlogical Station,7.613611,100.1175,4.15,20260203180000,108.83500048319499,129.3,1.9700000206629436,5.0,25.67833401362101,0.0,1011.563345336914,86.80166714986166,0.0,0.0
2026-02-03 19:00:00,1,50,Phatthalung Agrometeorlogical Station,7.613611,100.1175,4.15,20260203190000,117.53333530426025,56.2,0.7550000103811423,3.5,25.359999974568684,0.0,1010.9483428955078,88.3433339436849,0.0,0.0
2026-02-03 20:00:00,1,50,Phatthalung Agrometeorlogical Station,7.613611,100.1175,4.15,20260203200000,117.28833459218343,135.0,0.33000000727673373,1.2,24.360000069936117,0.0,1010.3933410644531,92.95666745503743,0.0,0.0
2026-02-03 21:00:00,1,50,Phatthalung Agrometeorlogical Station,7.613611,100.1175,4.15,20260203210000,130.31166852315266,132.1,0.7683333460241556,5.5,23.7583340326945,4.399999991059303,1010.0133392333985,98.23500022888183,0.0,0.0
2026-02-03 22:00:00,1,50,Phatthalung Agrometeorlogical Station,7.613611,100.1175,4.15,20260203220000,114.02666727701823,36.5,0.26166667391856513,1.2,23.676667245229087,0.0,1009.9266845703125,99.83666826883952,0.0,0.0
2026-02-03 23:00:00,1,50,Phatthalung Agrometeorlogical Station,7.613611,100.1175,4.15,20260203230000,126.29000155131023,135.0,0.5966666791588068,1.7,23.331666723887125,0.0,1010.0066670735677,99.9000015258789,0.0,0.0
2026-02-04 00:00:00,1,50,Phatthalung Agrometeorlogical Station,7.613611,100.1175,4.15,20260203240000,119.22666778564454,132.1,0.6661017076191256,1.7,23.23050903061689,0.0,1010.3186531713453,99.9000015258789,0.0,0.0
2026-02-04 01:00:00,1,50,Phatthalung Agrometeorlogical Station,7.613611,100.1175,4.15,20260204010000,135.06833521525064,118.0,0.3800000069042047,1.5,24.305000241597494,0.0,1010.9783396402995,98.98333460489908,0.0,0.0
2026-02-04 02:00:00,1,50,Phatthalung Agrometeorlogical Station,7.613611,100.1175,4.15,20260204020000,134.15000292460124,47.7,1.308333354194959,3.0,27.19833335876465,0.0,1011.9050069173177,88.14000066121419,0.0,0.0
2026-02-04 03:00:00,1,50,Phatthalung Agrometeorlogical Station,7.613611,100.1175,4.15,20260204030000,94.55000031789145,56.2,3.0966667075951895,6.8,29.546666685740153,0.0,1012.0716725667318,78.72000045776367,0.0,0.0
2026-02-04 04:00:00,1,50,Phatthalung Agrometeorlogical Station,7.613611,100.1175,4.15,20260204040000,99.29000053405761,118.0,3.8233333746592204,7.4,30.871666876475015,0.0,1012.0450042724609,73.45666720072428,0.0,0.0
2026-02-04 05:00:00,1,50,Phatthalung Agrometeorlogical Station,7.613611,100.1175,4.15,20260204050000,100.43666712443034,64.6,3.993333383401235,7.4,32.316667302449545,0.0,1011.7900075276692,68.38500073750814,0.0,0.0
2026-02-04 06:00:00,1,50,Phatthalung Agrometeorlogical Station,7.613611,100.1175,4.15,20260204060000,97.79666709899902,129.3,4.411666707197825,8.1,32.511667251586914,0.0,1010.8350067138672,67.14166717529297,0.0,0.0
2026-02-04 07:00:00,1,50,Phatthalung Agrometeorlogical Station,7.613611,100.1175,4.15,20260204070000,91.52166748046875,53.4,5.0300000270207725,8.8,32.453333791097,0.0,1010.0816772460937,66.19333432515462,0.0,0.0
2026-02-04 08:00:00,1,50,Phatthalung Agrometeorlogical Station,7.613611,100.1175,4.15,20260204080000,87.7616673787435,123.8,5.1750000476837155,8.8,31.806666946411134,0.0,1009.2483428955078,66.08666718800863,0.0,0.0
2026-02-04 09:00:00,1,50,Phatthalung Agrometeorlogical Station,7.613611,100.1175,4.15,20260204090000,86.98500067392985,50.5,4.593333371480306,8.3,31.38666687011719,0.0,1008.6233408610026,68.16333414713542,0.0,0.0
2026-02-04 10:00:00,1,50,Phatthalung Agrometeorlogical Station,7.613611,100.1175,4.15,20260204100000,90.15166753133138,50.5,4.301666688919068,7.4,30.980000336964924,0.0,1008.7283467610677,69.0800006866455,0.0,0.0
2026-02-04 11:00:00,1,50,Phatthalung Agrometeorlogical Station,7.613611,100.1175,4.15,20260204110000,77.82500069936117,56.2,3.221666693687439,6.1,29.123333803812663,0.0,1009.0683410644531,75.53333396911621,0.0,0.0
2026-02-04 12:00:00,1,50,Phatthalung Agrometeorlogical Station,7.613611,100.1175,4.15,20260204120000,89.93500054677328,53.4,2.605000034968058,5.0,27.506666946411134,0.0,1009.6783426920573,82.55500043233236,0.0,0.0
2026-02-04 13:00:00,1,50,Phatthalung Agrometeorlogical Station,7.613611,100.1175,4.15,20260204130000,100.07500038146972,129.3,2.325000031789144,4.8,26.728333695729575,0.0,1010.4916788736979,86.46500091552734,0.0,0.0
2026-02-04 14:00:00,1,50,Phatthalung Agrometeorlogical Station,7.613611,100.1175,4.15,20260204140000,105.91500053405761,118.0,2.108333347241084,4.5,26.648333899180095,0.0,1011.1666819254557,87.4000005086263,0.0,0.0
2026-02-04 15:00:00,1,50,Phatthalung Agrometeorlogical Station,7.613611,100.1175,4.15,20260204150000,104.3650006612142,118.0,2.1716666956742605,4.6,26.3899995803833,0.0,1011.4950012207031,88.80000076293945,0.0,0.0
2026-02-04 16:00:00,1,50,Phatthalung Agrometeorlogical Station,7.613611,100.1175,4.15,20260204160000,103.85833371480307,50.5,2.1933333575725555,4.9,26.2483336130778,0.0,1011.4466786702474,89.93500086466472,0.0,0.0
2026-02-04 17:00:00,1,50,Phatthalung Agrometeorlogical Station,7.613611,100.1175,4.15,20260204170000,112.33833363850911,118.0,2.383333357175191,4.8,26.389999643961588,0.0,1011.4983337402343,88.74333381652832,0.0,0.0
2026-02-04 18:00:00,1,50,Phatthalung Agrometeorlogical Station,7.613611,100.1175,4.15,20260204180000,107.83833389282226,118.0,2.530000027020772,5.5,26.37333345413208,0.0,1011.3150095621745,87.91500053405761,0.0,0.0
2026-02-04 19:00:00,1,50,Phatthalung Agrometeorlogical Station,7.613611,100.1175,4.15,20260204190000,110.97000045776367,64.6,1.6500000168879827,4.8,25.82833366394043,0.0,1010.6816752115885,89.09500071207682,0.0,0.0
2026-02-04 20:00:00,1,50,Phatthalung Agrometeorlogical Station,7.613611,100.1175,4.15,20260204200000,112.8366678237915,140.6,0.8016666760047276,3.0,25.531667200724282,0.0,1010.2266805013021,90.90333404541016,0.0,0.0
2026-02-04 21:00:00,1,50,Phatthalung Agrometeorlogical Station,7.613611,100.1175,4.15,20260204210000,144.11333618164062,157.5,0.42000000923871994,2.0,24.83999948501587,0.0,1009.7516794840495,94.14500096638997,0.0,0.0
2026-02-04 22:00:00,1,50,Phatthalung Agrometeorlogical Station,7.613611,100.1175,4.15,20260204220000,146.10167020161947,143.3,0.6600000118215879,2.0,24.681666787465414,0.0,1009.6033396402995,94.1200008392334,0.0,0.0
2026-02-04 23:00:00,1,50,Phatthalung Agrometeorlogical Station,7.613611,100.1175,4.15,20260204230000,139.02166964213055,137.8,0.13166666875282923,1.2,24.07166690826416,0.0,1009.6533426920573,95.76333363850911,0.0,0.0
2026-02-05 00:00:00,1,50,Phatthalung Agrometeorlogical Station,7.613611,100.1175,4.15,20260204240000,140.82000439961752,154.6,0.6700000122189522,2.9,23.446666463216147,0.0,1009.7933400472006,98.3800006866455,0.0,0.0
2026-02-05 01:00:00,1,50,Phatthalung Agrometeorlogical Station,7.613611,100.1175,4.15,20260205010000,142.08500340779622,143.3,0.9033333453039328,2.5,24.450000286102295,0.0,1010.606679280599,94.69000078837077,0.0,0.0
2026-02-05 02:00:00,1,50,Phatthalung Agrometeorlogical Station,7.613611,100.1175,4.15,20260205020000,135.58666998545328,140.6,1.101666682586074,3.0,26.508333524068195,0.0,1011.5733469645182,87.09833386739095,0.0,0.0
2026-02-05 03:00:00,1,50,Phatthalung Agrometeorlogical Station,7.613611,100.1175,4.15,20260205030000,103.08500111897787,115.3,2.1350000222524006,5.8,29.583333460489907,0.0,1011.8050160725911,76.3300006866455,0.0,0.0
2026-02-05 04:00:00,1,50,Phatthalung Agrometeorlogical Station,7.613611,100.1175,4.15,20260205040000,84.24333400726319,123.8,2.4750000298023225,5.5,31.25500030517578,0.0,1011.8250122070312,70.70666745503743,0.0,0.0
2026-02-05 05:00:00,1,50,Phatthalung Agrometeorlogical Station,7.613611,100.1175,4.15,20260205050000,78.10500036875406,56.2,3.043333359559377,6.0,30.87833350499471,0.0,1011.1533416748047,71.74833399454752,0.0,0.0
2026-02-05 06:00:00,1,50,Phatthalung Agrometeorlogical Station,7.613611,100.1175,4.15,20260205060000,81.71333351135254,50.5,4.058333361148835,7.1,31.891667143503824,0.0,1010.0783406575521,67.98000055948893,0.0,0.0
2026-02-05 07:00:00,1,50,Phatthalung Agrometeorlogical Station,7.613611,100.1175,4.15,20260205070000,84.11333408355713,115.3,3.6100000500679017,7.0,32.09833370844523,0.0,1009.0583424886067,67.15666745503744,0.0,0.0
2026-02-05 08:00:00,1,50,Phatthalung Agrometeorlogical Station,7.613611,100.1175,4.15,20260205080000,79.70166683197021,53.4,4.0850000262260435,7.0,30.473333581288657,0.0,1008.2216756184896,72.39500045776367,0.0,0.0
2026-02-05 09:00:00,1,50,Phatthalung Agrometeorlogical Station,7.613611,100.1175,4.15,20260205090000,77.57666727701823,132.1,4.0316667000452675,7.1,30.896666971842446,0.0,1007.830019124349,71.67666689554851,0.0,0.0
2026-02-05 10:00:00,1,50,Phatthalung Agrometeorlogical Station,7.613611,100.1175,4.15,20260205100000,74.79000034332276,47.7,3.721666701634725,6.0,30.075000222524007,0.0,1007.9750030517578,73.99666697184244,0.0,0.0
2026-02-05 11:00:00,1,50,Phatthalung Agrometeorlogical Station,7.613611,100.1175,4.15,20260205110000,70.87166709899903,50.5,2.5966667075951895,5.1,29.14333356221517,0.0,1008.3533437093099,75.76000086466472,0.0,0.0
2026-02-05 12:00:00,1,50,Phatthalung Agrometeorlogical Station,7.613611,100.1175,4.15,20260205120000,69.93333384195964,59.0,1.6450000097354254,4.5,27.246666876475015,0.0,1008.8683430989583,82.32333424886068,0.0,0.0
2026-02-05 13:00:00,1,50,Phatthalung Agrometeorlogical Station,7.613611,100.1175,4.15,20260205130000,71.0783338546753,47.7,1.6066666801770528,4.1,26.518333403269448,0.0,1009.6800079345703,87.18166732788086,0.0,0.0
2026-02-05 14:00:00,1,50,Phatthalung Agrometeorlogical Station,7.613611,100.1175,4.15,20260205140000,68.71833438873291,67.5,0.8283333481599887,2.4,25.978333695729575,0.0,1010.518344116211,90.0766674041748,0.0,0.0
2026-02-05 15:00:00,1,50,Phatthalung Agrometeorlogical Station,7.613611,100.1175,4.15,20260205150000,47.70000076293945,47.7,0.14833333728214104,1.0,25.238333479563394,0.0,1010.9983469645182,93.9516674041748,0.0,0.0
2026-02-05 16:00:00,1,50,Phatthalung Agrometeorlogical Station,7.613611,100.1175,4.15,20260205160000,94.03666871388754,120.9,0.15666666987041633,0.8,24.806666564941406,0.0,1011.0166748046875,95.75166702270508,0.0,0.0
2026-02-05 17:00:00,1,50,Phatthalung Agrometeorlogical Station,7.613611,100.1175,4.15,20260205170000,134.03666954040528,118.0,0.14833333616455396,1.2,24.395000330607097,0.0,1010.6466756184896,96.80166702270508,0.0,0.0
2026-02-05 18:00:00,1,50,Phatthalung Agrometeorlogical Station,7.613611,100.1175,4.15,20260205180000,127.19166933695475,123.8,0.14666666959722838,0.8,24.04000015258789,0.0,1010.4850036621094,97.80000076293945,0.0,0.0
2026-02-05 19:00:00,1,50,Phatthalung Agrometeorlogical Station,7.613611,100.1175,4.15,20260205190000,129.85833485921225,120.9,0.23166667222976683,1.1,23.733333778381347,0.0,1009.8883412679037,98.72666664123535,0.0,0.0
2026-02-05 20:00:00,1,50,Phatthalung Agrometeorlogical Station,7.613611,100.1175,4.15,20260205200000,123.61666920979818,137.8,0.26000000424683095,1.2,23.526666800181072,0.0,1009.17333984375,99.26333376566569,0.0,0.0
2026-02-05 21:00:00,1,50,Phatthalung Agrometeorlogical Station,7.613611,100.1175,4.15,20260205210000,116.50666777292888,59.0,0.580000014230609,1.6,23.338332811991375,0.0,1008.9033569335937,99.67666778564453,0.0,0.0
2026-02-05 22:00:00,1,50,Phatthalung Agrometeorlogical Station,7.613611,100.1175,4.15,20260205220000,130.92000223795574,126.5,0.3350000080962976,1.5,23.1833340326945,0.0,1008.7866831461589,99.88333511352539,0.0,0.0
2026-02-05 23:00:00,1,50,Phatthalung Agrometeorlogical Station,7.613611,100.1175,4.15,20260205230000,138.3166697184245,143.3,0.06666666815678278,0.8,22.716667048136394,0.0,1008.9966674804688,99.9000015258789,0.0,0.0
2026-02-06 00:00:00,1,50,Phatthalung Agrometeorlogical Station,7.613611,100.1175,4.15,20260205240000,130.24166920979818,149.1,0.31833334068457286,1.6,22.74000015258789,0.0,1009.3133443196615,99.9000015258789,0.0,0.0
2026-02-06 01:00:00,1,50,Phatthalung Agrometeorlogical Station,7.613611,100.1175,4.15,20260206010000,136.5883388519287,143.3,0.19833333753049373,1.2,24.291666793823243,0.0,1009.9166798909505,96.73000068664551,0.0,0.0
2026-02-06 02:00:00,1,50,Phatthalung Agrometeorlogical Station,7.613611,100.1175,4.15,20260206020000,123.5866689046224,120.9,0.9700000134607156,3.5,27.976666959126792,0.0,1010.686680094401,83.02833340962728,0.0,0.0
2026-02-06 03:00:00,1,50,Phatthalung Agrometeorlogical Station,7.613611,100.1175,4.15,20260206030000,113.06833470662436,126.5,1.888333348184824,4.4,30.578333568572997,0.0,1011.1033437093099,73.12500076293945,0.0,0.0
2026-02-06 04:00:00,1,50,Phatthalung Agrometeorlogical Station,7.613611,100.1175,4.15,20260206040000,92.30333372751872,67.5,2.333333363632361,4.9,32.05666716893514,0.0,1011.1883443196615,68.01500040690104,0.0,0.0
2026-02-06 05:00:00,1,50,Phatthalung Agrometeorlogical Station,7.613611,100.1175,4.15,20260206050000,91.29500090281168,50.5,2.035000028212865,4.9,32.46166706085205,0.0,1010.4683471679688,66.95166721343995,0.0,0.0
2026-02-06 06:00:00,1,50,Phatthalung Agrometeorlogical Station,7.613611,100.1175,4.15,20260206060000,84.57457674964,47.7,2.44237292216996,4.5,32.85932269338834,0.0,1009.5728894249868,64.91694977323888,0.0,0.0
2026-02-06 07:00:00,1,50,Phatthalung Agrometeorlogical Station,7.613611,100.1175,4.15,20260206070000,81.6250005086263,129.3,2.5966666956742603,5.4,33.46666717529297,0.0,1008.6500101725261,61.8216672261556,0.0,0.0
2026-02-06 08:00:00,1,50,Phatthalung Agrometeorlogical Station,7.613611,100.1175,4.15,20260206080000,71.2700008392334,47.7,3.1700000405311584,6.5,32.62333399454753,0.0,1007.8483439127605,67.35000089009603,0.0,0.0
2026-02-06 09:00:00,1,50,Phatthalung Agrometeorlogical Station,7.613611,100.1175,4.15,20260206090000,69.0350004196167,135.0,3.413333382209142,6.6,31.720000394185384,0.0,1007.0366790771484,69.71666730244955,0.0,0.0
2026-02-06 10:00:00,1,50,Phatthalung Agrometeorlogical Station,7.613611,100.1175,4.15,20260206100000,75.58166694641113,61.9,2.936666701237361,6.0,31.37333370844523,0.0,1006.6350067138671,69.71000048319499,0.0,0.0
2026-02-06 11:00:00,1,50,Phatthalung Agrometeorlogical Station,7.613611,100.1175,4.15,20260206110000,78.86500047047933,47.7,2.840000033378601,5.3,30.163333670298258,0.0,1006.9966807047526,73.33666725158692,0.0,0.0
2026-02-06 12:00:00,1,50,Phatthalung Agrometeorlogical Station,7.613611,100.1175,4.15,20260206120000,98.62500057220458,120.9,0.993333347265919,4.0,27.671666940053303,0.0,1007.5300120035807,83.66000035603841,0.0,0.0
2026-02-06 13:00:00,1,50,Phatthalung Agrometeorlogical Station,7.613611,100.1175,4.15,20260206130000,68.04000053405761,61.9,0.14000000295539697,1.1,26.371667098999023,0.0,1008.2733428955078,91.06500053405762,0.0,0.0
2026-02-06 14:00:00,1,50,Phatthalung Agrometeorlogical Station,7.613611,100.1175,4.15,20260206140000,107.5750025431315,67.5,0.0,0.0,25.736666679382324,0.0,1009.3216725667318,94.9366673787435,0.0,0.0
2026-02-06 15:00:00,1,50,Phatthalung Agrometeorlogical Station,7.613611,100.1175,4.15,20260206150000,111.85833619435628,56.2,0.11666666852931182,1.2,25.259999815622965,0.0,1009.8833485921224,96.66833470662435,0.0,0.0
2026-02-06 16:00:00,1,50,Phatthalung Agrometeorlogical Station,7.613611,100.1175,4.15,20260206160000,121.5966692606608,47.7,0.48000000851849717,1.7,25.05833339691162,0.0,1009.7500152587891,96.93166758219401,0.0,0.0
2026-02-06 17:00:00,1,50,Phatthalung Agrometeorlogical Station,7.613611,100.1175,4.15,20260206170000,136.72333539326985,126.5,0.3216666731983423,1.2,25.173333390553793,0.0,1009.7200134277343,95.64333381652833,0.0,0.0
2026-02-06 18:00:00,1,50,Phatthalung Agrometeorlogical Station,7.613611,100.1175,4.15,20260206180000,146.12333704630535,154.6,0.5933333457758029,2.0,24.670000553131104,0.0,1009.3083404541015,97.27333386739095,0.0,0.0
2026-02-06 19:00:00,1,50,Phatthalung Agrometeorlogical Station,7.613611,100.1175,4.15,20260206190000,147.15667165120442,151.8,0.3366666745394468,1.7,24.366666920979817,0.0,1008.6033457438151,97.65500094095866,0.0,0.0
2026-02-06 20:00:00,1,50,Phatthalung Agrometeorlogical Station,7.613611,100.1175,4.15,20260206200000,149.10000610351562,149.1,0.09500000228484472,0.8,23.8316668510437,0.0,1007.8716776529948,99.27666753133138,0.0,0.0
2026-02-06 21:00:00,1,50,Phatthalung Agrometeorlogical Station,7.613611,100.1175,4.15,20260206210000,138.97833868662516,149.1,0.08833333477377892,0.8,23.553333536783853,0.0,1007.5333374023437,99.85000127156576,0.0,0.0
2026-02-06 22:00:00,1,50,Phatthalung Agrometeorlogical Station,7.613611,100.1175,4.15,20260206220000,114.48333619435628,115.3,0.2366666726768017,1.1,23.571666940053305,0.0,1007.8100189208984,99.9000015258789,0.0,0.0
2026-02-06 23:00:00,1,50,Phatthalung Agrometeorlogical Station,7.613611,100.1175,4.15,20260206230000,110.44333521525066,137.8,0.19500000402331352,1.3,23.469999885559083,0.0,1007.9750061035156,99.9000015258789,0.0,0.0
2026-02-07 00:00:00,1,50,Phatthalung Agrometeorlogical Station,7.613611,100.1175,4.15,20260206240000,109.31667029062906,132.1,0.12333333604037762,1.2,23.444999790191652,0.0,1008.1333414713541,99.9000015258789,0.0,0.0
2026-02-07 01:00:00,1,50,Phatthalung Agrometeorlogical Station,7.613611,100.1175,4.15,20260207010000,135.61833616892497,149.1,0.633333346247673,2.2,24.86000026067098,0.0,1008.9666768391927,97.5216677347819,0.0,0.0
2026-02-07 02:00:00,1,50,Phatthalung Agrometeorlogical Station,7.613611,100.1175,4.15,20260207020000,125.00000247955322,115.3,1.4333333512147268,3.4,28.713333574930825,0.0,1009.758344523112,82.18333371480306,0.0,0.0
2026-02-07 03:00:00,1,50,Phatthalung Agrometeorlogical Station,7.613611,100.1175,4.15,20260207030000,84.28000049591064,45.0,2.3350000222524008,5.3,30.841666762034098,0.0,1010.0833384195963,74.31166725158691,0.0,0.0
2026-02-07 04:00:00,1,50,Phatthalung Agrometeorlogical Station,7.613611,100.1175,4.15,20260207040000,89.1033343633016,42.2,2.300000034769376,4.9,31.433333587646484,0.0,1009.9900065104167,71.53666699727377,0.0,0.0
2026-02-07 05:00:00,1,50,Phatthalung Agrometeorlogical Station,7.613611,100.1175,4.15,20260207050000,84.4833340326945,50.5,1.9183333598077297,4.5,32.16333376566569,0.0,1009.3783437093099,70.05000076293945,0.0,0.0
2026-02-07 06:00:00,1,50,Phatthalung Agrometeorlogical Station,7.613611,100.1175,4.15,20260207060000,89.62666740417481,56.2,2.3816666930913923,4.9,33.088333702087404,0.0,1008.4683430989584,66.36000073750814,0.0,0.0
2026-02-07 07:00:00,1,50,Phatthalung Agrometeorlogical Station,7.613611,100.1175,4.15,20260207070000,86.56500047047933,132.1,2.86833336353302,6.0,33.615000597635905,0.0,1007.4383473714192,64.05500055948893,0.0,0.0
2026-02-07 08:00:00,1,50,Phatthalung Agrometeorlogical Station,7.613611,100.1175,4.15,20260207080000,81.32166728973388,53.4,2.8200000286102296,5.5,33.42333399454753,0.0,1006.2566802978515,63.695000648498535,0.0,0.0
2026-02-07 09:00:00,1,50,Phatthalung Agrometeorlogical Station,7.613611,100.1175,4.15,20260207090000,80.62666734059651,53.4,3.471666705608368,6.0,32.326667086283365,0.0,1005.5400024414063,67.96000073750814,0.0,0.0
2026-02-07 10:00:00,1,50,Phatthalung Agrometeorlogical Station,7.613611,100.1175,4.15,20260207100000,73.3066676457723,132.1,3.0900000373522443,5.5,31.57000013987223,0.0,1005.4683400472005,69.59000053405762,0.0,0.0
2026-02-07 11:00:00,1,50,Phatthalung Agrometeorlogical Station,7.613611,100.1175,4.15,20260207110000,71.40833384195963,129.3,2.838333372275035,5.9,30.168333435058592,0.0,1005.5583414713542,73.66666717529297,0.0,0.0
2026-02-07 12:00:00,1,50,Phatthalung Agrometeorlogical Station,7.613611,100.1175,4.15,20260207120000,66.57333431243896,64.6,1.4216666887203853,4.0,27.598333581288657,0.0,1005.930008951823,82.75000038146973,0.0,0.0
2026-02-07 13:00:00,1,50,Phatthalung Agrometeorlogical Station,7.613611,100.1175,4.15,20260207130000,81.96666717529297,56.2,1.2633333484331766,3.2,26.618333498636883,0.0,1006.5033437093099,87.713334274292,0.0,0.0
2026-02-07 14:00:00,1,50,Phatthalung Agrometeorlogical Station,7.613611,100.1175,4.15,20260207140000,96.21000150044759,53.4,0.26666667175789677,1.2,25.79166701634725,0.0,1007.5983418782552,91.21333401997884,0.0,0.0
2026-02-07 15:00:00,1,50,Phatthalung Agrometeorlogical Station,7.613611,100.1175,4.15,20260207150000,147.615003712972,115.3,0.09333333472410837,1.0,25.38666690190633,0.0,1008.4500132242839,93.978333791097,0.0,0.0
2026-02-07 16:00:00,1,50,Phatthalung Agrometeorlogical Station,7.613611,100.1175,4.15,20260207160000,122.48500086466471,126.5,0.26833333969116213,1.5,25.031667137145995,0.0,1008.7066792805989,95.05333366394044,0.0,0.0
2026-02-07 17:00:00,1,50,Phatthalung Agrometeorlogical Station,7.613611,100.1175,4.15,20260207170000,117.975,118.0,0.09833333504696687,0.6,24.30333366394043,0.0,1008.3650115966797,97.5616673787435,0.0,0.0
2026-02-07 18:00:00,1,50,Phatthalung Agrometeorlogical Station,7.613611,100.1175,4.15,20260207180000,129.73833592732748,151.8,0.13833333576718967,1.3,24.115000438690185,0.0,1007.7783416748047,98.56500104268392,0.0,0.0
2026-02-07 19:00:00,1,50,Phatthalung Agrometeorlogical Station,7.613611,100.1175,4.15,20260207190000,138.6216697692871,135.0,0.08500000101824602,1.1,23.90000034968058,0.0,1007.1366821289063,98.72333437601725,0.0,0.0
2026-02-07 20:00:00,1,50,Phatthalung Agrometeorlogical Station,7.613611,100.1175,4.15,20260207200000,136.56666920979816,149.1,0.10833333507180214,1.2,23.531666787465415,0.0,1006.6233408610026,99.60166714986165,0.0,0.0
2026-02-07 21:00:00,1,50,Phatthalung Agrometeorlogical Station,7.613611,100.1175,4.15,20260207210000,129.35333595275878,118.0,0.5166666770974795,1.7,23.63500051498413,0.0,1006.5083394368489,99.61500002543131,0.0,0.0
2026-02-07 22:00:00,1,50,Phatthalung Agrometeorlogical Station,7.613611,100.1175,4.15,20260207220000,129.15166829427082,115.3,0.1833333380520344,1.0,23.39833339055379,0.0,1006.7500111897787,99.66500053405761,0.0,0.0
2026-02-07 23:00:00,1,50,Phatthalung Agrometeorlogical Station,7.613611,100.1175,4.15,20260207230000,128.20000279744465,115.3,0.2566666735957066,1.7,23.200000762939453,0.0,1007.501675415039,99.9000015258789,0.0,0.0
2026-02-08 00:00:00,1,50,Phatthalung Agrometeorlogical Station,7.613611,100.1175,4.15,20260207240000,119.51833502451579,157.5,0.5683333439131578,1.7,23.314999516805013,0.0,1007.9000091552734,99.52166849772135,0.0,0.0
2026-02-08 01:00:00,1,50,Phatthalung Agrometeorlogical Station,7.613611,100.1175,4.15,20260208010000,104.17000211079916,151.8,0.34000000717739265,2.0,24.391667079925536,0.0,1008.7783467610677,97.05833384195964,0.0,0.0
2026-02-08 02:00:00,1,50,Phatthalung Agrometeorlogical Station,7.613611,100.1175,4.15,20260208020000,129.49333572387695,140.6,0.44666667679945626,1.3,25.830000336964925,0.0,1009.8000101725261,92.55666732788086,0.0,0.0
2026-02-08 03:00:00,1,50,Phatthalung Agrometeorlogical Station,7.613611,100.1175,4.15,20260208030000,138.20833625793458,137.8,0.9000000149011612,2.7,27.700000127156574,0.0,1010.4883392333984,85.59000078837077,0.0,0.0
2026-02-08 04:00:00,1,50,Phatthalung Agrometeorlogical Station,7.613611,100.1175,4.15,20260208040000,109.0700013478597,56.2,2.0500000337759654,5.1,29.275000254313152,0.0,1009.9900146484375,80.62666727701823,0.0,0.0
2026-02-08 05:00:00,1,50,Phatthalung Agrometeorlogical Station,7.613611,100.1175,4.15,20260208050000,99.10333366394043,47.7,3.4633333683013916,6.8,32.41500047047933,0.0,1009.4400095621745,68.74666697184244,0.0,0.0
2026-02-08 06:00:00,1,50,Phatthalung Agrometeorlogical Station,7.613611,100.1175,4.15,20260208060000,92.35000069936116,115.3,3.5483333587646486,7.1,32.43833376566569,0.0,1008.860004679362,67.32500076293945,0.0,0.0
2026-02-08 07:00:00,1,50,Phatthalung Agrometeorlogical Station,7.613611,100.1175,4.15,20260208070000,91.52500057220459,56.2,4.228333389759063,7.8,32.62000045776367,0.0,1007.9166758219401,67.06666742960611,0.0,0.0
2026-02-08 08:00:00,1,50,Phatthalung Agrometeorlogical Station,7.613611,100.1175,4.15,20260208080000,87.31833368937174,47.7,4.495000044504802,7.5,31.88666690190633,0.0,1006.8650065104167,69.79166717529297,0.0,0.0
2026-02-08 09:00:00,1,50,Phatthalung Agrometeorlogical Station,7.613611,100.1175,4.15,20260208090000,88.99666748046874,56.2,4.470000036557516,7.4,31.39166701634725,0.0,1006.4650085449218,70.98000068664551,0.0,0.0
2026-02-08 10:00:00,1,50,Phatthalung Agrometeorlogical Station,7.613611,100.1175,4.15,20260208100000,79.35333360036215,53.4,4.1166666905085245,7.3,30.81000016530355,0.0,1006.3800170898437,72.72166786193847,0.0,0.0
2026-02-08 11:00:00,1,50,Phatthalung Agrometeorlogical Station,7.613611,100.1175,4.15,20260208110000,79.87833398183187,135.0,3.6850000381469727,7.0,29.350000286102294,0.0,1007.0600118001302,77.55000076293945,0.0,0.0
2026-02-08 12:00:00,1,50,Phatthalung Agrometeorlogical Station,7.613611,100.1175,4.15,20260208120000,76.62203455779512,56.2,3.866101721585807,7.4,27.605084855677717,0.0,1007.6017042257018,83.97288189904164,0.0,0.0
2026-02-08 13:00:00,1,50,Phatthalung Agrometeorlogical Station,7.613611,100.1175,4.15,20260208130000,80.4283332824707,53.4,4.2700000166893,7.4,27.08166697820028,0.0,1008.138340250651,85.03333396911621,0.0,0.0
2026-02-08 14:00:00,1,50,Phatthalung Agrometeorlogical Station,7.613611,100.1175,4.15,20260208140000,88.23500073750814,56.2,4.233333388964335,7.5,26.795000139872233,0.0,1008.5800048828125,85.44833412170411,0.0,0.0
2026-02-08 15:00:00,1,50,Phatthalung Agrometeorlogical Station,7.613611,100.1175,4.15,20260208150000,87.33666737874348,132.1,3.636666703224182,6.9,26.695000743865968,0.0,1008.9466725667318,84.66833419799805,0.0,0.0
2026-02-08 16:00:00,1,50,Phatthalung Agrometeorlogical Station,7.613611,100.1175,4.15,20260208160000,84.05000063578288,50.5,3.356666696071625,6.6,26.70500043233236,0.0,1009.1766774495443,84.88333396911621,0.0,0.0
2026-02-08 17:00:00,1,50,Phatthalung Agrometeorlogical Station,7.613611,100.1175,4.15,20260208170000,79.41666711171469,50.5,3.171666701634725,6.1,26.69000072479248,0.0,1009.2000122070312,85.08166732788087,0.0,0.0
2026-02-08 18:00:00,1,50,Phatthalung Agrometeorlogical Station,7.613611,100.1175,4.15,20260208180000,85.6616673151652,50.5,3.540000041325887,6.6,26.625000476837158,0.0,1008.7616729736328,84.76666742960612,0.0,0.0
2026-02-08 19:00:00,1,50,Phatthalung Agrometeorlogical Station,7.613611,100.1175,4.15,20260208190000,99.79500071207683,56.2,3.293333379427592,6.5,26.31000026067098,0.0,1008.1250111897787,84.27833366394043,0.0,0.0
2026-02-08 20:00:00,1,50,Phatthalung Agrometeorlogical Station,7.613611,100.1175,4.15,20260208200000,92.62500076293945,118.0,3.5983333706855776,6.3,26.15333391825358,0.0,1007.5333414713542,84.1300006866455,0.0,0.0
2026-02-08 21:00:00,1,50,Phatthalung Agrometeorlogical Station,7.613611,100.1175,4.15,20260208210000,95.35833435058593,115.3,3.096666697661082,6.4,26.096667035420737,0.0,1007.0233418782552,83.53333371480306,0.0,0.0
2026-02-08 22:00:00,1,50,Phatthalung Agrometeorlogical Station,7.613611,100.1175,4.15,20260208220000,94.4466672261556,123.8,2.561666699250539,7.0,25.703333377838135,0.0,1006.8650187174479,84.70666745503743,0.0,0.0
2026-02-08 23:00:00,1,50,Phatthalung Agrometeorlogical Station,7.613611,100.1175,4.15,20260208230000,105.31833407084147,50.5,2.585000042120616,5.5,25.63500051498413,0.0,1007.0600036621094,83.97500038146973,0.0,0.0
2026-02-09 00:00:00,1,50,Phatthalung Agrometeorlogical Station,7.613611,100.1175,4.15,20260208240000,102.30166727701823,132.1,3.1650000333786013,6.5,25.85833320617676,0.0,1007.6150065104167,84.02833404541016,0.0,0.0
2026-02-09 01:00:00,1,50,Phatthalung Agrometeorlogical Station,7.613611,100.1175,4.15,20260209010000,113.37666791280111,135.0,2.20666669656833,6.9,26.316666889190675,0.0,1008.3916758219401,85.02500038146972,0.0,0.0
2026-02-09 02:00:00,1,50,Phatthalung Agrometeorlogical Station,7.613611,100.1175,4.15,20260209020000,97.53000068664551,56.2,3.350000023841858,8.8,27.886667092641193,0.0,1009.3433400472005,80.93666725158691,0.0,0.0
2026-02-09 03:00:00,1,50,Phatthalung Agrometeorlogical Station,7.613611,100.1175,4.15,20260209030000,90.68500073750813,47.7,5.23333336909612,9.3,29.51500021616618,0.0,1009.6900115966797,72.94166730244955,0.0,0.0
2026-02-09 04:00:00,1,50,Phatthalung Agrometeorlogical Station,7.613611,100.1175,4.15,20260209040000,91.60666720072429,64.6,5.1800000190734865,9.5,31.045000267028808,0.0,1009.7100128173828,67.88666750590006,0.0,0.0
2026-02-09 05:00:00,1,50,Phatthalung Agrometeorlogical Station,7.613611,100.1175,4.15,20260209050000,86.45500087738037,61.9,5.163333384195964,8.8,31.470000394185384,0.0,1009.061675008138,66.71333389282226,0.0,0.0
2026-02-09 06:00:00,1,50,Phatthalung Agrometeorlogical Station,7.613611,100.1175,4.15,20260209060000,84.96333408355713,50.5,5.028333357969919,8.5,31.583333460489907,0.0,1008.2216756184896,66.34500045776367,0.0,0.0
2026-02-09 07:00:00,1,50,Phatthalung Agrometeorlogical Station,7.613611,100.1175,4.15,20260209070000,86.41833362579345,59.0,4.4433333357175195,7.8,32.08666712443034,0.0,1007.7150095621745,64.83833414713541,0.0,0.0
2026-02-09 08:00:00,1,50,Phatthalung Agrometeorlogical Station,7.613611,100.1175,4.15,20260209080000,79.54666741689046,53.4,4.530000046888987,8.1,31.79333381652832,0.0,1007.0650085449219,65.96333408355713,0.0,0.0
2026-02-09 09:00:00,1,50,Phatthalung Agrometeorlogical Station,7.613611,100.1175,4.15,20260209090000,79.62500095367432,56.2,4.528333369890849,7.3,30.73500026067098,0.0,1006.5200113932292,68.10000089009603,0.0,0.0
2026-02-09 10:00:00,1,50,Phatthalung Agrometeorlogical Station,7.613611,100.1175,4.15,20260209100000,83.95666739145915,59.0,4.3316667119661965,8.3,30.490000279744468,0.0,1006.4950134277344,69.0766674041748,0.0,0.0
2026-02-09 11:00:00,1,50,Phatthalung Agrometeorlogical Station,7.613611,100.1175,4.15,20260209110000,74.80166689554851,53.4,3.7416667103767396,7.1,29.026666831970214,0.0,1007.0250122070313,74.02666714986165,0.0,0.0
2026-02-09 12:00:00,1,50,Phatthalung Agrometeorlogical Station,7.613611,100.1175,4.15,20260209120000,81.4416670481364,47.7,3.0816667079925537,5.9,27.13000027338664,0.0,1007.6316782633463,80.09166730244955,0.0,0.0
2026-02-09 13:00:00,1,50,Phatthalung Agrometeorlogical Station,7.613611,100.1175,4.15,20260209130000,85.29666697184244,47.7,3.4883333524068196,7.0,26.735000228881837,0.0,1008.6766794840495,82.34333381652831,0.0,0.0
2026-02-09 14:00:00,1,50,Phatthalung Agrometeorlogical Station,7.613611,100.1175,4.15,20260209140000,82.15833422342936,59.0,3.4166667024294535,7.6,26.666667302449543,0.0,1009.2900085449219,83.1783342997233,0.0,0.0
2026-02-09 15:00:00,1,50,Phatthalung Agrometeorlogical Station,7.613611,100.1175,4.15,20260209150000,80.83333384195963,64.6,3.436666699250539,7.4,26.580000368754067,0.0,1009.7200134277343,83.94333381652832,0.0,0.0
2026-02-09 16:00:00,1,50,Phatthalung Agrometeorlogical Station,7.613611,100.1175,4.15,20260209160000,96.60000063578288,132.1,3.3916666944821676,7.5,26.15333391825358,0.0,1009.5400024414063,85.56000061035157,0.0,0.0
2026-02-09 17:00:00,1,50,Phatthalung Agrometeorlogical Station,7.613611,100.1175,4.15,20260209170000,99.60500087738038,115.3,2.936666699250539,5.5,25.941666571299233,0.0,1009.3816752115886,85.75500094095865,0.0,0.0
2026-02-09 18:00:00,1,50,Phatthalung Agrometeorlogical Station,7.613611,100.1175,4.15,20260209180000,107.03833401997885,126.5,2.255000034968058,5.3,25.496667035420735,0.0,1008.9050109863281,87.08333396911621,0.0,0.0
2026-02-09 19:00:00,1,50,Phatthalung Agrometeorlogical Station,7.613611,100.1175,4.15,20260209190000,108.15666720072429,132.1,2.4733333627382916,5.0,25.53166691462199,0.0,1008.3050069173177,88.21666692097982,0.0,0.0
2026-02-09 20:00:00,1,50,Phatthalung Agrometeorlogical Station,7.613611,100.1175,4.15,20260209200000,114.09500033060709,135.0,1.828333353996277,4.3,25.431666723887126,0.0,1007.8516784667969,88.14500045776367,0.0,0.0
2026-02-09 21:00:00,1,50,Phatthalung Agrometeorlogical Station,7.613611,100.1175,4.15,20260209210000,119.15166823069255,115.3,0.9966666846225659,4.1,24.733333333333334,0.0,1007.5766713460287,90.49833374023437,0.0,0.0
2026-02-09 22:00:00,1,50,Phatthalung Agrometeorlogical Station,7.613611,100.1175,4.15,20260209220000,125.86333440144857,115.3,0.6066666769484679,1.7,23.70500068664551,0.0,1007.7100128173828,94.63500035603842,0.0,0.0
2026-02-09 23:00:00,1,50,Phatthalung Agrometeorlogical Station,7.613611,100.1175,4.15,20260209230000,144.14500325520834,140.6,0.5866666790097952,1.7,23.453333441416422,0.0,1008.158344523112,95.21833419799805,0.0,0.0
2026-02-10 00:00:00,1,50,Phatthalung Agrometeorlogical Station,7.613611,100.1175,4.15,20260209240000,135.70166931152343,115.3,0.5216666767994563,1.8,23.08833367029826,0.0,1008.4033487955729,95.86833343505859,0.0,0.0
2026-02-10 01:00:00,1,50,Phatthalung Agrometeorlogical Station,7.613611,100.1175,4.15,20260210010000,133.86666971842448,129.3,0.6400000127653281,2.4,24.45500020980835,0.0,1009.065010579427,91.64333368937174,0.0,0.0
2026-02-10 02:00:00,1,50,Phatthalung Agrometeorlogical Station,7.613611,100.1175,4.15,20260210020000,126.23166879018147,120.9,1.3166666816920043,3.7,27.79666697184245,0.0,1009.9500091552734,80.1833339691162,0.0,0.0
2026-02-10 03:00:00,1,50,Phatthalung Agrometeorlogical Station,7.613611,100.1175,4.15,20260210030000,95.88000043233235,47.7,2.5066666920979817,5.5,30.108333651224772,0.0,1010.3866739908855,72.78833389282227,0.0,0.0
2026-02-10 04:00:00,1,50,Phatthalung Agrometeorlogical Station,7.613611,100.1175,4.15,20260210040000,109.31500078837077,126.5,2.48500003417333,5.4,31.090000184377036,0.0,1010.4666737874348,70.08666763305663,0.0,0.0
2026-02-10 05:00:00,1,50,Phatthalung Agrometeorlogical Station,7.613611,100.1175,4.15,20260210050000,96.45500036875407,132.1,3.231666696071625,7.0,31.085000006357827,0.0,1010.0333435058594,69.4683339436849,0.0,0.0
2026-02-10 06:00:00,1,50,Phatthalung Agrometeorlogical Station,7.613611,100.1175,4.15,20260210060000,100.99166730244954,118.0,3.183333361148834,6.8,31.436667029062907,0.0,1008.9833404541016,69.6833339691162,0.0,0.0
2026-02-10 07:00:00,1,50,Phatthalung Agrometeorlogical Station,7.613611,100.1175,4.15,20260210070000,85.80333391825359,59.0,4.018333383401235,7.1,31.56000035603841,0.0,1008.2483428955078,69.33666737874348,0.0,0.0
2026-02-10 08:00:00,1,50,Phatthalung Agrometeorlogical Station,7.613611,100.1175,4.15,20260210080000,87.70666720072428,47.7,5.098333366711935,8.8,31.548333613077798,0.0,1007.6650075276692,69.5000005086263,0.0,0.0
2026-02-10 09:00:00,1,50,Phatthalung Agrometeorlogical Station,7.613611,100.1175,4.15,20260210090000,89.02666708628337,129.3,4.396666705608368,7.9,31.34500020345052,0.0,1007.5566731770833,69.8083339691162,0.0,0.0
2026-02-10 10:00:00,1,50,Phatthalung Agrometeorlogical Station,7.613611,100.1175,4.15,20260210100000,90.3766674677531,132.1,4.065000029404958,7.1,30.73833354314168,0.0,1007.7466817220052,70.25666745503743,0.0,0.0
2026-02-10 11:00:00,1,50,Phatthalung Agrometeorlogical Station,7.613611,100.1175,4.15,20260210110000,84.0283343633016,47.7,3.4016667048136395,6.3,29.320000203450522,0.0,1008.1683430989583,74.62000058492025,0.0,0.0
2026-02-10 12:00:00,1,50,Phatthalung Agrometeorlogical Station,7.613611,100.1175,4.15,20260210120000,67.43000068664551,132.1,1.9466666917006175,4.3,27.453333568572997,0.0,1008.3716796875,80.66000022888184,0.0,0.0
2026-02-10 13:00:00,1,50,Phatthalung Agrometeorlogical Station,7.613611,100.1175,4.15,20260210130000,81.1350004196167,61.9,1.4883333563804626,3.4,26.365000502268472,0.0,1008.9933441162109,85.25333366394042,0.0,0.0
2026-02-10 14:00:00,1,50,Phatthalung Agrometeorlogical Station,7.613611,100.1175,4.15,20260210140000,76.23333384195963,59.0,1.0900000202159086,3.2,25.881666215260825,0.0,1009.6533416748047,88.90833422342936,0.0,0.0
2026-02-10 15:00:00,1,50,Phatthalung Agrometeorlogical Station,7.613611,100.1175,4.15,20260210150000,98.21166865030925,118.0,0.16333333601554234,1.3,25.465000216166178,0.0,1010.3033426920573,91.62833391825357,0.0,0.0
2026-02-10 16:00:00,1,50,Phatthalung Agrometeorlogical Station,7.613611,100.1175,4.15,20260210160000,119.72500146230063,118.0,0.5500000111758709,1.5,25.045000235239666,0.0,1010.730014038086,92.39333407084148,0.0,0.0
2026-02-10 17:00:00,1,50,Phatthalung Agrometeorlogical Station,7.613611,100.1175,4.15,20260210170000,131.32000528971355,126.5,0.2066666712363561,0.8,24.44000050226847,0.0,1010.6200073242187,94.74500058492025,0.0,0.0
2026-02-10 18:00:00,1,50,Phatthalung Agrometeorlogical Station,7.613611,100.1175,4.15,20260210180000,128.70000330607095,132.1,0.33666667317350707,1.6,24.22000045776367,0.0,1010.3266774495443,96.04000053405761,0.0,0.0
2026-02-10 19:00:00,1,50,Phatthalung Agrometeorlogical Station,7.613611,100.1175,4.15,20260210190000,82.60166784922282,33.7,0.1883333370089531,1.2,24.20500068664551,0.0,1009.9883412679036,96.96666704813639,0.0,0.0
2026-02-10 20:00:00,1,50,Phatthalung Agrometeorlogical Station,7.613611,100.1175,4.15,20260210200000,51.78000144958496,135.0,0.19666667145987352,1.0,23.926666895548504,0.0,1009.5833455403646,97.7550001780192,0.0,0.0
2026-02-10 21:00:00,1,50,Phatthalung Agrometeorlogical Station,7.613611,100.1175,4.15,20260210210000,54.75333410898845,53.4,0.29500000836948553,1.2,23.688334019978843,0.0,1009.0516733805339,98.6650001525879,0.0,0.0
2026-02-10 22:00:00,1,50,Phatthalung Agrometeorlogical Station,7.613611,100.1175,4.15,20260210220000,79.75666777292888,56.2,0.59166667945683,1.7,23.655000591278075,0.0,1008.9133443196614,98.85500055948893,0.0,0.0
2026-02-10 23:00:00,1,50,Phatthalung Agrometeorlogical Station,7.613611,100.1175,4.15,20260210230000,60.71499989827474,50.5,0.36500000581145287,1.3,23.67500066757202,0.0,1009.1300079345704,98.86333401997884,0.0,0.0
2026-02-11 00:00:00,1,50,Phatthalung Agrometeorlogical Station,7.613611,100.1175,4.15,20260210240000,68.17500098546346,25.2,0.3083333401630322,1.3,23.700000762939453,0.0,1009.6716776529948,99.38833503723144,0.0,0.0
2026-02-11 01:00:00,1,50,Phatthalung Agrometeorlogical Station,7.613611,100.1175,4.15,20260211010000,79.43666795094808,61.9,0.27833333909511565,1.3,24.533333492279052,0.0,1010.448344930013,99.47333437601725,0.0,0.0
2026-02-11 02:00:00,1,50,Phatthalung Agrometeorlogical Station,7.613611,100.1175,4.15,20260211020000,48.403333791097005,67.5,0.8033333438138167,2.5,25.843333625793456,0.0,1011.3816731770834,95.2766674041748,0.0,0.0
2026-02-11 03:00:00,1,50,Phatthalung Agrometeorlogical Station,7.613611,100.1175,4.15,20260211030000,46.30666726430257,33.7,1.018333350494504,2.7,27.485000292460125,0.0,1011.9400115966797,88.27666727701823,0.0,0.0
2026-02-11 04:00:00,1,50,Phatthalung Agrometeorlogical Station,7.613611,100.1175,4.15,20260211040000,50.91666730244955,28.1,1.22166668176651,3.7,28.760000292460123,0.0,1011.7833485921224,83.04000104268393,0.0,0.0
2026-02-11 05:00:00,1,50,Phatthalung Agrometeorlogical Station,7.613611,100.1175,4.15,20260211050000,48.65166727701823,42.2,1.3283333429445823,5.0,26.156666946411132,12.000000268220901,1011.3266784667969,93.89666735331217,0.0,0.0
2026-02-11 06:00:00,1,50,Phatthalung Agrometeorlogical Station,7.613611,100.1175,4.15,20260211060000,55.49833418528239,25.2,1.6883333543936412,5.4,27.51833349863688,0.0,1010.250010172526,92.60000063578288,0.0,0.0
2026-02-11 07:00:00,1,50,Phatthalung Agrometeorlogical Station,7.613611,100.1175,4.15,20260211070000,58.67166735331217,135.0,2.413333355387052,6.0,29.755000146230064,0.0,1009.0200073242188,80.2533342997233,0.0,0.0
2026-02-11 08:00:00,1,50,Phatthalung Agrometeorlogical Station,7.613611,100.1175,4.15,20260211080000,57.90333398183187,33.7,2.0333333536982536,5.5,30.20166695912679,0.0,1008.0183451334635,76.82500063578287,0.0,0.0
2026-02-11 09:00:00,1,50,Phatthalung Agrometeorlogical Station,7.613611,100.1175,4.15,20260211090000,57.425000508626304,30.8,2.0883333583672843,6.0,29.96833346684774,0.0,1007.5683380126953,76.95333417256673,0.0,0.0
2026-02-11 10:00:00,1,50,Phatthalung Agrometeorlogical Station,7.613611,100.1175,4.15,20260211100000,49.9150005976359,45.0,1.7666666815678278,5.8,27.993333594004312,0.0,1007.4816731770833,83.69666748046875,0.0,0.0
2026-02-11 11:00:00,1,50,Phatthalung Agrometeorlogical Station,7.613611,100.1175,4.15,20260211110000,51.683334032694496,25.2,1.8783333510160447,6.0,25.55833346048991,4.200000062584877,1008.2116770426433,95.33166720072428,0.0,0.0
2026-02-11 12:00:00,1,50,Phatthalung Agrometeorlogical Station,7.613611,100.1175,4.15,20260211120000,71.47500044504801,56.2,2.783333354194959,8.3,24.523333644866945,22.200000420212746,1008.7900105794271,99.07000109354655,0.0,0.0
2026-02-11 13:00:00,1,50,Phatthalung Agrometeorlogical Station,7.613611,100.1175,4.15,20260211130000,46.37833385467529,132.1,0.5183333446582158,3.5,23.695000425974527,2.2000000327825546,1009.1066721598307,99.9000015258789,0.0,0.0
2026-02-11 14:00:00,1,50,Phatthalung Agrometeorlogical Station,7.613611,100.1175,4.15,20260211140000,59.51666730244954,64.6,1.1100000128149987,2.7,23.848333422342936,0.0,1009.7283477783203,99.9000015258789,0.0,0.0
2026-02-11 15:00:00,1,50,Phatthalung Agrometeorlogical Station,7.613611,100.1175,4.15,20260211150000,86.16000080108643,123.8,0.5800000118712584,1.6,23.555000209808348,0.0,1010.2400075276693,99.9000015258789,0.0,0.0
2026-02-11 16:00:00,1,50,Phatthalung Agrometeorlogical Station,7.613611,100.1175,4.15,20260211160000,97.9000010172526,140.6,0.6150000128895045,2.7,23.673333994547527,0.0,1010.4766723632813,99.9000015258789,0.0,0.0
2026-02-11 17:00:00,1,50,Phatthalung Agrometeorlogical Station,7.613611,100.1175,4.15,20260211170000,115.71500186920166,123.8,0.5900000127653281,2.0,23.399999618530273,0.0,1010.4050059000651,99.9000015258789,0.0,0.0
2026-02-11 18:00:00,1,50,Phatthalung Agrometeorlogical Station,7.613611,100.1175,4.15,20260211180000,80.66166763305664,123.8,0.4383333419760068,1.5,23.23833351135254,0.0,1010.2200113932291,99.9000015258789,0.0,0.0
2026-02-11 19:00:00,1,50,Phatthalung Agrometeorlogical Station,7.613611,100.1175,4.15,20260211190000,50.20000012715658,135.0,0.3950000038991372,1.8,23.198334089914958,0.4000000059604645,1009.5316762288411,99.9000015258789,0.0,0.0
2026-02-11 20:00:00,1,50,Phatthalung Agrometeorlogical Station,7.613611,100.1175,4.15,20260211200000,86.96166725158692,61.9,0.28166667371988297,1.0,23.358333333333334,0.0,1008.8316752115885,99.9000015258789,0.0,0.0
2026-02-11 21:00:00,1,50,Phatthalung Agrometeorlogical Station,7.613611,100.1175,4.15,20260211210000,136.52000223795574,149.1,0.23833333899577458,1.5,23.25,0.0,1008.2166798909506,99.9000015258789,0.0,0.0
2026-02-11 22:00:00,1,50,Phatthalung Agrometeorlogical Station,7.613611,100.1175,4.15,20260211220000,126.33833465576171,137.8,0.6250000109275182,2.7,23.379999542236327,0.0,1007.9783386230469,99.9000015258789,0.0,0.0
2026-02-11 23:00:00,1,50,Phatthalung Agrometeorlogical Station,7.613611,100.1175,4.15,20260211230000,125.17833531697592,59.0,0.7983333397656679,2.5,23.23166675567627,0.0,1008.3300069173177,99.9000015258789,0.0,0.0
2026-02-12 00:00:00,1,50,Phatthalung Agrometeorlogical Station,7.613611,100.1175,4.15,20260211240000,129.5900033315023,143.3,0.3450000065068404,1.5,23.130000495910643,0.0,1009.0816813151042,99.9000015258789,0.0,0.0
2026-02-12 01:00:00,1,50,Phatthalung Agrometeorlogical Station,7.613611,100.1175,4.15,20260212010000,127.72333628336588,154.6,0.3600000074754159,2.2,23.681666946411134,0.0,1009.6900075276693,99.9000015258789,0.0,0.0
2026-02-12 02:00:00,1,50,Phatthalung Agrometeorlogical Station,7.613611,100.1175,4.15,20260212020000,129.06166973114014,157.5,0.9800000204394261,2.9,26.535000165303547,0.0,1010.4550079345703,93.25833409627279,0.0,0.0
2026-02-12 03:00:00,1,50,Phatthalung Agrometeorlogical Station,7.613611,100.1175,4.15,20260212030000,128.15000228881837,61.9,1.4433333506186803,3.5,28.69500026702881,0.0,1011.0416737874349,83.57666727701823,0.0,0.0
2026-02-12 04:00:00,1,50,Phatthalung Agrometeorlogical Station,7.613611,100.1175,4.15,20260212040000,92.85166765848795,53.4,2.700000031789144,6.3,30.593333530426026,0.0,1011.160009765625,75.44166717529296,0.0,0.0
2026-02-12 05:00:00,1,50,Phatthalung Agrometeorlogical Station,7.613611,100.1175,4.15,20260212050000,97.36333408355713,135.0,3.091666692495346,7.0,31.816666984558104,0.0,1010.4516723632812,72.03500073750814,0.0,0.0
2026-02-12 06:00:00,1,50,Phatthalung Agrometeorlogical Station,7.613611,100.1175,4.15,20260212060000,92.58666725158692,53.4,3.671666697661082,7.0,31.76666695276896,0.0,1009.5866790771485,71.61166712443034,0.0,0.0
2026-02-12 07:00:00,1,50,Phatthalung Agrometeorlogical Station,7.613611,100.1175,4.15,20260212070000,83.74333413441975,59.0,3.546666709582011,7.1,31.84333372116089,0.0,1008.6600128173828,70.27833404541016,0.0,0.0
2026-02-12 08:00:00,1,50,Phatthalung Agrometeorlogical Station,7.613611,100.1175,4.15,20260212080000,83.30339056758557,61.9,3.28983055737059,6.5,32.116949630995926,0.0,1007.5050948838057,69.24237396757482,0.0,0.0
2026-02-12 09:00:00,1,50,Phatthalung Agrometeorlogical Station,7.613611,100.1175,4.15,20260212090000,73.83166732788087,129.3,3.1850000341733296,5.8,31.130000146230064,0.0,1007.1066731770833,72.60333404541015,0.0,0.0
2026-02-12 10:00:00,1,50,Phatthalung Agrometeorlogical Station,7.613611,100.1175,4.15,20260212100000,73.9733341217041,50.5,3.3583333770434063,6.4,30.143333625793456,0.0,1006.9600077311198,76.05833422342936,0.0,0.0
2026-02-12 11:00:00,1,50,Phatthalung Agrometeorlogical Station,7.613611,100.1175,4.15,20260212110000,70.24500071207682,67.5,3.0750000377496085,6.4,29.425000286102296,0.0,1007.2766754150391,76.35833409627278,0.0,0.0
2026-02-12 12:00:00,1,50,Phatthalung Agrometeorlogical Station,7.613611,100.1175,4.15,20260212120000,66.32666721343995,25.2,2.310000022252401,5.5,27.623333581288655,0.0,1007.5766743977864,84.42333386739095,0.0,0.0
2026-02-12 13:00:00,1,50,Phatthalung Agrometeorlogical Station,7.613611,100.1175,4.15,20260212130000,66.45833377838134,56.2,2.6350000381469725,6.0,27.165000629425048,0.0,1008.1733378092448,86.5716672261556,0.0,0.0
2026-02-12 14:00:00,1,50,Phatthalung Agrometeorlogical Station,7.613611,100.1175,4.15,20260212140000,66.69833380381266,61.9,2.806666700045268,6.1,27.10500040054321,0.0,1008.8333414713542,87.23666699727376,0.0,0.0
2026-02-12 15:00:00,1,50,Phatthalung Agrometeorlogical Station,7.613611,100.1175,4.15,20260212150000,68.46666723887125,50.5,2.961666711171468,7.0,27.0366668065389,0.0,1009.1333414713541,87.26000035603842,0.0,0.0
2026-02-12 16:00:00,1,50,Phatthalung Agrometeorlogical Station,7.613611,100.1175,4.15,20260212160000,71.91500072479248,56.2,3.353333365917206,6.3,26.98833328882853,0.0,1009.1400085449219,87.62833404541016,0.0,0.0
2026-02-12 17:00:00,1,50,Phatthalung Agrometeorlogical Station,7.613611,100.1175,4.15,20260212170000,75.77833353678385,64.6,3.2450000325838726,5.9,26.79499931335449,0.0,1008.9450042724609,88.62166709899903,0.0,0.0
2026-02-12 18:00:00,1,50,Phatthalung Agrometeorlogical Station,7.613611,100.1175,4.15,20260212180000,75.913334274292,115.3,3.3166667024294534,6.4,26.700000762939453,0.0,1008.4316772460937,89.1150006612142,0.0,0.0
2026-02-12 19:00:00,1,50,Phatthalung Agrometeorlogical Station,7.613611,100.1175,4.15,20260212190000,86.09166711171468,59.0,3.6383333762486774,6.8,26.660000610351563,0.0,1007.7333424886068,88.74000053405761,0.0,0.0
2026-02-12 20:00:00,1,50,Phatthalung Agrometeorlogical Station,7.613611,100.1175,4.15,20260212200000,97.49000078837076,59.0,3.2200000365575154,6.6,26.593333689371743,0.0,1006.8166788736979,88.75333404541016,0.0,0.0
2026-02-12 21:00:00,1,50,Phatthalung Agrometeorlogical Station,7.613611,100.1175,4.15,20260212210000,97.78500061035156,50.5,3.0416667024294535,5.9,26.3899995803833,0.0,1006.2700124104817,88.96666730244955,0.0,0.0
2026-02-12 22:00:00,1,50,Phatthalung Agrometeorlogical Station,7.613611,100.1175,4.15,20260212220000,99.73666725158691,64.6,2.546666701634725,5.6,26.190000406901042,0.0,1006.1233408610026,89.353333791097,0.0,0.0
2026-02-12 23:00:00,1,50,Phatthalung Agrometeorlogical Station,7.613611,100.1175,4.15,20260212230000,106.2900006612142,132.1,2.5800000270207724,5.4,26.071666940053305,0.0,1006.3850118001302,90.63000055948893,0.0,0.0
2026-02-13 00:00:00,1,50,Phatthalung Agrometeorlogical Station,7.613611,100.1175,4.15,20260212240000,105.07000058492025,132.1,2.335000032186508,6.6,25.956666787465412,0.0,1006.9383402506511,90.28333371480306,0.0,0.0
2026-02-13 01:00:00,1,50,Phatthalung Agrometeorlogical Station,7.613611,100.1175,4.15,20260213010000,114.4250010172526,126.5,2.1483333627382915,5.0,27.753333600362144,0.0,1007.4916788736979,84.68833401997884,0.0,0.0
2026-02-13 02:00:00,1,50,Phatthalung Agrometeorlogical Station,7.613611,100.1175,4.15,20260213020000,128.58500226338705,50.5,1.761666688323021,4.8,28.35166680018107,0.0,1008.2833455403646,82.80833371480306,0.0,0.0
2026-02-13 03:00:00,1,50,Phatthalung Agrometeorlogical Station,7.613611,100.1175,4.15,20260213030000,112.32166786193848,123.8,2.555000030994415,5.4,30.463333543141683,0.0,1009.100010172526,75.71333389282226,0.0,0.0
2026-02-13 04:00:00,1,50,Phatthalung Agrometeorlogical Station,7.613611,100.1175,4.15,20260213040000,90.38833433787028,132.1,3.2600000421206157,6.3,31.853333759307862,0.0,1009.2533467610677,70.48166745503744,0.0,0.0
2026-02-13 05:00:00,1,50,Phatthalung Agrometeorlogical Station,7.613611,100.1175,4.15,20260213050000,84.99666741689046,50.5,3.635000026226044,6.3,31.968333594004314,0.0,1008.7783406575521,68.68000068664551,0.0,0.0
2026-02-13 06:00:00,1,50,Phatthalung Agrometeorlogical Station,7.613611,100.1175,4.15,20260213060000,87.01666730244955,135.0,3.788333368301392,7.3,32.10333388646443,0.0,1007.8683430989583,68.25333340962727,0.0,0.0
2026-02-13 07:00:00,1,50,Phatthalung Agrometeorlogical Station,7.613611,100.1175,4.15,20260213070000,74.16500047047933,135.0,3.4766667087872825,6.8,32.45833371480306,0.0,1007.2266774495442,67.76833381652833,0.0,0.0
2026-02-13 08:00:00,1,50,Phatthalung Agrometeorlogical Station,7.613611,100.1175,4.15,20260213080000,75.21833407084146,135.0,3.346666705608368,6.6,32.198333803812666,0.0,1006.3166768391927,67.86333389282227,0.0,0.0
2026-02-13 09:00:00,1,50,Phatthalung Agrometeorlogical Station,7.613611,100.1175,4.15,20260213090000,69.28000030517578,47.7,3.340000049273173,6.5,31.893333689371744,0.0,1005.9166839599609,68.65666732788085,0.0,0.0
2026-02-13 10:00:00,1,50,Phatthalung Agrometeorlogical Station,7.613611,100.1175,4.15,20260213100000,64.64166742960612,33.7,2.6583333631356556,6.4,31.30500014623006,0.0,1005.9633402506511,71.09166742960612,0.0,0.0
2026-02-13 11:00:00,1,50,Phatthalung Agrometeorlogical Station,7.613611,100.1175,4.15,20260213110000,65.54333362579345,50.5,2.3650000353654224,5.3,30.095000489552817,0.0,1006.0966766357421,74.25500055948893,0.0,0.0
2026-02-13 12:00:00,1,50,Phatthalung Agrometeorlogical Station,7.613611,100.1175,4.15,20260213120000,64.956667137146,61.9,2.255000027020772,5.1,27.893333530426027,0.0,1006.4850118001302,81.28166732788085,0.0,0.0
2026-02-13 13:00:00,1,50,Phatthalung Agrometeorlogical Station,7.613611,100.1175,4.15,20260213130000,63.91000067392985,39.4,2.076666693886121,5.3,27.19333397547404,0.0,1007.2516764322917,85.48500073750814,0.0,0.0
2026-02-13 14:00:00,1,50,Phatthalung Agrometeorlogical Station,7.613611,100.1175,4.15,20260213140000,65.30833428700765,30.8,2.2950000206629437,5.6,27.100000381469727,0.0,1008.2783416748047,87.15500094095866,0.0,0.0
2026-02-13 15:00:00,1,50,Phatthalung Agrometeorlogical Station,7.613611,100.1175,4.15,20260213150000,69.08333377838134,56.2,2.0900000234444938,4.5,26.906666405995686,0.0,1008.730014038086,88.67500076293945,0.0,0.0
2026-02-13 16:00:00,1,50,Phatthalung Agrometeorlogical Station,7.613611,100.1175,4.15,20260213160000,68.9100004196167,56.2,1.7583333492279052,4.0,26.823332659403484,0.0,1008.8533548990886,90.12666714986166,0.0,0.0
2026-02-13 17:00:00,1,50,Phatthalung Agrometeorlogical Station,7.613611,100.1175,4.15,20260213170000,73.32500069936117,59.0,1.3250000188748041,3.2,26.576666768391927,0.0,1008.6000111897787,91.49000078837076,0.0,0.0
2026-02-13 18:00:00,1,50,Phatthalung Agrometeorlogical Station,7.613611,100.1175,4.15,20260213180000,106.06271239458505,135.0,1.4186440812329115,4.0,26.052542573314604,0.0,1008.0101804571636,93.44576379808329,0.0,0.0
2026-02-13 19:00:00,1,50,Phatthalung Agrometeorlogical Station,7.613611,100.1175,4.15,20260213190000,75.95000038146972,61.9,2.3350000381469727,5.1,26.42666702270508,0.0,1007.4766733805338,91.74500122070313,0.0,0.0
2026-02-13 20:00:00,1,50,Phatthalung Agrometeorlogical Station,7.613611,100.1175,4.15,20260213200000,76.62833410898844,59.0,2.2900000254313153,4.5,26.41833302179972,0.0,1006.6750122070313,90.82833404541016,0.0,0.0
2026-02-13 21:00:00,1,50,Phatthalung Agrometeorlogical Station,7.613611,100.1175,4.15,20260213210000,76.53000055948893,132.1,2.618333371480306,4.5,26.236666870117187,0.0,1005.9766774495442,90.8483336130778,0.0,0.0
2026-02-13 22:00:00,1,50,Phatthalung Agrometeorlogical Station,7.613611,100.1175,4.15,20260213220000,77.07166709899903,50.5,2.1150000234444937,4.1,26.163333956400553,0.0,1006.0900065104166,91.5266674041748,0.0,0.0
2026-02-13 23:00:00,1,50,Phatthalung Agrometeorlogical Station,7.613611,100.1175,4.15,20260213230000,75.13500067392985,135.0,1.1966666863610347,3.7,25.643333276112873,0.0,1006.4533396402995,93.26000061035157,0.0,0.0
2026-02-14 00:00:00,1,50,Phatthalung Agrometeorlogical Station,7.613611,100.1175,4.15,20260213240000,67.89500045776367,135.0,0.3283333409577608,2.2,25.176667340596516,0.0,1006.8733408610026,96.06833407084147,0.0,0.0
2026-02-14 01:00:00,1,50,Phatthalung Agrometeorlogical Station,7.613611,100.1175,4.15,20260214010000,124.5833356221517,132.1,0.6216666820148627,1.8,26.478333632151287,0.0,1007.725010172526,92.62833391825357,0.0,0.0
2026-02-14 02:00:00,1,50,Phatthalung Agrometeorlogical Station,7.613611,100.1175,4.15,20260214020000,97.26166766484579,56.2,1.3333333412806192,4.5,28.320000012715656,0.0,1008.3416768391927,85.28000068664551,0.0,0.0
2026-02-14 03:00:00,1,50,Phatthalung Agrometeorlogical Station,7.613611,100.1175,4.15,20260214030000,82.8847464868578,67.5,2.827118675587541,5.5,30.464406934835143,0.0,1008.8423823987023,75.29491553872319,0.0,0.0
2026-02-14 04:00:00,1,50,Phatthalung Agrometeorlogical Station,7.613611,100.1175,4.15,20260214040000,75.58166688283285,67.5,3.006666704018911,5.9,30.891666730244953,0.0,1008.8416778564454,72.69166717529296,0.0,0.0
2026-02-14 05:00:00,1,50,Phatthalung Agrometeorlogical Station,7.613611,100.1175,4.15,20260214050000,75.65500075022379,56.2,3.2033333778381348,7.0,31.60000015894572,0.0,1008.2033365885417,69.81333401997884,0.0,0.0
2026-02-14 06:00:00,1,50,Phatthalung Agrometeorlogical Station,7.613611,100.1175,4.15,20260214060000,72.69666703542073,64.6,3.2166667024294537,6.4,31.506666978200276,0.0,1007.6083465576172,70.32833340962728,0.0,0.0
2026-02-14 07:00:00,1,50,Phatthalung Agrometeorlogical Station,7.613611,100.1175,4.15,20260214070000,72.5916674931844,56.2,2.7500000337759656,5.5,31.581666819254558,0.0,1006.9883433024089,70.76333376566569,0.0,0.0
2026-02-14 08:00:00,1,50,Phatthalung Agrometeorlogical Station,7.613611,100.1175,4.15,20260214080000,70.37500069936117,59.0,2.590000033378601,5.4,30.53666706085205,0.0,1005.8550109863281,73.85666732788086,0.0,0.0
2026-02-14 09:00:00,1,50,Phatthalung Agrometeorlogical Station,7.613611,100.1175,4.15,20260214090000,68.48666718800862,47.7,2.7283333679040274,6.1,30.396667194366454,0.0,1005.0566853841145,74.65000089009602,0.0,0.0
2026-02-14 10:00:00,1,50,Phatthalung Agrometeorlogical Station,7.613611,100.1175,4.15,20260214100000,72.39666728973388,64.6,3.115000033378601,6.0,30.429999955495198,0.0,1005.0766774495443,74.25000063578288,0.0,0.0
2026-02-14 11:00:00,1,50,Phatthalung Agrometeorlogical Station,7.613611,100.1175,4.15,20260214110000,66.71166693369547,56.2,2.283333359162013,4.9,29.196667003631593,0.0,1005.5300028483073,77.96333351135254,0.0,0.0
2026-02-14 12:00:00,1,50,Phatthalung Agrometeorlogical Station,7.613611,100.1175,4.15,20260214120000,72.92333431243897,36.5,2.0016666849454245,4.5,27.813333543141685,0.0,1005.6400085449219,82.77000020345052,0.0,0.0
2026-02-14 13:00:00,1,50,Phatthalung Agrometeorlogical Station,7.613611,100.1175,4.15,20260214130000,78.70833384195963,135.0,1.8450000231464705,4.0,27.029999891916912,0.0,1006.3616780598958,88.68500061035157,0.0,0.0
2026-02-14 14:00:00,1,50,Phatthalung Agrometeorlogical Station,7.613611,100.1175,4.15,20260214140000,71.14166711171468,53.4,1.7833333472410837,4.1,27.068333752950032,0.0,1007.1750111897786,88.56833368937174,0.0,0.0
2026-02-14 15:00:00,1,50,Phatthalung Agrometeorlogical Station,7.613611,100.1175,4.15,20260214150000,65.83500061035156,50.5,2.0850000262260435,4.1,26.700000762939453,0.0,1007.8700073242187,90.04666760762532,0.0,0.0
2026-02-14 16:00:00,1,50,Phatthalung Agrometeorlogical Station,7.613611,100.1175,4.15,20260214160000,70.72500069936116,50.5,2.1833333631356555,4.5,26.72000045776367,0.0,1008.2666829427084,89.46333401997884,0.0,0.0
2026-02-14 17:00:00,1,50,Phatthalung Agrometeorlogical Station,7.613611,100.1175,4.15,20260214170000,89.84666684468587,129.3,2.070000026623408,4.8,26.446666558583576,0.0,1008.3750193277995,90.83833440144856,0.0,0.0
2026-02-14 18:00:00,1,50,Phatthalung Agrometeorlogical Station,7.613611,100.1175,4.15,20260214180000,90.10666720072429,123.8,1.4966666887203852,3.4,26.120000457763673,0.0,1007.9133422851562,92.61500002543131,0.0,0.0
2026-02-14 19:00:00,1,50,Phatthalung Agrometeorlogical Station,7.613611,100.1175,4.15,20260214190000,79.29833386739095,50.5,1.6700000176827112,4.1,26.175,0.0,1006.9700103759766,92.42500076293945,0.0,0.0
2026-02-14 20:00:00,1,50,Phatthalung Agrometeorlogical Station,7.613611,100.1175,4.15,20260214200000,73.43333384195964,61.9,1.0400000145037969,2.5,25.55166686375936,0.0,1006.2533386230468,94.4016674041748,0.0,0.0
2026-02-14 21:00:00,1,50,Phatthalung Agrometeorlogical Station,7.613611,100.1175,4.15,20260214210000,121.73000240325928,126.5,0.2950000062584877,1.6,25.17500066757202,0.0,1005.7533467610677,96.40333353678385,0.0,0.0
2026-02-14 22:00:00,1,50,Phatthalung Agrometeorlogical Station,7.613611,100.1175,4.15,20260214220000,133.60500310262043,123.8,0.3533333405852318,1.2,25.10666707356771,0.0,1005.8266784667969,97.531667582194,0.0,0.0
2026-02-14 23:00:00,1,50,Phatthalung Agrometeorlogical Station,7.613611,100.1175,4.15,20260214230000,120.90166816711425,120.9,0.24666667319834232,1.0,24.869999504089357,0.0,1006.1000061035156,97.8533332824707,0.0,0.0
2026-02-15 00:00:00,1,50,Phatthalung Agrometeorlogical Station,7.613611,100.1175,4.15,20260214240000,92.74666728973389,47.7,1.1366666796306768,3.0,25.08500032424927,0.0,1006.5633402506511,97.17666740417481,0.0,0.0
2026-02-15 01:00:00,1,50,Phatthalung Agrometeorlogical Station,7.613611,100.1175,4.15,20260215010000,90.03666712443034,126.5,1.45166667898496,3.4,26.380000178019205,0.0,1007.0833435058594,92.36666717529297,0.0,0.0
2026-02-15 02:00:00,1,50,Phatthalung Agrometeorlogical Station,7.613611,100.1175,4.15,20260215020000,84.30166759490967,59.0,2.9033333639303844,5.3,28.871667098999023,0.0,1007.6783437093098,82.27166697184245,0.0,0.0
2026-02-15 03:00:00,1,50,Phatthalung Agrometeorlogical Station,7.613611,100.1175,4.15,20260215030000,70.94333413441976,47.7,3.005000034968058,5.8,30.55000022252401,0.0,1008.4250101725261,75.9200008392334,0.0,0.0
2026-02-15 04:00:00,1,50,Phatthalung Agrometeorlogical Station,7.613611,100.1175,4.15,20260215040000,76.77666727701823,135.0,3.4666667064030965,6.5,31.885000387827557,0.0,1008.4616750081381,71.06500027974447,0.0,0.0
2026-02-15 05:00:00,1,50,Phatthalung Agrometeorlogical Station,7.613611,100.1175,4.15,20260215050000,74.62166760762533,53.4,3.4450000286102296,6.5,32.436667378743486,0.0,1007.9350118001302,68.17333399454752,0.0,0.0
2026-02-15 06:00:00,1,50,Phatthalung Agrometeorlogical Station,7.613611,100.1175,4.15,20260215060000,68.82666727701823,50.5,2.920000038544337,6.5,32.08333371480306,0.0,1007.1516774495443,68.97333386739095,0.0,0.0
2026-02-15 07:00:00,1,50,Phatthalung Agrometeorlogical Station,7.613611,100.1175,4.15,20260215070000,61.86000054677327,47.7,2.5683333575725555,6.4,31.873333517710368,0.0,1006.3616739908854,69.34833386739095,0.0,0.0
2026-02-15 08:00:00,1,50,Phatthalung Agrometeorlogical Station,7.613611,100.1175,4.15,20260215080000,70.61833362579345,126.5,2.5883333663145702,6.3,29.420000235239666,0.0,1005.5966766357421,79.0116673787435,0.0,0.0
2026-02-15 09:00:00,1,50,Phatthalung Agrometeorlogical Station,7.613611,100.1175,4.15,20260215090000,110.94833437601726,50.5,2.178333361943563,4.5,28.823333676656087,0.0,1005.0300099690755,84.6366673787435,0.0,0.0
2026-02-15 10:00:00,1,50,Phatthalung Agrometeorlogical Station,7.613611,100.1175,4.15,20260215100000,85.33166720072428,135.0,2.4233333617448807,6.1,30.12000010808309,0.0,1004.8550120035808,77.52500076293946,0.0,0.0
2026-02-15 11:00:00,1,50,Phatthalung Agrometeorlogical Station,7.613611,100.1175,4.15,20260215110000,72.07000058492025,50.5,2.8883333563804627,6.0,29.901666800181072,0.0,1004.7933420817058,73.81500078837077,0.0,0.0
2026-02-15 12:00:00,1,50,Phatthalung Agrometeorlogical Station,7.613611,100.1175,4.15,20260215120000,73.56833413441976,135.0,1.6883333494265875,4.3,27.985000324249267,0.0,1005.1533426920573,82.70500055948894,0.0,0.0
2026-02-15 13:00:00,1,50,Phatthalung Agrometeorlogical Station,7.613611,100.1175,4.15,20260215130000,90.0000010172526,126.5,1.083333350221316,2.9,26.753333568572998,0.0,1005.5833435058594,87.96500066121419,0.0,0.0
2026-02-15 14:00:00,1,50,Phatthalung Agrometeorlogical Station,7.613611,100.1175,4.15,20260215140000,85.4816670735677,64.6,0.9183333512395621,2.5,26.16666701634725,0.0,1006.4850118001302,90.89166717529297,0.0,0.0
2026-02-15 15:00:00,1,50,Phatthalung Agrometeorlogical Station,7.613611,100.1175,4.15,20260215150000,80.10833396911622,64.6,1.000000017012159,2.7,26.200000762939453,0.0,1007.4516815185547,91.91333440144857,0.0,0.0
2026-02-15 16:00:00,1,50,Phatthalung Agrometeorlogical Station,7.613611,100.1175,4.15,20260215160000,93.05166740417481,59.0,1.250000014528632,2.9,26.488333733876548,0.0,1007.7433481852214,90.89000053405762,0.0,0.0
2026-02-15 17:00:00,1,50,Phatthalung Agrometeorlogical Station,7.613611,100.1175,4.15,20260215170000,135.0,135.0,0.04666666736205419,0.6,26.070000171661377,0.0,1007.636675008138,93.08666763305663,0.0,0.0
2026-02-15 18:00:00,1,50,Phatthalung Agrometeorlogical Station,7.613611,100.1175,4.15,20260215180000,131.12500038146973,123.8,0.29333334031204383,1.2,25.650848033064502,0.0,1007.0779770673331,95.66610265182237,0.0,0.0
2026-02-15 19:00:00,1,50,Phatthalung Agrometeorlogical Station,7.613611,100.1175,4.15,20260215190000,115.83166872660318,157.5,0.431666674464941,1.3,25.256666882832846,0.0,1006.448344930013,96.22500050862631,0.0,0.0
2026-02-15 20:00:00,1,50,Phatthalung Agrometeorlogical Station,7.613611,100.1175,4.15,20260215200000,95.81333503723144,140.6,0.37833334095776083,1.2,25.26166648864746,0.0,1005.8783437093099,96.0966672261556,0.0,0.0
2026-02-15 21:00:00,1,50,Phatthalung Agrometeorlogical Station,7.613611,100.1175,4.15,20260215210000,132.06167271931966,123.8,0.18166667049129803,1.2,25.284999720255534,0.0,1005.3000111897786,96.16166801452637,0.0,0.0
2026-02-15 22:00:00,1,50,Phatthalung Agrometeorlogical Station,7.613611,100.1175,4.15,20260215220000,131.98333892822265,132.1,0.11166666857898236,1.2,25.151667245229085,0.0,1005.1633433024089,97.63000043233235,0.0,0.0
2026-02-15 23:00:00,1,50,Phatthalung Agrometeorlogical Station,7.613611,100.1175,4.15,20260215230000,126.66500155131023,129.3,0.5783333436896404,3.0,25.38666706085205,0.0,1005.2233408610026,96.93500061035157,0.0,0.0
2026-02-16 00:00:00,1,50,Phatthalung Agrometeorlogical Station,7.613611,100.1175,4.15,20260215240000,114.08666769663493,67.5,1.3400000174840292,4.6,25.894915499929656,0.0,1005.8322153899629,94.62542440123477,0.0,0.0
2026-02-16 01:00:00,1,50,Phatthalung Agrometeorlogical Station,7.613611,100.1175,4.15,20260216010000,89.53720997655114,47.7,2.183720954628878,5.1,27.006977036941883,0.0,1006.5860581508903,88.60465151764626,0.0,0.0
2026-02-16 02:00:00,1,50,Phatthalung Agrometeorlogical Station,7.613611,100.1175,4.15,20260216020000,85.49166723887126,47.7,2.751666694879532,5.1,28.428333377838136,0.0,1007.2383453369141,84.16166712443034,0.0,0.0
2026-02-16 03:00:00,1,50,Phatthalung Agrometeorlogical Station,7.613611,100.1175,4.15,20260216030000,85.96666730244955,50.5,3.4283333659172057,6.0,29.799999936421713,0.0,1007.955008951823,79.36333414713542,0.0,0.0
2026-02-16 04:00:00,1,50,Phatthalung Agrometeorlogical Station,7.613611,100.1175,4.15,20260216040000,84.02000064849854,135.0,3.6916666984558106,7.1,30.45833339691162,0.0,1007.8700083414714,77.03333409627278,0.0,0.0
2026-02-16 05:00:00,1,50,Phatthalung Agrometeorlogical Station,7.613611,100.1175,4.15,20260216050000,77.38500035603842,59.0,4.4483333667119345,7.8,31.191666825612387,0.0,1007.1533437093099,73.66000061035156,0.0,0.0
2026-02-16 06:00:00,1,50,Phatthalung Agrometeorlogical Station,7.613611,100.1175,4.15,20260216060000,73.87666753133138,132.1,4.223333366711935,7.3,31.14166685740153,0.0,1006.2316772460938,73.1016668955485,0.0,0.0
2026-02-16 07:00:00,1,50,Phatthalung Agrometeorlogical Station,7.613611,100.1175,4.15,20260216070000,75.82333361307779,132.1,4.471666693687439,7.4,30.836666933695476,0.0,1005.4333414713542,74.05333404541015,0.0,0.0
2026-02-16 08:00:00,1,50,Phatthalung Agrometeorlogical Station,7.613611,100.1175,4.15,20260216080000,84.33500067392985,50.5,3.830000030994415,7.0,30.031666851043703,0.0,1004.606679280599,75.93333384195964,0.0,0.0
2026-02-16 09:00:00,1,50,Phatthalung Agrometeorlogical Station,7.613611,100.1175,4.15,20260216090000,80.59500058492024,132.1,3.9416667064030966,7.0,29.703333695729572,0.0,1004.0183400472005,76.88333422342936,0.0,0.0
2026-02-16 10:00:00,1,50,Phatthalung Agrometeorlogical Station,7.613611,100.1175,4.15,20260216100000,75.17000052134196,135.0,3.5915254576731535,6.9,29.78474610538806,0.0,1003.8288284560381,77.08305151987884,0.0,0.0
2026-02-16 11:00:00,1,50,Phatthalung Agrometeorlogical Station,7.613611,100.1175,4.15,20260216110000,84.43500086466472,61.9,3.596666693687439,6.8,29.168333371480305,0.0,1003.773350016276,79.16000061035156,0.0,0.0
2026-02-16 12:00:00,1,50,Phatthalung Agrometeorlogical Station,7.613611,100.1175,4.15,20260216120000,74.31166712443034,61.9,3.4166667103767394,7.5,27.72166681289673,0.0,1003.8400095621745,84.72166709899902,0.0,0.0
2026-02-16 13:00:00,1,50,Phatthalung Agrometeorlogical Station,7.613611,100.1175,4.15,20260216130000,72.68333365122477,64.6,3.3633333722750347,6.0,27.25999984741211,0.0,1004.3766743977865,85.43500086466472,0.0,0.0
2026-02-16 14:00:00,1,50,Phatthalung Agrometeorlogical Station,7.613611,100.1175,4.15,20260216140000,70.70833384195963,135.0,2.971666705608368,6.1,27.225000381469727,0.0,1004.9783426920573,84.80833422342936,0.0,0.0
2026-02-16 15:00:00,1,50,Phatthalung Agrometeorlogical Station,7.613611,100.1175,4.15,20260216150000,66.50333372751872,67.5,1.7683333511153856,3.7,27.0366668065389,0.0,1006.3466746012369,87.87500038146973,0.0,0.0
2026-02-16 16:00:00,1,50,Phatthalung Agrometeorlogical Station,7.613611,100.1175,4.15,20260216160000,63.543334007263184,56.2,1.5116666813691457,4.9,26.623333644866943,0.6000000089406967,1007.1016764322917,91.0833340962728,0.0,0.0
2026-02-16 17:00:00,1,50,Phatthalung Agrometeorlogical Station,7.613611,100.1175,4.15,20260216170000,69.35166734059652,129.3,1.9700000176827113,4.5,25.83500035603841,0.0,1007.0150065104167,94.7983336130778,0.0,0.0
2026-02-16 18:00:00,1,50,Phatthalung Agrometeorlogical Station,7.613611,100.1175,4.15,20260216180000,70.45762808848235,50.5,2.913559368101217,5.8,26.372881549899862,0.0,1006.7305256471795,91.42203405347921,0.0,0.0
2026-02-16 19:00:00,1,50,Phatthalung Agrometeorlogical Station,7.613611,100.1175,4.15,20260216190000,73.97500069936116,53.4,2.406666700045268,5.0,26.25166670481364,0.0,1005.8950124104817,90.8300006866455,0.0,0.0
2026-02-16 20:00:00,1,50,Phatthalung Agrometeorlogical Station,7.613611,100.1175,4.15,20260216200000,72.5433339436849,64.6,2.6116666972637175,5.0,26.35333334604899,0.0,1005.1616780598958,89.7500010172526,0.0,0.0
2026-02-16 21:00:00,1,50,Phatthalung Agrometeorlogical Station,7.613611,100.1175,4.15,20260216210000,85.28333384195963,59.0,2.6233333627382915,5.0,26.12166713078817,0.0,1004.5733378092448,90.32833391825358,0.0,0.0
2026-02-16 22:00:00,1,50,Phatthalung Agrometeorlogical Station,7.613611,100.1175,4.15,20260216220000,84.14833380381266,47.7,2.0433333496252697,4.5,25.770000139872234,0.0,1004.7600158691406,92.15333404541016,0.0,0.0
2026-02-16 23:00:00,1,50,Phatthalung Agrometeorlogical Station,7.613611,100.1175,4.15,20260216230000,81.19333349863687,50.5,1.7700000176827113,4.0,25.691667397816975,0.0,1005.0283396402995,92.92500063578288,0.0,0.0
2026-02-17 00:00:00,1,50,Phatthalung Agrometeorlogical Station,7.613611,100.1175,4.15,20260216240000,84.33859687939025,115.3,1.7385965104688679,4.6,25.72982520387884,0.0,1005.6421144719709,92.77719290214672,0.0,0.0
2026-02-17 01:00:00,1,50,Phatthalung Agrometeorlogical Station,7.613611,100.1175,4.15,20260217010000,86.19166736602783,53.4,2.461666691303253,5.8,27.223333676656086,0.0,1006.0783406575521,88.18500073750813,0.0,0.0
2026-02-17 02:00:00,1,50,Phatthalung Agrometeorlogical Station,7.613611,100.1175,4.15,20260217020000,80.08666737874348,50.5,3.175000029802322,5.6,29.146667098999025,0.0,1006.9833465576172,81.39666748046875,0.0,0.0
2026-02-17 03:00:00,1,50,Phatthalung Agrometeorlogical Station,7.613611,100.1175,4.15,20260217030000,82.96000073750814,47.7,4.147457668336771,7.1,30.22711879924192,0.0,1007.5745808229608,77.05423775365797,0.0,0.0
2026-02-17 04:00:00,1,50,Phatthalung Agrometeorlogical Station,7.613611,100.1175,4.15,20260217040000,83.07333386739096,61.9,3.65833336909612,6.8,31.360000133514404,0.0,1007.9950012207031,73.66333389282227,0.0,0.0
2026-02-17 05:00:00,1,50,Phatthalung Agrometeorlogical Station,7.613611,100.1175,4.15,20260217050000,80.33333371480306,50.5,4.130000042915344,7.1,31.45666659673055,0.0,1007.5883402506511,72.05333417256674,0.0,0.0
2026-02-17 06:00:00,1,50,Phatthalung Agrometeorlogical Station,7.613611,100.1175,4.15,20260217060000,84.74666735331218,123.8,4.183333345254263,8.3,32.57666727701823,0.0,1006.8266743977864,67.84833399454753,0.0,0.0
2026-02-17 07:00:00,1,50,Phatthalung Agrometeorlogical Station,7.613611,100.1175,4.15,20260217070000,83.75084815591069,64.6,4.20000003535172,6.9,32.44137974443107,0.0,1007.5275973615975,68.65000047354863,0.0,0.0
2026-02-17 08:00:00,1,50,Phatthalung Agrometeorlogical Station,7.613611,100.1175,4.15,20260217080000,79.5416674931844,47.7,3.8200000405311583,7.0,31.853333759307862,0.0,1007.9916788736979,70.65833396911621,0.0,0.0
2026-02-17 09:00:00,1,50,Phatthalung Agrometeorlogical Station,7.613611,100.1175,4.15,20260217090000,73.21000067392985,59.0,3.6133333762486775,6.6,31.60333360036214,0.0,1007.5633371988932,71.12000071207682,0.0,0.0
2026-02-17 10:00:00,1,50,Phatthalung Agrometeorlogical Station,7.613611,100.1175,4.15,20260217100000,72.72000033060709,129.3,3.323333370685577,6.3,30.45000031789144,0.0,1007.6066731770833,75.34166704813639,0.0,0.0
2026-02-17 11:00:00,1,50,Phatthalung Agrometeorlogical Station,7.613611,100.1175,4.15,20260217110000,73.27666695912679,64.6,3.096666705608368,6.0,29.203333441416422,0.0,1007.7983408610027,79.06333401997884,0.0,0.0
2026-02-17 12:00:00,1,50,Phatthalung Agrometeorlogical Station,7.613611,100.1175,4.15,20260217120000,70.05166740417481,59.0,2.761666695276896,5.3,27.7400000890096,0.0,1008.4366770426433,83.92666714986166,0.0,0.0
2026-02-17 13:00:00,1,50,Phatthalung Agrometeorlogical Station,7.613611,100.1175,4.15,20260217130000,70.46333389282226,47.7,2.1933333615461987,4.5,27.165000629425048,0.0,1009.1950134277344,87.01500078837077,0.0,0.0
2026-02-17 14:00:00,1,50,Phatthalung Agrometeorlogical Station,7.613611,100.1175,4.15,20260217140000,69.11000029246013,132.1,2.3816667030255,4.9,27.08000030517578,0.0,1010.0300130208333,88.00833358764649,0.0,0.0
2026-02-17 15:00:00,1,50,Phatthalung Agrometeorlogical Station,7.613611,100.1175,4.15,20260217150000,67.48000055948893,123.8,2.428333367904027,5.0,27.02833344141642,0.0,1010.636675008138,88.18666712443034,0.0,0.0
2026-02-17 16:00:00,1,50,Phatthalung Agrometeorlogical Station,7.613611,100.1175,4.15,20260217160000,68.91666723887126,53.4,2.7366667071978252,5.8,27.016666730244953,0.0,1010.8433512369792,88.02666702270508,0.0,0.0
2026-02-17 17:00:00,1,50,Phatthalung Agrometeorlogical Station,7.613611,100.1175,4.15,20260217170000,71.131667137146,120.9,3.2366666992505393,6.0,27.056666882832847,0.0,1010.8200083414714,88.04000053405761,0.0,0.0
2026-02-17 18:00:00,1,50,Phatthalung Agrometeorlogical Station,7.613611,100.1175,4.15,20260217180000,74.0983341217041,61.9,3.293333367506663,6.1,26.869999504089357,0.0,1010.4016713460286,88.91000086466471,0.0,0.0
2026-02-17 19:00:00,1,50,Phatthalung Agrometeorlogical Station,7.613611,100.1175,4.15,20260217190000,77.58666756947835,123.8,3.3200000325838723,6.1,26.88166675567627,0.0,1009.7083384195963,88.088334274292,0.0,0.0
2026-02-17 20:00:00,1,50,Phatthalung Agrometeorlogical Station,7.613611,100.1175,4.15,20260217200000,76.48833414713542,30.8,3.1166667103767396,5.5,26.618333784739175,0.0,1008.9833465576172,89.05833384195964,0.0,0.0
2026-02-17 21:00:00,1,50,Phatthalung Agrometeorlogical Station,7.613611,100.1175,4.15,20260217210000,73.38166758219401,120.9,3.0700000365575155,5.6,26.636667188008627,0.0,1008.6566762288411,89.2533342997233,0.0,0.0
2026-02-17 22:00:00,1,50,Phatthalung Agrometeorlogical Station,7.613611,100.1175,4.15,20260217220000,79.0800006866455,61.9,3.751666712760925,7.9,26.67500066757202,0.0,1008.4550109863281,88.3800006866455,0.0,0.0
2026-02-17 23:00:00,1,50,Phatthalung Agrometeorlogical Station,7.613611,100.1175,4.15,20260217230000,77.98333396911622,50.5,3.1333333690961203,6.4,26.560000228881837,0.0,1008.6733439127604,88.83833401997884,0.0,0.0
2026-02-18 00:00:00,1,50,Phatthalung Agrometeorlogical Station,7.613611,100.1175,4.15,20260217240000,73.65833396911621,53.4,3.798333386580149,7.1,26.681667296091714,0.0,1009.2583424886068,88.22500076293946,0.0,0.0
2026-02-18 01:00:00,1,50,Phatthalung Agrometeorlogical Station,7.613611,100.1175,4.15,20260218010000,78.88500054677327,50.5,3.8083333651224773,7.5,26.906666310628257,0.0,1010.1166748046875,87.69833374023438,0.0,0.0
2026-02-18 02:00:00,1,50,Phatthalung Agrometeorlogical Station,7.613611,100.1175,4.15,20260218020000,78.38965593535325,47.7,3.948275894954287,7.3,28.158620900121228,0.0,1010.9189747777478,84.88448333740234,0.0,0.0
2026-02-18 03:00:00,1,50,Phatthalung Agrometeorlogical Station,7.613611,100.1175,4.15,20260218030000,75.77727317810059,56.2,5.161363645033403,9.5,29.515909281643953,0.0,1011.4386444091797,78.45681849392977,0.0,0.0
2026-02-18 04:00:00,1,50,Phatthalung Agrometeorlogical Station,7.613611,100.1175,4.15,20260218040000,75.45833428700765,50.5,4.595000032583872,8.3,30.735000133514404,0.0,1011.3216817220052,74.81000061035157,0.0,0.0
2026-02-18 05:00:00,1,50,Phatthalung Agrometeorlogical Station,7.613611,100.1175,4.15,20260218050000,76.65333379109701,59.0,4.826666696866353,8.8,30.438333384195964,0.0,1011.1150095621745,75.38500061035157,0.0,0.0
2026-02-18 06:00:00,1,50,Phatthalung Agrometeorlogical Station,7.613611,100.1175,4.15,20260218060000,74.86000067392985,56.2,5.235000058015188,9.8,29.926666895548504,0.0,1010.4833435058594,77.74166742960612,0.0,0.0
2026-02-18 07:00:00,1,50,Phatthalung Agrometeorlogical Station,7.613611,100.1175,4.15,20260218070000,80.76666711171468,61.9,5.458333392937978,9.3,30.790000375111898,0.0,1009.5600107828776,74.02666727701823,0.0,0.0
2026-02-18 08:00:00,1,50,Phatthalung Agrometeorlogical Station,7.613611,100.1175,4.15,20260218080000,83.97500025431314,129.3,5.5166667103767395,9.8,29.423333899180093,0.0,1008.9166748046875,77.07000071207682,0.0,0.0
2026-02-18 09:00:00,1,50,Phatthalung Agrometeorlogical Station,7.613611,100.1175,4.15,20260218090000,76.0183339436849,28.1,5.255000038941701,9.6,29.225000190734864,0.0,1008.3483469645182,78.57166709899903,0.0,0.0
2026-02-18 10:00:00,1,50,Phatthalung Agrometeorlogical Station,7.613611,100.1175,4.15,20260218100000,72.33166720072428,53.4,5.533333365122477,10.0,28.44166644414266,0.0,1008.4033426920573,79.67833353678385,0.0,0.0
2026-02-18 11:00:00,1,50,Phatthalung Agrometeorlogical Station,7.613611,100.1175,4.15,20260218110000,73.17500038146973,50.5,4.626666700839996,8.3,27.955000273386638,0.0,1008.7133443196615,82.09666697184245,0.0,0.0
2026-02-18 12:00:00,1,50,Phatthalung Agrometeorlogical Station,7.613611,100.1175,4.15,20260218120000,72.99500052134196,67.5,4.4616667111714685,8.3,27.478333314259846,0.0,1009.2550099690756,82.87666727701823,0.0,0.0
2026-02-18 13:00:00,1,50,Phatthalung Agrometeorlogical Station,7.613611,100.1175,4.15,20260218130000,72.03166726430257,59.0,4.52000005642573,8.1,27.22666702270508,0.0,1009.9450113932292,83.08500048319499,0.0,0.0
2026-02-18 14:00:00,1,50,Phatthalung Agrometeorlogical Station,7.613611,100.1175,4.15,20260218140000,71.64000066121419,47.7,3.7305085133698026,7.5,27.02542382579739,0.0,1010.5983079813294,84.79322090795485,0.0,0.0
2026-02-18 15:00:00,1,50,Phatthalung Agrometeorlogical Station,7.613611,100.1175,4.15,20260218150000,76.43166707356771,126.5,3.6383333643277487,6.6,26.874999523162842,0.0,1011.0966725667317,85.4983336130778,0.0,0.0
2026-02-18 16:00:00,1,50,Phatthalung Agrometeorlogical Station,7.613611,100.1175,4.15,20260218160000,76.20333410898844,64.6,3.7050000270207724,7.0,26.814999389648438,0.0,1011.5550038655599,85.08666725158692,0.0,0.0
2026-02-18 17:00:00,1,50,Phatthalung Agrometeorlogical Station,7.613611,100.1175,4.15,20260218170000,78.74000047047933,64.6,3.8283333778381348,7.0,26.80166664123535,0.0,1011.6833445231119,85.24000078837076,0.0,0.0
2026-02-18 18:00:00,1,50,Phatthalung Agrometeorlogical Station,7.613611,100.1175,4.15,20260218180000,79.15500068664551,59.0,4.0683333794275915,7.9,26.73166694641113,0.0,1011.4383412679036,85.00666770935058,0.0,0.0
2026-02-18 19:00:00,1,50,Phatthalung Agrometeorlogical Station,7.613611,100.1175,4.15,20260218190000,85.21666704813639,64.6,4.0350000301996864,7.8,26.751667149861653,0.0,1011.0416717529297,85.58666712443033,0.0,0.0
2026-02-18 20:00:00,1,50,Phatthalung Agrometeorlogical Station,7.613611,100.1175,4.15,20260218200000,82.51166725158691,56.2,4.305000023047129,9.8,26.866666825612388,0.0,1010.8083445231119,86.13833389282226,0.0,0.0
2026-02-18 21:00:00,1,50,Phatthalung Agrometeorlogical Station,7.613611,100.1175,4.15,20260218210000,85.99666709899903,64.6,4.310000038146972,8.5,26.670000648498537,0.0,1010.2683481852214,87.71666717529297,0.0,0.0
2026-02-18 22:00:00,1,50,Phatthalung Agrometeorlogical Station,7.613611,100.1175,4.15,20260218220000,85.95666707356771,118.0,4.775000031789144,9.1,26.806666882832847,0.0,1010.5083414713541,86.5750005086263,0.0,0.0
2026-02-18 23:00:00,1,50,Phatthalung Agrometeorlogical Station,7.613611,100.1175,4.15,20260218230000,88.18666756947836,56.2,4.616666714350383,8.8,26.909999656677247,0.0,1010.8533426920573,86.55166740417481,0.0,0.0
2026-02-19 00:00:00,1,50,Phatthalung Agrometeorlogical Station,7.613611,100.1175,4.15,20260218240000,85.35833358764648,50.5,4.463333360354105,8.3,26.859999465942384,0.0,1011.2366719563802,87.36833381652832,0.0,0.0
2026-02-19 01:00:00,1,50,Phatthalung Agrometeorlogical Station,7.613611,100.1175,4.15,20260219010000,90.1716672261556,59.0,4.680000054836273,8.5,27.41166706085205,0.0,1012.1800079345703,86.39666684468587,0.0,0.0
2026-02-19 02:00:00,1,50,Phatthalung Agrometeorlogical Station,7.613611,100.1175,4.15,20260219020000,89.69500045776367,50.5,5.045000024636587,9.3,28.415000120798748,0.0,1013.001675415039,83.2000005086263,0.0,0.0
2026-02-19 03:00:00,1,50,Phatthalung Agrometeorlogical Station,7.613611,100.1175,4.15,20260219030000,86.0000010172526,135.0,5.501666724681854,9.3,29.83333381017049,0.0,1013.3233479817708,77.56333389282227,0.0,0.0
2026-02-19 04:00:00,1,50,Phatthalung Agrometeorlogical Station,7.613611,100.1175,4.15,20260219040000,85.96166737874348,64.6,5.415000017484029,10.1,30.92333354949951,0.0,1013.7500152587891,74.11666692097982,0.0,0.0
2026-02-19 05:00:00,1,50,Phatthalung Agrometeorlogical Station,7.613611,100.1175,4.15,20260219050000,87.69500058492025,56.2,5.755000046888987,10.5,30.745000171661378,0.0,1013.5950063069662,73.34833399454753,0.0,0.0
2026-02-19 06:00:00,1,50,Phatthalung Agrometeorlogical Station,7.613611,100.1175,4.15,20260219060000,79.98000055948893,50.5,5.701666720708212,10.1,31.351666990915934,0.0,1013.068349202474,71.3483341217041,0.0,0.0
2026-02-19 07:00:00,1,50,Phatthalung Agrometeorlogical Station,7.613611,100.1175,4.15,20260219070000,87.44000078837077,53.4,5.793333387374878,10.1,31.988333797454835,0.0,1012.3166768391927,68.89333419799804,0.0,0.0
2026-02-19 08:00:00,1,50,Phatthalung Agrometeorlogical Station,7.613611,100.1175,4.15,20260219080000,80.7683339436849,129.3,5.675000043710073,9.8,31.608333428700764,0.0,1011.4866790771484,69.61166687011719,0.0,0.0
2026-02-19 09:00:00,1,50,Phatthalung Agrometeorlogical Station,7.613611,100.1175,4.15,20260219090000,80.43666763305664,47.7,4.8583333730697635,8.3,31.271666876475017,0.0,1011.0333435058594,69.65333366394043,0.0,0.0
2026-02-19 10:00:00,1,50,Phatthalung Agrometeorlogical Station,7.613611,100.1175,4.15,20260219100000,78.65833396911621,64.6,4.581666696071625,8.6,30.771666940053304,0.0,1010.6800109863282,69.8200008392334,0.0,0.0
2026-02-19 11:00:00,1,50,Phatthalung Agrometeorlogical Station,7.613611,100.1175,4.15,20260219110000,81.75500055948893,59.0,4.420000032583872,8.1,29.610000324249267,0.0,1010.7800160725911,73.25666758219401,0.0,0.0
2026-02-19 12:00:00,1,50,Phatthalung Agrometeorlogical Station,7.613611,100.1175,4.15,20260219120000,89.52500006357829,129.3,3.9766666809717814,7.5,27.643333530426027,0.0,1010.9816772460938,80.58666725158692,0.0,0.0
2026-02-19 13:00:00,1,50,Phatthalung Agrometeorlogical Station,7.613611,100.1175,4.15,20260219130000,95.13333384195964,67.5,3.621666701634725,7.6,27.083333651224773,0.0,1011.7033467610677,83.6066670735677,0.0,0.0
2026-02-19 14:00:00,1,50,Phatthalung Agrometeorlogical Station,7.613611,100.1175,4.15,20260219140000,107.43500048319498,61.9,2.4416666974624,6.5,26.8483331044515,0.0,1012.406679280599,84.60166753133139,0.0,0.0
2026-02-19 15:00:00,1,50,Phatthalung Agrometeorlogical Station,7.613611,100.1175,4.15,20260219150000,104.4933339436849,115.3,2.860000026226044,6.5,27.041666825612385,0.0,1013.2683390299479,82.99500071207682,0.0,0.0
2026-02-19 16:00:00,1,50,Phatthalung Agrometeorlogical Station,7.613611,100.1175,4.15,20260219160000,100.43166732788086,135.0,3.593333371480306,6.6,27.111667092641195,0.0,1013.5833384195963,82.0883337656657,0.0,0.0
2026-02-19 17:00:00,1,50,Phatthalung Agrometeorlogical Station,7.613611,100.1175,4.15,20260219170000,99.25833384195964,64.6,3.4950000405311585,6.6,27.04500017166138,0.0,1013.9133463541667,82.46166725158692,0.0,0.0
2026-02-19 18:00:00,1,50,Phatthalung Agrometeorlogical Station,7.613611,100.1175,4.15,20260219180000,97.71166712443033,50.5,3.0133333643277487,6.3,26.66000026067098,0.0,1013.7483469645182,85.02833404541016,0.0,0.0
2026-02-19 19:00:00,1,50,Phatthalung Agrometeorlogical Station,7.613611,100.1175,4.15,20260219190000,91.38166758219401,126.5,3.3283333738644916,6.5,26.388333479563396,0.0,1013.0783437093099,86.57500089009604,0.0,0.0
2026-02-19 20:00:00,1,50,Phatthalung Agrometeorlogical Station,7.613611,100.1175,4.15,20260219200000,95.13166694641113,53.4,2.845000030597051,6.0,26.19500068028768,0.0,1012.3783437093099,87.75500081380208,0.0,0.0
2026-02-19 21:00:00,1,50,Phatthalung Agrometeorlogical Station,7.613611,100.1175,4.15,20260219210000,102.61166712443034,129.3,2.1716666917006173,4.5,25.83333339691162,0.0,1012.0866760253906,89.64666684468587,0.0,0.0
2026-02-19 22:00:00,1,50,Phatthalung Agrometeorlogical Station,7.613611,100.1175,4.15,20260219220000,109.64500058492025,129.3,1.3466666852434477,4.5,25.44166704813639,0.0,1011.7766835530599,91.26666742960612,0.0,0.0
2026-02-19 23:00:00,1,50,Phatthalung Agrometeorlogical Station,7.613611,100.1175,4.15,20260219230000,112.45000139872234,126.5,0.6220339128779153,2.0,24.811864432642015,0.0,1011.8610270871955,93.98474664203191,0.0,0.0
2026-02-20 00:00:00,1,50,Phatthalung Agrometeorlogical Station,7.613611,100.1175,4.15,20260219240000,134.71666844685873,53.4,0.06500000208616256,0.8,24.80166613260905,0.0,1012.3033437093098,95.3433339436849,0.0,0.0
2026-02-20 01:00:00,1,50,Phatthalung Agrometeorlogical Station,7.613611,100.1175,4.15,20260220010000,140.73000348409016,132.1,0.366666674738129,1.6,25.8233336130778,0.0,1013.0666809082031,91.61166725158691,0.0,0.0
2026-02-20 02:00:00,1,50,Phatthalung Agrometeorlogical Station,7.613611,100.1175,4.15,20260220020000,97.29500109354655,47.7,2.4683333666374287,8.8,27.570000235239664,0.0,1013.7766743977865,84.75666720072428,0.0,0.0
2026-02-20 03:00:00,1,50,Phatthalung Agrometeorlogical Station,7.613611,100.1175,4.15,20260220030000,83.4550006866455,61.9,5.073333358764648,9.6,29.81000026067098,0.0,1014.0000040690104,75.02000096638997,0.0,0.0
2026-02-20 04:00:00,1,50,Phatthalung Agrometeorlogical Station,7.613611,100.1175,4.15,20260220040000,84.03000049591064,120.9,4.881666692097982,8.3,31.115000216166177,0.0,1014.1100067138672,71.15500068664551,0.0,0.0
2026-02-20 05:00:00,1,50,Phatthalung Agrometeorlogical Station,7.613611,100.1175,4.15,20260220050000,88.26166750590006,132.1,5.4083333849906925,8.6,31.95500030517578,0.0,1013.6766794840495,68.69333394368489,0.0,0.0
2026-02-20 06:00:00,1,50,Phatthalung Agrometeorlogical Station,7.613611,100.1175,4.15,20260220060000,87.77833391825358,135.0,5.376666696866353,8.6,31.9350004196167,0.0,1012.8900126139323,68.30500055948893,0.0,0.0
2026-02-20 07:00:00,1,50,Phatthalung Agrometeorlogical Station,7.613611,100.1175,4.15,20260220070000,86.47666702270507,47.7,5.225000055631002,8.8,31.97333354949951,0.0,1012.0766764322917,67.70333391825358,0.0,0.0
2026-02-20 08:00:00,1,50,Phatthalung Agrometeorlogical Station,7.613611,100.1175,4.15,20260220080000,86.52166678110758,135.0,4.751666712760925,8.1,32.201667086283365,0.0,1010.9200103759765,67.79500045776368,0.0,0.0
2026-02-20 09:00:00,1,50,Phatthalung Agrometeorlogical Station,7.613611,100.1175,4.15,20260220090000,90.4033338546753,118.0,4.890000037352244,9.1,31.390000184377033,0.0,1010.290005493164,69.53833389282227,0.0,0.0
2026-02-20 10:00:00,1,50,Phatthalung Agrometeorlogical Station,7.613611,100.1175,4.15,20260220100000,96.51166725158691,123.8,4.196666693687439,7.4,30.821666749318442,0.0,1009.9666727701823,70.58500061035156,0.0,0.0
2026-02-20 11:00:00,1,50,Phatthalung Agrometeorlogical Station,7.613611,100.1175,4.15,20260220110000,100.33000043233235,135.0,3.413333360354106,7.0,29.530000178019204,0.0,1009.9250111897786,73.75833422342936,0.0,0.0
2026-02-20 12:00:00,1,50,Phatthalung Agrometeorlogical Station,7.613611,100.1175,4.15,20260220120000,85.16166725158692,56.2,3.265000041325887,6.5,27.503333568572998,0.0,1010.0366729736328,82.35833358764648,0.0,0.0
2026-02-20 13:00:00,1,50,Phatthalung Agrometeorlogical Station,7.613611,100.1175,4.15,20260220130000,85.77000020345052,59.0,2.803333369890849,5.4,26.80833371480306,0.0,1010.3283437093099,86.16000048319499,0.0,0.0
2026-02-20 14:00:00,1,50,Phatthalung Agrometeorlogical Station,7.613611,100.1175,4.15,20260220140000,95.50833396911621,129.3,2.550000019868215,5.5,26.6466672261556,0.0,1010.9000101725261,87.54000053405761,0.0,0.0
2026-02-20 15:00:00,1,50,Phatthalung Agrometeorlogical Station,7.613611,100.1175,4.15,20260220150000,92.68833363850912,47.7,2.706666702032089,5.9,26.52500009536743,0.0,1011.4533487955729,88.0466672261556,0.0,0.0
2026-02-20 16:00:00,1,50,Phatthalung Agrometeorlogical Station,7.613611,100.1175,4.15,20260220160000,71.05000038146973,53.4,2.4633333583672843,5.1,26.701667245229086,0.0,1012.0683430989583,87.33166783650717,0.0,0.0
2026-02-20 17:00:00,1,50,Phatthalung Agrometeorlogical Station,7.613611,100.1175,4.15,20260220170000,89.3966672261556,47.7,2.045000022649765,4.3,26.48833360671997,0.0,1012.0866719563802,88.83000094095866,0.0,0.0
2026-02-20 18:00:00,1,50,Phatthalung Agrometeorlogical Station,7.613611,100.1175,4.15,20260220180000,93.53833376566568,132.1,1.9661017151202185,4.1,26.0067796868793,0.0,1011.6779754121425,89.8745775384418,0.0,0.0
2026-02-20 19:00:00,1,50,Phatthalung Agrometeorlogical Station,7.613611,100.1175,4.15,20260220190000,102.39666697184245,132.1,1.7483333518107733,3.7,25.758333333333333,0.0,1011.1316762288411,89.78000043233236,0.0,0.0
2026-02-20 20:00:00,1,50,Phatthalung Agrometeorlogical Station,7.613611,100.1175,4.15,20260220200000,141.93833592732747,146.3,0.620000010356307,2.0,25.498333326975505,0.0,1010.6366790771484,91.73333396911622,0.0,0.0
2026-02-20 21:00:00,1,50,Phatthalung Agrometeorlogical Station,7.613611,100.1175,4.15,20260220210000,147.00000381469727,143.3,0.9500000145286321,2.4,25.12333345413208,0.0,1010.005014038086,93.05500005086263,0.0,0.0
2026-02-20 22:00:00,1,50,Phatthalung Agrometeorlogical Station,7.613611,100.1175,4.15,20260220220000,145.4416702270508,140.6,1.0250000109275181,2.5,24.65333344141642,0.0,1009.8450113932291,94.0883337656657,0.0,0.0
2026-02-20 23:00:00,1,50,Phatthalung Agrometeorlogical Station,7.613611,100.1175,4.15,20260220230000,146.17000363667805,149.1,0.5966666789104541,2.0,24.276666831970214,0.0,1010.1333455403645,94.57166646321615,0.0,0.0
2026-02-21 00:00:00,1,50,Phatthalung Agrometeorlogical Station,7.613611,100.1175,4.15,20260220240000,144.7750036875407,140.6,0.7016666769981384,2.4,23.89333356221517,0.0,1010.2833506266276,95.48333384195963,0.0,0.0
2026-02-21 01:00:00,1,50,Phatthalung Agrometeorlogical Station,7.613611,100.1175,4.15,20260221010000,145.0100035349528,146.3,0.8416666835546494,2.5,24.52833344141642,0.0,1010.7566772460938,92.75000038146973,0.0,0.0
2026-02-21 02:00:00,1,50,Phatthalung Agrometeorlogical Station,7.613611,100.1175,4.15,20260221020000,143.99166984558104,157.5,1.411666685094436,3.4,26.743333466847737,0.0,1011.3450073242187,85.06666730244955,0.0,0.0
2026-02-21 03:00:00,1,50,Phatthalung Agrometeorlogical Station,7.613611,100.1175,4.15,20260221030000,124.31666895548503,118.0,1.8416666905085246,4.9,29.02833350499471,0.0,1011.8433400472005,78.44500045776367,0.0,0.0
2026-02-21 04:00:00,1,50,Phatthalung Agrometeorlogical Station,7.613611,100.1175,4.15,20260221040000,85.49500071207682,53.4,3.1116667171319325,6.3,31.43500035603841,0.0,1011.8233418782552,70.82333374023438,0.0,0.0
2026-02-21 05:00:00,1,50,Phatthalung Agrometeorlogical Station,7.613611,100.1175,4.15,20260221050000,84.76000080108642,132.1,3.1800000369548798,7.3,31.9383337020874,0.0,1011.1033467610677,68.66500078837076,0.0,0.0
2026-02-21 06:00:00,1,50,Phatthalung Agrometeorlogical Station,7.613611,100.1175,4.15,20260221060000,86.55166740417481,115.3,4.140000029404958,7.0,32.348333740234374,0.0,1010.1450083414713,66.08500022888184,0.0,0.0
2026-02-21 07:00:00,1,50,Phatthalung Agrometeorlogical Station,7.613611,100.1175,4.15,20260221070000,89.50500094095865,61.9,3.9266666809717816,7.0,32.810000546773274,0.0,1009.3466766357421,63.911667315165204,0.0,0.0
2026-02-21 08:00:00,1,50,Phatthalung Agrometeorlogical Station,7.613611,100.1175,4.15,20260221080000,90.98166745503744,135.0,4.160000042120616,7.4,32.22833366394043,0.0,1008.5466776529948,65.15166753133138,0.0,0.0
2026-02-21 09:00:00,1,50,Phatthalung Agrometeorlogical Station,7.613611,100.1175,4.15,20260221090000,85.9933344523112,129.3,3.946666697661082,6.9,31.40500036875407,0.0,1007.6416758219401,68.09500096638997,0.0,0.0
2026-02-21 10:00:00,1,50,Phatthalung Agrometeorlogical Station,7.613611,100.1175,4.15,20260221100000,80.79833380381267,129.3,3.326666708787282,6.0,31.20666697820028,0.0,1007.1266743977865,67.56666692097981,0.0,0.0
2026-02-21 11:00:00,1,50,Phatthalung Agrometeorlogical Station,7.613611,100.1175,4.15,20260221110000,72.06833419799804,59.0,2.163333368301392,4.4,30.533333269755044,0.0,1007.1666768391927,70.02000058492025,0.0,0.0
2026-02-21 12:00:00,1,50,Phatthalung Agrometeorlogical Station,7.613611,100.1175,4.15,20260221120000,64.0716672261556,132.1,1.210000010083119,3.9,27.798333581288656,0.0,1007.2033457438151,80.03166720072429,0.0,0.0
2026-02-21 13:00:00,1,50,Phatthalung Agrometeorlogical Station,7.613611,100.1175,4.15,20260221130000,63.26833381652832,67.5,0.09000000171363354,1.0,26.066666984558104,0.0,1007.7550099690756,88.58666687011718,0.0,0.0
2026-02-21 14:00:00,1,50,Phatthalung Agrometeorlogical Station,7.613611,100.1175,4.15,20260221140000,82.9716687520345,146.3,0.26666667324801285,1.3,25.178333377838136,0.0,1008.6533457438151,92.98166732788086,0.0,0.0
2026-02-21 15:00:00,1,50,Phatthalung Agrometeorlogical Station,7.613611,100.1175,4.15,20260221150000,139.52666982014975,129.3,0.3283333409577608,1.5,24.598333644866944,0.0,1008.9733469645182,95.36166687011719,0.0,0.0
2026-02-21 16:00:00,1,50,Phatthalung Agrometeorlogical Station,7.613611,100.1175,4.15,20260221160000,121.54000180562338,47.7,0.5800000061591466,1.8,24.698333581288654,0.0,1009.3866811116536,95.1483336130778,0.0,0.0
2026-02-21 17:00:00,1,50,Phatthalung Agrometeorlogical Station,7.613611,100.1175,4.15,20260221170000,119.87500178019205,135.0,0.21666667113701502,1.3,24.696667416890463,0.0,1009.5166676839193,94.83500073750814,0.0,0.0
2026-02-21 18:00:00,1,50,Phatthalung Agrometeorlogical Station,7.613611,100.1175,4.15,20260221180000,115.93000144958496,132.1,0.41000000971059003,1.5,24.364999771118164,0.0,1009.1316741943359,95.78666661580404,0.0,0.0
2026-02-21 19:00:00,1,50,Phatthalung Agrometeorlogical Station,7.613611,100.1175,4.15,20260221190000,117.99666862487793,47.7,0.39500000985960165,1.7,24.118333784739175,0.0,1008.6900166829427,95.89833374023438,0.0,0.0
2026-02-21 20:00:00,1,50,Phatthalung Agrometeorlogical Station,7.613611,100.1175,4.15,20260221200000,120.42166964213054,61.9,0.3116666735460361,1.3,23.508333174387612,0.0,1007.9450113932292,97.34666684468587,0.0,0.0
2026-02-21 21:00:00,1,50,Phatthalung Agrometeorlogical Station,7.613611,100.1175,4.15,20260221210000,117.97666803995769,47.7,0.6850000143051147,2.2,23.235593440168994,0.0,1007.6830620199947,98.0525432522014,0.0,0.0
2026-02-21 22:00:00,1,50,Phatthalung Agrometeorlogical Station,7.613611,100.1175,4.15,20260221220000,113.91000277201334,129.3,0.05000000173846881,1.2,22.880000400543214,0.0,1007.4916687011719,98.04500071207683,0.0,0.0
2026-02-21 23:00:00,1,50,Phatthalung Agrometeorlogical Station,7.613611,100.1175,4.15,20260221230000,114.70833587646484,135.0,0.26000000536441803,1.7,22.40499979654948,0.0,1007.5083465576172,99.61500091552735,0.0,0.0
2026-02-22 00:00:00,1,50,Phatthalung Agrometeorlogical Station,7.613611,100.1175,4.15,20260221240000,114.0533358891805,115.3,0.2833333394179742,1.5,22.45166648228963,0.0,1008.1850087483724,99.89166831970215,0.0,0.0
2026-02-22 01:00:00,1,50,Phatthalung Agrometeorlogical Station,7.613611,100.1175,4.15,20260222010000,114.22666734059652,118.0,0.7283333425720533,2.9,23.871666940053306,0.0,1008.8450093587239,95.43000081380208,0.0,0.0
2026-02-22 02:00:00,1,50,Phatthalung Agrometeorlogical Station,7.613611,100.1175,4.15,20260222020000,100.61500174204508,118.0,0.7600000128149986,2.4,27.586666965484618,0.0,1009.5533447265625,81.35333404541015,0.0,0.0
2026-02-22 03:00:00,1,50,Phatthalung Agrometeorlogical Station,7.613611,100.1175,4.15,20260222030000,92.70166753133138,56.2,1.3350000207622845,3.9,30.950000190734862,0.0,1010.0200073242188,71.41333401997885,0.0,0.0
2026-02-22 04:00:00,1,50,Phatthalung Agrometeorlogical Station,7.613611,100.1175,4.15,20260222040000,84.13333377838134,53.4,1.7933333610494933,4.3,32.42333383560181,0.0,1010.1066741943359,66.0166675567627,0.0,0.0
2026-02-22 05:00:00,1,50,Phatthalung Agrometeorlogical Station,7.613611,100.1175,4.15,20260222050000,74.45166714986165,50.5,2.233333354194959,5.1,32.99666748046875,0.0,1009.3450103759766,65.49500071207682,0.0,0.0
2026-02-22 06:00:00,1,50,Phatthalung Agrometeorlogical Station,7.613611,100.1175,4.15,20260222060000,74.54333375295003,64.6,2.468333366513252,5.6,33.3833340326945,0.0,1008.2733428955078,65.11666698455811,0.0,0.0
2026-02-22 07:00:00,1,50,Phatthalung Agrometeorlogical Station,7.613611,100.1175,4.15,20260222070000,75.33333390553793,53.4,2.3000000288089115,5.0,33.56166725158691,0.0,1007.2550089518229,64.6500005086263,0.0,0.0
2026-02-22 08:00:00,1,50,Phatthalung Agrometeorlogical Station,7.613611,100.1175,4.15,20260222080000,72.76666730244955,56.2,2.9383333563804626,6.0,33.22833391825358,0.0,1006.32333984375,66.88833376566569,0.0,0.0
2026-02-22 09:00:00,1,50,Phatthalung Agrometeorlogical Station,7.613611,100.1175,4.15,20260222090000,79.62000052134196,132.1,3.015000033378601,5.9,33.063333892822264,0.0,1005.5033437093099,66.7483341217041,0.0,0.0
2026-02-22 10:00:00,1,50,Phatthalung Agrometeorlogical Station,7.613611,100.1175,4.15,20260222100000,79.84166762034098,50.5,3.2483333786328634,6.4,32.53166723251343,0.0,1005.113340250651,67.51333376566569,0.0,0.0
2026-02-22 11:00:00,1,50,Phatthalung Agrometeorlogical Station,7.613611,100.1175,4.15,20260222110000,77.81333376566569,47.7,2.956666692097982,6.4,30.820000203450522,0.0,1005.2033457438151,72.48166720072429,0.0,0.0
2026-02-22 12:00:00,1,50,Phatthalung Agrometeorlogical Station,7.613611,100.1175,4.15,20260222120000,102.77500063578287,61.9,1.256666682412227,4.3,28.481666882832844,0.0,1005.5383453369141,80.64000066121419,0.0,0.0
2026-02-22 13:00:00,1,50,Phatthalung Agrometeorlogical Station,7.613611,100.1175,4.15,20260222130000,126.5,126.5,0.19166667051613331,1.0,26.780000305175783,0.0,1006.406679280599,88.81000086466472,0.0,0.0
2026-02-22 14:00:00,1,50,Phatthalung Agrometeorlogical Station,7.613611,100.1175,4.15,20260222140000,126.5,126.5,0.0,0.2,26.596667035420737,0.0,1007.6300150553385,91.87666727701823,0.0,0.0
2026-02-22 15:00:00,1,50,Phatthalung Agrometeorlogical Station,7.613611,100.1175,4.15,20260222150000,126.5,126.5,0.058333334202567734,0.8,26.51500005722046,0.0,1008.3466837565104,93.14833424886068,0.0,0.0
2026-02-22 16:00:00,1,50,Phatthalung Agrometeorlogical Station,7.613611,100.1175,4.15,20260222160000,126.5,126.5,0.033333333830038704,0.6,26.200000476837157,0.0,1008.7250132242839,93.62333399454752,0.0,0.0
2026-02-22 17:00:00,1,50,Phatthalung Agrometeorlogical Station,7.613611,100.1175,4.15,20260222170000,139.81666895548503,126.5,0.0800000020613273,0.8,25.5933336575826,0.0,1009.060009765625,95.6683339436849,0.0,0.0
2026-02-22 18:00:00,1,50,Phatthalung Agrometeorlogical Station,7.613611,100.1175,4.15,20260222180000,138.16500244140624,132.1,0.15833333730697632,1.2,25.200000762939453,0.0,1008.5400105794271,96.38833376566569,0.0,0.0
2026-02-22 19:00:00,1,50,Phatthalung Agrometeorlogical Station,7.613611,100.1175,4.15,20260222190000,148.7800033569336,154.6,0.05666666775941849,1.1,25.00666710535685,0.0,1008.0466766357422,96.36166699727376,0.0,0.0
2026-02-22 20:00:00,1,50,Phatthalung Agrometeorlogical Station,7.613611,100.1175,4.15,20260222200000,127.75000267028808,118.0,0.19500000377496082,1.2,24.700000762939453,0.0,1007.4850128173828,97.51333363850911,0.0,0.0
2026-02-22 21:00:00,1,50,Phatthalung Agrometeorlogical Station,7.613611,100.1175,4.15,20260222210000,137.6650025685628,149.1,0.2583333401630322,1.5,24.45166695912679,0.0,1007.0833384195963,97.84166742960612,0.0,0.0
2026-02-22 22:00:00,1,50,Phatthalung Agrometeorlogical Station,7.613611,100.1175,4.15,20260222220000,128.95000356038412,67.5,0.4733333420008421,1.8,24.38666623433431,0.0,1007.1766774495443,98.24166755676269,0.0,0.0
2026-02-22 23:00:00,1,50,Phatthalung Agrometeorlogical Station,7.613611,100.1175,4.15,20260222230000,137.94667205810546,118.0,0.12500000235935052,1.2,24.108333746592205,0.0,1007.5166758219401,98.78833363850912,0.0,0.0
2026-02-23 00:00:00,1,50,Phatthalung Agrometeorlogical Station,7.613611,100.1175,4.15,20260222240000,129.3000030517578,129.3,0.03166666775941849,0.5,23.71833381652832,0.0,1008.4050089518229,99.54333483378092,0.0,0.0
2026-02-23 01:00:00,1,50,Phatthalung Agrometeorlogical Station,7.613611,100.1175,4.15,20260223010000,135.58000361124675,132.1,0.32666667525966964,1.5,25.08666690190633,0.0,1009.0050130208333,97.11333427429199,0.0,0.0
2026-02-23 02:00:00,1,50,Phatthalung Agrometeorlogical Station,7.613611,100.1175,4.15,20260223020000,127.77500178019206,146.3,1.3350000174095233,3.2,28.23500000635783,0.0,1009.5783467610677,85.60000025431314,0.0,0.0
2026-02-23 03:00:00,1,50,Phatthalung Agrometeorlogical Station,7.613611,100.1175,4.15,20260223030000,103.01000105539957,132.1,1.3166666831821203,3.2,30.685000133514404,0.0,1009.9850077311198,75.1150006612142,0.0,0.0
2026-02-23 04:00:00,1,50,Phatthalung Agrometeorlogical Station,7.613611,100.1175,4.15,20260223040000,97.78000157674154,126.5,0.9600000134358804,3.5,31.270000330607097,0.0,1009.7300099690755,72.87333399454752,0.0,0.0
2026-02-23 05:00:00,1,50,Phatthalung Agrometeorlogical Station,7.613611,100.1175,4.15,20260223050000,68.4583340326945,42.2,1.7100000187754631,3.7,33.29000047047933,0.0,1009.0833424886067,67.4500010172526,0.0,0.0
2026-02-23 06:00:00,1,50,Phatthalung Agrometeorlogical Station,7.613611,100.1175,4.15,20260223060000,79.59500058492024,59.0,2.748333372672399,5.0,33.03333409627279,0.0,1007.8866770426432,68.11166725158691,0.0,0.0
2026-02-23 07:00:00,1,50,Phatthalung Agrometeorlogical Station,7.613611,100.1175,4.15,20260223070000,83.9666674931844,135.0,2.4900000323851903,5.1,33.44666716257731,0.0,1006.9116719563802,66.76000067392985,0.0,0.0
2026-02-23 08:00:00,1,50,Phatthalung Agrometeorlogical Station,7.613611,100.1175,4.15,20260223080000,77.84500071207682,132.1,2.7633333623409273,5.5,34.163333829243975,0.0,1005.7866739908854,64.46333382924398,0.0,0.0
2026-02-23 09:00:00,1,50,Phatthalung Agrometeorlogical Station,7.613611,100.1175,4.15,20260223090000,77.62500069936117,53.4,2.7050000369548797,5.6,33.63000062306722,0.0,1004.9916758219401,64.87333374023437,0.0,0.0
2026-02-23 10:00:00,1,50,Phatthalung Agrometeorlogical Station,7.613611,100.1175,4.15,20260223100000,72.88166726430258,50.5,2.6416666924953462,5.4,32.81500072479248,0.0,1005.0316782633464,67.54000078837076,0.0,0.0
2026-02-23 11:00:00,1,50,Phatthalung Agrometeorlogical Station,7.613611,100.1175,4.15,20260223110000,67.75166734059651,47.7,2.2116666972637176,5.5,31.146667098999025,0.0,1005.4150085449219,72.48833401997884,0.0,0.0
2026-02-23 12:00:00,1,50,Phatthalung Agrometeorlogical Station,7.613611,100.1175,4.15,20260223120000,68.56000086466472,135.0,1.5700000148266553,4.0,28.548333485921223,0.0,1005.9166758219401,82.3700003306071,0.0,0.0
2026-02-23 13:00:00,1,50,Phatthalung Agrometeorlogical Station,7.613611,100.1175,4.15,20260223130000,59.99166704813639,61.9,0.72166668176651,2.0,27.233333651224772,0.0,1006.7750071207682,88.85666770935059,0.0,0.0
2026-02-23 14:00:00,1,50,Phatthalung Agrometeorlogical Station,7.613611,100.1175,4.15,20260223140000,123.35167007446289,56.2,0.37333334038654964,1.2,26.601666927337646,0.0,1007.7316772460938,92.09833348592123,0.0,0.0
2026-02-23 15:00:00,1,50,Phatthalung Agrometeorlogical Station,7.613611,100.1175,4.15,20260223150000,140.60000610351562,140.6,0.020000000173846882,1.0,25.940000375111897,0.0,1008.5016825358073,94.72000096638997,0.0,0.0
2026-02-23 16:00:00,1,50,Phatthalung Agrometeorlogical Station,7.613611,100.1175,4.15,20260223160000,131.61833610534669,146.3,0.3200000062584877,1.5,25.54500017166138,0.0,1008.9450113932292,96.21666704813639,0.0,0.0
2026-02-23 17:00:00,1,50,Phatthalung Agrometeorlogical Station,7.613611,100.1175,4.15,20260223170000,130.3850020090739,151.8,0.3116666742910941,1.7,25.655000591278075,0.0,1009.1000061035156,94.88833351135254,0.0,0.0
2026-02-23 18:00:00,1,50,Phatthalung Agrometeorlogical Station,7.613611,100.1175,4.15,20260223180000,131.34333610534668,154.6,0.17833333698411782,1.2,25.19833370844523,0.0,1008.6850056966146,96.50333366394042,0.0,0.0
2026-02-23 19:00:00,1,50,Phatthalung Agrometeorlogical Station,7.613611,100.1175,4.15,20260223190000,122.24166755676269,149.1,0.11166666919986407,1.1,24.800000286102296,0.0,1008.0833435058594,97.5450008392334,0.0,0.0
2026-02-23 20:00:00,1,50,Phatthalung Agrometeorlogical Station,7.613611,100.1175,4.15,20260223200000,123.70500132242839,115.3,0.7066666814188163,2.5,24.535000133514405,0.0,1007.5100006103515,98.53166681925455,0.0,0.0
2026-02-23 21:00:00,1,50,Phatthalung Agrometeorlogical Station,7.613611,100.1175,4.15,20260223210000,107.1433339436849,126.5,0.2566666718572378,1.3,24.25333366394043,0.0,1007.4333424886067,98.48500048319498,0.0,0.0
2026-02-23 22:00:00,1,50,Phatthalung Agrometeorlogical Station,7.613611,100.1175,4.15,20260223220000,102.16333516438802,120.9,0.43500000846882664,1.6,23.93999989827474,0.0,1007.3000172932942,99.03333346048991,0.0,0.0
2026-02-23 23:00:00,1,50,Phatthalung Agrometeorlogical Station,7.613611,100.1175,4.15,20260223230000,99.72666765848795,115.3,0.2833333397905032,1.7,23.59500036239624,0.0,1007.7150065104166,99.553333791097,0.0,0.0
2026-02-24 00:00:00,1,50,Phatthalung Agrometeorlogical Station,7.613611,100.1175,4.15,20260223240000,123.7750030517578,123.8,0.12000000290572643,1.0,23.251667086283366,0.0,1008.3500183105468,99.75166765848796,0.0,0.0
2026-02-24 01:00:00,1,50,Phatthalung Agrometeorlogical Station,7.613611,100.1175,4.15,20260224010000,116.46000251770019,135.0,0.5650000104059776,2.5,24.38000030517578,0.0,1008.9116780598958,96.73500073750814,0.0,0.0
2026-02-24 02:00:00,1,50,Phatthalung Agrometeorlogical Station,7.613611,100.1175,4.15,20260224020000,114.65000184377034,61.9,0.8400000190983216,2.4,27.421666876475015,0.0,1009.3450113932291,85.7766674041748,0.0,0.0
2026-02-24 03:00:00,1,50,Phatthalung Agrometeorlogical Station,7.613611,100.1175,4.15,20260224030000,93.37833455403646,135.0,1.6500000248352686,4.6,30.765000279744466,0.0,1010.000010172526,75.92166697184244,0.0,0.0
2026-02-24 04:00:00,1,50,Phatthalung Agrometeorlogical Station,7.613611,100.1175,4.15,20260224040000,83.29152595390708,132.1,2.116949183455968,4.5,32.04745832540221,0.0,1010.4508573887712,71.52203459658865,0.0,0.0
2026-02-24 05:00:00,1,50,Phatthalung Agrometeorlogical Station,7.613611,100.1175,4.15,20260224050000,86.33333365122478,120.9,2.6350000272194545,5.5,32.66666717529297,0.0,1009.8666768391927,69.28666725158692,0.0,0.0
2026-02-24 06:00:00,1,50,Phatthalung Agrometeorlogical Station,7.613611,100.1175,4.15,20260224060000,73.37333380381266,56.2,2.298333356777827,5.0,33.77000052134196,0.0,1008.8000091552734,63.993334197998045,0.0,0.0
2026-02-24 07:00:00,1,50,Phatthalung Agrometeorlogical Station,7.613611,100.1175,4.15,20260224070000,75.81333395640056,61.9,2.673333368698756,6.1,34.10166721343994,0.0,1007.6366719563802,62.205000495910646,0.0,0.0
2026-02-24 08:00:00,1,50,Phatthalung Agrometeorlogical Station,7.613611,100.1175,4.15,20260224080000,75.34666728973389,129.3,2.863333370288213,6.0,33.53333384195964,0.0,1006.9250111897786,62.940000470479326,0.0,0.0
2026-02-24 09:00:00,1,50,Phatthalung Agrometeorlogical Station,7.613611,100.1175,4.15,20260224090000,63.570000330607094,50.5,2.3583333512147266,6.0,32.558333778381346,0.0,1006.4283477783204,66.24000040690105,0.0,0.0
2026-02-24 10:00:00,1,50,Phatthalung Agrometeorlogical Station,7.613611,100.1175,4.15,20260224100000,63.27333405812581,59.0,2.58333336909612,5.3,31.59666716257731,0.0,1006.6183420817057,69.04000040690104,0.0,0.0
2026-02-24 11:00:00,1,50,Phatthalung Agrometeorlogical Station,7.613611,100.1175,4.15,20260224110000,69.0200008392334,59.0,2.2833333611488342,4.9,30.25833371480306,0.0,1006.9366790771485,74.04000027974446,0.0,0.0
2026-02-24 12:00:00,1,50,Phatthalung Agrometeorlogical Station,7.613611,100.1175,4.15,20260224120000,70.90500068664551,56.2,1.2550000160932542,3.2,28.06000026067098,0.0,1007.6016774495442,83.10833435058593,0.0,0.0
2026-02-24 13:00:00,1,50,Phatthalung Agrometeorlogical Station,7.613611,100.1175,4.15,20260224130000,67.83666725158692,53.4,0.6100000126908223,1.7,27.155000178019204,0.0,1008.4483418782552,88.52833404541016,0.0,0.0
2026-02-24 14:00:00,1,50,Phatthalung Agrometeorlogical Station,7.613611,100.1175,4.15,20260224140000,52.97666702270508,53.4,0.39333334267139436,1.5,26.39000047047933,0.0,1009.2316721598307,91.81333414713542,0.0,0.0
2026-02-24 15:00:00,1,50,Phatthalung Agrometeorlogical Station,7.613611,100.1175,4.15,20260224150000,50.5,50.5,0.0,0.0,25.866666920979817,0.0,1010.0200073242188,94.5400001525879,0.0,0.0
2026-02-24 16:00:00,1,50,Phatthalung Agrometeorlogical Station,7.613611,100.1175,4.15,20260224160000,50.5,50.5,0.0,0.0,25.230000178019207,0.0,1010.2000122070312,96.54833386739095,0.0,0.0
2026-02-24 17:00:00,1,50,Phatthalung Agrometeorlogical Station,7.613611,100.1175,4.15,20260224170000,86.68500162760417,118.0,0.19166667213042576,1.0,25.005000019073485,0.0,1010.1500091552734,97.92666714986166,0.0,0.0
2026-02-24 18:00:00,1,50,Phatthalung Agrometeorlogical Station,7.613611,100.1175,4.15,20260224180000,114.1850004196167,132.1,0.5866666754086812,2.0,25.4316668510437,0.0,1009.9300120035807,96.48166732788086,0.0,0.0
2026-02-24 19:00:00,1,50,Phatthalung Agrometeorlogical Station,7.613611,100.1175,4.15,20260224190000,128.11500002543133,135.0,0.28000000715255735,0.8,25.008333683013916,0.0,1009.090010579427,97.20000114440919,0.0,0.0
2026-02-24 20:00:00,1,50,Phatthalung Agrometeorlogical Station,7.613611,100.1175,4.15,20260224200000,135.0,135.0,0.005000000198682149,0.6,24.296667098999023,0.0,1008.3033457438152,98.8150011698405,0.0,0.0
2026-02-24 21:00:00,1,50,Phatthalung Agrometeorlogical Station,7.613611,100.1175,4.15,20260224210000,88.70166823069255,47.7,0.14166667001942793,1.0,24.12166713078817,0.0,1007.9783396402995,99.74833424886067,0.0,0.0
2026-02-24 22:00:00,1,50,Phatthalung Agrometeorlogical Station,7.613611,100.1175,4.15,20260224220000,111.60333410898845,115.3,0.5950000114738941,2.2,24.290000247955323,0.0,1008.0000040690104,99.71333465576171,0.0,0.0
2026-02-24 23:00:00,1,50,Phatthalung Agrometeorlogical Station,7.613611,100.1175,4.15,20260224230000,117.3850028038025,120.9,0.25000000397364297,1.2,24.17333351771037,0.0,1008.3133412679036,99.41666742960612,0.0,0.0
2026-02-25 00:00:00,1,50,Phatthalung Agrometeorlogical Station,7.613611,100.1175,4.15,20260224240000,94.68666826883951,126.5,0.19666667158404985,0.8,24.100000381469727,0.0,1009.0300099690755,99.9000015258789,0.0,0.0
2026-02-25 01:00:00,1,50,Phatthalung Agrometeorlogical Station,7.613611,100.1175,4.15,20260225010000,74.47666695912679,61.9,0.5766666760047277,1.7,24.858333587646484,0.0,1009.4200124104817,99.08000106811524,0.0,0.0
2026-02-25 02:00:00,1,50,Phatthalung Agrometeorlogical Station,7.613611,100.1175,4.15,20260225020000,111.96500180562337,123.8,0.8400000153730313,2.2,27.355000178019207,0.0,1009.8883433024089,90.75666732788086,0.0,0.0
2026-02-25 03:00:00,1,50,Phatthalung Agrometeorlogical Station,7.613611,100.1175,4.15,20260225030000,85.25500138600667,135.0,0.7816666826605797,3.2,29.335000292460123,0.0,1010.5366770426432,82.753333791097,0.0,0.0
2026-02-25 04:00:00,1,50,Phatthalung Agrometeorlogical Station,7.613611,100.1175,4.15,20260225040000,83.61000048319498,53.4,2.2400000323851903,4.8,32.51166712443034,0.0,1010.4600077311198,66.74833374023437,0.0,0.0
2026-02-25 05:00:00,1,50,Phatthalung Agrometeorlogical Station,7.613611,100.1175,4.15,20260225050000,73.57500063578287,47.7,1.8416666919986406,4.5,33.076667149861656,0.0,1009.7450073242187,64.50500043233235,0.0,0.0
2026-02-25 06:00:00,1,50,Phatthalung Agrometeorlogical Station,7.613611,100.1175,4.15,20260225060000,80.97666746775309,132.1,1.873333358267943,4.1,33.73833389282227,0.0,1008.8216766357422,62.56000035603841,0.0,0.0
2026-02-25 07:00:00,1,50,Phatthalung Agrometeorlogical Station,7.613611,100.1175,4.15,20260225070000,65.76500097910564,64.6,2.113333356380463,4.6,33.75666732788086,0.0,1007.7333465576172,61.726667340596514,0.0,0.0
2026-02-25 08:00:00,1,50,Phatthalung Agrometeorlogical Station,7.613611,100.1175,4.15,20260225080000,72.14000091552734,45.0,2.570000030597051,5.3,33.88166726430257,0.0,1006.9516784667969,61.36666730244954,0.0,0.0
2026-02-25 09:00:00,1,50,Phatthalung Agrometeorlogical Station,7.613611,100.1175,4.15,20260225090000,63.72333386739095,59.0,2.345000022649765,5.4,33.17333386739095,0.0,1006.5216684977214,64.87333399454752,0.0,0.0
2026-02-25 10:00:00,1,50,Phatthalung Agrometeorlogical Station,7.613611,100.1175,4.15,20260225100000,65.38833408355713,64.6,2.5533333659172057,5.4,32.068333784739174,0.0,1006.5900054931641,67.21000048319499,0.0,0.0
2026-02-25 11:00:00,1,50,Phatthalung Agrometeorlogical Station,7.613611,100.1175,4.15,20260225110000,66.21833375295003,56.2,2.27833335796992,5.3,30.601666831970213,0.0,1006.8233489990234,72.27000058492025,0.0,0.0
2026-02-25 12:00:00,1,50,Phatthalung Agrometeorlogical Station,7.613611,100.1175,4.15,20260225120000,66.7133337020874,120.9,2.3566666920979817,5.1,28.388333479563396,0.0,1007.2500081380208,80.16666730244954,0.0,0.0
2026-02-25 13:00:00,1,50,Phatthalung Agrometeorlogical Station,7.613611,100.1175,4.15,20260225130000,86.70666758219402,61.9,1.0850000164161127,3.7,27.541666825612385,0.0,1008.5183451334635,84.87166709899903,0.0,0.0
2026-02-25 14:00:00,1,50,Phatthalung Agrometeorlogical Station,7.613611,100.1175,4.15,20260225140000,132.8266726175944,135.0,0.225000004346172,1.3,26.676666895548504,0.0,1009.6700063069661,89.6683339436849,0.0,0.0
2026-02-25 15:00:00,1,50,Phatthalung Agrometeorlogical Station,7.613611,100.1175,4.15,20260225150000,132.10000610351562,132.1,0.0,0.1,26.000000445048013,0.0,1010.0300059000651,92.98000068664551,0.0,0.0
2026-02-25 16:00:00,1,50,Phatthalung Agrometeorlogical Station,7.613611,100.1175,4.15,20260225160000,123.31666838328043,118.0,0.29166667386889455,1.3,25.843333307902018,0.0,1010.3933451334635,94.26833356221518,0.0,0.0
2026-02-25 17:00:00,1,50,Phatthalung Agrometeorlogical Station,7.613611,100.1175,4.15,20260225170000,139.34000307718912,123.8,0.23666667081415654,1.2,25.720000298817954,0.0,1010.1666768391927,94.7233336130778,0.0,0.0
2026-02-25 18:00:00,1,50,Phatthalung Agrometeorlogical Station,7.613611,100.1175,4.15,20260225180000,110.92666797637939,129.3,0.37166667444010576,1.5,25.38666696548462,0.0,1009.5483428955079,95.0000005086263,0.0,0.0
2026-02-25 19:00:00,1,50,Phatthalung Agrometeorlogical Station,7.613611,100.1175,4.15,20260225190000,142.72833862304688,157.5,0.17000000414748986,1.1,24.655000178019204,0.0,1008.9066772460938,97.40166816711425,0.0,0.0
2026-02-25 20:00:00,1,50,Phatthalung Agrometeorlogical Station,7.613611,100.1175,4.15,20260225200000,142.91167157491049,120.9,0.17333333579202492,1.1,24.278332901000976,0.0,1008.135009765625,98.63333409627279,0.0,0.0
2026-02-25 21:00:00,1,50,Phatthalung Agrometeorlogical Station,7.613611,100.1175,4.15,20260225210000,124.34333585103353,126.5,0.36666667498648164,1.7,24.34499994913737,0.0,1007.613340250651,98.27166811625163,0.0,0.0
2026-02-25 22:00:00,1,50,Phatthalung Agrometeorlogical Station,7.613611,100.1175,4.15,20260225220000,104.92166760762532,115.3,0.21333333899577459,1.1,24.08500032424927,0.0,1007.8833424886068,98.69166781107585,0.0,0.0
2026-02-25 23:00:00,1,50,Phatthalung Agrometeorlogical Station,7.613611,100.1175,4.15,20260225230000,103.66000035603841,118.0,0.28666667255262535,1.3,23.700000762939453,0.0,1008.1633433024089,99.56333503723144,0.0,0.0
2026-02-26 00:00:00,1,50,Phatthalung Agrometeorlogical Station,7.613611,100.1175,4.15,20260225240000,129.21666946411133,30.8,0.5700000112255414,2.0,23.763333129882813,0.0,1008.845014444987,99.3300017038981,0.0,0.0
2026-02-26 01:00:00,1,50,Phatthalung Agrometeorlogical Station,7.613611,100.1175,4.15,20260226010000,114.3216677347819,47.7,0.7600000148018201,2.2,24.698333485921225,0.0,1009.4383443196615,96.163334274292,0.0,0.0
2026-02-26 02:00:00,1,50,Phatthalung Agrometeorlogical Station,7.613611,100.1175,4.15,20260226020000,136.64333680470784,154.6,0.9169491635540784,3.0,28.1169493077165,0.0,1009.6084811970339,84.54406841730668,0.0,0.0
2026-02-26 03:00:00,1,50,Phatthalung Agrometeorlogical Station,7.613611,100.1175,4.15,20260226030000,115.56833477020264,50.5,1.3200000174343587,3.4,30.885000292460123,0.0,1010.0550079345703,72.1650006612142,0.0,0.0
2026-02-26 04:00:00,1,50,Phatthalung Agrometeorlogical Station,7.613611,100.1175,4.15,20260226040000,71.94666728973388,56.2,1.7016666861871879,4.6,32.74500013987223,0.0,1009.910009765625,65.93666718800863,0.0,0.0
2026-02-26 05:00:00,1,50,Phatthalung Agrometeorlogical Station,7.613611,100.1175,4.15,20260226050000,77.74666716257731,47.7,2.42333336075147,5.0,33.48166720072428,0.0,1009.3116739908854,61.6333340326945,0.0,0.0
2026-02-26 06:00:00,1,50,Phatthalung Agrometeorlogical Station,7.613611,100.1175,4.15,20260226060000,72.97500057220459,42.2,2.768333371480306,5.3,33.57833404541016,0.0,1008.4266774495443,63.57333386739095,0.0,0.0
2026-02-26 07:00:00,1,50,Phatthalung Agrometeorlogical Station,7.613611,100.1175,4.15,20260226070000,76.30666732788086,61.9,2.7816667040189107,5.4,33.826667086283365,0.0,1006.8800038655598,65.51166712443033,0.0,0.0
2026-02-26 08:00:00,1,50,Phatthalung Agrometeorlogical Station,7.613611,100.1175,4.15,20260226080000,71.96500053405762,56.2,3.3300000429153442,6.3,33.53166707356771,0.0,1005.5483408610027,65.60833409627278,0.0,0.0
2026-02-26 09:00:00,1,50,Phatthalung Agrometeorlogical Station,7.613611,100.1175,4.15,20260226090000,79.72666753133139,47.7,3.5950000206629436,7.0,33.173333740234376,0.0,1004.4050130208333,65.25000031789143,0.0,0.0
2026-02-26 10:00:00,1,50,Phatthalung Agrometeorlogical Station,7.613611,100.1175,4.15,20260226100000,76.15333404541016,50.5,2.988333358367284,5.6,32.33000062306722,0.0,1003.8533477783203,68.1916675567627,0.0,0.0
2026-02-26 11:00:00,1,50,Phatthalung Agrometeorlogical Station,7.613611,100.1175,4.15,20260226110000,89.32500069936117,129.3,1.6316666886210442,4.3,31.38333336512248,0.0,1004.6083485921224,69.63166745503743,0.0,0.0
2026-02-26 12:00:00,1,50,Phatthalung Agrometeorlogical Station,7.613611,100.1175,4.15,20260226120000,59.59000056584676,56.2,0.5316666775693496,1.7,28.703333695729572,0.0,1005.1550120035807,81.51500116984049,0.0,0.0
2026-02-26 13:00:00,1,50,Phatthalung Agrometeorlogical Station,7.613611,100.1175,4.15,20260226130000,120.71000150044759,118.0,0.04833333392937978,0.8,27.900000445048015,0.0,1006.008344523112,86.7766674041748,0.0,0.0
2026-02-26 14:00:00,1,50,Phatthalung Agrometeorlogical Station,7.613611,100.1175,4.15,20260226140000,120.9000015258789,120.9,0.10000000273187955,1.0,26.926666927337646,0.0,1007.1166768391927,90.68000106811523,0.0,0.0
2026-02-26 15:00:00,1,50,Phatthalung Agrometeorlogical Station,7.613611,100.1175,4.15,20260226150000,120.53833465576172,120.9,0.20333333785335223,0.8,26.498333263397218,0.0,1007.8950063069661,93.34500071207682,0.0,0.0
2026-02-26 16:00:00,1,50,Phatthalung Agrometeorlogical Station,7.613611,100.1175,4.15,20260226160000,102.34666792551677,135.0,0.6566666784385841,1.6,26.494999980926515,0.0,1008.5866760253906,92.71833407084146,0.0,0.0
2026-02-26 17:00:00,1,50,Phatthalung Agrometeorlogical Station,7.613611,100.1175,4.15,20260226170000,66.3266679763794,50.5,0.3350000038743019,1.8,26.195000203450522,0.0,1008.6433420817058,92.96500078837077,0.0,0.0
2026-02-26 18:00:00,1,50,Phatthalung Agrometeorlogical Station,7.613611,100.1175,4.15,20260226180000,46.1550009727478,115.3,0.07000000129143397,1.2,25.366666571299234,0.0,1008.2316802978515,96.2016674041748,0.0,0.0
2026-02-26 19:00:00,1,50,Phatthalung Agrometeorlogical Station,7.613611,100.1175,4.15,20260226190000,128.82166862487793,157.5,0.08000000193715096,1.2,25.08500032424927,0.0,1007.3933410644531,96.55000063578288,0.0,0.0
2026-02-26 20:00:00,1,50,Phatthalung Agrometeorlogical Station,7.613611,100.1175,4.15,20260226200000,118.53166879018148,118.0,0.785000008593003,2.7,24.844999885559083,0.0,1006.8266794840495,96.45000089009604,0.0,0.0
2026-02-26 21:00:00,1,50,Phatthalung Agrometeorlogical Station,7.613611,100.1175,4.15,20260226210000,115.44666938781738,129.3,0.20833333618938923,1.2,24.583333492279053,0.0,1006.5766713460287,97.34500033060709,0.0,0.0
2026-02-26 22:00:00,1,50,Phatthalung Agrometeorlogical Station,7.613611,100.1175,4.15,20260226220000,106.21333471934001,129.3,0.25500000653167565,1.3,24.58500032424927,0.0,1006.796684773763,98.13333447774251,0.0,0.0
2026-02-26 23:00:00,1,50,Phatthalung Agrometeorlogical Station,7.613611,100.1175,4.15,20260226230000,108.46000111897787,50.5,0.1816666712363561,0.8,24.370000425974528,0.0,1006.9550099690755,98.32666753133138,0.0,0.0
2026-02-27 00:00:00,1,50,Phatthalung Agrometeorlogical Station,7.613611,100.1175,4.15,20260226240000,139.20847811941374,151.8,0.22542373318288286,1.2,24.10678006834903,0.0,1007.386450816009,99.17627198817367,0.0,0.0
2026-02-27 01:00:00,1,50,Phatthalung Agrometeorlogical Station,7.613611,100.1175,4.15,20260227010000,113.10000197092693,118.0,0.6500000111758709,2.5,25.623333644866943,0.0,1007.956674194336,95.8466677347819,0.0,0.0
2026-02-27 02:00:00,1,50,Phatthalung Agrometeorlogical Station,7.613611,100.1175,4.15,20260227020000,120.49666887919108,59.0,0.7533333511402209,2.5,29.05000025431315,0.0,1008.4250091552734,81.9583340962728,0.0,0.0
2026-02-27 03:00:00,1,50,Phatthalung Agrometeorlogical Station,7.613611,100.1175,4.15,20260227030000,80.39333432515463,64.6,1.2750000104308128,3.5,31.218333689371743,0.0,1008.8933430989583,72.04666760762532,0.0,0.0
2026-02-27 04:00:00,1,50,Phatthalung Agrometeorlogical Station,7.613611,100.1175,4.15,20260227040000,64.62000064849853,61.9,1.1550000204394262,3.5,32.92666727701823,0.0,1008.7216786702473,64.37166716257731,0.0,0.0
2026-02-27 05:00:00,1,50,Phatthalung Agrometeorlogical Station,7.613611,100.1175,4.15,20260227050000,72.63000100453695,53.4,1.3683333570758502,3.9,33.96500072479248,0.0,1008.0366770426432,60.820000648498535,0.0,0.0
2026-02-27 06:00:00,1,50,Phatthalung Agrometeorlogical Station,7.613611,100.1175,4.15,20260227060000,66.00166721343994,129.3,2.0733333547910053,4.9,34.1966672261556,0.0,1006.9616729736329,64.69000047047933,0.0,0.0
2026-02-27 07:00:00,1,50,Phatthalung Agrometeorlogical Station,7.613611,100.1175,4.15,20260227070000,61.316667048136395,53.4,1.8400000249346098,5.3,34.80166734059652,0.0,1005.696674601237,61.63000087738037,0.0,0.0
2026-02-27 08:00:00,1,50,Phatthalung Agrometeorlogical Station,7.613611,100.1175,4.15,20260227080000,61.448334058125816,61.9,2.416666688521703,6.0,35.36666711171468,0.0,1004.2516743977865,59.7466672261556,0.0,0.0
2026-02-27 09:00:00,1,50,Phatthalung Agrometeorlogical Station,7.613611,100.1175,4.15,20260227090000,61.78000055948893,61.9,2.038333355387052,5.0,32.33666699727376,0.0,1003.4733378092448,69.19833393096924,0.0,0.0
2026-02-27 10:00:00,1,50,Phatthalung Agrometeorlogical Station,7.613611,100.1175,4.15,20260227100000,104.40833428700765,50.5,1.4233333473404248,4.0,30.543333466847738,0.0,1003.8383402506511,73.56500078837077,0.0,0.0
2026-02-27 11:00:00,1,50,Phatthalung Agrometeorlogical Station,7.613611,100.1175,4.15,20260227110000,52.718333848317464,53.4,0.4283333420753479,2.0,29.11999994913737,0.0,1004.2150054931641,79.62833391825357,0.0,0.0
2026-02-27 12:00:00,1,50,Phatthalung Agrometeorlogical Station,7.613611,100.1175,4.15,20260227120000,49.4866673151652,33.7,0.6883333464463551,2.5,28.421666940053303,0.0,1004.976675415039,84.79333407084147,0.0,0.0
2026-02-27 13:00:00,1,50,Phatthalung Agrometeorlogical Station,7.613611,100.1175,4.15,20260227130000,66.72000083923339,53.4,0.7150000085433325,3.5,27.371666844685873,0.0,1005.8283426920573,90.70833384195963,0.0,0.0
2026-02-27 14:00:00,1,50,Phatthalung Agrometeorlogical Station,7.613611,100.1175,4.15,20260227140000,57.25333410898845,56.2,0.4316666758308808,1.7,26.596666876475016,0.0,1007.1133382161458,90.85833422342937,0.0,0.0
2026-02-27 15:00:00,1,50,Phatthalung Agrometeorlogical Station,7.613611,100.1175,4.15,20260227150000,87.88333517710367,53.4,0.16666666989525158,1.2,25.75666681925456,0.0,1007.6883392333984,94.32000071207682,0.0,0.0
2026-02-27 16:00:00,1,50,Phatthalung Agrometeorlogical Station,7.613611,100.1175,4.15,20260227160000,123.42166919708252,129.3,0.11000000275671482,0.8,25.21666717529297,0.0,1007.9550109863281,96.8916670481364,0.0,0.0
2026-02-27 17:00:00,1,50,Phatthalung Agrometeorlogical Station,7.613611,100.1175,4.15,20260227170000,96.82333558400472,64.6,0.35666667396823565,1.2,25.1466672261556,0.0,1008.1000061035156,97.43666699727376,0.0,0.0
2026-02-27 18:00:00,1,50,Phatthalung Agrometeorlogical Station,7.613611,100.1175,4.15,20260227180000,86.41000073750814,135.0,0.6700000130881866,1.6,25.155000591278075,0.0,1007.8416727701823,97.63833351135254,0.0,0.0
2026-02-27 19:00:00,1,50,Phatthalung Agrometeorlogical Station,7.613611,100.1175,4.15,20260227190000,95.37166792551676,118.0,0.4983333434909582,2.7,24.859999974568684,0.0,1006.9983428955078,98.22666765848795,0.0,0.0
2026-02-27 20:00:00,1,50,Phatthalung Agrometeorlogical Station,7.613611,100.1175,4.15,20260227200000,117.38500099182129,126.5,0.920000013957421,2.9,24.688334051767985,0.0,1006.2183410644532,97.96833381652831,0.0,0.0
2026-02-27 21:00:00,1,50,Phatthalung Agrometeorlogical Station,7.613611,100.1175,4.15,20260227210000,125.03333473205566,120.9,0.46666667809089024,1.7,24.40999984741211,0.0,1005.8483500162761,97.99333343505859,0.0,0.0
2026-02-27 22:00:00,1,50,Phatthalung Agrometeorlogical Station,7.613611,100.1175,4.15,20260227220000,126.73500086466471,118.0,0.08000000193715096,1.0,23.93000030517578,0.0,1005.8383483886719,98.48500061035156,0.0,0.0
2026-02-27 23:00:00,1,50,Phatthalung Agrometeorlogical Station,7.613611,100.1175,4.15,20260227230000,132.48833662668864,140.6,0.3566666742165883,1.3,23.700000762939453,0.0,1006.0500111897786,99.45333328247071,0.0,0.0
2026-02-28 00:00:00,1,50,Phatthalung Agrometeorlogical Station,7.613611,100.1175,4.15,20260227240000,112.15500183105469,120.9,0.4033333409577608,2.2,23.713333956400554,0.0,1006.6383412679037,99.01166648864746,0.0,0.0
2026-02-28 01:00:00,1,50,Phatthalung Agrometeorlogical Station,7.613611,100.1175,4.15,20260228010000,134.33500289916992,146.3,0.5300000093877315,1.8,25.603333632151287,0.0,1007.535009765625,92.12833417256674,0.0,0.0
2026-02-28 02:00:00,1,50,Phatthalung Agrometeorlogical Station,7.613611,100.1175,4.15,20260228020000,140.26000328063964,154.6,1.1300000160932542,2.7,29.013333574930826,0.0,1008.5083414713541,80.04666735331217,0.0,0.0
2026-02-28 03:00:00,1,50,Phatthalung Agrometeorlogical Station,7.613611,100.1175,4.15,20260228030000,116.99833539326985,157.5,1.016666680201888,2.9,31.385000228881836,0.0,1009.0350026448567,72.72666753133139,0.0,0.0
2026-02-28 04:00:00,1,50,Phatthalung Agrometeorlogical Station,7.613611,100.1175,4.15,20260228040000,92.79500128428141,132.1,1.1116666786372662,3.7,32.758333905537924,0.0,1009.1666768391927,66.01833426157633,0.0,0.0
2026-02-28 05:00:00,1,50,Phatthalung Agrometeorlogical Station,7.613611,100.1175,4.15,20260228050000,72.57833417256673,53.4,1.6983333478371303,5.1,33.58833389282226,0.0,1008.476675415039,66.58166732788087,0.0,0.0
2026-02-28 06:00:00,1,50,Phatthalung Agrometeorlogical Station,7.613611,100.1175,4.15,20260228060000,77.92166741689046,120.9,2.320000027616819,5.0,33.78166726430257,0.0,1007.2383433024089,65.78000062306722,0.0,0.0
2026-02-28 07:00:00,1,50,Phatthalung Agrometeorlogical Station,7.613611,100.1175,4.15,20260228070000,64.49666735331218,61.9,2.3750000268220903,5.3,34.96000067392985,0.0,1005.8350138346354,62.21666711171468,0.0,0.0
2026-02-28 08:00:00,1,50,Phatthalung Agrometeorlogical Station,7.613611,100.1175,4.15,20260228080000,74.91666742960612,56.2,2.3750000298023224,5.5,35.3183339436849,0.0,1004.5483408610027,60.64166730244954,0.0,0.0
2026-02-28 09:00:00,1,50,Phatthalung Agrometeorlogical Station,7.613611,100.1175,4.15,20260228090000,85.47500050862631,56.2,2.3816667020320894,4.9,34.80500062306722,0.0,1003.6450113932292,61.40000063578288,0.0,0.0
2026-02-28 10:00:00,1,50,Phatthalung Agrometeorlogical Station,7.613611,100.1175,4.15,20260228100000,64.94333400726319,45.0,2.0850000262260435,5.0,32.465000534057616,0.0,1003.6916717529297,72.74500071207682,0.0,0.0
2026-02-28 11:00:00,1,50,Phatthalung Agrometeorlogical Station,7.613611,100.1175,4.15,20260228110000,60.31833368937175,135.0,1.6150000169873238,5.4,31.661666997273763,0.0,1004.343339029948,75.66000111897786,0.0,0.0
2026-02-28 12:00:00,1,50,Phatthalung Agrometeorlogical Station,7.613611,100.1175,4.15,20260228120000,62.93333371480306,30.8,0.6166666758557161,2.7,29.69000021616618,0.0,1005.0600107828776,81.76833419799804,0.0,0.0
2026-02-28 13:00:00,1,50,Phatthalung Agrometeorlogical Station,7.613611,100.1175,4.15,20260228130000,48.69333400726318,137.8,0.22333333728214105,1.1,28.45000025431315,0.0,1006.1900065104167,87.62666753133138,0.0,0.0
2026-02-28 14:00:00,1,50,Phatthalung Agrometeorlogical Station,7.613611,100.1175,4.15,20260228140000,67.5166677792867,53.4,0.8300000112503767,3.5,27.89166644414266,0.0,1007.0300089518229,89.5616668701172,0.0,0.0
2026-02-28 15:00:00,1,50,Phatthalung Agrometeorlogical Station,7.613611,100.1175,4.15,20260228150000,73.8000010172526,47.7,0.6250000093132257,3.0,27.398333517710366,0.0,1007.8150136311849,89.91666730244954,0.0,0.0
2026-02-28 16:00:00,1,50,Phatthalung Agrometeorlogical Station,7.613611,100.1175,4.15,20260228160000,112.27500146230062,129.3,0.6383333448320627,2.2,26.558333587646484,0.0,1008.3300109863281,92.64166730244955,0.0,0.0
2026-02-28 17:00:00,1,50,Phatthalung Agrometeorlogical Station,7.613611,100.1175,4.15,20260228170000,126.12833493550619,126.5,0.16833333733181158,1.5,26.10666653315226,0.0,1008.266678873698,94.39833348592123,0.0,0.0
2026-02-28 18:00:00,1,50,Phatthalung Agrometeorlogical Station,7.613611,100.1175,4.15,20260228180000,135.0,135.0,0.09500000191231568,0.8,25.494999980926515,0.0,1007.8150065104167,96.10333404541015,0.0,0.0
2026-02-28 19:00:00,1,50,Phatthalung Agrometeorlogical Station,7.613611,100.1175,4.15,20260228190000,135.95932252528303,140.6,0.11864406994338762,1.2,24.95593229390807,0.0,1007.0762825658766,98.14915285272113,0.0,0.0
2026-02-28 20:00:00,1,50,Phatthalung Agrometeorlogical Station,7.613611,100.1175,4.15,20260228200000,120.26666851043701,126.5,0.5350000131875277,2.2,24.92166700363159,0.0,1006.5183369954427,98.14166692097982,0.0,0.0
2026-02-28 21:00:00,1,50,Phatthalung Agrometeorlogical Station,7.613611,100.1175,4.15,20260228210000,118.40500119527181,115.3,0.5516666768739621,1.8,25.046666844685873,0.0,1006.3100189208984,97.22666816711425,0.0,0.0
2026-02-28 22:00:00,1,50,Phatthalung Agrometeorlogical Station,7.613611,100.1175,4.15,20260228220000,113.90666802724202,118.0,0.34166667411724727,1.7,24.875,0.0,1006.3783559163411,96.40500017801921,0.0,0.0
2026-02-28 23:00:00,1,50,Phatthalung Agrometeorlogical Station,7.613611,100.1175,4.15,20260228230000,119.08833414713541,132.1,0.09833333529531955,1.2,24.538333479563395,0.0,1006.5616770426433,96.86833419799805,0.0,0.0
2026-03-01 00:00:00,1,50,Phatthalung Agrometeorlogical Station,7.613611,100.1175,4.15,20260228240000,107.21000213623047,140.6,0.1250000031044086,1.0,24.231667137145998,0.0,1007.1900075276693,97.81333376566569,0.0,0.0
2026-03-01 01:00:00,1,50,Phatthalung Agrometeorlogical Station,7.613611,100.1175,4.15,20260301010000,113.441668065389,50.5,0.7633333464463552,2.9,25.66000026067098,0.0,1007.9150075276692,93.84666697184245,0.0,0.0
2026-03-01 02:00:00,1,50,Phatthalung Agrometeorlogical Station,7.613611,100.1175,4.15,20260301020000,114.80545640425248,129.3,0.7745454766533592,2.0,29.390909264304423,0.0,1008.5763738458807,81.25090983997691,0.0,0.0
2026-03-01 03:00:00,1,50,Phatthalung Agrometeorlogical Station,7.613611,100.1175,4.15,20260301030000,100.41000169118246,56.2,0.7766666799783707,2.9,32.280000654856366,0.0,1009.2083455403646,68.86166737874349,0.0,0.0
2026-03-01 04:00:00,1,50,Phatthalung Agrometeorlogical Station,7.613611,100.1175,4.15,20260301040000,70.95500081380209,67.5,1.2600000170369943,5.0,33.47166735331218,0.0,1009.0650085449219,61.300000762939455,0.0,0.0
2026-03-01 05:00:00,1,50,Phatthalung Agrometeorlogical Station,7.613611,100.1175,4.15,20260301050000,61.47000058492025,64.6,1.3566666786869368,4.5,34.68333396911621,0.0,1008.2483367919922,57.74833386739095,0.0,0.0
2026-03-01 06:00:00,1,50,Phatthalung Agrometeorlogical Station,7.613611,100.1175,4.15,20260301060000,65.8933339436849,132.1,2.0133333623409273,5.3,35.22833391825358,0.0,1007.0583424886067,59.68500067392985,0.0,0.0
2026-03-01 07:00:00,1,50,Phatthalung Agrometeorlogical Station,7.613611,100.1175,4.15,20260301070000,60.87500082651774,67.5,2.320000030597051,5.3,35.28500067392985,0.0,1005.806674194336,59.261667251586914,0.0,0.0
2026-03-01 08:00:00,1,50,Phatthalung Agrometeorlogical Station,7.613611,100.1175,4.15,20260301080000,60.87166716257731,64.6,1.950000019868215,5.1,36.31833375295003,0.0,1004.6633453369141,54.931667200724284,0.0,0.0
2026-03-01 09:00:00,1,50,Phatthalung Agrometeorlogical Station,7.613611,100.1175,4.15,20260301090000,52.788333829243975,59.0,2.321666689713796,6.1,34.9750005086263,0.0,1004.0500030517578,61.90333398183187,0.0,0.0
2026-03-01 10:00:00,1,50,Phatthalung Agrometeorlogical Station,7.613611,100.1175,4.15,20260301100000,58.65166734059652,36.5,2.4083333532015483,7.1,33.44500045776367,0.0,1004.1966786702474,66.81666717529296,0.0,0.0
2026-03-01 11:00:00,1,50,Phatthalung Agrometeorlogical Station,7.613611,100.1175,4.15,20260301110000,54.6600004196167,67.5,1.786666680375735,5.4,32.31000067392985,0.0,1004.6233459472656,69.4016668955485,0.0,0.0
2026-03-01 12:00:00,1,50,Phatthalung Agrometeorlogical Station,7.613611,100.1175,4.15,20260301120000,56.64333413441976,33.7,0.8733333463470141,3.9,29.948333549499512,0.0,1005.5950083414714,78.26166725158691,0.0,0.0
2026-03-01 13:00:00,1,50,Phatthalung Agrometeorlogical Station,7.613611,100.1175,4.15,20260301130000,43.95833393732707,30.8,0.4050000086426735,2.0,29.39499959945679,0.0,1006.5700063069661,82.14166730244955,0.0,0.0
2026-03-01 14:00:00,1,50,Phatthalung Agrometeorlogical Station,7.613611,100.1175,4.15,20260301140000,57.11666730244954,67.5,0.6516666803508997,1.7,29.103333473205566,0.0,1007.7033416748047,83.41333351135253,0.0,0.0
2026-03-01 15:00:00,1,50,Phatthalung Agrometeorlogical Station,7.613611,100.1175,4.15,20260301150000,69.35833409627278,118.0,0.7583333507180214,2.5,28.54666659037272,0.0,1008.4316762288412,87.7350009918213,0.0,0.0
2026-03-01 16:00:00,1,50,Phatthalung Agrometeorlogical Station,7.613611,100.1175,4.15,20260301160000,112.93333536783854,126.5,0.3616666751603285,1.2,27.948333740234375,0.0,1008.8733439127604,91.0000005086263,0.0,0.0
2026-03-01 17:00:00,1,50,Phatthalung Agrometeorlogical Station,7.613611,100.1175,4.15,20260301170000,129.5433359781901,115.3,0.38000000528991223,2.0,27.161667092641196,0.0,1008.8216817220052,94.24999987284342,0.0,0.0
2026-03-01 18:00:00,1,50,Phatthalung Agrometeorlogical Station,7.613611,100.1175,4.15,20260301180000,134.13666890462238,157.5,0.5650000086675088,1.7,26.685000705718995,0.0,1008.5266774495443,95.19500071207682,0.0,0.0
2026-03-01 19:00:00,1,50,Phatthalung Agrometeorlogical Station,7.613611,100.1175,4.15,20260301190000,137.0400025685628,137.8,0.2850000054885944,1.2,26.251666895548503,0.0,1008.1200134277344,96.0983341217041,0.0,0.0
2026-03-01 20:00:00,1,50,Phatthalung Agrometeorlogical Station,7.613611,100.1175,4.15,20260301200000,130.60833625793458,118.0,0.15833333681027095,1.3,25.956666787465412,0.0,1007.5933400472005,96.70000025431315,0.0,0.0
2026-03-01 21:00:00,1,50,Phatthalung Agrometeorlogical Station,7.613611,100.1175,4.15,20260301210000,124.67500203450521,123.8,0.3933333420505126,1.8,25.721667098999024,0.0,1007.2716766357422,97.83333358764648,0.0,0.0
2026-03-01 22:00:00,1,50,Phatthalung Agrometeorlogical Station,7.613611,100.1175,4.15,20260301220000,138.32000274658202,126.5,0.48000000913937885,2.0,25.700000762939453,0.0,1007.2716817220052,97.72833366394043,0.0,0.0
2026-03-01 23:00:00,1,50,Phatthalung Agrometeorlogical Station,7.613611,100.1175,4.15,20260301230000,140.32500508626302,137.8,0.17000000352660816,1.0,25.328333536783855,0.0,1007.8750091552735,98.46166699727377,0.0,0.0
2026-03-02 00:00:00,1,50,Phatthalung Agrometeorlogical Station,7.613611,100.1175,4.15,20260301240000,137.91500498453777,149.1,0.27500000558793547,1.2,25.1100004196167,0.0,1008.3800089518229,99.2616678873698,0.0,0.0
