date,precipitation_mean,precipitation_max,rain_grid_share,temp_mean,humidity_mean,cloud_cover_mean,wind_speed_mean
2021-07-20,8.535714285714286,13.400000000000002,1.0,27.625148809523807,82.08035714285714,90.27827380952381,15.378645833333334
2021-07-21,1.1446428571428573,2.4000000000000004,1.0,28.05386904761905,80.18898809523809,94.27901785714286,14.867261904761904
2021-07-22,4.885714285714285,8.100000000000001,1.0,28.43965773809524,79.75148809523809,79.77604166666666,14.078199404761905
2021-07-23,2.45,5.1,1.0,27.99032738095238,82.98288690476191,94.609375,10.79702380952381
2021-07-24,12.241071428571429,19.4,1.0,27.22738095238095,88.53050595238095,99.57217261904762,10.520982142857141
2021-07-25,8.505357142857141,9.899999999999999,1.0,27.112053571428568,87.78422619047619,99.82738095238095,10.629761904761905
2021-07-26,0.6839285714285716,2.0000000000000004,1.0,28.182886904761904,80.88095238095238,97.13690476190477,12.246651785714286
2021-07-27,6.85,12.899999999999999,1.0,28.06815476190476,82.21577380952381,86.45014880952381,11.31049107142857
2021-07-28,8.20892857142857,17.0,1.0,28.469494047619047,80.66592261904762,89.83928571428571,11.504389880952383
2021-07-29,5.473214285714286,9.6,1.0,28.379910714285717,80.60788690476191,91.00595238095238,10.951339285714285
2021-07-30,6.642857142857143,15.199999999999998,1.0,28.636830357142856,79.93675595238095,87.20163690476191,11.905282738095238
2021-07-31,5.326785714285714,9.0,1.0,28.672023809523807,78.56622023809523,95.28794642857143,11.469866071428571
2021-08-01,1.8750000000000002,4.5,1.0,28.809747023809525,75.29910714285714,93.57366071428571,12.1515625
2021-08-02,0.9821428571428571,3.3,1.0,28.738095238095237,74.83407738095238,92.80803571428571,11.22157738095238
2021-08-03,4.982142857142857,11.799999999999999,1.0,28.549776785714283,75.85044642857143,87.61458333333334,11.525595238095237
2021-08-04,2.9839285714285713,7.499999999999998,1.0,28.449776785714285,77.28869047619048,77.69196428571429,11.447991071428572
2021-08-05,5.253571428571428,13.199999999999998,1.0,28.491294642857145,77.56845238095238,87.08482142857143,11.995535714285714
2021-08-06,6.160714285714286,9.799999999999999,1.0,28.340104166666666,79.09375,91.00446428571429,10.758482142857144
2021-08-07,2.7767857142857144,7.000000000000001,0.9821428571428571,28.790252976190477,77.46502976190477,97.56398809523809,10.422916666666666
2021-08-08,1.2267857142857144,3.2,1.0,28.96264880952381,76.56994047619048,96.85788690476191,10.91986607142857
2021-08-09,1.367857142857143,3.8,0.9821428571428571,29.401190476190475,74.93377976190477,86.32738095238095,11.271800595238094
2021-08-10,2.455357142857143,5.200000000000001,1.0,29.740104166666665,74.43005952380952,96.42559523809523,11.705505952380951
2021-08-11,12.994642857142855,21.900000000000002,1.0,28.58936011904762,81.89806547619048,99.40178571428571,11.574479166666666
2021-08-12,6.194642857142857,13.399999999999997,1.0,28.17254464285714,82.44419642857143,97.59970238095238,13.566294642857143
2021-08-13,8.801785714285714,15.199999999999998,1.0,28.200148809523807,80.15997023809523,97.23511904761905,11.386607142857143
2021-08-14,6.314285714285714,11.6,1.0,27.633035714285715,82.32663690476191,98.36532738095238,11.205803571428572
2021-08-15,11.80892857142857,20.400000000000002,1.0,26.784151785714283,88.30208333333334,99.41592261904762,12.99092261904762
2021-08-16,11.873214285714285,19.6,1.0,26.966294642857143,84.48065476190477,73.62276785714286,10.275520833333333
2021-08-17,0.26607142857142857,1.1,0.6964285714285714,28.33675595238095,80.21875,49.05729166666667,5.245535714285714
2021-08-18,0.058928571428571434,0.6,0.35714285714285715,29.18578869047619,74.70982142857143,49.498511904761905,7.546875
2021-08-19,2.05,8.1,0.9285714285714286,28.83511904761905,75.62127976190477,82.92485119047619,6.838541666666666
2021-08-20,5.5928571428571425,13.3,1.0,28.93794642857143,79.02678571428571,93.37946428571429,5.986755952380952
2021-08-21,5.975,12.499999999999998,1.0,28.182738095238097,81.58556547619048,79.92261904761905,7.174553571428571
2021-08-22,8.719642857142857,15.799999999999999,1.0,28.348214285714285,82.27157738095238,90.28348214285714,8.481770833333332
2021-08-23,3.705357142857143,8.1,1.0,28.628720238095237,77.96279761904762,87.43675595238095,10.477380952380953
2021-08-24,16.526785714285715,39.1,1.0,28.4109375,78.96354166666666,83.50892857142857,9.787276785714285
2021-08-25,23.24285714285714,41.4,1.0,27.43578869047619,85.10714285714286,98.41145833333334,8.16450892857143
2021-08-26,15.317857142857141,29.199999999999996,1.0,26.63363095238095,88.01934523809523,98.03497023809523,7.816443452380953
2021-08-27,22.289285714285715,51.19999999999999,1.0,25.790922619047617,90.73586309523809,97.77976190476191,6.439583333333333
2021-08-28,5.071428571428571,11.0,1.0,26.29590773809524,87.31994047619048,96.58407738095238,8.161681547619049
2021-08-29,11.049999999999999,16.0,1.0,26.34002976190476,87.28050595238095,97.25,7.7613095238095235
2021-08-30,6.619642857142857,12.3,1.0,27.233779761904763,85.62723214285714,93.17336309523809,4.832142857142856
2021-08-31,18.89107142857143,43.1,1.0,27.27909226190476,87.11607142857143,98.96354166666666,4.753943452380952
2021-09-01,9.823214285714284,20.400000000000002,1.0,26.721875,88.02604166666666,98.44568452380952,3.8970238095238092
2021-09-02,10.571428571428571,16.6,1.0,26.97626488095238,86.49107142857143,97.25520833333334,5.486383928571429
2021-09-03,9.394642857142856,16.7,1.0,26.83675595238095,84.52008928571429,99.38318452380952,8.269717261904763
2021-09-04,7.101785714285714,16.800000000000004,1.0,27.300223214285715,80.94345238095238,91.96205357142857,9.050595238095237
2021-09-05,12.049999999999999,19.800000000000004,1.0,26.602529761904766,86.36830357142857,93.50297619047619,6.229464285714285
2021-09-06,0.7339285714285715,2.6,0.8928571428571429,27.633705357142855,80.76934523809523,81.08407738095238,6.2994047619047615
2021-09-07,26.5125,70.89999999999999,1.0,26.82574404761905,86.59449404761905,99.546875,9.160044642857143
2021-09-08,50.16428571428571,213.29999999999998,1.0,26.156845238095237,89.89806547619048,99.51785714285714,7.253720238095238
2021-09-09,16.001785714285713,24.799999999999994,1.0,26.38110119047619,89.28348214285714,96.22172619047619,8.560267857142858
2021-09-10,14.426785714285714,33.0,1.0,26.656770833333333,88.74851190476191,94.37723214285714,7.007886904761905
2021-09-11,7.439285714285714,15.3,1.0,27.00699404761905,85.97693452380952,89.75818452380952,7.990848214285714
2021-09-12,0.18214285714285716,1.5999999999999999,0.8035714285714286,27.783556547619046,77.16741071428571,98.50892857142857,12.502380952380951
2021-09-13,2.219642857142857,9.0,0.9285714285714286,28.584449404761905,74.796875,75.41369047619048,12.738318452380952
2021-09-14,9.142857142857142,23.700000000000006,1.0,27.759895833333335,80.84895833333334,97.35342261904762,10.539657738095238
2021-09-15,12.9375,21.8,1.0,26.411086309523807,89.22842261904762,98.41964285714286,6.493005952380953
2021-09-16,10.516071428571427,17.400000000000006,1.0,26.849776785714287,86.06770833333334,95.99032738095238,10.264732142857143
2021-09-17,1.6696428571428572,9.9,0.9821428571428571,27.83511904761905,81.60044642857143,97.91443452380952,9.77470238095238
2021-09-18,1.2017857142857142,4.2,0.9821428571428571,28.085863095238096,83.01860119047619,69.00446428571429,6.132961309523809
2021-09-19,4.8125,15.1,1.0,27.414657738095237,86.09300595238095,92.578125,4.664657738095237
2021-09-20,31.130357142857143,55.5,1.0,26.36264880952381,90.41889880952381,99.27604166666666,5.8106398809523805
2021-09-21,31.37857142857143,39.7,1.0,25.906473214285715,89.59375,98.79464285714286,8.846205357142857
2021-09-22,17.319642857142856,23.1,1.0,26.340997023809525,88.98883928571429,95.45758928571429,8.26733630952381
2021-09-23,16.810714285714287,27.3,1.0,26.91674107142857,86.78199404761905,93.15104166666666,6.119940476190476
2021-09-24,15.707142857142857,24.5,1.0,27.052827380952383,86.38020833333334,99.91666666666666,7.619642857142857
2021-09-25,21.56607142857143,34.6,1.0,26.204017857142855,90.08779761904762,99.93229166666666,9.405729166666665
2021-09-26,24.926785714285717,39.4,1.0,25.522395833333338,93.00520833333334,99.67410714285714,9.508630952380953
2021-09-27,11.169642857142858,22.5,1.0,26.528273809523814,86.77529761904762,96.93154761904762,4.579389880952381
2021-09-28,6.951785714285714,11.799999999999999,1.0,26.931770833333335,87.90550595238095,78.47395833333334,4.490550595238095
2021-09-29,2.7267857142857146,7.000000000000001,1.0,28.23199404761905,85.765625,41.05357142857143,4.962872023809524
2021-09-30,6.410714285714286,15.699999999999998,1.0,28.17373511904762,85.99627976190477,82.77901785714286,4.4436011904761905
2021-10-01,1.1267857142857143,3.7,1.0,28.57313988095238,83.07514880952381,62.90922619047619,8.4234375
2021-10-02,6.010714285714285,11.499999999999998,1.0,28.105877976190474,82.91071428571429,92.52752976190477,8.621205357142857
2021-10-03,9.451785714285714,23.0,1.0,27.300074404761904,85.77380952380952,93.97470238095238,4.390699404761905
2021-10-04,2.45,6.2,1.0,27.633184523809522,84.81026785714286,69.48214285714286,4.950372023809524
2021-10-05,0.6678571428571428,2.2,0.9821428571428571,28.233035714285712,80.06919642857143,63.39434523809524,9.165252976190477
2021-10-06,23.101785714285715,40.9,1.0,27.157738095238095,87.26264880952381,97.07142857142857,6.319642857142858
2021-10-07,8.189285714285713,15.299999999999995,1.0,27.27090773809524,85.30282738095238,96.75520833333334,5.7144345238095235
2021-10-08,0.28928571428571426,1.3,0.7142857142857143,27.72373511904762,84.47916666666666,88.09077380952381,6.403050595238095
2021-10-09,1.3142857142857143,5.5,1.0,27.66577380952381,82.84672619047619,95.43898809523809,7.943675595238096
2021-10-10,0.9803571428571428,2.9000000000000004,0.9642857142857143,28.316145833333334,80.47693452380952,87.27306547619048,10.307142857142859
2021-10-11,8.875,14.099999999999998,1.0,28.10200892857143,83.71875,88.44642857142857,8.950372023809523
2021-10-12,24.06607142857143,39.80000000000001,1.0,27.31845238095238,87.74255952380952,92.56919642857143,8.192113095238096
2021-10-13,5.7625,14.4,1.0,27.139880952380953,87.22470238095238,99.86011904761905,5.872693452380952
2021-10-14,19.974999999999998,40.9,1.0,27.128943452380952,87.04092261904762,99.63467261904762,7.409002976190476
2021-10-15,31.64464285714286,50.4,1.0,26.100446428571427,90.68824404761905,99.86830357142857,7.261160714285714
2021-10-16,14.2125,20.600000000000005,1.0,27.094866071428573,85.89434523809523,94.91145833333334,8.18169642857143
2021-10-17,53.09464285714285,70.6,1.0,24.01421130952381,92.70238095238095,100.0,7.790848214285715
2021-10-18,5.832142857142856,12.000000000000002,1.0,24.479910714285715,84.60714285714286,99.05357142857143,8.740327380952381
2021-10-19,1.0142857142857145,2.9000000000000004,0.9821428571428571,26.042931547619048,84.26860119047619,59.000744047619044,5.021205357142857
2021-10-20,1.019642857142857,5.2,0.9821428571428571,27.293675595238096,86.25148809523809,81.70833333333334,5.296651785714286
2021-10-21,6.0,13.5,1.0,27.186383928571427,86.61235119047619,94.78497023809523,5.208630952380952
2021-10-22,16.50357142857143,26.6,1.0,26.30364583333333,88.84375,98.65029761904762,5.708258928571428
2021-10-23,16.8125,30.999999999999996,1.0,25.772321428571427,87.06101190476191,92.76339285714286,9.099776785714285
2021-10-24,3.207142857142857,13.0,1.0,26.166815476190475,82.78943452380952,55.78794642857143,7.329241071428571
2021-10-25,0.5303571428571429,2.5,0.7678571428571429,26.487127976190475,77.73288690476191,70.40550595238095,7.649255952380953
2021-10-26,0.1875,2.1,0.48214285714285715,27.11264880952381,76.62202380952381,63.382440476190474,6.376488095238095
2021-10-27,0.0,0.0,0.0,26.99717261904762,74.33184523809523,66.84895833333333,8.025223214285715
2021-10-28,5.889285714285714,20.00000000000001,0.9821428571428571,26.127008928571428,81.53571428571429,92.15848214285714,8.333333333333334
2021-10-29,6.0946428571428575,13.2,1.0,26.886607142857144,83.42633928571429,67.82738095238095,6.854166666666666
2021-10-30,5.582142857142856,17.3,1.0,27.052901785714287,85.80208333333334,68.07738095238095,5.965029761904762
2021-10-31,7.374999999999999,19.799999999999997,1.0,26.51815476190476,88.68005952380952,99.20461309523809,5.958705357142857
2021-11-01,7.7124999999999995,13.399999999999999,1.0,26.390625,89.51488095238095,99.23288690476191,6.004910714285714
2021-11-02,9.601785714285713,20.9,1.0,26.472544642857144,88.97395833333334,99.60267857142857,6.217931547619048
2021-11-03,0.5446428571428571,3.1,1.0,27.077008928571427,82.29538690476191,86.21205357142857,7.363988095238095
2021-11-04,0.14285714285714285,0.30000000000000004,0.8571428571428571,27.587127976190477,80.25372023809523,92.82663690476191,5.70952380952381
2021-11-05,0.35892857142857143,1.8,0.9464285714285714,28.16688988095238,79.09821428571429,92.42038690476191,5.584821428571429
2021-11-06,8.237499999999999,31.400000000000002,1.0,27.013541666666665,86.77901785714286,97.84077380952381,4.135416666666666
2021-11-07,7.2732142857142845,19.6,1.0,27.27447916666667,86.53943452380952,81.40848214285714,4.593898809523809
2021-11-08,9.453571428571427,20.3,1.0,26.898511904761904,86.35788690476191,91.08482142857143,8.10282738095238
2021-11-09,1.3375000000000001,10.4,0.9642857142857143,26.751190476190477,77.41592261904762,66.97767857142857,10.851636904761905
2021-11-10,0.005357142857142858,0.2,0.03571428571428571,26.377604166666664,73.34077380952381,71.64583333333333,8.096875
2021-11-11,0.0,0.0,0.0,26.272321428571427,74.73660714285714,74.41889880952381,6.018452380952381
2021-11-12,1.1696428571428572,6.8,0.7142857142857143,26.549627976190475,76.38764880952381,95.66294642857143,6.461160714285714
2021-11-13,3.689285714285714,8.5,0.9107142857142857,25.912946428571427,79.07738095238095,82.74553571428571,7.528943452380952
2021-11-14,0.16785714285714287,1.4000000000000001,0.7678571428571429,25.945907738095237,76.515625,78.88244047619048,8.522842261904762
2021-11-15,0.3803571428571429,1.5,0.6607142857142857,26.743080357142855,76.75372023809523,59.18080357142857,7.616964285714286
2021-11-16,8.6125,19.100000000000005,1.0,26.554836309523807,83.63020833333334,96.97619047619048,7.768824404761905
2021-11-17,2.9892857142857143,12.1,1.0,27.26830357142857,81.80282738095238,66.01860119047619,6.3534226190476195
2021-11-18,7.060714285714285,15.799999999999997,1.0,26.893824404761904,81.59226190476191,78.93229166666666,8.088020833333333
2021-11-19,0.7571428571428572,4.0,0.9107142857142857,27.781175595238096,80.63541666666666,45.626488095238095,6.314732142857143
2021-11-20,1.8714285714285714,8.0,0.9642857142857143,27.81927083333333,83.51413690476191,67.8125,4.010639880952381
2021-11-21,3.930357142857143,14.9,1.0,27.729464285714283,84.16592261904762,66.27083333333333,4.44858630952381
2021-11-22,10.4125,21.8,1.0,27.59940476190476,84.28869047619048,48.99107142857143,6.38139880952381
2021-11-23,13.441071428571428,29.600000000000005,1.0,26.103199404761906,83.68601190476191,99.20684523809523,10.302901785714285
2021-11-24,0.4321428571428571,2.3000000000000003,0.5,25.78697916666667,75.05505952380952,70.10639880952381,9.109672619047618
2021-11-25,0.0,0.0,0.0,26.252752976190475,70.31026785714286,76.08110119047619,7.4071428571428575
2021-11-26,0.0,0.0,0.0,26.390625,69.42261904761905,64.64657738095238,7.565252976190476
2021-11-27,0.0,0.0,0.0,25.492410714285715,66.10416666666667,41.32440476190476,9.88764880952381
2021-11-28,0.0,0.0,0.0,25.38452380952381,63.485119047619044,48.84375,11.02470238095238
2021-11-29,1.5214285714285716,5.699999999999999,0.9464285714285714,26.493750000000002,62.988839285714285,84.35193452380952,12.924107142857142
2021-11-30,0.7464285714285716,4.1,0.9285714285714286,25.0531994047619,68.90699404761905,95.16815476190477,11.348958333333332
2021-12-01,0.06071428571428572,0.4,0.30357142857142855,24.994568452380953,58.957589285714285,61.111607142857146,11.786904761904761
2021-12-02,0.0,0.0,0.0,25.042708333333334,61.32217261904761,72.34598214285714,10.164880952380953
2021-12-03,0.0,0.0,0.0,24.589806547619048,58.13095238095239,47.58333333333333,8.722693452380954
2021-12-04,0.0,0.0,0.0,22.74501488095238,58.15104166666667,82.17485119047619,8.179315476190476
2021-12-05,0.0,0.0,0.0,22.051711309523814,58.15252976190476,65.01264880952381,9.509895833333333
2021-12-06,0.0,0.0,0.0,23.54263392857143,59.30877976190476,54.305059523809526,9.597619047619048
2021-12-07,0.0,0.0,0.0,24.056919642857142,58.716517857142854,17.988095238095237,7.345982142857143
2021-12-08,0.0,0.0,0.0,24.045386904761905,56.42559523809524,7.689732142857143,8.214583333333334
2021-12-09,0.375,1.9000000000000001,0.5714285714285714,25.458184523809525,63.058035714285715,58.83407738095239,8.558110119047619
2021-12-10,0.0035714285714285718,0.1,0.03571428571428571,26.52529761904762,66.51116071428571,64.21354166666667,7.388690476190476
2021-12-11,0.0,0.0,0.0,26.58191964285714,62.92485119047619,29.625744047619047,7.870014880952381
2021-12-12,0.0,0.0,0.0,25.685267857142858,60.41815476190476,5.002976190476191,8.252380952380951
2021-12-13,0.0,0.0,0.0,25.64925595238095,61.07440476190476,19.788690476190478,11.199181547619048
2021-12-14,0.0,0.0,0.0,25.369791666666664,63.270089285714285,45.689732142857146,6.7637648809523805
2021-12-15,0.0,0.0,0.0,25.843526785714285,65.34151785714286,75.54092261904762,7.028497023809523
2021-12-16,0.0,0.0,0.0,26.677752976190476,64.34002976190476,64.79389880952381,7.413764880952381
2021-12-17,0.021428571428571432,0.2,0.16071428571428573,28.23251488095238,58.85267857142857,79.44270833333334,9.79546130952381
2021-12-18,0.005357142857142858,0.1,0.05357142857142857,27.81688988095238,57.11458333333333,69.06622023809524,11.62924107142857
2021-12-19,0.0,0.0,0.0,24.839732142857144,58.398809523809526,94.07886904761905,9.59077380952381
2021-12-20,0.0,0.0,0.0,23.606324404761903,59.92708333333333,27.418898809523807,7.9171875
2021-12-21,0.0,0.0,0.0,24.48110119047619,60.395089285714285,39.55357142857143,6.202380952380952
2021-12-22,0.0,0.0,0.0,25.581622023809523,61.83854166666667,42.379464285714285,6.064880952380952
2021-12-23,0.03214285714285715,0.30000000000000004,0.19642857142857142,26.03891369047619,64.92931547619047,14.026785714285714,5.401785714285714
2021-12-24,0.8589285714285715,2.8999999999999995,0.9285714285714286,26.278497023809525,74.98214285714286,24.833333333333336,6.29828869047619
2021-12-25,4.496428571428571,7.8999999999999995,1.0,25.76458333333333,79.88169642857143,42.499255952380956,7.340178571428572
2021-12-26,4.035714285714286,18.700000000000003,1.0,25.905877976190478,76.93452380952381,33.83705357142857,7.635193452380952
2021-12-27,0.31428571428571433,1.1,0.6071428571428571,26.96979166666667,69.4546130952381,18.186011904761905,7.861979166666666
2021-12-28,0.0375,0.30000000000000004,0.30357142857142855,26.733630952380953,60.421130952380956,18.167410714285715,10.553869047619047
2021-12-29,0.0,0.0,0.0,27.09389880952381,58.326636904761905,20.473214285714285,10.757589285714285
2021-12-30,0.0017857142857142859,0.1,0.017857142857142856,26.906175595238096,60.98065476190476,61.023065476190474,10.175223214285714
2021-12-31,0.0,0.0,0.0,26.402083333333334,60.43154761904761,42.69047619047619,10.08139880952381
2022-01-01,0.0,0.0,0.0,25.353348214285717,62.220982142857146,49.12202380952381,8.416443452380951
2022-01-02,0.0,0.0,0.0,25.34404761904762,61.64583333333333,52.779017857142854,9.249330357142856
2022-01-03,0.0,0.0,0.0,25.84813988095238,63.1875,74.33630952380952,8.379166666666666
2022-01-04,0.0,0.0,0.0,25.920535714285712,67.36309523809524,63.843005952380956,6.812872023809525
2022-01-05,0.0,0.0,0.0,26.20029761904762,66.45535714285714,38.92485119047619,5.5772321428571425
2022-01-06,0.0,0.0,0.0,26.320684523809526,64.42113095238095,59.70684523809524,5.955282738095238
2022-01-07,0.0,0.0,0.0,26.537872023809523,62.733630952380956,4.420386904761904,7.1380952380952385
2022-01-08,0.0,0.0,0.0,27.015401785714285,61.623511904761905,20.553571428571427,6.575074404761905
2022-01-09,0.0,0.0,0.0,26.727232142857144,61.485119047619044,0.052827380952380945,6.4584077380952385
2022-01-10,0.0,0.0,0.0,26.50342261904762,61.329613095238095,5.793154761904762,5.2100446428571425
2022-01-11,0.0,0.0,0.0,26.713839285714283,63.72544642857143,8.316964285714286,6.025669642857143
2022-01-12,0.15892857142857145,1.2999999999999998,0.7321428571428571,27.22998511904762,70.45238095238095,56.15029761904761,7.718675595238095
2022-01-13,0.014285714285714287,0.2,0.10714285714285714,27.376562500000002,69.32886904761905,20.816964285714285,6.927529761904762
2022-01-14,0.10892857142857144,0.7,0.5535714285714286,26.89389880952381,70.39508928571429,16.657738095238095,7.0546875
2022-01-15,0.0,0.0,0.0,26.604464285714283,69.0922619047619,30.473214285714285,6.733779761904763
2022-01-16,0.014285714285714287,0.1,0.14285714285714285,26.802232142857143,68.31175595238095,37.40997023809524,6.003869047619047
2022-01-17,0.075,0.6,0.32142857142857145,27.120684523809526,65.44122023809524,40.00892857142857,5.324330357142857
2022-01-18,0.0,0.0,0.0,27.42083333333333,55.264880952380956,73.66294642857143,8.2765625
2022-01-19,0.0017857142857142859,0.1,0.017857142857142856,26.815252976190475,56.58333333333333,51.127232142857146,9.807886904761904
2022-01-20,0.06607142857142857,0.30000000000000004,0.44642857142857145,26.86190476190476,61.914434523809526,38.335565476190474,9.229687499999999
2022-01-21,12.866071428571429,45.60000000000001,1.0,25.09970238095238,82.65104166666666,79.84449404761905,10.14233630952381
2022-01-22,2.0839285714285714,12.099999999999998,1.0,25.439880952380953,82.21577380952381,36.163690476190474,10.543526785714286
2022-01-23,1.8464285714285715,23.3,0.9464285714285714,25.867410714285715,78.37425595238095,17.869047619047617,6.9383928571428575
2022-01-24,0.4107142857142857,1.7,0.625,26.13831845238095,75.59821428571429,12.411458333333332,5.66733630952381
2022-01-25,0.0,0.0,0.0,26.350223214285712,73.63244047619048,12.736607142857142,5.9662202380952385
2022-01-26,0.2571428571428572,1.9,0.6428571428571429,26.93705357142857,76.56398809523809,21.273065476190478,6.472916666666667
2022-01-27,0.5553571428571429,2.4,0.875,27.415327380952384,79.29464285714286,19.123511904761905,5.563616071428571
2022-01-28,0.22142857142857145,1.4000000000000001,0.8214285714285714,27.588541666666664,79.13095238095238,15.386904761904761,6.215997023809523
2022-01-29,0.225,0.8,0.7678571428571429,28.245163690476193,76.11830357142857,22.284226190476193,9.495386904761904
2022-01-30,0.0035714285714285718,0.2,0.017857142857142856,28.061979166666667,69.65178571428571,35.12425595238095,8.222321428571428
2022-01-31,0.34464285714285714,1.5000000000000004,0.7321428571428571,27.60610119047619,75.94717261904762,28.720982142857142,10.818526785714285
2022-02-01,0.6321428571428571,4.6,1.0,27.81279761904762,74.39508928571429,39.27827380952381,12.785714285714286
2022-02-02,2.4107142857142856,5.5,1.0,27.13251488095238,79.01711309523809,45.95833333333333,9.968377976190476
2022-02-03,0.6160714285714286,2.1,0.9642857142857143,27.472395833333334,76.95014880952381,22.790178571428573,6.909895833333333
2022-02-04,2.5375,7.8999999999999995,1.0,26.510788690476193,78.75,33.476190476190474,7.5790178571428575
2022-02-05,1.5125,11.2,0.5,27.081770833333334,69.12797619047619,53.39434523809524,8.663839285714285
2022-02-06,0.0,0.0,0.0,27.511681547619048,58.36532738095239,70.18452380952381,7.587053571428571
2022-02-07,0.0071428571428571435,0.2,0.05357142857142857,28.13325892857143,63.539434523809526,38.254464285714285,5.014360119047619
2022-02-08,0.03035714285714286,0.1,0.30357142857142855,28.750520833333333,64.7514880952381,23.208333333333336,5.202083333333333
2022-02-09,1.242857142857143,2.5,0.9821428571428571,28.204761904761906,77.71205357142857,42.986607142857146,7.934449404761905
2022-02-10,8.7625,18.9,1.0,27.480431547619048,79.22767857142857,79.98586309523809,7.423214285714286
2022-02-11,15.960714285714287,34.10000000000001,1.0,27.37172619047619,81.44196428571429,87.17931547619048,5.779166666666667
2022-02-12,4.730357142857143,11.8,1.0,26.497619047619047,85.51339285714286,73.71130952380952,5.121651785714286
2022-02-13,1.5178571428571428,3.9,1.0,27.304613095238096,82.52232142857143,29.419642857142858,5.989285714285714
2022-02-14,17.15357142857143,34.800000000000004,1.0,26.29828869047619,85.90997023809523,74.69196428571429,6.292857142857143
2022-02-15,14.805357142857144,32.00000000000001,1.0,25.149032738095237,89.64657738095238,91.38392857142857,7.552380952380952
2022-02-16,13.794642857142858,27.700000000000006,1.0,25.153199404761903,88.67336309523809,96.71726190476191,6.3540922619047615
2022-02-17,10.267857142857142,22.799999999999997,1.0,25.27075892857143,89.171875,95.59598214285714,7.121800595238095
2022-02-18,9.178571428571429,24.700000000000006,1.0,25.98251488095238,87.14360119047619,86.27306547619048,7.529092261904762
2022-02-19,10.457142857142857,34.199999999999996,1.0,27.181026785714288,82.75297619047619,63.936011904761905,12.608556547619047
2022-02-20,2.442857142857143,14.000000000000002,0.9642857142857143,27.876934523809524,82.01264880952381,43.008184523809526,13.73452380952381
2022-02-21,3.1410714285714287,6.9,1.0,26.233482142857145,84.79017857142857,62.54315476190476,9.3265625
2022-02-22,0.048214285714285716,1.5,0.10714285714285714,24.682440476190475,72.97172619047619,58.108630952380956,7.313541666666667
2022-02-23,0.03214285714285715,0.4,0.19642857142857142,25.52611607142857,70.07738095238095,36.89732142857143,8.319270833333333
2022-02-24,0.0,0.0,0.0,24.64107142857143,61.99330357142857,52.83110119047619,9.94389880952381
2022-02-25,0.0,0.0,0.0,24.75424107142857,62.930059523809526,36.072916666666664,8.452306547619047
2022-02-26,0.0,0.0,0.0,25.19561011904762,61.141369047619044,47.74330357142857,7.774851190476191
2022-02-27,0.0,0.0,0.0,26.337127976190477,60.595238095238095,65.29613095238095,8.966294642857143
2022-02-28,0.0,0.0,0.0,27.493973214285713,65.74553571428571,53.60342261904761,5.682366071428571
2022-03-01,0.4517857142857143,1.6,0.8035714285714286,28.24233630952381,76.75223214285714,41.544642857142854,7.5984375
2022-03-02,1.0017857142857143,2.6,0.9642857142857143,28.292782738095237,78.86607142857143,41.66517857142857,8.319940476190476
2022-03-03,1.155357142857143,4.499999999999998,0.9821428571428571,28.677083333333336,78.01934523809523,41.482886904761905,7.467485119047619
2022-03-04,0.11785714285714287,0.6,0.48214285714285715,28.867038690476193,76.00446428571429,68.83333333333333,7.508407738095237
2022-03-05,0.6357142857142858,3.0,0.9107142857142857,29.234002976190478,77.61904761904762,55.664434523809526,9.740327380952381
2022-03-06,0.06071428571428572,0.6,0.26785714285714285,29.352455357142855,76.34598214285714,50.511160714285715,12.541145833333333
2022-03-07,15.601785714285715,27.299999999999997,1.0,28.659598214285715,78.97842261904762,65.88541666666667,8.596354166666666
2022-03-08,5.476785714285714,17.400000000000002,1.0,26.466294642857143,80.56919642857143,89.12872023809523,8.016964285714286
2022-03-09,0.06607142857142857,0.4,0.3392857142857143,27.76138392857143,76.42931547619048,8.890625,4.736160714285715
2022-03-10,1.0946428571428573,3.6999999999999997,0.9642857142857143,28.387202380952377,78.11160714285714,27.16220238095238,8.107886904761905
2022-03-11,1.075,3.0,0.9821428571428571,28.899181547619047,77.76264880952381,39.67708333333333,7.859821428571428
2022-03-12,0.2642857142857143,1.3000000000000003,0.9285714285714286,29.43988095238095,76.34077380952381,27.001488095238095,7.470907738095238
2022-03-13,0.675,1.8000000000000003,0.9285714285714286,29.333928571428572,78.88690476190477,72.65104166666667,8.742633928571427
2022-03-14,0.05178571428571429,0.6,0.2857142857142857,29.465773809523807,78.11979166666666,87.69791666666666,12.217261904761907
2022-03-15,0.05714285714285715,1.2,0.23214285714285715,29.569791666666667,75.55803571428571,48.078125,11.892113095238097
2022-03-16,2.430357142857143,8.799999999999999,1.0,29.19077380952381,75.42113095238095,75.37053571428571,12.252008928571428
2022-03-17,1.242857142857143,6.5,0.625,29.423883928571428,74.16666666666666,38.96875,10.601041666666669
2022-03-18,7.0303571428571425,18.1,1.0,28.204315476190477,79.16369047619048,74.62648809523809,7.436160714285714
2022-03-19,0.375,3.1,0.4642857142857143,28.13497023809524,73.35416666666666,59.860863095238095,6.322544642857143
2022-03-20,7.253571428571428,14.899999999999999,1.0,27.55386904761905,81.79910714285714,97.77529761904762,9.648660714285715
2022-03-21,5.378571428571428,13.299999999999997,1.0,27.723363095238092,79.98065476190477,97.45089285714286,13.60141369047619
2022-03-22,5.258928571428571,10.0,1.0,27.562574404761904,82.09226190476191,86.87872023809523,10.711235119047618
2022-03-23,5.851785714285714,12.5,1.0,26.857142857142858,85.62723214285714,95.74627976190477,8.030729166666667
2022-03-24,5.882142857142857,16.9,1.0,27.64925595238095,83.40773809523809,98.25520833333334,7.808035714285714
2022-03-25,4.141071428571428,9.1,1.0,28.203497023809526,82.04241071428571,76.65922619047619,8.539955357142857
2022-03-26,0.3803571428571429,1.2,0.9107142857142857,29.199627976190477,78.43824404761905,18.300595238095237,9.85029761904762
2022-03-27,0.14285714285714285,0.9,0.48214285714285715,29.507440476190478,77.90848214285714,25.101934523809522,8.791741071428572
2022-03-28,3.8446428571428575,7.9,1.0,28.86450892857143,79.77529761904762,71.57142857142857,8.078422619047618
2022-03-29,9.167857142857143,17.7,1.0,27.93645833333333,82.51116071428571,96.84598214285714,6.258407738095237
2022-03-30,4.635714285714285,9.299999999999997,1.0,27.906770833333333,81.66443452380952,67.07886904761905,5.428497023809524
2022-03-31,5.664285714285714,16.9,1.0,28.60059523809524,79.14360119047619,56.90997023809524,6.428348214285714
2022-04-01,1.032142857142857,11.799999999999999,0.9107142857142857,28.345684523809524,72.80357142857143,85.76636904761905,9.600372023809523
2022-04-02,0.0,0.0,0.0,25.16748511904762,63.34672619047619,98.14360119047619,14.685342261904763
2022-04-03,0.7517857142857143,1.6000000000000003,1.0,22.515699404761904,67.50446428571429,88.42931547619048,12.255654761904761
2022-04-04,0.0,0.0,0.0,25.772470238095234,61.52083333333333,51.991815476190474,8.553125
2022-04-05,0.0,0.0,0.0,27.341964285714283,60.66592261904761,48.76264880952381,7.025074404761904
2022-04-06,0.0,0.0,0.0,29.298065476190477,60.546875,46.54985119047619,7.249479166666667
2022-04-07,0.05535714285714286,0.7999999999999999,0.23214285714285715,29.72299107142857,56.919642857142854,84.94940476190477,10.738169642857143
2022-04-08,0.0,0.0,0.0,28.724999999999998,53.06770833333333,60.27455357142857,9.595833333333333
2022-04-09,0.0,0.0,0.0,28.858110119047616,57.060267857142854,29.668898809523807,6.247916666666667
2022-04-10,0.16428571428571428,0.9,0.375,29.459151785714287,65.76339285714286,46.120535714285715,6.942261904761905
2022-04-11,1.175,6.0,0.8928571428571429,29.451116071428572,73.46726190476191,78.69568452380952,9.711235119047618
2022-04-12,2.332142857142857,7.6000000000000005,0.9821428571428571,29.64389880952381,75.20535714285714,82.43526785714286,10.42470238095238
2022-04-13,0.9732142857142857,3.1999999999999997,0.8214285714285714,30.32247023809524,71.8764880952381,47.388392857142854,10.79032738095238
2022-04-14,0.14285714285714285,2.0,0.30357142857142855,31.051488095238096,67.17931547619047,47.72172619047619,8.760565476190477
2022-04-15,0.0,0.0,0.0,30.913467261904763,64.69717261904762,7.126488095238095,9.768526785714286
2022-04-16,0.13214285714285715,1.8,0.25,30.827232142857145,68.56845238095238,32.04761904761905,9.595386904761906
2022-04-17,3.876785714285714,9.9,1.0,29.99047619047619,73.34300595238095,57.97767857142857,9.972767857142857
2022-04-18,26.978571428571428,60.9,1.0,27.39032738095238,83.55952380952381,91.61755952380952,6.175669642857143
2022-04-19,9.866071428571429,16.5,1.0,27.0359375,83.13244047619048,94.29166666666666,6.424107142857143
2022-04-20,1.6160714285714286,8.0,0.9821428571428571,28.282886904761906,77.07514880952381,45.742559523809526,5.0487351190476195
2022-04-21,5.930357142857143,10.400000000000002,1.0,28.081324404761904,80.39434523809523,62.91220238095239,6.0303571428571425
2022-04-22,4.555357142857143,11.3,1.0,28.668526785714285,79.90550595238095,90.59226190476191,8.80625
2022-04-23,0.4892857142857143,1.6000000000000003,0.9642857142857143,29.503869047619048,77.02901785714286,25.34970238095238,9.422619047619047
2022-04-24,0.5482142857142857,2.0,0.8035714285714286,29.94613095238095,75.45758928571429,34.354910714285715,9.771428571428572
2022-04-25,0.6803571428571429,6.0,0.8214285714285714,30.08325892857143,76.0,46.158482142857146,12.563839285714286
2022-04-26,2.085714285714286,10.0,0.9642857142857143,30.38065476190476,74.96577380952381,71.30357142857143,12.324702380952383
2022-04-27,0.28750000000000003,1.4,0.5357142857142857,31.14776785714286,69.91964285714286,96.19196428571429,7.916145833333333
2022-04-28,12.314285714285715,31.500000000000004,1.0,30.56354166666667,78.03199404761905,84.39211309523809,10.786904761904763
2022-04-29,2.0142857142857142,5.800000000000001,1.0,28.813690476190477,77.77008928571429,98.39806547619048,4.802306547619048
2022-04-30,2.317857142857143,6.499999999999999,1.0,29.17083333333333,76.20684523809523,82.15476190476191,6.709821428571429
2022-05-01,8.52142857142857,17.6,1.0,28.263839285714287,80.75148809523809,98.65848214285714,7.1377976190476184
2022-05-02,33.294642857142854,56.800000000000004,1.0,26.112723214285715,79.76785714285714,99.29315476190477,12.485119047619047
2022-05-03,0.0,0.0,0.0,24.446875000000002,71.23214285714286,93.67410714285714,9.972023809523808
2022-05-04,0.28214285714285714,1.5,0.5178571428571429,24.477455357142855,76.18675595238095,94.72247023809523,7.122991071428571
2022-05-05,0.10892857142857144,0.8,0.375,26.876116071428573,77.87127976190477,91.63467261904762,6.347842261904762
2022-05-06,11.12142857142857,20.0,1.0,27.307886904761908,83.63318452380952,94.375,7.309747023809524
2022-05-07,6.169642857142857,13.6,1.0,27.250223214285715,86.42708333333334,97.75520833333334,7.8021577380952385
2022-05-08,6.171428571428571,16.799999999999997,1.0,27.13779761904762,85.32291666666666,98.57217261904762,6.559523809523809
2022-05-09,12.360714285714284,26.5,1.0,27.391145833333333,84.875,92.51041666666666,8.480357142857143
2022-05-10,5.283928571428571,9.599999999999998,1.0,27.42254464285714,84.82961309523809,98.31696428571429,8.779389880952381
2022-05-11,17.71607142857143,28.20000000000001,1.0,27.34404761904762,86.44866071428571,99.59970238095238,8.15044642857143
2022-05-12,6.8999999999999995,17.900000000000002,1.0,28.24627976190476,83.51413690476191,98.69419642857143,7.14702380952381
2022-05-13,0.5107142857142858,3.9,0.7857142857142857,29.25096726190476,78.49925595238095,87.31101190476191,8.111755952380951
2022-05-14,3.044642857142857,8.600000000000001,0.9821428571428571,29.50342261904762,78.54910714285714,97.92708333333334,7.713988095238095
2022-05-15,4.791071428571429,13.499999999999998,1.0,29.440252976190475,81.61383928571429,97.63318452380952,7.47485119047619
2022-05-16,14.237499999999999,27.1,1.0,28.904464285714283,80.46056547619048,94.35416666666666,7.840178571428572
2022-05-17,28.5375,49.699999999999996,1.0,26.748214285714287,86.87053571428571,99.49330357142857,7.092633928571429
2022-05-18,20.803571428571427,34.300000000000004,1.0,26.513169642857143,88.13318452380952,99.84672619047619,6.38921130952381
2022-05-19,18.301785714285717,30.200000000000003,1.0,27.38407738095238,84.96354166666666,99.95833333333334,11.313541666666666
2022-05-20,11.62142857142857,27.200000000000003,1.0,28.132440476190474,80.36607142857143,98.07068452380952,15.004315476190476
2022-05-21,9.098214285714286,16.599999999999998,1.0,27.568973214285712,84.42931547619048,99.96130952380952,15.360714285714286
2022-05-22,13.332142857142857,26.3,1.0,26.75766369047619,86.24925595238095,99.36011904761905,12.308407738095239
2022-05-23,1.1267857142857143,3.5000000000000004,0.9821428571428571,28.151041666666664,79.03720238095238,90.91592261904762,11.20967261904762
2022-05-24,14.5875,28.799999999999997,1.0,28.068080357142858,80.44047619047619,99.50446428571429,11.127157738095239
2022-05-25,2.5714285714285716,9.100000000000001,1.0,27.980505952380952,81.64434523809523,99.23065476190477,9.155431547619047
2022-05-26,2.619642857142857,8.6,1.0,28.152529761904763,78.25818452380952,98.67559523809523,10.466815476190476
2022-05-27,7.576785714285713,20.1,1.0,28.49151785714286,77.27529761904762,96.96279761904762,11.14561011904762
2022-05-28,6.207142857142857,20.499999999999996,1.0,28.030357142857145,79.24479166666666,77.57663690476191,10.758854166666666
2022-05-29,5.203571428571428,11.599999999999998,1.0,28.308630952380952,79.60565476190477,77.34672619047619,9.927306547619049
2022-05-30,5.873214285714285,16.1,1.0,28.244642857142857,77.68303571428571,94.04538690476191,10.703348214285715
2022-05-31,6.671428571428571,17.0,1.0,28.272098214285712,80.81919642857143,85.97693452380952,7.342633928571429
2022-06-01,1.7946428571428572,8.4,0.875,28.73482142857143,80.50892857142857,99.79166666666666,7.171354166666667
2022-06-02,2.0160714285714287,5.7,0.9821428571428571,28.952157738095234,78.40401785714286,98.87053571428571,9.18422619047619
2022-06-03,8.169642857142858,17.8,1.0,28.50513392857143,80.07440476190477,97.53869047619048,11.056919642857142
2022-06-04,5.841071428571428,14.299999999999999,1.0,27.969122023809522,80.89657738095238,99.64211309523809,11.973065476190476
2022-06-05,1.3678571428571427,4.5,1.0,28.126116071428573,80.44717261904762,96.43303571428571,8.403273809523808
2022-06-06,0.9214285714285715,4.8,0.9642857142857143,28.111160714285717,78.77901785714286,99.79910714285714,8.640997023809524
2022-06-07,1.7321428571428572,12.6,0.9821428571428571,28.37514880952381,73.83705357142857,99.95982142857143,9.899925595238097
2022-06-08,0.3125,1.8,0.6607142857142857,28.556250000000002,73.21502976190477,97.87872023809523,9.0546875
2022-06-09,2.3017857142857143,7.4,0.9642857142857143,28.815848214285715,76.87276785714286,96.07291666666666,8.342113095238094
2022-06-10,2.6607142857142856,22.900000000000006,0.9107142857142857,28.543154761904763,78.78645833333334,99.12574404761905,8.482886904761903
2022-06-11,1.5125,5.3999999999999995,0.875,28.93921130952381,77.87127976190477,98.93229166666666,7.866220238095238
2022-06-12,0.5928571428571429,2.7,0.8392857142857143,29.461830357142855,74.29836309523809,96.77901785714286,7.605505952380953
2022-06-13,8.508928571428571,17.3,1.0,28.96941964285714,77.52455357142857,98.61681547619048,6.857068452380952
2022-06-14,3.8160714285714286,9.1,1.0,29.228497023809524,77.69494047619048,97.44791666666666,8.698809523809524
2022-06-15,5.269642857142856,17.700000000000003,1.0,29.082068452380952,76.72470238095238,89.20163690476191,9.828645833333335
2022-06-16,3.2285714285714286,9.5,1.0,28.988690476190477,77.04092261904762,98.94642857142857,8.737127976190475
2022-06-17,2.869642857142857,13.7,0.9464285714285714,29.642113095238095,75.29464285714286,91.65550595238095,7.069940476190476
2022-06-18,0.7232142857142857,6.1,0.5892857142857143,29.66324404761905,74.08705357142857,96.90625,6.680133928571429
2022-06-19,2.1196428571428574,13.0,0.9642857142857143,29.88995535714286,68.15625,74.11086309523809,9.731175595238096
2022-06-20,1.6160714285714286,6.699999999999999,0.8392857142857143,29.608110119047616,71.3296130952381,77.16443452380952,9.398883928571427
2022-06-21,14.158928571428572,31.199999999999996,1.0,28.639657738095234,75.35193452380952,96.00744047619048,8.250074404761905
2022-06-22,2.851785714285714,13.399999999999997,1.0,28.482589285714287,80.01711309523809,95.19270833333334,6.6968749999999995
2022-06-23,6.730357142857143,19.6,1.0,28.428794642857145,78.77827380952381,99.87425595238095,6.673139880952381
2022-06-24,17.44107142857143,30.7,1.0,28.002083333333335,80.16369047619048,99.96875,7.288318452380952
2022-06-25,4.951785714285714,9.9,1.0,27.665997023809524,82.87872023809523,99.55431547619048,6.695238095238095
2022-06-26,7.7875,16.499999999999996,1.0,27.527083333333334,82.93824404761905,99.94122023809523,10.860491071428571
2022-06-27,5.596428571428571,12.6,1.0,27.681696428571428,83.26934523809523,98.95610119047619,8.810044642857143
2022-06-28,6.067857142857142,15.299999999999999,1.0,28.153497023809525,81.93154761904762,87.08630952380952,6.219940476190476
2022-06-29,1.0446428571428572,3.4000000000000004,0.8928571428571429,29.02596726190476,78.06101190476191,81.67931547619048,8.887723214285714
2022-06-30,8.244642857142857,18.8,1.0,28.821800595238095,76.70535714285714,92.04761904761905,11.253422619047617
2022-07-01,8.814285714285713,17.0,1.0,29.013169642857143,74.61830357142857,99.0625,12.347098214285714
2022-07-02,8.285714285714286,15.9,1.0,28.32373511904762,79.23586309523809,98.66964285714286,10.972172619047617
2022-07-03,2.1785714285714284,6.7,0.9642857142857143,28.58861607142857,76.91443452380952,98.75967261904762,11.235119047619047
2022-07-04,10.141071428571427,26.9,1.0,28.2265625,80.59672619047619,99.79538690476191,11.986011904761906
2022-07-05,3.982142857142857,18.600000000000005,1.0,28.74322916666667,78.59375,99.77604166666666,11.602455357142857
2022-07-06,2.9660714285714285,18.500000000000004,0.9642857142857143,28.979910714285715,77.70907738095238,100.0,9.44248511904762
2022-07-07,6.635714285714285,15.999999999999998,1.0,28.653348214285717,78.90773809523809,99.97470238095238,8.791517857142857
2022-07-08,14.103571428571428,24.9,1.0,28.254613095238092,79.38764880952381,97.81473214285714,10.5296875
2022-07-09,12.826785714285714,23.8,1.0,27.17328869047619,85.421875,99.68229166666666,7.447916666666666
2022-07-10,2.4267857142857143,7.399999999999998,1.0,27.490178571428572,79.34747023809523,99.79910714285714,9.567708333333332
2022-07-11,3.494642857142857,15.999999999999998,1.0,27.60513392857143,77.67261904761905,98.68452380952381,10.013988095238094
2022-07-12,8.925,22.000000000000004,1.0,27.198660714285715,78.70386904761905,99.99925595238095,11.534151785714286
2022-07-13,5.675,8.3,1.0,26.001116071428573,85.34970238095238,99.99479166666666,10.463318452380951
2022-07-14,3.9464285714285716,14.299999999999999,1.0,27.676339285714285,80.19196428571429,99.55208333333334,8.199553571428572
2022-07-15,8.698214285714284,22.4,1.0,27.78735119047619,80.87053571428571,99.91294642857143,8.23311011904762
2022-07-16,10.614285714285714,25.499999999999996,1.0,27.77886904761905,83.65773809523809,90.90178571428571,8.363318452380954
2022-07-17,6.980357142857143,17.900000000000006,1.0,27.823511904761904,83.29613095238095,94.27678571428571,7.275148809523809
2022-07-18,5.896428571428571,10.6,1.0,28.909895833333334,78.70163690476191,86.625,9.396800595238094
2022-07-19,2.307142857142857,7.1,1.0,29.39635416666667,75.83333333333334,75.26190476190477,11.22983630952381
2022-07-20,19.446428571428573,38.699999999999996,1.0,28.12358630952381,79.14285714285714,100.0,9.75297619047619
2022-07-21,32.44285714285714,42.900000000000006,1.0,26.034449404761904,89.85639880952381,100.0,9.15186011904762
2022-07-22,10.494642857142855,26.4,1.0,27.259449404761906,84.18154761904762,96.42336309523809,9.762723214285714
2022-07-23,8.214285714285714,16.399999999999995,1.0,27.587872023809524,84.25148809523809,99.49776785714286,8.475520833333333
2022-07-24,17.27857142857143,30.4,1.0,27.125595238095237,86.86086309523809,95.75148809523809,4.405133928571429
2022-07-25,5.121428571428572,9.5,1.0,27.644047619047623,85.76041666666666,53.279761904761905,4.671056547619047
2022-07-26,1.7696428571428573,5.000000000000001,0.9107142857142857,28.53139880952381,82.265625,81.77232142857143,4.725595238095238
2022-07-27,0.9589285714285715,3.9,0.9464285714285714,28.87098214285714,79.30877976190477,85.76413690476191,7.063988095238095
2022-07-28,7.575,15.2,1.0,28.031622023809522,83.03273809523809,96.65327380952381,7.925446428571428
2022-07-29,1.0285714285714287,3.4,1.0,28.81845238095238,79.875,49.80729166666667,9.108556547619047
2022-07-30,2.314285714285714,5.3,1.0,29.021874999999998,78.33482142857143,98.82514880952381,7.010565476190476
2022-07-31,18.685714285714287,31.400000000000002,1.0,28.09702380952381,82.76711309523809,99.99776785714286,6.45766369047619
2022-08-01,31.660714285714285,42.7,1.0,26.71941964285714,89.49404761904762,95.18005952380952,6.9818452380952385
2022-08-02,11.591071428571428,23.700000000000003,1.0,26.728497023809524,87.52380952380952,98.80877976190477,10.969866071428571
2022-08-03,6.435714285714285,14.999999999999998,1.0,27.388244047619047,83.88020833333334,97.63616071428571,12.666815476190477
2022-08-04,10.560714285714285,20.5,1.0,27.572247023809524,84.01785714285714,98.95089285714286,7.139136904761905
2022-08-05,6.430357142857142,16.2,1.0,27.394642857142856,83.18973214285714,99.79836309523809,9.495907738095239
2022-08-06,3.025,10.7,1.0,28.15,78.97842261904762,99.98660714285714,11.64546130952381
2022-08-07,8.6625,22.499999999999996,1.0,27.46436011904762,81.74553571428571,98.99255952380952,11.227752976190475
2022-08-08,21.332142857142856,29.3,1.0,26.183184523809526,89.08258928571429,100.0,7.191443452380952
2022-08-09,7.0,10.600000000000001,1.0,26.064062500000002,86.38467261904762,97.92038690476191,6.4956845238095235
2022-08-10,3.5464285714285713,9.6,1.0,27.356473214285717,80.71428571428571,93.05729166666666,10.32983630952381
2022-08-11,20.958928571428572,36.8,1.0,27.29248511904762,83.15699404761905,99.99702380952381,11.655357142857142
2022-08-12,16.285714285714285,33.1,1.0,26.934375,84.76636904761905,99.99925595238095,10.869270833333333
2022-08-13,0.7428571428571429,2.1,0.9821428571428571,27.528645833333336,82.53720238095238,96.49776785714286,8.152827380952381
2022-08-14,1.8464285714285713,6.800000000000001,0.9464285714285714,28.27872023809524,79.38988095238095,76.04985119047619,6.905952380952381
2022-08-15,28.219642857142855,42.30000000000001,1.0,27.695833333333333,84.05133928571429,95.44717261904762,8.923958333333333
2022-08-16,15.442857142857141,38.20000000000001,1.0,26.778943452380954,86.63020833333334,99.83482142857143,10.048660714285715
2022-08-17,7.466071428571429,19.400000000000002,1.0,27.58340773809524,81.37425595238095,91.31622023809523,11.03623511904762
2022-08-18,5.060714285714285,15.499999999999996,1.0,27.85238095238095,81.52083333333334,80.72916666666666,8.799255952380951
2022-08-19,14.237499999999999,37.5,1.0,27.79159226190476,83.96651785714286,95.47321428571429,8.68095238095238
2022-08-20,11.2625,18.2,1.0,27.18735119047619,85.49702380952381,99.40922619047619,10.04970238095238
2022-08-21,12.278571428571428,23.6,1.0,27.52425595238095,84.26785714285714,100.0,8.736830357142857
2022-08-22,4.5625,15.399999999999999,1.0,27.860565476190477,82.78125,97.05431547619048,9.705729166666668
2022-08-23,0.31071428571428567,1.2,0.7321428571428571,28.351190476190474,79.06473214285714,82.50074404761905,7.668824404761905
2022-08-24,1.3482142857142858,5.7,0.625,28.962946428571428,78.45089285714286,87.35863095238095,7.9087797619047615
2022-08-25,22.160714285714285,39.7,1.0,27.167931547619048,85.45610119047619,99.99925595238095,8.655133928571429
2022-08-26,19.925,37.49999999999999,1.0,26.518973214285715,88.38467261904762,100.0,13.171875
2022-08-27,1.4071428571428573,4.000000000000001,1.0,27.16309523809524,85.14732142857143,93.80431547619048,9.853348214285715
2022-08-28,3.0767857142857147,10.899999999999999,1.0,27.969345238095237,83.83258928571429,85.77455357142857,4.708184523809523
2022-08-29,16.4,30.0,1.0,26.555654761904766,88.99553571428571,94.93898809523809,6.224255952380952
2022-08-30,2.1625,6.5,0.9642857142857143,27.291815476190475,85.54538690476191,85.25446428571429,4.474107142857143
2022-08-31,2.5214285714285714,9.7,0.9464285714285714,28.054464285714285,84.46279761904762,93.42336309523809,5.5399553571428575
2022-09-01,3.4767857142857146,13.0,1.0,28.08489583333333,85.31175595238095,74.78943452380952,4.584672619047619
2022-09-02,8.551785714285714,23.900000000000002,1.0,28.263988095238094,84.13616071428571,80.57589285714286,4.813169642857142
2022-09-03,7.5874999999999995,15.799999999999997,1.0,28.275818452380953,84.81473214285714,99.41666666666666,6.273139880952381
2022-09-04,17.773214285714285,43.69999999999998,1.0,28.082440476190474,84.51190476190477,90.88169642857143,7.273065476190476
2022-09-05,9.030357142857143,23.500000000000004,1.0,27.207961309523807,85.95535714285714,98.58556547619048,7.207886904761905
2022-09-06,17.871428571428574,29.700000000000006,1.0,27.135714285714283,85.20238095238095,99.30952380952381,5.778497023809523
2022-09-07,22.289285714285715,43.70000000000002,1.0,25.858258928571427,91.15997023809523,96.84300595238095,5.923214285714286
2022-09-08,25.475,36.2,1.0,25.16547619047619,92.28199404761905,99.91964285714286,6.795535714285714
2022-09-09,7.875,15.3,1.0,26.71830357142857,86.15252976190477,96.79166666666666,6.150223214285714
2022-09-10,20.189285714285717,32.0,1.0,26.675744047619048,86.31845238095238,94.34523809523809,5.703645833333333
2022-09-11,4.8875,12.499999999999998,1.0,27.42105654761905,82.09747023809523,89.33110119047619,6.6550595238095225
2022-09-12,10.332142857142856,23.3,1.0,26.87395833333333,85.61979166666666,92.31770833333334,5.80141369047619
2022-09-13,13.458928571428572,31.200000000000006,1.0,26.92046130952381,87.11011904761905,70.43080357142857,4.527306547619047
2022-09-14,8.767857142857142,21.299999999999997,1.0,27.083258928571432,86.23363095238095,92.26116071428571,5.903497023809523
2022-09-15,9.098214285714286,25.2,1.0,27.42752976190476,84.234375,95.81994047619048,7.926636904761905
2022-09-16,5.808928571428571,14.799999999999997,1.0,27.69747023809524,81.50669642857143,84.11904761904762,8.88110119047619
2022-09-17,12.901785714285714,31.399999999999995,1.0,27.531622023809526,83.06547619047619,90.88467261904762,7.825967261904762
2022-09-18,14.176785714285714,31.099999999999998,1.0,26.90863095238095,86.54985119047619,99.21130952380952,8.089434523809524
2022-09-19,12.160714285714286,20.8,1.0,26.811160714285712,83.09300595238095,99.95610119047619,8.790550595238095
2022-09-20,2.4482142857142857,10.6,1.0,27.48035714285714,73.46577380952381,96.09821428571429,10.73608630952381
2022-09-21,13.373214285714285,28.6,1.0,27.132217261904763,77.25372023809523,95.72991071428571,8.254464285714286
2022-09-22,18.1375,35.099999999999994,1.0,26.41264880952381,87.48809523809523,99.97767857142857,5.547619047619048
2022-09-23,14.821428571428571,27.300000000000004,1.0,26.042931547619048,89.36532738095238,99.86160714285714,4.589657738095238
2022-09-24,19.28392857142857,27.800000000000004,1.0,26.054910714285715,88.49107142857143,99.90625,5.243824404761904
2022-09-25,24.99285714285714,46.300000000000004,1.0,25.741443452380953,90.41666666666666,99.984375,4.414285714285714
2022-09-26,28.7625,48.9,1.0,25.546651785714285,90.89806547619048,97.86904761904762,5.115699404761905
2022-09-27,17.114285714285714,30.7,1.0,25.76346726190476,90.01636904761905,86.95238095238095,6.267708333333333
2022-09-28,0.9517857142857142,4.1,1.0,26.803125,81.74404761904762,100.0,12.504464285714286
2022-09-29,19.14107142857143,29.4,1.0,25.89032738095238,89.29092261904762,100.0,12.866592261904762
2022-09-30,11.232142857142858,21.8,1.0,27.0859375,84.71502976190477,99.12276785714286,11.135267857142859
2022-10-01,9.114285714285714,26.400000000000002,1.0,27.291964285714283,84.36383928571429,99.77008928571429,9.94657738095238
2022-10-02,5.332142857142856,13.4,1.0,27.172767857142855,85.80877976190477,99.97247023809523,5.002827380952381
2022-10-03,25.75,38.300000000000004,1.0,25.486979166666664,90.92410714285714,99.79464285714286,7.0296875000000005
2022-10-04,11.596428571428572,17.6,1.0,25.992931547619044,87.31770833333334,98.29613095238095,8.264434523809523
2022-10-05,12.325,25.999999999999996,1.0,26.249404761904763,89.12797619047619,91.203125,6.076116071428571
2022-10-06,20.14107142857143,31.9,1.0,25.769345238095237,90.34821428571429,99.98883928571429,5.669122023809523
2022-10-07,26.142857142857142,41.80000000000001,1.0,26.072693452380953,88.41741071428571,99.34226190476191,5.43891369047619
2022-10-08,11.975,24.1,1.0,26.394494047619048,86.19642857142857,90.20461309523809,5.839360119047619
2022-10-09,15.789285714285715,42.1,1.0,26.173883928571428,88.46800595238095,98.11458333333334,5.358779761904762
2022-10-10,17.812499999999996,32.39999999999999,1.0,25.4155505952381,89.72544642857143,99.24851190476191,7.507961309523809
2022-10-11,12.028571428571427,28.8,1.0,25.588839285714283,85.64583333333334,87.25223214285714,7.267633928571429
2022-10-12,2.7232142857142856,9.1,0.9821428571428571,26.75238095238095,81.12351190476191,51.5625,5.528571428571429
2022-10-13,0.06607142857142857,0.30000000000000004,0.35714285714285715,27.211458333333333,73.87797619047619,51.95833333333333,7.304985119047619
2022-10-14,0.044642857142857144,0.30000000000000004,0.30357142857142855,26.703348214285715,70.88467261904762,99.74702380952381,6.580877976190477
2022-10-15,0.0017857142857142859,0.1,0.017857142857142856,25.02671130952381,70.65401785714286,99.99255952380952,8.96547619047619
2022-10-16,0.7642857142857142,1.9999999999999998,0.9464285714285714,22.959598214285712,77.23735119047619,98.97321428571429,10.73876488095238
2022-10-17,0.6125,2.6,0.8214285714285714,25.45922619047619,73.99330357142857,54.219494047619044,8.799330357142857
2022-10-18,0.0,0.0,0.0,25.99300595238095,66.89285714285714,23.956845238095237,9.396875
2022-10-19,0.0,0.0,0.0,26.097395833333334,65.60416666666667,48.87797619047619,9.377380952380951
2022-10-20,0.0,0.0,0.0,26.034375,70.74330357142857,75.28869047619048,8.744345238095239
2022-10-21,2.917857142857143,11.699999999999998,0.9821428571428571,26.254092261904763,77.21056547619048,86.74330357142857,6.939508928571429
2022-10-22,11.730357142857143,26.800000000000008,1.0,26.470238095238095,86.13988095238095,97.32961309523809,5.697395833333333
2022-10-23,4.739285714285714,19.500000000000004,1.0,27.01815476190476,81.21875,56.944940476190474,6.530282738095238
2022-10-24,0.37857142857142856,1.9,0.8214285714285714,27.901934523809526,78.26711309523809,55.220238095238095,5.7796875000000005
2022-10-25,0.0,0.0,0.0,28.42529761904762,72.82738095238095,80.22247023809523,6.91860119047619
2022-10-26,1.5464285714285715,4.9,1.0,28.300223214285715,74.72544642857143,98.49181547619048,6.855729166666667
2022-10-27,6.375,15.9,1.0,26.807663690476193,84.26711309523809,99.95014880952381,7.790104166666667
2022-10-28,0.9500000000000001,8.399999999999999,0.9642857142857143,27.90706845238095,77.03497023809523,61.65625,7.348586309523809
2022-10-29,0.0035714285714285718,0.1,0.03571428571428571,27.630580357142858,65.7046130952381,60.33482142857143,9.82671130952381
2022-10-30,0.0,0.0,0.0,27.487723214285715,64.57217261904762,49.19419642857143,8.6890625
2022-10-31,0.021428571428571432,0.30000000000000004,0.14285714285714285,27.595238095238095,65.05803571428571,62.876488095238095,7.953125
2022-11-01,0.0,0.0,0.0,26.527083333333334,64.52529761904762,89.96205357142857,8.863318452380952
2022-11-02,0.0,0.0,0.0,25.97752976190476,64.29389880952381,60.610863095238095,6.966666666666667
2022-11-03,0.0,0.0,0.0,25.98623511904762,63.531994047619044,48.65104166666667,6.718973214285714
2022-11-04,0.0,0.0,0.0,25.615252976190476,56.335565476190474,4.0319940476190474,9.186309523809525
2022-11-05,0.34464285714285714,4.8,0.5535714285714286,26.089880952380952,64.53422619047619,74.51711309523809,8.568973214285714
2022-11-06,1.2660714285714287,3.4000000000000004,1.0,27.268526785714283,71.61979166666667,68.45907738095238,6.536904761904762
2022-11-07,0.6892857142857143,1.7,0.9821428571428571,27.844866071428573,70.00372023809524,63.570684523809526,5.756622023809524
2022-11-08,0.0,0.0,0.0,28.27313988095238,59.23065476190476,56.13467261904761,7.38735119047619
2022-11-09,0.0,0.0,0.0,27.164434523809522,61.116815476190474,65.56770833333333,6.204092261904762
2022-11-10,0.008928571428571428,0.2,0.07142857142857142,27.765029761904763,62.45684523809524,70.86532738095238,7.465922619047619
2022-11-11,0.0017857142857142859,0.1,0.017857142857142856,28.658110119047617,62.738839285714285,93.44419642857143,10.116592261904762
2022-11-12,0.03571428571428571,0.30000000000000004,0.19642857142857142,29.062276785714285,63.013392857142854,75.52083333333334,8.858556547619047
2022-11-13,2.8464285714285715,10.0,0.9821428571428571,28.551934523809525,68.51785714285714,92.46800595238095,8.054761904761905
2022-11-14,17.994642857142857,36.2,1.0,26.27797619047619,86.95982142857143,98.13169642857143,7.170758928571429
2022-11-15,0.20357142857142857,1.1,0.6964285714285714,27.27700892857143,81.29613095238095,65.73065476190476,6.322619047619048
2022-11-16,4.642857142857143,10.8,1.0,27.06532738095238,83.25669642857143,73.14508928571429,6.136235119047619
2022-11-17,6.878571428571428,14.6,1.0,26.757440476190478,86.09449404761905,77.92931547619048,6.149255952380953
2022-11-18,7.075,17.600000000000005,1.0,26.870982142857144,86.13169642857143,91.05505952380952,4.193824404761904
2022-11-19,0.7410714285714286,3.5,1.0,27.493675595238095,80.66592261904762,79.88690476190477,8.734970238095238
2022-11-20,11.576785714285714,20.200000000000003,1.0,26.471726190476193,80.66666666666666,77.08407738095238,8.148735119047618
2022-11-21,1.9660714285714285,7.7,0.9464285714285714,27.415327380952384,79.86309523809523,83.79315476190477,6.548065476190476
2022-11-22,0.0125,0.2,0.07142857142857142,28.66748511904762,70.15252976190476,90.66294642857143,6.929910714285714
2022-11-23,14.701785714285716,31.700000000000003,1.0,27.50565476190476,79.04241071428571,98.88467261904762,6.189955357142857
2022-11-24,22.344642857142855,33.2,1.0,25.333705357142858,90.71428571428571,100.0,8.195089285714285
2022-11-25,13.876785714285713,27.200000000000003,1.0,25.8110119047619,88.75669642857143,99.09300595238095,8.390997023809524
2022-11-26,14.483928571428573,21.2,1.0,25.83325892857143,89.07961309523809,89.546875,6.173660714285715
2022-11-27,3.292857142857143,8.8,1.0,26.240922619047616,87.69270833333334,93.29761904761905,5.558928571428572
2022-11-28,4.042857142857143,10.7,0.9821428571428571,27.109002976190478,84.11160714285714,76.93303571428571,4.77953869047619
2022-11-29,7.596428571428571,15.4,1.0,26.77857142857143,87.80952380952381,76.83482142857143,3.8319940476190477
2022-11-30,9.482142857142858,16.8,1.0,26.75126488095238,87.94345238095238,89.76785714285714,4.760565476190476
2022-12-01,1.1875,3.8,1.0,26.73147321428571,84.20907738095238,77.39434523809523,7.11264880952381
2022-12-02,0.25000000000000006,1.2000000000000002,0.7857142857142857,27.25751488095238,78.15997023809523,73.40178571428571,9.545907738095238
2022-12-03,3.307142857142857,14.2,0.9821428571428571,26.425,73.68675595238095,90.97321428571429,7.419122023809524
2022-12-04,0.07142857142857142,1.0,0.26785714285714285,26.89233630952381,75.90252976190477,76.05431547619048,9.056026785714286
2022-12-05,0.5089285714285714,2.8000000000000003,0.9285714285714286,27.02872023809524,77.39508928571429,89.11458333333334,9.70513392857143
2022-12-06,0.7232142857142857,10.499999999999998,0.7142857142857143,27.284895833333334,69.56994047619047,65.66592261904762,10.832886904761905
2022-12-07,0.7107142857142857,1.8,0.9821428571428571,26.965401785714285,69.9360119047619,44.671130952380956,8.308482142857143
2022-12-08,0.21071428571428572,1.2000000000000002,0.6428571428571429,27.080505952380953,74.44047619047619,61.854910714285715,5.132291666666666
2022-12-09,0.09285714285714286,0.9,0.26785714285714285,27.41049107142857,74.40476190476191,88.17038690476191,5.2665178571428575
2022-12-10,0.19821428571428573,0.8,0.7857142857142857,27.330505952380953,71.81919642857143,56.44047619047619,5.916815476190476
2022-12-11,0.0,0.0,0.0,27.445907738095237,68.06622023809524,62.39434523809524,6.635714285714286
2022-12-12,0.0,0.0,0.0,26.650297619047617,64.9233630952381,52.360119047619044,9.456473214285714
2022-12-13,0.0,0.0,0.0,24.99389880952381,59.78125,74.55208333333334,11.553125
2022-12-14,0.0,0.0,0.0,23.27872023809524,59.804315476190474,46.02752976190476,10.400446428571428
2022-12-15,0.0,0.0,0.0,23.610639880952384,63.10565476190476,67.0625,7.043154761904762
2022-12-16,0.0,0.0,0.0,24.899181547619047,66.75744047619047,12.504464285714286,7.320758928571428
2022-12-17,0.3821428571428572,1.0,0.6607142857142857,26.285714285714285,63.273065476190474,34.011904761904766,13.030282738095238
2022-12-18,0.0,0.0,0.0,22.782738095238095,50.72842261904761,31.69345238095238,15.444717261904762
2022-12-19,0.0,0.0,0.0,21.908928571428568,53.973214285714285,66.93377976190476,9.29263392857143
2022-12-20,0.0,0.0,0.0,23.063690476190477,59.5,42.186011904761905,7.751339285714286
2022-12-21,0.0,0.0,0.0,24.626116071428573,62.5625,41.969494047619044,7.5390625
2022-12-22,0.0,0.0,0.0,25.205357142857142,68.21875,58.523065476190474,5.429464285714286
2022-12-23,0.0,0.0,0.0,25.800223214285715,63.23065476190476,45.22247023809524,7.09203869047619
2022-12-24,0.0,0.0,0.0,25.050818452380952,56.11532738095239,68.02529761904762,10.445238095238095
2022-12-25,0.0,0.0,0.0,24.347842261904763,59.523809523809526,64.1421130952381,9.793005952380952
2022-12-26,0.0,0.0,0.0,23.918229166666666,61.37202380952381,62.254464285714285,7.3490327380952385
2022-12-27,0.0,0.0,0.0,23.79114583333333,62.24404761904761,84.72767857142857,6.063541666666667
2022-12-28,0.0,0.0,0.0,24.705059523809524,62.276785714285715,53.341517857142854,6.376041666666667
2022-12-29,0.0,0.0,0.0,25.39516369047619,60.515625,51.270089285714285,6.710639880952381
2022-12-30,0.021428571428571432,0.4,0.08928571428571429,24.94017857142857,61.19419642857143,65.66517857142857,9.582738095238096
2022-12-31,0.0,0.0,0.0,24.69449404761905,61.685267857142854,63.54315476190476,7.746354166666667
2023-01-01,0.0,0.0,0.0,23.949925595238092,58.48139880952381,67.83779761904762,8.389732142857143
2023-01-02,0.0,0.0,0.0,24.133333333333333,61.921130952380956,94.25074404761905,7.805654761904762
2023-01-03,0.0,0.0,0.0,25.820163690476193,60.31547619047619,66.67113095238095,8.273660714285715
2023-01-04,0.014285714285714287,0.3,0.08928571428571429,27.06465773809524,56.31547619047619,66.3452380952381,8.145907738095238
2023-01-05,0.0,0.0,0.0,26.563616071428573,57.455357142857146,94.90327380952381,9.097916666666666
2023-01-06,0.0,0.0,0.0,26.483630952380953,54.453869047619044,91.66964285714286,12.817782738095238
2023-01-07,0.10178571428571428,1.2000000000000002,0.17857142857142858,24.932440476190475,50.270089285714285,83.04166666666666,10.163616071428573
2023-01-08,0.0035714285714285718,0.1,0.03571428571428571,25.357366071428572,54.129464285714285,91.25446428571429,7.640327380952381
2023-01-09,0.0,0.0,0.0,27.178422619047616,53.38690476190476,63.207589285714285,8.44546130952381
2023-01-10,1.8607142857142858,6.300000000000001,1.0,27.324107142857144,65.60565476190476,77.47098214285714,7.680133928571428
2023-01-11,0.975,4.799999999999999,0.9642857142857143,25.779017857142858,76.04464285714286,89.52529761904762,9.769717261904761
2023-01-12,0.28750000000000003,0.8,0.8571428571428571,26.250744047619047,78.18229166666666,47.546875,6.1241071428571425
2023-01-13,1.7750000000000001,3.9,1.0,26.56532738095238,80.13913690476191,67.3296130952381,7.134747023809524
2023-01-14,0.5839285714285715,2.8000000000000003,0.6785714285714286,27.09940476190476,79.71875,37.889136904761905,8.512648809523808
2023-01-15,0.0017857142857142859,0.1,0.017857142857142856,26.959747023809523,72.1235119047619,8.906994047619047,6.9747023809523805
2023-01-16,0.0035714285714285718,0.1,0.03571428571428571,26.420610119047616,71.38839285714286,27.114583333333336,6.177232142857143
2023-01-17,0.10892857142857144,0.7,0.4107142857142857,27.335714285714285,67.19270833333334,61.18229166666667,8.17388392857143
2023-01-18,0.0,0.0,0.0,27.13296130952381,56.783482142857146,72.2328869047619,11.45297619047619
2023-01-19,0.0,0.0,0.0,26.157366071428573,52.55580357142857,34.715029761904766,9.009747023809524
2023-01-20,0.0,0.0,0.0,25.49732142857143,57.21279761904761,76.00744047619048,7.400892857142857
2023-01-21,0.0,0.0,0.0,25.554613095238096,56.195684523809526,31.86904761904762,7.633482142857143
2023-01-22,0.0,0.0,0.0,24.953050595238093,54.58705357142857,49.857142857142854,7.062425595238095
2023-01-23,0.0,0.0,0.0,26.315104166666664,52.577380952380956,61.031994047619044,7.392261904761904
2023-01-24,0.14642857142857144,0.5,0.6428571428571429,26.90483630952381,53.816964285714285,46.90252976190476,12.850223214285714
2023-01-25,0.0,0.0,0.0,24.729464285714283,47.767113095238095,69.47916666666667,12.206845238095239
2023-01-26,0.0,0.0,0.0,25.138244047619047,54.08482142857143,40.875744047619044,6.164880952380953
2023-01-27,0.0,0.0,0.0,26.38571428571429,51.98065476190476,76.76190476190477,8.98110119047619
2023-01-28,0.0,0.0,0.0,25.033705357142857,51.210565476190474,62.997767857142854,12.799925595238095
2023-01-29,0.0,0.0,0.0,23.283035714285713,49.491815476190474,63.59672619047619,12.551339285714286
2023-01-30,0.0,0.0,0.0,22.30959821428571,49.961309523809526,75.82738095238095,8.66688988095238
2023-01-31,0.0,0.0,0.0,23.894940476190474,50.714285714285715,53.83482142857143,5.385416666666666
2023-02-01,0.0,0.0,0.0,25.61510416666667,58.632440476190474,84.99702380952381,5.654613095238096
2023-02-02,0.0017857142857142859,0.1,0.017857142857142856,27.587872023809524,60.667410714285715,54.598214285714285,5.742708333333334
2023-02-03,6.957142857142857,25.1,1.0,27.13325892857143,75.36532738095238,67.59300595238095,6.806622023809524
2023-02-04,7.9071428571428575,23.700000000000003,1.0,27.370833333333334,79.51190476190477,44.36607142857143,5.901339285714285
2023-02-05,2.7339285714285713,15.2,0.8214285714285714,27.50357142857143,77.78422619047619,54.908482142857146,5.879166666666667
2023-02-06,0.5303571428571429,3.0,0.6785714285714286,27.922767857142855,77.06175595238095,35.35342261904762,7.5337797619047615
2023-02-07,0.23214285714285715,3.1999999999999997,0.42857142857142855,27.965625,76.48214285714286,78.68973214285714,10.499925595238095
2023-02-08,0.07857142857142858,0.6,0.4107142857142857,28.332663690476192,76.26934523809523,36.982142857142854,8.624032738095238
2023-02-09,0.6196428571428572,6.2,0.9107142857142857,28.157886904761906,77.65625,32.48735119047619,11.466220238095238
2023-02-10,0.7892857142857144,3.1,0.875,28.133705357142855,76.85267857142857,36.37797619047619,10.54813988095238
2023-02-11,0.016071428571428573,0.1,0.16071428571428573,28.645461309523807,72.81919642857143,21.264136904761905,11.569642857142856
2023-02-12,0.1142857142857143,0.5,0.6428571428571429,28.628794642857144,74.68005952380952,38.220982142857146,11.982142857142858
2023-02-13,0.4678571428571429,2.9000000000000004,0.7678571428571429,28.593898809523807,76.93526785714286,49.883184523809526,11.697842261904762
2023-02-14,0.3267857142857143,1.6000000000000003,0.6785714285714286,28.76629464285714,76.07738095238095,41.001488095238095,9.769345238095239
2023-02-15,45.596428571428575,80.79999999999998,1.0,25.659226190476193,87.34077380952381,70.16369047619047,9.024776785714286
2023-02-16,0.3125,2.5,0.8392857142857143,25.952976190476193,75.32961309523809,66.09598214285714,9.475446428571429
2023-02-17,0.008928571428571428,0.3,0.03571428571428571,25.601190476190478,66.09598214285714,53.204613095238095,11.068824404761903
2023-02-18,0.0,0.0,0.0,26.185267857142858,64.98958333333333,77.23809523809523,9.302455357142858
2023-02-19,0.0,0.0,0.0,27.11376488095238,63.148065476190474,98.89880952380952,7.533407738095238
2023-02-20,0.06071428571428572,0.6,0.23214285714285715,27.30721726190476,59.613839285714285,81.88541666666666,9.720610119047619
2023-02-21,0.0,0.0,0.0,27.089434523809526,63.172619047619044,43.39583333333333,8.38563988095238
2023-02-22,0.0,0.0,0.0,26.89032738095238,58.98809523809524,58.617559523809526,8.887425595238096
2023-02-23,0.0,0.0,0.0,27.099107142857143,56.111607142857146,54.426339285714285,7.100446428571429
2023-02-24,0.0,0.0,0.0,27.49813988095238,56.086309523809526,14.146577380952381,7.286086309523809
2023-02-25,0.0,0.0,0.0,27.320982142857144,48.72767857142857,42.65104166666667,14.483556547619047
2023-02-26,0.0,0.0,0.0,25.524925595238095,51.22247023809524,76.86681547619048,14.06889880952381
2023-02-27,0.0,0.0,0.0,24.962872023809524,54.104910714285715,41.67708333333333,10.08764880952381
2023-02-28,0.0,0.0,0.0,26.04657738095238,54.92485119047619,25.069196428571427,7.987574404761905
2023-03-01,0.0,0.0,0.0,27.672916666666662,56.279017857142854,41.94047619047619,7.934598214285714
2023-03-02,0.0125,0.6000000000000001,0.03571428571428571,28.499776785714285,56.38392857142857,10.666666666666668,7.856994047619048
2023-03-03,0.0,0.0,0.0,28.01220238095238,51.741815476190474,19.706101190476193,8.7015625
2023-03-04,0.0,0.0,0.0,26.99761904761905,53.02827380952381,5.923363095238095,10.233258928571429
2023-03-05,0.0,0.0,0.0,27.019642857142856,55.015625,7.211309523809524,8.853199404761906
2023-03-06,0.0,0.0,0.0,27.52559523809524,54.547619047619044,13.746279761904761,8.559895833333334
2023-03-07,0.008928571428571428,0.1,0.08928571428571429,27.601636904761904,60.998511904761905,7.424851190476191,6.237797619047619
2023-03-08,0.03214285714285715,0.30000000000000004,0.21428571428571427,28.135044642857142,67.65327380952381,4.850446428571429,6.972470238095238
2023-03-09,0.23392857142857143,1.4000000000000001,0.5357142857142857,28.48311011904762,71.6235119047619,12.205357142857142,9.096800595238095
2023-03-10,0.6553571428571429,3.4,0.9821428571428571,28.528050595238096,73.19345238095238,14.341517857142858,7.1765625
2023-03-11,0.5178571428571429,1.5000000000000004,0.9464285714285714,28.691145833333334,75.26190476190477,60.485863095238095,10.705208333333333
2023-03-12,1.6535714285714287,4.2,1.0,28.535565476190477,76.33482142857143,69.59672619047619,10.37998511904762
2023-03-13,4.573214285714285,11.1,1.0,27.91138392857143,68.70238095238095,84.62425595238095,9.735119047619047
2023-03-14,0.0,0.0,0.0,27.731919642857143,59.70833333333333,66.16071428571429,7.962202380952381
2023-03-15,0.39285714285714285,2.0,0.8392857142857143,27.722916666666666,73.08035714285714,65.92559523809524,8.795684523809523
2023-03-16,0.6625,1.8000000000000003,1.0,28.157514880952384,74.05059523809523,65.66145833333333,10.211160714285715
2023-03-17,0.33035714285714285,0.9,0.9464285714285714,28.42105654761905,72.10863095238095,90.52455357142857,10.07388392857143
2023-03-18,0.34285714285714286,0.9,0.9464285714285714,28.64940476190476,73.15550595238095,29.079613095238095,10.106473214285714
2023-03-19,0.9517857142857143,2.7000000000000006,0.9285714285714286,28.88452380952381,74.08333333333334,72.05729166666667,11.69188988095238
2023-03-20,0.6428571428571429,4.3999999999999995,1.0,29.196428571428573,74.68303571428571,38.830357142857146,12.234077380952382
2023-03-21,0.06071428571428572,0.7,0.2857142857142857,29.462276785714288,75.33779761904762,51.42782738095239,14.128720238095239
2023-03-22,0.3946428571428572,2.6,0.6428571428571429,29.635863095238097,75.13169642857143,53.563244047619044,13.233705357142856
2023-03-23,0.39285714285714285,2.4,0.7142857142857143,29.821651785714288,74.625,8.586309523809524,14.596726190476192
2023-03-24,0.10714285714285714,0.5,0.3392857142857143,29.986309523809524,75.12574404761905,46.65922619047619,11.988988095238096
2023-03-25,0.10892857142857144,0.7000000000000001,0.35714285714285715,29.89404761904762,76.21130952380952,54.39434523809524,13.856622023809523
2023-03-26,0.13392857142857142,0.9999999999999999,0.5714285714285714,29.970312500000002,74.98958333333334,64.99181547619047,14.009375
2023-03-27,0.13214285714285715,1.4000000000000001,0.5,29.857738095238094,73.79017857142857,25.489583333333336,13.682886904761904
2023-03-28,1.8875,6.5,0.8928571428571429,29.602083333333333,73.82514880952381,46.953125,15.098958333333334
2023-03-29,1.2339285714285715,7.0,0.8571428571428571,29.45595238095238,71.25,30.436755952380953,11.39828869047619
2023-03-30,2.8267857142857147,9.7,1.0,29.373214285714287,74.17410714285714,48.77752976190476,11.899776785714286
2023-03-31,0.17857142857142858,2.7,0.30357142857142855,30.28690476190476,71.171875,12.802827380952381,14.276562499999999
2023-04-01,1.2339285714285713,5.7,0.9285714285714286,29.97366071428571,72.1577380952381,62.45684523809524,15.665625
2023-04-02,1.4321428571428572,5.099999999999999,0.9821428571428571,29.983035714285712,71.78497023809524,19.476934523809522,13.314360119047619
2023-04-03,0.044642857142857144,0.30000000000000004,0.26785714285714285,30.678571428571427,64.58258928571429,9.953869047619047,11.60438988095238
2023-04-04,0.05,0.8,0.25,31.096502976190475,63.703869047619044,54.69345238095239,11.860491071428571
2023-04-05,0.0035714285714285718,0.1,0.03571428571428571,30.803794642857145,62.34375,70.07291666666667,11.118303571428571
2023-04-06,0.06607142857142857,0.7,0.30357142857142855,31.060937499999998,67.81919642857143,68.56175595238095,9.885267857142859
2023-04-07,0.6678571428571428,4.7,0.8571428571428571,30.541071428571428,70.625,74.77678571428571,12.077529761904762
2023-04-08,1.832142857142857,12.700000000000001,0.8214285714285714,30.444642857142856,72.1078869047619,86.91220238095238,10.734821428571427
2023-04-09,1.855357142857143,6.3999999999999995,0.9821428571428571,30.86651785714286,70.71651785714286,83.50892857142857,9.554389880952382
2023-04-10,0.1357142857142857,1.4,0.4107142857142857,30.988244047619048,70.79092261904762,81.35714285714286,12.230505952380952
2023-04-11,3.430357142857143,11.4,0.9285714285714286,30.88422619047619,73.61607142857143,83.73511904761905,12.505208333333332
2023-04-12,0.07857142857142858,1.3,0.16071428571428573,31.401934523809523,73.38169642857143,46.66220238095239,13.641741071428571
2023-04-13,0.125,2.0,0.26785714285714285,31.361830357142857,69.8735119047619,93.58928571428571,11.031175595238095
2023-04-14,0.8946428571428572,4.8999999999999995,0.7857142857142857,31.554464285714285,69.50744047619047,80.24404761904762,11.47001488095238
2023-04-15,6.019642857142856,13.2,1.0,31.66688988095238,71.77678571428571,62.578125,10.684449404761905
2023-04-16,9.125,28.000000000000007,0.9821428571428571,29.720758928571428,77.67782738095238,99.22842261904762,8.97299107142857
2023-04-17,8.54107142857143,48.099999999999994,0.875,30.369940476190475,74.55654761904762,58.641369047619044,10.010342261904762
2023-04-18,0.2285714285714286,1.6,0.5714285714285714,30.970014880952384,72.73511904761905,57.640625,13.005877976190476
2023-04-19,0.34285714285714286,1.5,0.7857142857142857,31.677455357142858,70.24255952380953,26.549851190476193,12.202083333333334
2023-04-20,0.008928571428571428,0.2,0.07142857142857142,31.667857142857144,63.08482142857143,29.424851190476193,12.405877976190476
2023-04-21,0.21071428571428572,2.0,0.4107142857142857,31.66778273809524,63.198660714285715,8.060267857142858,11.4703125
2023-04-22,0.25892857142857145,1.3000000000000003,0.625,31.672247023809522,66.31473214285714,10.343005952380953,10.225967261904762
2023-04-23,1.325,5.599999999999999,0.9464285714285714,31.256249999999998,71.12053571428571,21.035714285714285,14.571428571428571
2023-04-24,0.7089285714285715,2.4000000000000004,1.0,31.352529761904766,67.86011904761905,37.13764880952381,8.16547619047619
2023-04-25,9.541071428571428,22.9,1.0,31.214583333333334,70.86383928571429,90.55282738095238,8.45297619047619
2023-04-26,30.389285714285716,48.80000000000001,1.0,27.720238095238095,84.39136904761905,99.87723214285714,6.7022321428571425
2023-04-27,2.975,7.199999999999998,1.0,29.039136904761904,79.69866071428571,81.53720238095238,4.6215029761904765
2023-04-28,1.5250000000000001,6.899999999999999,0.9821428571428571,30.1203125,75.14434523809523,70.63839285714286,7.254836309523809
2023-04-29,0.75,4.4,0.9642857142857143,30.51354166666667,75.49702380952381,84.57217261904762,10.094419642857144
2023-04-30,6.314285714285715,17.1,1.0,29.19375,78.74553571428571,98.17113095238095,9.110714285714286
2023-05-01,1.9232142857142858,4.0,1.0,29.241443452380953,76.94345238095238,45.16294642857143,6.869047619047619
2023-05-02,2.4125,11.299999999999999,1.0,30.000074404761904,76.81770833333334,79.05357142857143,6.602380952380953
2023-05-03,0.1660714285714286,0.8,0.8392857142857143,30.411607142857143,74.33333333333334,69.84375,8.585416666666667
2023-05-04,0.1375,1.5,0.6607142857142857,30.930580357142855,73.54538690476191,22.639136904761905,12.708854166666667
2023-05-05,0.4375,3.1,0.625,32.050223214285715,69.74925595238095,54.72395833333333,11.78623511904762
2023-05-06,0.0017857142857142859,0.1,0.017857142857142856,32.87023809523809,63.804315476190474,60.31919642857143,10.959821428571429
2023-05-07,0.45535714285714285,1.4,0.9464285714285714,32.966071428571425,63.75669642857143,72.04613095238095,12.530357142857142
2023-05-08,9.0625,29.900000000000002,0.875,31.858854166666667,71.5766369047619,85.68898809523809,10.51919642857143
2023-05-09,1.3142857142857143,7.0,0.9464285714285714,31.405133928571427,67.609375,85.984375,9.661383928571428
2023-05-10,9.364285714285714,15.599999999999998,1.0,28.615624999999998,80.88244047619048,99.35639880952381,7.647767857142857
2023-05-11,4.175,14.5,0.9821428571428571,29.881026785714287,75.36458333333334,85.453125,6.984375
2023-05-12,7.816071428571428,23.900000000000002,1.0,29.64315476190476,76.08184523809523,98.87425595238095,8.3109375
2023-05-13,1.4767857142857144,5.699999999999998,0.9642857142857143,29.79449404761905,71.21428571428571,85.984375,9.682068452380951
2023-05-14,0.6607142857142857,4.7,0.8571428571428571,30.927306547619047,66.45684523809524,51.058035714285715,15.295535714285714
2023-05-15,1.9196428571428572,5.0,1.0,30.436607142857145,70.86681547619047,78.04017857142857,12.269791666666666
2023-05-16,0.1660714285714286,1.1,0.42857142857142855,30.37924107142857,70.125,42.53422619047619,8.4
2023-05-17,0.075,0.6,0.2857142857142857,31.234151785714285,63.320684523809526,68.62872023809524,10.373809523809525
2023-05-18,0.5107142857142858,3.7,0.9285714285714286,32.019642857142856,61.30877976190476,65.21279761904762,14.239285714285714
2023-05-19,0.044642857142857144,0.4,0.23214285714285715,32.39732142857143,58.15104166666667,55.358630952380956,13.754538690476192
2023-05-20,0.03571428571428571,0.6,0.14285714285714285,32.14747023809524,57.12872023809524,77.77901785714286,12.148883928571427
2023-05-21,0.04642857142857143,1.1,0.14285714285714285,32.20252976190476,61.41666666666667,89.14806547619048,11.318973214285714
2023-05-22,2.5410714285714286,15.8,0.9821428571428571,31.470684523809524,67.83482142857143,90.98214285714286,10.008630952380953
2023-05-23,2.107142857142857,4.4,0.9821428571428571,30.395089285714285,70.43303571428571,99.37276785714286,8.900595238095239
2023-05-24,7.982142857142856,17.4,1.0,30.126488095238095,74.16964285714286,94.14434523809523,8.670907738095238
2023-05-25,0.8410714285714286,7.499999999999999,0.9285714285714286,30.646800595238094,70.91517857142857,98.49702380952381,9.684002976190476
2023-05-26,1.1535714285714287,16.0,0.625,31.734002976190478,62.544642857142854,58.22172619047619,9.423809523809524
2023-05-27,7.2250000000000005,23.700000000000003,0.9464285714285714,31.37247023809524,65.16443452380953,89.40327380952381,9.958333333333332
2023-05-28,9.501785714285715,32.60000000000001,1.0,28.99895833333333,78.28348214285714,95.86979166666666,6.31108630952381
2023-05-29,20.021428571428572,43.1,1.0,27.80550595238095,84.26934523809523,99.38764880952381,4.674851190476191
2023-05-30,6.1517857142857135,11.799999999999997,1.0,28.56436011904762,83.50223214285714,98.88616071428571,5.892708333333333
2023-05-31,6.083928571428571,16.300000000000004,1.0,29.439062500000002,77.49032738095238,78.42485119047619,8.236160714285715
2023-06-01,0.8964285714285715,8.5,0.8392857142857143,29.987276785714283,73.54538690476191,68.53794642857143,12.0296875
2023-06-02,1.5,6.499999999999999,0.9642857142857143,29.961681547619044,74.07291666666666,72.2514880952381,11.601785714285715
2023-06-03,6.594642857142857,15.6,1.0,29.696875000000002,75.48735119047619,56.748511904761905,10.558035714285714
2023-06-04,1.3339285714285716,6.0,1.0,30.071651785714288,74.33258928571429,95.19494047619048,11.558258928571428
2023-06-05,6.2875,24.4,1.0,30.00342261904762,71.13169642857143,99.68377976190477,10.867931547619047
2023-06-06,9.457142857142857,24.1,1.0,28.989434523809525,75.57366071428571,98.28422619047619,12.937872023809524
2023-06-07,7.3428571428571425,19.700000000000003,1.0,28.935193452380954,77.29315476190477,97.62872023809523,13.02470238095238
2023-06-08,6.730357142857143,14.5,1.0,28.430431547619047,79.40848214285714,93.69270833333334,11.694642857142856
2023-06-09,9.08392857142857,24.6,1.0,27.727752976190477,83.18898809523809,99.51488095238095,10.382068452380953
2023-06-10,18.275,32.70000000000001,1.0,27.771651785714283,84.57589285714286,99.65922619047619,11.195386904761904
2023-06-11,6.6499999999999995,13.1,1.0,28.221205357142857,80.44345238095238,98.55580357142857,13.779092261904763
2023-06-12,9.478571428571428,19.1,1.0,28.571875000000002,78.97842261904762,96.546875,13.479092261904762
2023-06-13,8.5375,17.199999999999996,1.0,28.543898809523807,80.20982142857143,96.58854166666666,15.109672619047618
2023-06-14,3.1589285714285715,8.2,1.0,28.58020833333333,78.625,99.69122023809523,12.906547619047618
2023-06-15,8.926785714285714,27.699999999999996,1.0,28.49285714285714,80.94717261904762,98.18973214285714,10.011532738095239
2023-06-16,2.2446428571428574,6.8999999999999995,1.0,29.08095238095238,79.33407738095238,96.63690476190477,10.491741071428573
2023-06-17,10.30892857142857,16.3,1.0,28.924255952380953,79.34747023809523,90.953125,10.445610119047618
2023-06-18,19.405357142857145,27.599999999999998,1.0,27.848958333333336,82.31473214285714,99.97395833333334,10.896354166666667
2023-06-19,6.2375,16.400000000000006,1.0,27.90200892857143,81.84970238095238,97.24553571428571,7.485565476190476
2023-06-20,4.169642857142857,9.099999999999998,1.0,28.98779761904762,79.05952380952381,96.97544642857143,9.339732142857143
2023-06-21,0.9589285714285715,4.6000000000000005,0.9107142857142857,29.357738095238094,76.34449404761905,93.18229166666666,7.927455357142857
2023-06-22,0.7803571428571429,7.6,0.7857142857142857,29.43645833333333,77.24032738095238,61.21875,8.35438988095238
2023-06-23,7.948214285714286,21.6,1.0,30.421130952380956,71.03422619047619,47.70982142857143,10.239880952380952
2023-06-24,1.8607142857142858,7.7,0.9107142857142857,29.463020833333335,74.26041666666666,99.04241071428571,10.587425595238097
2023-06-25,5.478571428571429,15.700000000000001,1.0,29.391964285714288,71.49776785714286,97.97767857142857,10.337872023809524
2023-06-26,0.5857142857142856,3.9,0.5714285714285714,29.56607142857143,65.7202380952381,94.32663690476191,11.128943452380952
2023-06-27,7.992857142857142,16.1,1.0,29.37172619047619,71.95535714285714,94.05952380952381,9.017410714285713
2023-06-28,24.974999999999998,51.00000000000001,1.0,29.020386904761903,78.47023809523809,94.75818452380952,7.016741071428571
2023-06-29,4.035714285714286,20.400000000000006,1.0,28.929315476190478,79.35267857142857,96.14583333333334,8.772395833333333
2023-06-30,5.332142857142857,24.5,1.0,29.286830357142858,78.91071428571429,96.98065476190477,9.245535714285714
2023-07-01,14.923214285714286,37.2,1.0,29.05014880952381,80.72767857142857,98.20758928571429,10.378645833333334
2023-07-02,10.242857142857142,20.8,1.0,28.713392857142857,80.25967261904762,99.90550595238095,11.667261904761904
2023-07-03,3.2803571428571425,16.0,1.0,28.76517857142857,76.15699404761905,99.02901785714286,11.839285714285714
2023-07-04,1.4589285714285716,3.200000000000001,1.0,28.476339285714285,79.14285714285714,99.00669642857143,7.794866071428571
2023-07-05,1.0232142857142859,6.299999999999999,0.9642857142857143,27.80498511904762,80.63988095238095,98.45535714285714,4.9356398809523805
2023-07-06,1.3964285714285716,9.099999999999998,0.8571428571428571,28.926636904761903,76.13318452380952,90.85863095238095,6.628199404761905
2023-07-07,3.226785714285714,7.2,0.9821428571428571,29.92373511904762,75.67336309523809,94.82142857142857,8.456770833333334
2023-07-08,10.776785714285714,28.599999999999998,1.0,29.11875,81.18154761904762,88.05729166666666,9.899107142857144
2023-07-09,10.810714285714285,23.700000000000003,1.0,27.95104166666667,83.01116071428571,95.06696428571429,10.847247023809524
2023-07-10,16.314285714285713,30.5,1.0,27.46160714285714,83.54389880952381,97.35639880952381,10.437723214285715
2023-07-11,5.5321428571428575,11.699999999999998,1.0,28.221056547619046,81.54538690476191,98.59672619047619,9.385119047619048
2023-07-12,2.4410714285714286,5.9,1.0,28.904687499999998,79.81547619047619,78.36532738095238,6.211086309523809
2023-07-13,2.9017857142857144,11.0,0.9464285714285714,29.809598214285717,74.91666666666666,63.94419642857143,10.760863095238095
2023-07-14,9.325,20.900000000000006,1.0,29.056473214285713,73.78720238095238,90.23511904761905,11.219419642857144
2023-07-15,1.5125,9.4,0.9107142857142857,29.532886904761906,68.80059523809524,89.55580357142857,11.825000000000001
2023-07-16,0.5946428571428571,4.699999999999999,0.9285714285714286,29.760119047619046,67.24627976190476,94.33779761904762,16.09546130952381
2023-07-17,6.683928571428572,40.6,1.0,29.166517857142857,69.61607142857143,98.88690476190477,17.98206845238095
2023-07-18,8.410714285714286,21.9,1.0,28.98370535714286,71.70684523809524,91.31622023809523,15.415625
2023-07-19,0.6964285714285714,2.0,1.0,29.42373511904762,66.90178571428571,97.54092261904762,14.553645833333333
2023-07-20,6.9624999999999995,19.299999999999997,1.0,28.665699404761906,74.18824404761905,99.86160714285714,9.548883928571428
2023-07-21,20.064285714285713,34.0,1.0,28.151785714285715,81.54017857142857,99.88988095238095,8.96220238095238
2023-07-22,26.8625,44.10000000000001,1.0,27.143080357142857,86.55729166666666,99.74925595238095,6.757366071428572
2023-07-23,22.278571428571432,38.0,1.0,26.878497023809526,89.01413690476191,99.89136904761905,5.7396577380952385
2023-07-24,3.694642857142857,7.9,1.0,27.58489583333333,83.21279761904762,97.84151785714286,7.285714285714286
2023-07-25,4.626785714285714,20.999999999999996,1.0,28.31436011904762,79.68080357142857,92.57440476190477,10.572544642857142
2023-07-26,3.251785714285714,12.4,1.0,28.8515625,74.77157738095238,78.80654761904762,12.774107142857144
2023-07-27,11.632142857142856,24.700000000000003,1.0,29.22232142857143,69.98511904761905,64.78348214285714,14.906770833333335
2023-07-28,2.2660714285714287,8.2,1.0,29.75684523809524,66.69419642857143,86.51711309523809,16.418675595238096
2023-07-29,9.380357142857141,22.900000000000002,1.0,28.867113095238096,74.36904761904762,99.64583333333334,13.32328869047619
2023-07-30,3.7714285714285714,12.2,0.9642857142857143,28.844717261904766,75.83705357142857,97.21502976190477,12.976785714285715
2023-07-31,5.4071428571428575,12.5,1.0,28.590029761904763,78.54017857142857,98.01190476190477,14.866815476190476
2023-08-01,4.498214285714285,13.1,1.0,29.13296130952381,76.58482142857143,97.94419642857143,13.635044642857142
2023-08-02,7.983928571428571,16.499999999999996,1.0,28.069196428571427,82.1875,99.62946428571429,10.903050595238096
2023-08-03,12.392857142857142,28.099999999999998,1.0,28.039508928571426,83.17559523809523,99.46502976190477,11.285193452380952
2023-08-04,3.6964285714285716,13.7,1.0,28.650818452380953,76.60119047619048,92.83482142857143,11.887425595238096
2023-08-05,4.367857142857143,10.200000000000001,1.0,28.782886904761906,75.29241071428571,99.23065476190477,11.381845238095238
2023-08-06,4.532142857142857,10.1,1.0,28.704241071428573,74.96800595238095,98.65327380952381,11.603869047619048
2023-08-07,3.2785714285714285,12.5,1.0,28.849181547619047,72.83630952380953,99.79241071428571,11.349032738095238
2023-08-08,8.026785714285714,19.400000000000002,1.0,28.52686011904762,77.23809523809523,96.99553571428571,11.501116071428571
2023-08-09,8.694642857142856,26.500000000000004,1.0,28.281026785714285,78.96800595238095,91.84449404761905,9.797395833333335
2023-08-10,2.8089285714285714,10.699999999999998,1.0,28.729538690476193,79.57589285714286,71.68526785714286,10.24047619047619
2023-08-11,0.8464285714285714,4.4,0.9642857142857143,29.2921875,74.71726190476191,73.64732142857143,11.83735119047619
2023-08-12,6.589285714285714,16.700000000000003,0.9642857142857143,28.919642857142858,77.94345238095238,94.14806547619048,10.31577380952381
2023-08-13,6.9053571428571425,16.5,1.0,28.989136904761903,78.28645833333334,93.12053571428571,10.564508928571428
2023-08-14,7.430357142857143,21.7,1.0,29.063095238095237,76.92633928571429,90.23288690476191,11.059151785714286
2023-08-15,3.8410714285714285,10.4,0.9821428571428571,28.97864583333333,74.53050595238095,99.96279761904762,11.362872023809524
2023-08-16,6.369642857142857,15.4,1.0,28.58266369047619,76.70386904761905,99.88988095238095,9.678571428571429
2023-08-17,10.814285714285715,25.700000000000003,1.0,28.646651785714287,76.51190476190477,95.70758928571429,9.72001488095238
2023-08-18,8.426785714285714,27.8,1.0,29.21220238095238,73.26711309523809,69.39583333333333,11.946205357142858
2023-08-19,22.589285714285715,46.00000000000001,1.0,29.501488095238095,72.67410714285714,63.922619047619044,12.044196428571428
2023-08-20,10.555357142857144,21.3,1.0,29.066964285714285,76.69717261904762,92.38541666666666,10.2390625
2023-08-21,11.003571428571428,20.4,1.0,27.638392857142858,84.74851190476191,97.77455357142857,9.415848214285715
2023-08-22,10.726785714285713,17.999999999999996,1.0,27.784300595238097,83.29166666666666,97.65848214285714,8.420014880952381
2023-08-23,9.9,22.5,1.0,27.966741071428572,83.44940476190477,92.76413690476191,9.168675595238096
2023-08-24,8.269642857142857,20.000000000000007,1.0,28.131919642857145,81.22842261904762,95.98363095238095,8.706770833333334
2023-08-25,7.498214285714285,19.200000000000003,1.0,27.972098214285715,80.76413690476191,93.16220238095238,9.200372023809523
2023-08-26,11.971428571428572,24.200000000000003,1.0,28.263690476190476,80.72619047619048,99.00892857142857,9.95
2023-08-27,0.8250000000000001,3.9000000000000004,0.9821428571428571,28.975372023809523,74.15029761904762,97.67857142857143,10.87157738095238
2023-08-28,0.3607142857142857,2.6,0.75,29.277083333333334,73.51488095238095,94.93005952380952,10.916592261904762
2023-08-29,4.908928571428572,12.8,1.0,28.773958333333333,75.24702380952381,99.96875,10.006994047619047
2023-08-30,8.085714285714285,17.1,1.0,28.931250000000002,79.05952380952381,97.765625,8.696428571428571
2023-08-31,38.550000000000004,67.3,1.0,28.458556547619047,83.19568452380952,95.75297619047619,6.930208333333334
2023-09-01,22.51964285714286,33.1,1.0,28.10252976190476,84.99702380952381,97.98809523809523,7.381994047619048
2023-09-02,16.067857142857143,36.7,1.0,28.25141369047619,83.06919642857143,99.27083333333334,7.5355654761904765
2023-09-03,3.982142857142857,14.9,0.9821428571428571,28.745238095238097,78.99107142857143,83.45907738095238,9.14077380952381
2023-09-04,12.167857142857143,28.900000000000002,1.0,28.768005952380953,80.69494047619048,93.93973214285714,8.563095238095238
2023-09-05,7.919642857142857,17.500000000000007,1.0,28.926934523809525,75.10119047619048,99.45089285714286,11.402157738095239
2023-09-06,2.6089285714285713,6.799999999999999,1.0,28.339434523809526,79.1875,98.87276785714286,7.312351190476191
2023-09-07,6.8875,16.5,1.0,28.271949404761905,81.97321428571429,99.48288690476191,8.140997023809524
2023-09-08,8.235714285714286,17.599999999999998,1.0,28.083928571428572,82.52976190476191,99.22693452380952,9.018154761904762
2023-09-09,23.728571428571428,37.1,1.0,28.390476190476193,81.00148809523809,89.03348214285714,9.684895833333332
2023-09-10,9.301785714285714,27.800000000000004,1.0,27.9311755952381,82.16294642857143,99.93377976190477,12.080580357142859
2023-09-11,15.798214285714284,21.5,1.0,27.946651785714288,81.52901785714286,97.54613095238095,13.220089285714286
2023-09-12,10.757142857142856,22.8,1.0,27.726041666666667,81.82514880952381,97.76190476190477,13.587425595238093
2023-09-13,3.601785714285714,8.999999999999998,1.0,27.82313988095238,80.65848214285714,91.19940476190477,10.252604166666668
2023-09-14,13.464285714285714,29.0,1.0,27.271354166666665,85.42485119047619,98.33184523809523,8.907886904761904
2023-09-15,34.26607142857143,50.6,1.0,27.014732142857145,86.79315476190477,96.86011904761905,11.14047619047619
2023-09-16,21.59642857142857,43.0,1.0,27.45811011904762,83.33705357142857,89.00074404761905,9.547470238095238
2023-09-17,14.6375,28.6,1.0,27.362351190476193,85.45461309523809,94.95461309523809,9.35029761904762
2023-09-18,3.2875,8.5,1.0,27.847395833333334,82.73363095238095,96.12053571428571,8.1140625
2023-09-19,1.3642857142857143,5.299999999999999,0.9642857142857143,28.437276785714285,81.04092261904762,97.60491071428571,4.738244047619048
2023-09-20,3.55,10.8,1.0,28.4609375,81.53571428571429,79.70089285714286,6.968154761904763
2023-09-21,24.607142857142858,37.199999999999996,1.0,27.949479166666666,83.76041666666666,78.44345238095238,6.517113095238095
2023-09-22,5.126785714285714,10.099999999999998,1.0,28.043526785714285,82.54464285714286,83.83705357142857,5.492038690476191
2023-09-23,7.060714285714285,18.7,1.0,28.020386904761903,84.55729166666666,94.15401785714286,5.591145833333334
2023-09-24,7.673214285714286,16.5,1.0,28.194642857142856,85.10491071428571,69.21875,4.719122023809524
2023-09-25,5.948214285714285,22.599999999999998,1.0,28.6328125,83.08035714285714,85.765625,4.6050595238095235
2023-09-26,14.866071428571429,32.099999999999994,1.0,26.985639880952384,88.57589285714286,99.60119047619048,6.277827380952381
2023-09-27,25.873214285714287,48.999999999999986,1.0,25.99903273809524,90.99553571428571,99.85119047619048,7.854017857142857
2023-09-28,43.56785714285714,77.19999999999999,1.0,26.585044642857145,88.21279761904762,99.15550595238095,14.951116071428572
2023-09-29,7.371428571428571,18.10000000000001,1.0,27.44427083333333,83.16071428571429,99.97544642857143,14.208333333333334
2023-09-30,7.746428571428572,18.1,1.0,27.210565476190478,85.54761904761905,98.95758928571429,7.703720238095237
2023-10-01,7.9053571428571425,19.9,1.0,27.872098214285717,82.83630952380952,90.76934523809523,6.982142857142857
2023-10-02,10.310714285714285,23.799999999999997,1.0,27.834747023809523,82.62872023809523,96.43452380952381,8.677752976190476
2023-10-03,10.360714285714286,20.3,1.0,27.858184523809523,83.84449404761905,99.81547619047619,8.079241071428571
2023-10-04,18.889285714285712,28.800000000000004,1.0,27.207440476190474,87.51934523809523,99.83630952380952,6.149925595238096
2023-10-05,15.316071428571428,38.90000000000001,1.0,27.016517857142855,88.83630952380952,94.75446428571429,5.132068452380952
2023-10-06,24.74285714285714,50.199999999999996,1.0,26.885863095238097,89.81175595238095,97.05208333333334,6.303943452380952
2023-10-07,18.094642857142855,42.60000000000001,1.0,27.534375,85.00520833333334,99.69196428571429,8.719122023809524
2023-10-08,12.366071428571429,23.4,1.0,27.41123511904762,86.35119047619048,99.49404761904762,6.483779761904763
2023-10-09,9.039285714285715,29.1,1.0,27.516592261904766,84.03645833333334,96.89732142857143,5.374181547619047
2023-10-10,13.319642857142856,28.099999999999994,1.0,26.780133928571427,89.34523809523809,94.12648809523809,4.863839285714286
2023-10-11,21.208928571428572,38.1,1.0,27.068973214285712,86.65029761904762,92.56547619047619,8.480654761904763
2023-10-12,10.148214285714285,18.9,1.0,27.601041666666667,86.17038690476191,88.90699404761905,6.103199404761904
2023-10-13,3.289285714285714,13.200000000000001,1.0,28.286830357142858,83.80803571428571,94.15699404761905,6.6640625
2023-10-14,5.0303571428571425,13.8,0.9642857142857143,28.61391369047619,79.55877976190477,90.68377976190477,6.384151785714286
2023-10-15,7.851785714285714,20.500000000000004,1.0,27.96607142857143,83.57738095238095,98.96428571428571,5.792782738095238
2023-10-16,1.0875000000000001,3.0,1.0,28.11279761904762,80.29166666666666,95.63764880952381,6.999032738095238
2023-10-17,0.1285714285714286,0.6,0.6607142857142857,28.481919642857143,75.86830357142857,99.19419642857143,6.898735119047619
2023-10-18,1.2053571428571428,3.9,1.0,28.29620535714286,79.10193452380952,94.359375,4.898586309523809
2023-10-19,2.539285714285714,13.9,0.9464285714285714,28.058556547619048,82.10267857142857,96.70461309523809,5.145684523809524
2023-10-20,6.296428571428571,26.4,1.0,28.07730654761905,82.93452380952381,80.90327380952381,5.413392857142857
2023-10-21,25.99285714285714,41.60000000000001,1.0,26.9109375,88.42485119047619,96.25967261904762,6.0109375
2023-10-22,12.137500000000001,26.7,1.0,26.818303571428572,86.625,89.56101190476191,5.777157738095238
2023-10-23,0.1910714285714286,1.0000000000000002,0.5714285714285714,28.036160714285717,79.40327380952381,62.924107142857146,5.330133928571429
2023-10-24,6.4125000000000005,22.300000000000008,1.0,28.075148809523814,79.90773809523809,83.40550595238095,5.967782738095238
2023-10-25,9.489285714285714,15.299999999999997,1.0,26.982738095238094,86.23065476190477,96.22544642857143,6.0640624999999995
2023-10-26,5.923214285714286,14.8,1.0,27.436607142857145,86.11979166666666,85.94419642857143,6.217261904761904
2023-10-27,2.0357142857142856,11.1,1.0,27.66190476190476,84.84449404761905,95.30654761904762,5.892410714285715
2023-10-28,4.189285714285714,7.699999999999999,1.0,27.711830357142855,85.40327380952381,98.85193452380952,4.372767857142857
2023-10-29,9.960714285714285,29.499999999999996,1.0,27.097395833333334,87.50744047619048,94.98511904761905,6.25453869047619
2023-10-30,16.28392857142857,31.599999999999998,1.0,26.496502976190474,88.97172619047619,99.39285714285714,7.278050595238095
2023-10-31,5.5303571428571425,12.999999999999996,1.0,26.926041666666666,83.27529761904762,79.27232142857143,8.88452380952381
2023-11-01,0.7267857142857144,4.1,0.7321428571428571,27.44002976190476,79.65104166666666,85.34821428571429,9.122842261904761
2023-11-02,0.75,5.199999999999999,0.75,27.452232142857145,79.14880952380952,76.78794642857143,5.626116071428571
2023-11-03,0.06785714285714285,0.6,0.32142857142857145,28.678050595238094,76.82366071428571,56.235119047619044,4.816517857142856
2023-11-04,3.894642857142857,11.299999999999999,1.0,28.136904761904763,83.31473214285714,96.84077380952381,4.821949404761904
2023-11-05,10.282142857142857,22.3,1.0,27.243824404761906,87.17113095238095,88.125,5.088690476190476
2023-11-06,2.7464285714285714,9.799999999999999,1.0,27.763616071428572,82.81324404761905,52.15997023809524,6.67827380952381
2023-11-07,8.073214285714284,15.7,1.0,27.164434523809522,85.57663690476191,75.91145833333334,5.084151785714285
2023-11-08,0.6625,4.7,0.7678571428571429,27.670610119047616,82.88616071428571,64.56994047619047,5.7909226190476195
2023-11-09,8.491071428571427,18.099999999999998,1.0,27.064732142857142,87.56026785714286,91.40029761904762,5.203869047619047
2023-11-10,6.2178571428571425,16.7,1.0,27.138616071428572,88.76711309523809,97.39434523809523,4.807589285714285
2023-11-11,12.258928571428571,37.60000000000001,1.0,26.87998511904762,88.91220238095238,93.71875,6.4097470238095235
2023-11-12,4.685714285714285,9.5,1.0,27.009375000000002,86.76934523809523,93.21949404761905,7.795535714285714
2023-11-13,8.376785714285713,14.4,1.0,27.241443452380953,85.87872023809523,88.06919642857143,7.607291666666667
2023-11-14,1.3839285714285714,6.7,0.7321428571428571,28.13623511904762,79.85491071428571,35.15029761904762,10.114880952380954
2023-11-15,0.6285714285714287,2.2,0.9107142857142857,27.694122023809523,77.37946428571429,42.872767857142854,8.546502976190476
2023-11-16,8.660714285714285,18.9,1.0,27.22626488095238,81.38616071428571,91.19568452380952,9.316592261904761
2023-11-17,0.34464285714285714,1.6,0.5535714285714286,25.937872023809522,65.2202380952381,73.41964285714286,14.759672619047619
2023-11-18,0.0,0.0,0.0,24.115624999999998,64.14434523809524,56.461309523809526,10.403050595238096
2023-11-19,0.0,0.0,0.0,23.670238095238094,67.20610119047619,65.45610119047619,9.635937499999999
2023-11-20,0.0,0.0,0.0,23.93296130952381,68.61979166666667,44.92782738095239,7.889806547619047
2023-11-21,0.0,0.0,0.0,25.05796130952381,70.10342261904762,87.15029761904762,7.552678571428571
2023-11-22,0.0,0.0,0.0,26.057663690476193,73.28794642857143,88.83556547619048,6.147395833333333
2023-11-23,0.0,0.0,0.0,26.6796875,70.80133928571429,90.47916666666666,7.450446428571429
2023-11-24,0.0,0.0,0.0,26.892410714285713,69.70014880952381,71.0171130952381,9.027008928571428
2023-11-25,0.0071428571428571435,0.1,0.07142857142857142,26.679315476190478,67.64136904761905,78.26636904761905,7.783705357142857
2023-11-26,4.017857142857143,10.299999999999999,1.0,27.160342261904763,70.20386904761905,85.80431547619048,8.409672619047619
2023-11-27,0.05178571428571428,0.7,0.21428571428571427,27.44747023809524,71.45982142857143,76.00520833333334,10.789434523809524
2023-11-28,0.0,0.0,0.0,26.26294642857143,63.04092261904761,70.71577380952381,9.81875
2023-11-29,0.0,0.0,0.0,26.51071428571429,66.07440476190476,76.92113095238095,8.867782738095238
2023-11-30,0.044642857142857144,0.4,0.25,27.76421130952381,67.15178571428571,64.99330357142857,9.391815476190477
2023-12-01,2.2214285714285715,10.200000000000001,0.9285714285714286,27.9015625,72.2827380952381,76.04613095238095,8.861011904761906
2023-12-02,2.05,14.799999999999999,1.0,27.45989583333333,77.90178571428571,84.69791666666666,8.865401785714285
2023-12-03,1.5660714285714286,6.1,1.0,27.711458333333333,75.66741071428571,71.77232142857143,8.928794642857143
2023-12-04,3.85,16.9,0.9821428571428571,27.50513392857143,77.49330357142857,63.404017857142854,8.449776785714286
2023-12-05,6.053571428571429,16.2,1.0,27.71436011904762,79.73139880952381,83.95238095238095,6.281473214285714
2023-12-06,16.373214285714287,41.3,1.0,27.944047619047616,78.22395833333334,42.264880952380956,7.1442708333333345
2023-12-07,5.223214285714286,20.800000000000004,1.0,27.046651785714285,77.29538690476191,33.947916666666664,9.801190476190476
2023-12-08,0.0,0.0,0.0,27.099999999999998,73.81026785714286,36.24032738095238,6.079836309523809
2023-12-09,0.0,0.0,0.0,27.5515625,75.29836309523809,37.75892857142857,5.145386904761905
2023-12-10,0.0,0.0,0.0,27.878794642857144,75.39211309523809,36.398809523809526,5.505803571428571
2023-12-11,0.21428571428571427,1.2000000000000002,0.5714285714285714,28.088244047619046,79.49255952380952,53.50297619047619,5.498065476190476
2023-12-12,0.026785714285714284,0.2,0.25,28.319568452380956,76.38913690476191,47.38690476190476,6.369940476190477
2023-12-13,0.6857142857142857,2.0,0.9107142857142857,27.93578869047619,75.74404761904762,53.560267857142854,7.532366071428571
2023-12-14,0.023214285714285715,0.30000000000000004,0.16071428571428573,28.18608630952381,68.41294642857143,78.95461309523809,7.402380952380953
2023-12-15,0.0,0.0,0.0,28.65186011904762,68.54241071428571,50.999255952380956,5.578273809523809
2023-12-16,0.017857142857142856,0.2,0.14285714285714285,28.64144345238095,69.17708333333333,21.750744047619047,6.538020833333333
2023-12-17,0.3696428571428571,1.3000000000000003,0.875,28.61175595238095,67.44717261904762,37.685267857142854,10.04248511904762
2023-12-18,0.08214285714285716,0.8,0.5535714285714286,27.67700892857143,64.62053571428571,44.75372023809524,9.450372023809523
2023-12-19,0.0375,0.30000000000000004,0.25,27.72254464285714,68.9389880952381,68.40029761904762,7.130729166666667
2023-12-20,0.008928571428571428,0.2,0.07142857142857142,27.949107142857144,66.0796130952381,57.013392857142854,7.832217261904761
2023-12-21,0.0,0.0,0.0,26.503348214285715,58.328869047619044,59.420386904761905,13.400595238095239
2023-12-22,0.0,0.0,0.0,23.477752976190477,57.013392857142854,87.76190476190477,13.416071428571428
2023-12-23,0.0,0.0,0.0,22.27782738095238,56.828869047619044,93.82217261904762,10.658854166666668
2023-12-24,0.019642857142857146,0.2,0.14285714285714285,22.68936011904762,58.002232142857146,98.15178571428571,9.243526785714286
2023-12-25,0.9553571428571429,7.6,0.5178571428571429,23.539136904761904,57.57440476190476,95.96354166666666,8.796577380952382
2023-12-26,1.05,8.299999999999999,0.625,23.682738095238097,63.57291666666667,60.171130952380956,7.868898809523809
2023-12-27,0.0,0.0,0.0,25.23578869047619,64.14583333333333,31.982142857142858,7.179985119047619
2023-12-28,0.0,0.0,0.0,26.43831845238095,62.13392857142857,10.380208333333332,8.757589285714285
2023-12-29,0.0625,0.5,0.2857142857142857,26.83095238095238,66.2172619047619,39.905505952380956,7.94077380952381
2023-12-30,0.0,0.0,0.0,27.33125,65.48735119047619,85.47767857142857,7.075669642857143
2023-12-31,0.0,0.0,0.0,27.66421130952381,67.16294642857143,93.19791666666666,6.766592261904762
2024-01-01,0.0,0.0,0.0,28.27470238095238,65.17261904761905,88.35193452380952,7.072395833333333
2024-01-02,0.021428571428571432,0.30000000000000004,0.16071428571428573,27.963169642857142,68.26190476190476,66.66815476190476,6.126264880952381
2024-01-03,0.0,0.0,0.0,27.661458333333336,61.58779761904761,53.53497023809524,7.342708333333333
2024-01-04,0.0,0.0,0.0,26.99858630952381,63.43080357142857,29.465029761904763,9.181696428571428
2024-01-05,0.0,0.0,0.0,27.404315476190476,62.735119047619044,62.92485119047619,7.847693452380953
2024-01-06,0.0,0.0,0.0,27.274702380952384,62.41517857142857,14.986607142857142,7.940327380952381
2024-01-07,0.0,0.0,0.0,27.31279761904762,62.264880952380956,44.72916666666667,7.303199404761904
2024-01-08,0.0,0.0,0.0,27.461830357142855,64.6108630952381,21.773065476190478,6.304092261904762
2024-01-09,0.0,0.0,0.0,27.842113095238094,71.09449404761905,13.428571428571429,5.007738095238095
2024-01-10,0.0,0.0,0.0,28.133556547619047,75.05654761904762,44.185267857142854,6.281324404761905
2024-01-11,0.24464285714285716,1.2000000000000002,0.5714285714285714,28.254836309523807,77.66964285714286,39.626488095238095,6.547991071428571
2024-01-12,1.157142857142857,2.2,1.0,28.087723214285713,79.08630952380952,24.381696428571427,8.299032738095239
2024-01-13,0.5964285714285714,1.5000000000000002,1.0,28.155357142857145,77.40104166666666,49.703125,7.048883928571429
2024-01-14,0.8267857142857143,4.1,0.6607142857142857,27.851190476190478,70.72916666666667,61.81845238095239,7.494494047619048
2024-01-15,0.0,0.0,0.0,27.650223214285717,62.13392857142857,22.624255952380953,8.581547619047619
2024-01-16,0.0,0.0,0.0,27.099553571428572,63.08779761904761,12.008928571428571,8.180133928571427
2024-01-17,0.0,0.0,0.0,27.086383928571426,61.257440476190474,78.36904761904762,8.593229166666665
2024-01-18,0.0,0.0,0.0,27.25885416666667,65.12574404761905,41.642113095238095,6.564508928571429
2024-01-19,0.0,0.0,0.0,28.10922619047619,64.59151785714286,69.87425595238095,5.123214285714285
2024-01-20,0.010714285714285716,0.2,0.08928571428571429,27.74471726190476,73.17410714285714,16.107886904761905,6.345238095238095
2024-01-21,0.048214285714285716,0.30000000000000004,0.32142857142857145,27.90342261904762,73.81175595238095,31.755952380952383,7.23125
2024-01-22,0.019642857142857146,0.4,0.10714285714285714,27.87671130952381,70.58407738095238,50.154017857142854,6.433705357142857
2024-01-23,5.2250000000000005,13.9,1.0,27.640625,74.20610119047619,72.01264880952381,9.091889880952381
2024-01-24,1.9910714285714286,5.7,1.0,26.243675595238095,63.953869047619044,95.23214285714286,11.60438988095238
2024-01-25,1.5767857142857142,7.1,0.7678571428571429,25.56927083333333,63.19717261904761,83.46800595238095,13.366369047619047
2024-01-26,0.3464285714285714,2.6,0.5357142857142857,25.94203869047619,59.007440476190474,62.69122023809524,10.09672619047619
2024-01-27,0.0,0.0,0.0,27.35074404761905,59.795386904761905,35.197916666666664,9.830282738095237
2024-01-28,0.0,0.0,0.0,27.991666666666667,60.04315476190476,66.9828869047619,9.744940476190477
2024-01-29,0.3821428571428572,3.6,0.39285714285714285,27.83623511904762,61.046130952380956,47.21502976190476,9.120386904761904
2024-01-30,0.18392857142857144,1.0999999999999999,0.5535714285714286,27.55252976190476,68.14732142857143,89.40773809523809,5.909672619047619
2024-01-31,0.021428571428571432,0.2,0.19642857142857142,27.637648809523807,68.41741071428571,75.83928571428571,6.653645833333334
2024-02-01,0.8517857142857144,2.5999999999999996,1.0,28.027529761904763,78.328125,55.17559523809524,8.486681547619048
2024-02-02,0.3625,1.2,0.8035714285714286,28.179464285714285,79.30803571428571,12.767113095238097,8.849404761904761
2024-02-03,0.3910714285714286,1.7000000000000002,0.8571428571428571,28.691145833333334,79.50372023809523,28.767113095238095,10.88266369047619
2024-02-04,0.6803571428571429,3.4,0.7321428571428571,28.998511904761905,75.33035714285714,8.688244047619047,9.542261904761904
2024-02-05,0.06071428571428572,0.5,0.30357142857142855,29.01309523809524,77.11755952380952,25.515625,9.166517857142859
2024-02-06,0.025,0.2,0.21428571428571427,29.158035714285713,77.74255952380952,14.777529761904761,9.369345238095237
2024-02-07,0.0035714285714285718,0.2,0.017857142857142856,28.85982142857143,78.75372023809523,10.040922619047619,10.17202380952381
2024-02-08,0.05714285714285715,0.4,0.32142857142857145,28.8546875,77.26860119047619,17.370535714285715,10.965997023809523
2024-02-09,0.07678571428571428,0.9,0.19642857142857142,28.898363095238096,77.83258928571429,37.707589285714285,12.170684523809525
2024-02-10,2.748214285714286,6.5,1.0,28.457589285714285,76.41443452380952,68.71130952380953,9.521279761904763
2024-02-11,0.0,0.0,0.0,27.726041666666667,58.488839285714285,39.460565476190474,10.672098214285713
2024-02-12,0.0,0.0,0.0,26.865178571428572,55.16294642857143,46.77232142857143,10.132217261904762
2024-02-13,0.0,0.0,0.0,26.95357142857143,57.62127976190476,8.870535714285714,8.682440476190477
2024-02-14,0.0,0.0,0.0,27.853869047619046,61.827380952380956,2.2611607142857144,6.672991071428571
2024-02-15,0.04642857142857143,0.4,0.17857142857142858,28.85014880952381,73.50818452380952,44.723214285714285,6.1328125
2024-02-16,0.3196428571428572,1.8000000000000003,0.8571428571428571,29.13177083333333,77.70610119047619,50.642113095238095,8.731919642857143
2024-02-17,1.9392857142857145,4.0,1.0,28.253199404761904,79.71651785714286,57.01264880952381,11.386309523809524
2024-02-18,0.525,2.7,0.6964285714285714,28.398660714285715,74.18005952380952,52.65104166666667,13.406547619047618
2024-02-19,0.1375,1.2000000000000002,0.2857142857142857,28.390550595238096,75.37053571428571,88.02157738095238,13.072767857142859
2024-02-20,0.09285714285714286,0.7,0.5,29.308854166666666,72.08258928571429,58.044642857142854,14.491964285714285
2024-02-21,0.4660714285714286,2.4000000000000004,0.9107142857142857,29.306994047619046,73.07291666666667,47.59970238095239,16.096800595238097
2024-02-22,0.19821428571428573,0.6,0.7321428571428571,29.161830357142858,74.90848214285714,13.408482142857142,14.651116071428573
2024-02-23,0.14642857142857144,0.7,0.6428571428571429,29.21860119047619,75.41964285714286,29.514136904761905,13.191964285714286
2024-02-24,0.2535714285714286,1.7,0.75,29.23035714285714,74.54464285714286,25.683035714285715,11.248139880952381
2024-02-25,2.4375,7.099999999999999,0.9642857142857143,29.055208333333333,75.390625,27.528273809523807,10.519940476190476
2024-02-26,0.35714285714285715,1.5000000000000002,0.9464285714285714,29.593154761904763,73.44791666666666,8.610119047619047,8.36547619047619
2024-02-27,0.7571428571428572,2.7,1.0,29.3422619047619,74.03571428571429,25.413690476190478,8.688616071428571
2024-02-28,1.5571428571428572,6.1000000000000005,1.0,28.813988095238095,76.20833333333334,20.151041666666664,9.84672619047619
2024-02-29,0.8285714285714285,3.0000000000000004,0.9285714285714286,29.036755952380954,76.60565476190477,19.285714285714285,13.028497023809523
2024-03-01,0.19642857142857142,0.9,0.7857142857142857,29.757589285714285,71.5625,61.930059523809526,10.744494047619048
2024-03-02,4.273214285714286,10.3,1.0,28.315550595238097,78.77604166666666,55.049107142857146,10.05751488095238
2024-03-03,0.7339285714285715,2.1,0.9821428571428571,29.335863095238096,75.26413690476191,31.55654761904762,9.710193452380953
2024-03-04,1.0910714285714287,3.9000000000000004,0.875,29.63854166666667,76.75892857142857,43.651785714285715,13.643973214285714
2024-03-05,0.1571428571428571,3.3,0.2857142857142857,30.135565476190475,73.41964285714286,35.574404761904766,12.166145833333333
2024-03-06,0.0,0.0,0.0,29.708556547619047,77.16889880952381,61.886160714285715,12.821949404761906
2024-03-07,0.026785714285714284,0.30000000000000004,0.23214285714285715,30.127752976190475,74.73735119047619,45.21577380952381,10.84032738095238
2024-03-08,0.008928571428571428,0.4,0.03571428571428571,30.184895833333336,71.88616071428571,87.12053571428571,14.400967261904762
2024-03-09,2.460714285714286,10.299999999999999,1.0,29.657812500000002,73.73883928571429,97.40178571428571,13.579092261904762
2024-03-10,1.8053571428571427,10.000000000000002,0.9642857142857143,29.631547619047616,73.78794642857143,31.827380952380953,11.757514880952382
2024-03-11,2.6464285714285714,10.299999999999999,0.9821428571428571,29.77983630952381,74.40848214285714,43.94345238095239,12.341145833333332
2024-03-12,6.542857142857143,15.099999999999998,1.0,29.01889880952381,76.65848214285714,70.99107142857143,12.064360119047619
2024-03-13,1.6821428571428572,4.599999999999999,1.0,29.374776785714285,74.1875,42.089285714285715,12.331770833333334
2024-03-14,0.2839285714285714,2.9,0.5892857142857143,29.94970238095238,70.60342261904762,30.121279761904763,13.534598214285714
2024-03-15,0.29642857142857143,1.9,0.6428571428571429,29.86860119047619,74.44196428571429,17.357886904761905,13.604166666666668
2024-03-16,1.155357142857143,6.4,0.8035714285714286,29.754464285714285,74.09747023809523,42.186755952380956,15.636532738095239
2024-03-17,0.0,0.0,0.0,30.053794642857145,68.7797619047619,62.68452380952381,12.778571428571428
2024-03-18,0.0,0.0,0.0,29.796279761904763,73.17336309523809,17.873511904761905,13.16123511904762
2024-03-19,3.5857142857142854,10.499999999999998,1.0,29.300595238095237,76.1875,38.779017857142854,13.552827380952381
2024-03-20,30.5,45.6,1.0,26.152380952380952,87.609375,73.13467261904762,7.75639880952381
2024-03-21,0.29285714285714287,1.1,0.8392857142857143,27.706324404761904,75.78869047619048,35.84672619047619,6.337127976190476
2024-03-22,0.3196428571428572,1.4000000000000004,0.9285714285714286,28.748214285714287,74.48139880952381,11.080357142857142,9.37857142857143
2024-03-23,0.4714285714285714,2.4000000000000004,0.6607142857142857,29.44322916666667,76.26488095238095,35.604910714285715,15.375297619047618
2024-03-24,1.0285714285714287,2.9,0.9107142857142857,29.638690476190476,76.30877976190477,15.017857142857142,12.02172619047619
2024-03-25,0.3625,4.6,0.5892857142857143,30.031994047619047,76.52455357142857,47.16145833333333,12.265997023809524
2024-03-26,1.3767857142857145,3.8999999999999995,1.0,29.934523809523807,75.65848214285714,46.51190476190476,11.679464285714287
2024-03-27,2.642857142857143,8.399999999999999,1.0,29.242931547619047,76.765625,25.023065476190478,9.807961309523808
2024-03-28,0.10892857142857144,0.8,0.5178571428571429,30.12857142857143,75.36309523809523,91.73511904761905,10.881696428571429
2024-03-29,0.4857142857142857,3.0,0.8035714285714286,30.372544642857143,74.16964285714286,28.891369047619047,12.4140625
2024-03-30,0.08750000000000001,0.6,0.26785714285714285,30.761309523809523,71.28348214285714,41.828869047619044,13.029315476190476
2024-03-31,0.33571428571428574,2.2,0.5,31.03578869047619,70.39806547619047,10.056547619047619,13.970833333333333
2024-04-01,0.030357142857142857,0.6,0.16071428571428573,31.530877976190478,67.89806547619047,1.6078869047619049,11.748809523809525
2024-04-02,0.0,0.0,0.0,30.97738095238095,72.29910714285714,4.526041666666667,14.481175595238096
2024-04-03,0.06071428571428572,0.30000000000000004,0.375,30.92782738095238,73.70610119047619,41.00297619047619,14.997842261904761
2024-04-04,0.058928571428571434,0.5,0.30357142857142855,31.058035714285715,73.79092261904762,39.158482142857146,13.296205357142856
2024-04-05,0.2392857142857143,1.2000000000000002,0.625,30.89375,76.03348214285714,54.33333333333333,15.525372023809524
2024-04-06,0.21964285714285717,0.7000000000000001,0.8392857142857143,30.892113095238095,75.96577380952381,23.744791666666664,16.09925595238095
2024-04-07,0.07321428571428572,0.5,0.4107142857142857,31.148958333333333,72.14285714285714,21.517113095238095,15.795758928571429
2024-04-08,0.0,0.0,0.0,31.602529761904766,67.88541666666667,86.08854166666666,14.862499999999999
2024-04-09,1.8089285714285714,8.4,0.6964285714285714,31.44613095238095,72.59821428571429,71.64360119047619,12.502157738095237
2024-04-10,0.8821428571428571,5.8999999999999995,0.875,31.412872023809523,72.11532738095238,55.445684523809526,10.922693452380953
2024-04-11,0.5875,2.1,0.9642857142857143,30.90148809523809,74.36235119047619,58.98065476190476,10.113988095238096
2024-04-12,1.6767857142857143,7.5,0.875,30.97752976190476,73.74107142857143,28.947916666666664,11.591815476190476
2024-04-13,0.975,3.9,0.8571428571428571,31.3078125,71.87797619047619,50.78422619047619,12.857217261904761
2024-04-14,0.1285714285714286,1.0,0.5892857142857143,31.355505952380952,71.37797619047619,30.71279761904762,14.552678571428572
2024-04-15,0.03214285714285715,0.30000000000000004,0.23214285714285715,31.3171875,70.91592261904762,20.596726190476193,15.062946428571427
2024-04-16,0.05714285714285715,1.7,0.17857142857142858,31.292559523809526,69.24107142857143,20.426339285714285,14.757738095238096
2024-04-17,0.33571428571428574,2.7,0.6607142857142857,31.35111607142857,69.00446428571429,57.85342261904761,14.471130952380951
2024-04-18,0.1285714285714286,0.8,0.30357142857142855,31.82284226190476,69.11160714285714,52.30357142857143,15.058779761904763
2024-04-19,0.06607142857142857,0.5,0.375,31.943005952380954,67.0297619047619,9.711309523809524,14.467113095238094
2024-04-20,0.021428571428571432,0.1,0.21428571428571427,32.25877976190476,66.60491071428571,68.24627976190476,13.486830357142859
2024-04-21,0.012499999999999999,0.3,0.07142857142857142,32.685267857142854,62.663690476190474,74.56547619047619,12.299925595238095
2024-04-22,0.05357142857142857,0.30000000000000004,0.39285714285714285,32.2546130952381,68.58556547619047,54.342261904761905,15.401116071428572
2024-04-23,0.12500000000000003,1.2,0.5178571428571429,31.964806547619048,70.71875,42.08854166666667,16.27641369047619
2024-04-24,0.40535714285714286,3.7,0.9285714285714286,31.740848214285712,71.16517857142857,82.04910714285714,16.275000000000002
2024-04-25,0.010714285714285716,0.4,0.03571428571428571,32.00022321428572,68.13020833333333,56.767857142857146,14.246502976190476
2024-04-26,0.0,0.0,0.0,31.954761904761906,68.93154761904762,32.37797619047619,15.881473214285714
2024-04-27,0.0375,0.4,0.14285714285714285,32.4264880952381,70.80431547619047,33.697916666666664,15.483630952380953
2024-04-28,0.03392857142857143,0.5,0.17857142857142858,32.41800595238095,71.22172619047619,9.745535714285714,17.393005952380953
2024-04-29,0.10535714285714286,0.5,0.6607142857142857,32.409151785714286,70.71205357142857,31.304315476190478,16.521949404761905
2024-04-30,0.008928571428571428,0.1,0.08928571428571429,32.70744047619048,67.24702380952381,54.50892857142857,15.809970238095238
2024-05-01,0.0,0.0,0.0,32.84806547619048,64.1889880952381,56.479910714285715,14.970833333333333
2024-05-02,0.0071428571428571435,0.1,0.07142857142857142,32.51800595238095,68.25669642857143,65.16964285714286,16.232886904761905
2024-05-03,0.16785714285714287,1.4,0.5178571428571429,32.66681547619048,67.3735119047619,27.675595238095237,14.426785714285714
2024-05-04,10.739285714285714,43.699999999999996,1.0,32.06138392857143,71.12053571428571,39.501488095238095,13.377380952380951
2024-05-05,0.4785714285714286,3.4000000000000004,0.7142857142857143,33.032068452380955,65.36607142857143,39.86309523809524,12.294642857142858
2024-05-06,1.4625000000000001,6.3999999999999995,0.8392857142857143,32.375148809523814,70.0453869047619,36.37425595238095,14.156919642857144
2024-05-07,29.023214285714285,131.2,1.0,28.589955357142856,84.46875,81.09226190476191,10.282886904761906
2024-05-08,0.13392857142857142,1.0,0.42857142857142855,30.184002976190474,71.20907738095238,54.00297619047619,6.080729166666666
2024-05-09,24.95714285714286,45.1,1.0,30.161309523809525,77.22098214285714,83.49255952380952,7.390848214285714
2024-05-10,5.607142857142857,20.700000000000003,1.0,29.926636904761903,77.66964285714286,89.00669642857143,7.5609375
2024-05-11,14.594642857142857,31.600000000000005,1.0,28.678348214285712,83.37202380952381,98.96726190476191,4.6319196428571425
2024-05-12,0.880357142857143,6.7,0.8392857142857143,30.643005952380953,75.71354166666666,61.74330357142857,5.446130952380953
2024-05-13,21.7375,42.7,1.0,29.46026785714286,82.46800595238095,76.79166666666666,8.810044642857143
2024-05-14,0.075,0.4,0.4107142857142857,29.823809523809523,77.66517857142857,83.92559523809523,5.447991071428571
2024-05-15,3.2732142857142854,11.8,0.9821428571428571,30.78206845238095,72.72767857142857,98.73214285714286,6.463392857142857
2024-05-16,7.6125,19.4,1.0,30.026339285714283,79.32738095238095,96.77232142857143,7.097842261904762
2024-05-17,6.167857142857143,11.200000000000001,1.0,29.686011904761905,80.47619047619048,99.91294642857143,8.799255952380951
2024-05-18,1.992857142857143,10.5,1.0,30.265029761904763,78.78348214285714,97.56696428571429,9.405282738095238
2024-05-19,27.837500000000002,52.70000000000001,1.0,29.48675595238095,81.90997023809523,97.59523809523809,10.224925595238094
2024-05-20,7.471428571428571,27.9,1.0,29.636681547619048,82.04761904761905,97.76116071428571,7.185491071428571
2024-05-21,41.2125,60.7,1.0,28.587723214285713,85.875,99.95758928571429,6.884895833333333
2024-05-22,5.5249999999999995,12.299999999999999,1.0,28.344940476190477,84.40625,95.87053571428571,7.554017857142857
2024-05-23,13.769642857142856,24.499999999999996,1.0,28.08697916666667,86.03422619047619,99.99925595238095,11.217410714285714
2024-05-24,6.764285714285714,16.400000000000002,1.0,28.34799107142857,83.61309523809523,100.0,11.75141369047619
2024-05-25,5.105357142857143,12.7,1.0,29.312574404761904,81.92857142857143,99.97247023809523,10.630505952380954
2024-05-26,1.2910714285714284,8.100000000000001,0.8928571428571429,29.670610119047616,78.15997023809523,97.72395833333334,11.151488095238095
2024-05-27,0.5285714285714286,2.1,0.9107142857142857,30.59017857142857,75.74032738095238,95.65104166666666,10.65200892857143
2024-05-28,0.32142857142857145,1.3,0.8214285714285714,30.472247023809526,73.45610119047619,95.39508928571429,9.695386904761904
2024-05-29,5.1625000000000005,11.0,1.0,30.26495535714286,75.71354166666666,96.61011904761905,9.55297619047619
2024-05-30,28.360714285714288,43.10000000000001,1.0,29.51220238095238,79.14880952380952,83.73511904761905,8.85811011904762
2024-05-31,16.75,33.60000000000001,1.0,28.717113095238094,84.51488095238095,99.65997023809523,8.715699404761905
2024-06-01,14.941071428571428,25.000000000000004,1.0,28.23541666666667,86.26636904761905,99.78422619047619,12.102232142857144
2024-06-02,2.0660714285714286,4.9,1.0,29.63980654761905,75.42931547619048,99.16517857142857,9.219345238095238
2024-06-03,0.1982142857142857,0.8999999999999999,0.7142857142857143,29.741964285714285,72.68377976190476,97.76116071428571,9.469642857142857
2024-06-04,2.2392857142857143,7.2,1.0,29.55721726190476,75.12425595238095,84.35863095238095,8.76279761904762
2024-06-05,3.8392857142857144,11.0,1.0,29.652901785714285,78.50595238095238,91.87276785714286,11.055729166666666
2024-06-06,2.330357142857143,7.500000000000001,1.0,29.53333333333333,75.40997023809523,99.82291666666666,10.575000000000001
2024-06-07,4.994642857142857,13.0,0.9642857142857143,29.54278273809524,75.43377976190477,91.36383928571429,10.265327380952382
2024-06-08,3.2125,11.3,0.9821428571428571,29.54955357142857,74.30282738095238,98.90401785714286,11.979985119047617
2024-06-09,7.4875,20.1,1.0,29.08735119047619,75.29836309523809,99.99479166666666,12.471205357142859
2024-06-10,10.596428571428572,29.400000000000006,1.0,28.71190476190476,78.41592261904762,99.91592261904762,14.827901785714285
2024-06-11,7.860714285714286,23.5,1.0,28.675,78.45089285714286,99.96949404761905,14.19375
2024-06-12,3.2339285714285713,8.6,1.0,29.079910714285713,78.65327380952381,98.95014880952381,11.237276785714286
2024-06-13,0.32142857142857145,1.2,0.8928571428571429,29.740699404761905,75.69940476190477,93.43229166666666,10.538541666666665
2024-06-14,0.5767857142857143,3.1,0.8392857142857143,30.078199404761904,76.65252976190477,93.08630952380952,10.218973214285715
2024-06-15,0.15,1.1,0.5892857142857143,30.075148809523807,73.61681547619048,76.38020833333334,10.039806547619047
2024-06-16,2.8660714285714284,14.2,0.9464285714285714,30.294419642857143,72.07589285714286,94.26190476190477,10.809226190476192
2024-06-17,10.260714285714286,37.9,1.0,29.08712797619048,79.70907738095238,91.54241071428571,8.879464285714286
2024-06-18,0.2982142857142857,3.8,0.5892857142857143,29.75215773809524,74.02678571428571,97.66071428571429,9.836458333333335
2024-06-19,3.9660714285714285,11.2,1.0,29.63177083333333,75.60565476190477,79.80729166666666,10.085416666666665
2024-06-20,4.910714285714286,10.5,1.0,29.286755952380954,76.77008928571429,76.29836309523809,10.16577380952381
2024-06-21,9.719642857142857,18.800000000000004,1.0,28.90833333333333,78.32440476190477,96.52455357142857,10.803645833333333
2024-06-22,10.451785714285714,21.900000000000006,1.0,28.744270833333335,77.18303571428571,99.85863095238095,11.394122023809524
2024-06-23,6.389285714285714,17.700000000000003,1.0,28.53526785714286,76.41964285714286,99.93601190476191,11.884002976190477
2024-06-24,5.851785714285714,15.499999999999996,1.0,28.309523809523807,79.46651785714286,99.99032738095238,12.720610119047619
2024-06-25,20.35892857142857,40.1,1.0,28.07373511904762,81.84747023809523,99.96949404761905,12.795535714285714
2024-06-26,15.089285714285714,29.9,1.0,27.53169642857143,84.38318452380952,98.43824404761905,12.047619047619047
2024-06-27,1.4625000000000001,6.6000000000000005,1.0,28.558407738095237,78.95535714285714,92.87797619047619,9.749032738095238
2024-06-28,3.9910714285714284,12.2,1.0,29.158035714285713,78.63392857142857,98.49553571428571,8.08125
2024-06-29,16.107142857142858,25.2,1.0,28.224255952380954,83.46577380952381,99.25074404761905,10.57217261904762
2024-06-30,11.517857142857142,20.5,1.0,28.25811011904762,82.46577380952381,99.93303571428571,8.354092261904762
2024-07-01,1.7785714285714287,6.599999999999999,1.0,28.150223214285717,80.44345238095238,99.98883928571429,7.8619047619047615
2024-07-02,9.307142857142855,15.299999999999999,1.0,28.60438988095238,77.61086309523809,97.74032738095238,7.311235119047619
2024-07-03,1.125,4.1,0.8571428571428571,29.050074404761904,77.61458333333334,99.96056547619048,9.130654761904761
2024-07-04,7.628571428571428,19.900000000000006,1.0,27.40498511904762,85.15997023809523,99.96279761904762,8.962127976190477
2024-07-05,17.592857142857145,30.3,1.0,27.487425595238097,83.80357142857143,88.48809523809523,8.420089285714287
2024-07-06,3.4089285714285715,11.7,1.0,28.01063988095238,81.27306547619048,83.98214285714286,7.803571428571429
2024-07-07,1.9232142857142858,8.7,0.9642857142857143,28.80796130952381,77.49181547619048,93.26934523809523,7.512276785714286
2024-07-08,2.6982142857142857,14.899999999999997,1.0,28.75171130952381,80.70684523809523,80.02678571428571,9.202455357142856
2024-07-09,6.3374999999999995,20.3,1.0,28.37641369047619,80.12797619047619,99.87648809523809,6.755059523809523
2024-07-10,22.33214285714286,43.900000000000006,1.0,27.60126488095238,85.59151785714286,98.28720238095238,9.92983630952381
2024-07-11,9.955357142857142,27.599999999999998,1.0,27.345982142857142,85.73363095238095,99.64211309523809,7.548363095238095
2024-07-12,13.316071428571428,27.299999999999997,1.0,27.598214285714285,82.09077380952381,97.03720238095238,9.71264880952381
2024-07-13,11.060714285714285,24.5,1.0,28.22924107142857,78.75446428571429,99.484375,11.909002976190477
2024-07-14,7.5125,22.299999999999997,1.0,28.269568452380952,78.83184523809523,88.0625,11.077306547619047
2024-07-15,16.044642857142858,26.9,1.0,27.17686011904762,86.53869047619048,99.28794642857143,8.215327380952381
2024-07-16,20.417857142857144,37.10000000000001,1.0,27.03988095238095,86.5,99.96800595238095,10.78110119047619
2024-07-17,17.26964285714286,35.7,1.0,27.8015625,81.94047619047619,98.10788690476191,10.397842261904762
2024-07-18,7.141071428571428,13.0,1.0,27.59903273809524,84.50223214285714,98.36979166666666,10.268824404761904
2024-07-19,6.248214285714285,14.999999999999998,1.0,27.806919642857142,84.42410714285714,96.72172619047619,10.837723214285715
2024-07-20,17.501785714285713,37.7,1.0,27.623363095238094,85.93526785714286,99.91145833333334,10.591741071428572
2024-07-21,18.183928571428574,29.6,1.0,27.933482142857144,85.32514880952381,98.89806547619048,8.815848214285714
2024-07-22,3.2267857142857146,8.799999999999999,1.0,28.0046875,82.98511904761905,92.60863095238095,9.028943452380952
2024-07-23,11.144642857142857,19.800000000000004,1.0,27.92157738095238,83.35119047619048,99.88616071428571,10.765625
2024-07-24,1.2214285714285715,2.7000000000000006,1.0,27.80550595238095,82.97544642857143,99.69419642857143,14.544568452380952
2024-07-25,4.5874999999999995,7.000000000000001,1.0,27.40952380952381,84.83928571428571,99.01785714285714,11.87046130952381
2024-07-26,5.928571428571429,9.9,1.0,27.56183035714286,86.16294642857143,99.64732142857143,11.095089285714286
2024-07-27,20.494642857142857,38.9,1.0,27.649553571428573,86.95014880952381,99.67261904761905,11.141592261904762
2024-07-28,19.321428571428573,35.2,1.0,27.12142857142857,87.49627976190477,99.77380952380952,11.185416666666667
2024-07-29,30.544642857142858,44.6,1.0,27.18221726190476,87.27083333333334,99.98214285714286,12.229613095238095
2024-07-30,7.0928571428571425,19.000000000000004,1.0,27.69598214285714,84.24776785714286,99.90401785714286,10.680654761904762
2024-07-31,3.226785714285714,8.2,1.0,27.897544642857145,84.48363095238095,99.91815476190477,12.077008928571429
2024-08-01,5.792857142857143,12.1,1.0,27.882291666666667,83.30357142857143,99.88690476190477,10.610714285714286
2024-08-02,4.410714285714286,14.199999999999998,1.0,27.87433035714286,84.00818452380952,97.73139880952381,6.6737351190476195
2024-08-03,5.966071428571429,12.799999999999999,1.0,27.767261904761906,84.23139880952381,95.34598214285714,6.470907738095238
2024-08-04,9.503571428571428,28.199999999999996,1.0,27.642633928571428,84.21428571428571,91.08184523809523,7.036458333333333
2024-08-05,13.789285714285715,29.599999999999998,1.0,27.394791666666666,84.66964285714286,90.73735119047619,7.475595238095238
2024-08-06,8.017857142857142,18.799999999999997,1.0,28.029017857142858,82.20982142857143,96.21875,8.005580357142858
2024-08-07,7.142857142857143,16.900000000000006,1.0,27.554166666666667,84.87425595238095,97.34821428571429,5.945684523809524
2024-08-08,1.075,8.3,0.6964285714285714,28.154985119047616,82.72619047619048,97.82589285714286,5.748883928571429
2024-08-09,1.1142857142857143,7.8,0.9821428571428571,29.469791666666662,78.28794642857143,59.09375,8.596651785714286
2024-08-10,2.960714285714286,7.4,0.9821428571428571,29.570535714285715,76.68675595238095,65.28497023809524,10.65141369047619
2024-08-11,4.076785714285714,7.2,1.0,29.573660714285715,77.18675595238095,89.76413690476191,12.125818452380953
2024-08-12,13.132142857142856,24.100000000000005,1.0,28.594642857142855,81.59821428571429,99.92485119047619,9.00483630952381
2024-08-13,1.992857142857143,6.8999999999999995,1.0,28.505505952380954,82.88169642857143,91.70758928571429,8.490699404761905
2024-08-14,4.814285714285715,13.7,1.0,28.792782738095237,81.79761904761905,92.17410714285714,6.913616071428572
2024-08-15,2.732142857142857,10.4,0.9821428571428571,29.29769345238095,79.61458333333334,69.80059523809524,7.760193452380952
2024-08-16,2.2089285714285714,7.100000000000001,0.8928571428571429,29.379910714285717,78.80877976190477,94.00372023809523,7.980803571428572
2024-08-17,1.1357142857142857,3.8000000000000003,0.9285714285714286,28.92998511904762,79.41592261904762,99.56324404761905,8.528794642857143
2024-08-18,1.3642857142857143,8.5,0.875,29.271874999999998,78.52306547619048,98.73288690476191,7.431175595238095
2024-08-19,4.541071428571429,11.6,1.0,29.173214285714288,78.66369047619048,97.72247023809523,8.273660714285715
2024-08-20,6.321428571428571,15.399999999999999,1.0,28.647916666666667,81.78050595238095,99.99479166666666,6.291964285714285
2024-08-21,1.1196428571428572,4.5,0.9285714285714286,28.672842261904766,80.87872023809523,99.85565476190477,5.597842261904762
2024-08-22,0.8839285714285714,3.0,0.9821428571428571,29.424330357142857,76.01636904761905,92.72693452380952,8.639955357142856
2024-08-23,0.9928571428571429,2.9000000000000004,0.9107142857142857,29.440476190476193,76.21949404761905,99.97023809523809,7.227678571428571
2024-08-24,11.160714285714286,27.599999999999998,1.0,28.615401785714287,81.75372023809523,94.00967261904762,7.040550595238095
2024-08-25,8.426785714285714,20.8,1.0,28.036681547619047,81.92559523809523,99.66592261904762,6.225520833333333
2024-08-26,3.994642857142857,13.499999999999998,0.9285714285714286,28.76577380952381,77.14211309523809,93.10863095238095,7.035193452380953
2024-08-27,1.6607142857142858,6.799999999999999,0.8928571428571429,28.457142857142856,78.31026785714286,77.88616071428571,7.611532738095238
2024-08-28,16.8125,33.9,1.0,27.533482142857142,84.35714285714286,94.86458333333334,7.265178571428572
2024-08-29,16.6,30.099999999999998,1.0,27.49895833333333,84.74851190476191,99.50148809523809,8.996949404761905
2024-08-30,7.783928571428571,33.400000000000006,1.0,28.292559523809526,78.56770833333334,72.90848214285714,8.714136904761904
2024-08-31,1.605357142857143,7.300000000000001,0.9464285714285714,28.425744047619048,76.21800595238095,79.10491071428571,9.572172619047619
2024-09-01,17.505357142857143,31.9,1.0,28.154985119047616,78.63690476190477,57.875,9.327678571428573
2024-09-02,21.271428571428572,35.10000000000001,1.0,27.132961309523807,86.57589285714286,98.10863095238095,6.451711309523809
2024-09-03,14.725,25.7,1.0,26.83340773809524,88.00818452380952,99.81101190476191,7.524479166666667
2024-09-04,11.0625,31.6,1.0,27.46808035714286,84.94047619047619,99.18824404761905,7.566294642857143
2024-09-05,8.003571428571428,17.7,1.0,28.347395833333334,77.67485119047619,82.88541666666666,10.493080357142857
2024-09-06,16.307142857142857,32.5,1.0,28.211830357142855,78.72395833333334,95.5625,11.022098214285714
2024-09-07,1.1178571428571429,4.999999999999999,0.9285714285714286,29.05639880952381,74.63764880952381,93.88318452380952,12.682812499999999
2024-09-08,3.3839285714285716,14.0,1.0,28.85669642857143,76.46205357142857,99.99479166666666,12.349032738095238
2024-09-09,7.746428571428571,15.599999999999998,1.0,28.253050595238097,80.62276785714286,99.76785714285714,10.607589285714285
2024-09-10,8.596428571428572,21.5,1.0,28.19241071428571,80.64955357142857,97.86681547619048,9.599032738095238
2024-09-11,10.70892857142857,27.299999999999997,1.0,28.019791666666666,83.87946428571429,98.99032738095238,7.501785714285715
2024-09-12,8.944642857142856,18.9,1.0,27.90171130952381,84.31026785714286,82.09672619047619,7.423958333333333
2024-09-13,5.3125,11.799999999999999,1.0,28.035863095238092,83.41815476190477,95.86979166666666,7.705059523809524
2024-09-14,13.507142857142856,25.800000000000004,1.0,27.91235119047619,83.42857142857143,94.65476190476191,9.625223214285715
2024-09-15,17.673214285714288,28.200000000000003,1.0,27.565104166666664,83.30803571428571,97.671875,10.929017857142856
2024-09-16,11.619642857142859,29.500000000000004,1.0,28.37261904761905,77.93824404761905,85.40476190476191,11.15186011904762
2024-09-17,8.721428571428572,21.5,1.0,28.391294642857144,79.43526785714286,98.63541666666666,11.185714285714285
2024-09-18,16.851785714285715,26.599999999999998,1.0,27.186607142857145,86.13392857142857,99.84747023809523,8.15796130952381
2024-09-19,3.225,10.299999999999999,1.0,27.35438988095238,85.31175595238095,96.09895833333334,6.491443452380952
2024-09-20,8.401785714285714,18.400000000000002,1.0,27.3140625,86.07961309523809,99.56398809523809,7.844196428571428
2024-09-21,13.751785714285715,29.599999999999998,1.0,27.284970238095237,87.04836309523809,93.52306547619048,7.872321428571429
2024-09-22,16.189285714285713,26.599999999999994,1.0,27.441964285714285,86.37351190476191,98.21949404761905,10.577380952380953
2024-09-23,4.026785714285714,11.1,1.0,28.017187500000002,83.06324404761905,97.73363095238095,8.445684523809524
2024-09-24,6.582142857142856,15.2,1.0,26.86971726190476,87.20982142857143,99.58482142857143,6.757142857142857
2024-09-25,4.4053571428571425,9.3,1.0,27.288839285714285,85.48214285714286,96.13616071428571,4.744642857142857
2024-09-26,9.730357142857143,20.299999999999997,1.0,27.42782738095238,85.01264880952381,93.45907738095238,4.871428571428572
2024-09-27,3.6357142857142857,10.7,1.0,27.568824404761905,85.97693452380952,80.08333333333334,5.011532738095238
2024-09-28,3.217857142857143,8.799999999999999,1.0,28.298883928571428,82.95386904761905,79.01339285714286,6.319122023809524
2024-09-29,1.467857142857143,4.0,1.0,29.090252976190474,80.36086309523809,93.20461309523809,8.392782738095239
2024-09-30,14.544642857142858,27.8,1.0,28.927678571428572,80.71875,96.73288690476191,8.228497023809524
2024-10-01,14.66607142857143,31.0,1.0,27.624776785714285,85.91220238095238,97.92931547619048,6.314732142857143
2024-10-02,6.083928571428571,17.900000000000002,1.0,27.52261904761905,86.03794642857143,98.12648809523809,8.185714285714285
2024-10-03,24.212500000000002,42.40000000000001,1.0,26.570386904761907,88.43675595238095,99.76264880952381,8.386755952380954
2024-10-04,26.748214285714287,41.300000000000004,1.0,26.74188988095238,86.88467261904762,93.76041666666666,7.473735119047619
2024-10-05,0.2857142857142857,1.3,0.7678571428571429,28.029017857142858,79.12872023809523,70.12872023809524,6.6675595238095235
2024-10-06,0.16964285714285715,0.6000000000000001,0.6607142857142857,28.26778273809524,75.01785714285714,91.54315476190477,7.217931547619047
2024-10-07,0.37857142857142856,1.1,0.9285714285714286,28.518973214285715,76.05431547619048,69.54166666666667,6.613839285714286
2024-10-08,4.660714285714286,9.5,1.0,28.121875,79.35863095238095,77.06398809523809,6.036011904761905
2024-10-09,10.010714285714286,20.1,1.0,27.18422619047619,85.75669642857143,96.47247023809523,5.516964285714286
2024-10-10,12.289285714285715,25.600000000000005,1.0,27.274627976190477,85.15104166666666,87.82440476190477,7.305729166666667
2024-10-11,0.13035714285714287,1.0,0.5714285714285714,27.977157738095237,80.95535714285714,76.47172619047619,5.7005952380952385
2024-10-12,2.751785714285714,9.899999999999999,0.9285714285714286,28.077901785714285,81.43675595238095,84.31845238095238,7.217261904761905
2024-10-13,6.955357142857143,17.3,1.0,27.575148809523807,85.38764880952381,89.16517857142857,6.264880952380952
2024-10-14,4.669642857142857,15.599999999999998,1.0,27.917261904761904,84.63169642857143,85.04538690476191,4.957291666666667
2024-10-15,0.37857142857142856,3.5,0.3392857142857143,28.67001488095238,79.57217261904762,57.061755952380956,5.039657738095237
2024-10-16,4.2839285714285715,13.299999999999999,1.0,28.080059523809524,83.36235119047619,95.54017857142857,5.502901785714286
2024-10-17,2.9035714285714285,16.800000000000008,1.0,28.262127976190477,80.12351190476191,55.70907738095239,5.024776785714286
2024-10-18,17.791071428571428,33.5,1.0,26.71778273809524,87.72916666666666,99.21428571428571,5.088988095238094
2024-10-19,27.050000000000004,55.300000000000004,1.0,26.140848214285715,89.68452380952381,99.62127976190477,6.498511904761904
2024-10-20,17.705357142857142,30.4,1.0,26.202604166666667,88.47842261904762,98.64657738095238,10.543601190476192
2024-10-21,4.035714285714286,13.7,1.0,27.406473214285715,84.32291666666666,86.31101190476191,4.422321428571428
2024-10-22,12.048214285714286,34.6,1.0,27.614285714285717,83.12797619047619,63.70982142857143,6.711681547619048
2024-10-23,10.5,23.400000000000002,1.0,26.829017857142855,85.21651785714286,59.48958333333333,6.298883928571429
2024-10-24,0.18035714285714285,2.0,0.30357142857142855,27.79136904761905,78.86160714285714,31.357142857142858,6.535193452380953
2024-10-25,0.19464285714285715,1.2,0.5535714285714286,28.13846726190476,78.82738095238095,89.58110119047619,7.482440476190476
2024-10-26,0.11964285714285715,0.8,0.6071428571428571,29.101785714285715,76.45758928571429,60.858630952380956,8.503943452380952
2024-10-27,8.757142857142856,18.1,1.0,28.709300595238094,79.87202380952381,94.77976190476191,9.340104166666666
2024-10-28,19.3125,29.9,1.0,27.166443452380953,84.84002976190477,79.71130952380952,6.937053571428572
2024-10-29,2.167857142857143,9.5,0.9821428571428571,27.510565476190475,81.42410714285714,55.00892857142857,4.328050595238095
2024-10-30,4.351785714285714,12.899999999999999,1.0,26.799776785714283,85.12425595238095,59.68080357142857,4.727827380952381
2024-10-31,2.1410714285714287,6.8999999999999995,1.0,27.53549107142857,82.12574404761905,86.21875,5.191889880952381
2024-11-01,7.553571428571429,20.000000000000004,1.0,27.595535714285717,82.76413690476191,75.84002976190477,4.7140625
2024-11-02,0.2910714285714286,4.1,0.4642857142857143,27.813690476190477,73.59151785714286,87.22098214285714,9.444345238095238
2024-11-03,0.0,0.0,0.0,27.37767857142857,68.45535714285714,69.82291666666667,8.580208333333333
2024-11-04,2.185714285714286,7.700000000000001,0.9821428571428571,27.488988095238092,72.15699404761905,69.39360119047619,9.021130952380952
2024-11-05,3.382142857142857,11.399999999999999,1.0,26.378348214285715,80.88764880952381,96.61309523809523,10.126488095238097
2024-11-06,1.280357142857143,6.9,0.875,26.820907738095237,78.18601190476191,86.26711309523809,9.66830357142857
2024-11-07,1.6303571428571428,8.6,0.9642857142857143,27.427455357142858,75.15550595238095,57.22172619047619,9.194717261904762
2024-11-08,0.8821428571428572,3.1000000000000005,1.0,27.456175595238097,73.73660714285714,72.82589285714286,9.009226190476191
2024-11-09,0.021428571428571432,0.2,0.16071428571428573,27.560714285714287,71.1264880952381,60.186011904761905,7.324925595238095
2024-11-10,0.0,0.0,0.0,27.32113095238095,67.87872023809524,29.211309523809522,6.392708333333333
2024-11-11,0.0,0.0,0.0,27.717410714285712,65.86681547619047,50.054315476190474,6.305431547619047
2024-11-12,0.0,0.0,0.0,28.324776785714285,67.58482142857143,73.54985119047619,6.730803571428572
2024-11-13,0.026785714285714284,0.2,0.25,29.845312500000002,63.49404761904761,42.770089285714285,6.555431547619048
2024-11-14,6.164285714285714,11.1,1.0,29.324776785714285,73.03720238095238,67.18675595238095,5.421502976190475
2024-11-15,7.621428571428572,15.8,1.0,27.93497023809524,83.76413690476191,97.10491071428571,3.969419642857143
2024-11-16,0.4089285714285715,1.4000000000000001,0.75,29.246949404761903,77.71354166666666,44.07440476190476,3.8035714285714284
2024-11-17,15.157142857142857,33.60000000000001,1.0,27.903497023809525,81.49925595238095,62.22470238095239,6.255654761904762
2024-11-18,0.2125,1.7,0.5,27.980208333333334,73.59375,36.830357142857146,8.03110119047619
2024-11-19,0.05357142857142857,0.5,0.16071428571428573,28.31815476190476,67.97395833333333,29.196428571428573,6.914434523809525
2024-11-20,0.17321428571428574,0.7,0.5,28.483184523809523,67.34821428571429,71.20386904761905,7.867633928571428
2024-11-21,0.1267857142857143,1.4,0.39285714285714285,28.73504464285714,64.12425595238095,34.54017857142857,7.510416666666666
2024-11-22,0.058928571428571434,0.5,0.375,28.589880952380952,64.46502976190476,61.485119047619044,7.816666666666667
2024-11-23,0.14285714285714285,0.7,0.5714285714285714,28.594122023809522,66.10714285714286,71.55803571428571,8.51436011904762
2024-11-24,0.19642857142857142,0.7,0.6071428571428571,28.57529761904762,67.4702380952381,87.89732142857143,8.562723214285715
2024-11-25,0.35000000000000003,1.3,0.8392857142857143,28.71971726190476,70.12872023809524,87.48214285714286,7.876711309523809
2024-11-26,0.03035714285714286,0.30000000000000004,0.23214285714285715,28.93958333333333,69.578125,64.57366071428571,8.60297619047619
2024-11-27,0.34285714285714286,1.0,0.8571428571428571,28.49784226190476,69.82738095238095,77.02232142857143,9.405803571428573
2024-11-28,0.0,0.0,0.0,27.732142857142858,63.285714285714285,59.47842261904761,12.226636904761905
2024-11-29,0.0,0.0,0.0,25.832589285714285,62.179315476190474,54.78422619047619,10.907291666666666
2024-11-30,0.0,0.0,0.0,25.152752976190474,63.686755952380956,40.65625,7.099925595238096
2024-12-01,0.0,0.0,0.0,25.727157738095237,65.48363095238095,45.691964285714285,6.2872023809523805
2024-12-02,0.0,0.0,0.0,26.644717261904763,66.5014880952381,76.38839285714286,4.919270833333334
2024-12-03,0.0,0.0,0.0,27.937872023809526,63.66592261904761,47.19122023809524,6.706919642857143
2024-12-04,0.0,0.0,0.0,28.2328125,64.98660714285714,42.904761904761905,6.699776785714286
2024-12-05,0.0,0.0,0.0,28.091517857142858,63.84672619047619,85.65327380952381,6.096726190476191
2024-12-06,0.0,0.0,0.0,28.240104166666665,60.19345238095239,59.023809523809526,6.569196428571429
2024-12-07,0.8267857142857143,4.2,0.8392857142857143,28.42752976190476,66.82886904761905,69.96279761904762,6.6102678571428575
2024-12-08,0.6857142857142857,3.2,0.5357142857142857,28.806026785714288,66.29315476190476,76.23288690476191,8.663095238095238
2024-12-09,0.0,0.0,0.0,27.62075892857143,65.04464285714286,63.983630952380956,7.845907738095238
2024-12-10,0.0,0.0,0.0,27.477827380952384,66.09002976190476,74.42336309523809,5.462276785714286
2024-12-11,0.0,0.0,0.0,28.13385416666667,65.55952380952381,81.51116071428571,7.909598214285714
2024-12-12,0.20357142857142857,0.9,0.5714285714285714,28.59002976190476,66.02232142857143,96.99553571428571,8.341517857142858
2024-12-13,4.960714285714286,26.0,1.0,26.981770833333336,77.09002976190477,95.93898809523809,8.420833333333333
2024-12-14,0.028571428571428574,0.30000000000000004,0.17857142857142858,26.616443452380953,69.90252976190476,92.28125,10.15327380952381
2024-12-15,0.0,0.0,0.0,25.47872023809524,59.945684523809526,75.19122023809523,10.697172619047619
2024-12-16,0.0,0.0,0.0,25.43705357142857,58.689732142857146,51.18377976190476,8.348883928571428
2024-12-17,0.0,0.0,0.0,25.4453125,60.77604166666667,24.245535714285715,7.148809523809525
2024-12-18,0.0,0.0,0.0,26.15595238095238,62.08333333333333,31.809523809523807,8.712425595238095
2024-12-19,0.0,0.0,0.0,25.65967261904762,60.698660714285715,38.392113095238095,9.026116071428572
2024-12-20,0.0,0.0,0.0,24.47418154761905,60.954613095238095,51.76860119047619,6.4346726190476184
2024-12-21,0.0,0.0,0.0,24.520535714285717,63.751488095238095,68.51488095238095,6.893526785714286
2024-12-22,0.0,0.0,0.0,24.049776785714283,58.813244047619044,62.28125,9.383928571428571
2024-12-23,0.0,0.0,0.0,23.536830357142858,60.16220238095239,47.845982142857146,7.381845238095238
2024-12-24,0.0,0.0,0.0,25.13065476190476,63.11904761904761,15.561755952380953,7.80327380952381
2024-12-25,0.0,0.0,0.0,25.656770833333333,61.70610119047619,70.94717261904762,7.5265625
2024-12-26,0.005357142857142857,0.3,0.017857142857142856,26.394791666666666,61.36235119047619,64.06026785714286,6.951934523809524
2024-12-27,0.525,3.9999999999999996,0.6071428571428571,27.998437499999998,65.99032738095238,56.15625,7.411160714285714
2024-12-28,0.05,0.7,0.17857142857142858,27.66733630952381,61.546130952380956,61.484375,12.168377976190476
2024-12-29,0.0,0.0,0.0,26.12001488095238,59.007440476190474,11.525297619047619,9.086309523809524
2024-12-30,0.0,0.0,0.0,25.92782738095238,60.90029761904763,10.297619047619047,6.378199404761905
2024-12-31,0.0,0.0,0.0,25.19263392857143,60.29017857142857,54.564732142857146,6.157514880952381
2025-01-01,0.0,0.0,0.0,25.53809523809524,60.84077380952381,36.783482142857146,6.317633928571429
2025-01-02,0.0,0.0,0.0,25.501116071428573,60.58854166666667,46.81770833333333,5.607068452380952
2025-01-03,0.0035714285714285718,0.1,0.03571428571428571,26.03973214285714,59.65997023809524,36.408482142857146,7.697693452380952
2025-01-04,0.0,0.0,0.0,26.0625,56.33854166666667,63.295386904761905,7.850074404761905
2025-01-05,0.0,0.0,0.0,25.33876488095238,52.01860119047619,77.78943452380952,8.360193452380953
2025-01-06,0.0,0.0,0.0,24.38921130952381,54.07217261904761,66.25372023809524,5.636235119047619
2025-01-07,0.0,0.0,0.0,24.900223214285717,55.438244047619044,39.55208333333333,5.229464285714286
2025-01-08,0.0,0.0,0.0,26.142708333333335,57.029017857142854,17.529761904761905,5.8031250000000005
2025-01-09,0.0,0.0,0.0,27.112723214285715,54.82142857142857,19.624255952380953,7.5103422619047615
2025-01-10,0.0,0.0,0.0,26.256473214285712,56.69270833333333,35.767857142857146,10.704315476190475
2025-01-11,0.0,0.0,0.0,24.751785714285713,52.97395833333333,76.73809523809523,14.530580357142856
2025-01-12,0.0,0.0,0.0,22.35483630952381,52.65252976190476,46.360863095238095,10.640997023809524
2025-01-13,0.0,0.0,0.0,22.0515625,51.72916666666667,40.180059523809526,6.429092261904762
2025-01-14,0.0,0.0,0.0,23.314732142857142,53.172619047619044,86.32663690476191,7.0868303571428575
2025-01-15,0.0,0.0,0.0,25.615624999999998,53.804315476190474,15.615327380952381,10.078794642857144
2025-01-16,0.0,0.0,0.0,27.05386904761905,54.186755952380956,46.97247023809524,11.05453869047619
2025-01-17,0.0,0.0,0.0,25.770461309523807,53.10342261904761,42.000744047619044,9.890178571428573
2025-01-18,0.0,0.0,0.0,25.333333333333336,50.776785714285715,37.335565476190474,7.120833333333333
2025-01-19,0.0,0.0,0.0,25.18668154761905,50.888392857142854,50.554315476190474,6.283928571428572
2025-01-20,0.0,0.0,0.0,25.29345238095238,51.171130952380956,90.41592261904762,5.4200148809523805
2025-01-21,0.0,0.0,0.0,25.665699404761906,53.461309523809526,60.377232142857146,5.66875
2025-01-22,0.0,0.0,0.0,25.92544642857143,56.435267857142854,78.36086309523809,4.993229166666667
2025-01-23,0.0,0.0,0.0,26.338839285714283,58.109375,80.03645833333334,4.8078125
2025-01-24,0.0,0.0,0.0,26.7390625,60.126488095238095,69.8125,4.604241071428571
2025-01-25,0.0,0.0,0.0,26.920684523809523,65.90252976190476,56.343005952380956,5.993154761904762
2025-01-26,0.0,0.0,0.0,27.575223214285717,72.55803571428571,35.328869047619044,6.130059523809524
2025-01-27,0.16428571428571428,0.8999999999999999,0.39285714285714285,25.701636904761905,57.84375,28.790178571428573,12.174330357142859
2025-01-28,0.0017857142857142859,0.1,0.017857142857142856,25.165997023809524,50.43452380952381,43.11607142857143,9.388095238095238
2025-01-29,0.0,0.0,0.0,25.108110119047616,51.448660714285715,73.22098214285714,8.633630952380953
2025-01-30,0.0,0.0,0.0,25.419270833333336,55.601190476190474,46.21279761904761,5.8859375
2025-01-31,0.0,0.0,0.0,26.142336309523813,60.895089285714285,30.233630952380953,4.746800595238095
2025-02-01,0.0,0.0,0.0,27.029315476190476,62.997767857142854,42.52604166666667,5.6328125
2025-02-02,0.0,0.0,0.0,27.538392857142856,66.60565476190476,38.257440476190474,6.503422619047619
2025-02-03,0.0,0.0,0.0,28.0078125,69.91889880952381,5.3846726190476195,7.076934523809524
2025-02-04,0.9517857142857143,2.4,0.8928571428571429,28.094791666666662,66.79241071428571,27.076636904761905,9.459821428571429
2025-02-05,0.05892857142857143,0.7,0.16071428571428573,27.69747023809524,63.34077380952381,26.597470238095237,7.525669642857143
2025-02-06,0.06785714285714287,0.30000000000000004,0.5178571428571429,27.797395833333333,71.49255952380953,38.549107142857146,6.85297619047619
2025-02-07,0.3696428571428572,2.8000000000000003,0.8928571428571429,28.025520833333335,73.02604166666667,51.841517857142854,6.345758928571429
2025-02-08,0.03214285714285715,1.0,0.14285714285714285,28.680803571428573,58.761160714285715,17.371279761904763,10.31391369047619
2025-02-09,0.0,0.0,0.0,26.96279761904762,49.33482142857143,24.953869047619047,11.65498511904762
2025-02-10,0.0,0.0,0.0,26.38623511904762,51.132440476190474,37.129464285714285,6.8171875
2025-02-11,0.0,0.0,0.0,27.138988095238094,52.46279761904761,72.98809523809524,5.1937500000000005
2025-02-12,0.0,0.0,0.0,28.37433035714286,51.735119047619044,80.99776785714286,4.904315476190476
2025-02-13,0.0,0.0,0.0,28.804910714285715,58.450892857142854,29.0,5.680803571428571
2025-02-14,0.07321428571428572,0.6,0.375,28.633333333333333,70.71354166666667,11.970982142857142,7.355208333333333
2025-02-15,0.0017857142857142859,0.1,0.017857142857142856,29.28080357142857,65.71651785714286,33.210565476190474,6.66078869047619
2025-02-16,0.0,0.0,0.0,29.27686011904762,65.35714285714286,39.626488095238095,8.169494047619049
2025-02-17,2.6285714285714286,8.100000000000001,1.0,28.449255952380952,77.32217261904762,23.885416666666664,9.62075892857143
2025-02-18,9.89642857142857,20.0,1.0,27.090401785714285,80.71279761904762,46.06622023809524,7.9618303571428575
2025-02-19,18.5,36.1,1.0,26.60074404761905,81.82291666666666,53.002232142857146,6.056622023809524
2025-02-20,8.448214285714286,27.5,1.0,27.08883928571429,79.14657738095238,55.623511904761905,4.972991071428572
2025-02-21,2.007142857142857,6.100000000000001,0.9464285714285714,27.733110119047616,78.34151785714286,75.52008928571429,5.944270833333333
2025-02-22,5.851785714285714,16.0,1.0,27.654315476190476,75.59821428571429,52.281994047619044,5.811160714285714
2025-02-23,1.9321428571428572,7.799999999999999,1.0,28.50342261904762,72.13764880952381,91.91369047619048,7.944270833333333
2025-02-24,8.735714285714286,24.799999999999997,1.0,25.471502976190475,81.46875,99.39806547619048,9.806919642857142
2025-02-25,1.3696428571428572,3.6000000000000005,1.0,25.13921130952381,75.51934523809523,97.99702380952381,9.313690476190475
2025-02-26,0.0071428571428571435,0.3,0.03571428571428571,26.86622023809524,66.06770833333333,49.049107142857146,8.665848214285715
2025-02-27,0.33571428571428574,2.1,0.6607142857142857,28.361830357142857,68.81994047619047,49.16889880952381,4.310193452380952
2025-02-28,0.7285714285714285,4.3,0.7678571428571429,28.91235119047619,73.38839285714286,34.235863095238095,5.753571428571428
2025-03-01,0.5642857142857143,4.7,0.7857142857142857,28.929613095238096,78.31845238095238,68.36979166666667,8.678125
2025-03-02,0.11071428571428572,0.8,0.3392857142857143,29.7265625,74.36309523809523,66.18154761904762,10.011904761904761
2025-03-03,0.08750000000000001,1.2,0.21428571428571427,29.77001488095238,75.41889880952381,68.68377976190476,11.918154761904761
2025-03-04,0.0,0.0,0.0,29.85252976190476,71.47544642857143,41.51190476190476,12.600892857142856
2025-03-05,0.26071428571428573,1.9,0.4642857142857143,29.917708333333334,72.91294642857143,41.40922619047619,10.841443452380952
2025-03-06,0.05535714285714286,1.1,0.07142857142857142,29.745238095238097,72.61979166666667,14.00297619047619,11.13891369047619
2025-03-07,13.825,46.9,1.0,27.48519345238095,82.44940476190477,83.11086309523809,10.420982142857143
2025-03-08,0.3892857142857143,2.6000000000000005,0.6428571428571429,27.221502976190475,73.01636904761905,71.0,10.258482142857144
2025-03-09,0.019642857142857146,0.4,0.125,27.948288690476193,67.05877976190476,44.499255952380956,6.400520833333333
2025-03-10,0.0017857142857142859,0.1,0.017857142857142856,29.847842261904763,62.718005952380956,21.302083333333336,7.080282738095238
2025-03-11,1.3375000000000001,7.3,0.9642857142857143,30.04471726190476,67.96056547619047,55.060267857142854,7.536309523809524
2025-03-12,4.241071428571429,12.7,1.0,29.61190476190476,73.82068452380952,71.09375,8.713988095238095
2025-03-13,4.392857142857143,12.799999999999999,0.9642857142857143,29.29122023809524,75.04613095238095,82.78273809523809,8.809598214285714
2025-03-14,1.1660714285714284,3.8,0.875,29.199776785714285,76.09002976190477,91.49553571428571,6.730803571428572
2025-03-15,0.43928571428571433,2.1999999999999997,0.8214285714285714,30.00885416666667,73.71726190476191,47.329613095238095,8.218973214285715
2025-03-16,2.0839285714285714,9.200000000000001,1.0,30.064732142857142,73.19345238095238,36.18824404761905,8.218154761904762
2025-03-17,3.6785714285714284,7.5,1.0,29.01517857142857,76.59747023809523,55.938244047619044,9.030803571428573
2025-03-18,1.2625,3.4,0.9821428571428571,29.717410714285716,71.74776785714286,47.133184523809526,7.28452380952381
2025-03-19,0.0875,1.0999999999999999,0.26785714285714285,29.301190476190474,53.97767857142857,67.08482142857143,12.691145833333334
2025-03-20,0.0,0.0,0.0,27.77998511904762,48.658482142857146,78.92336309523809,10.183630952380952
2025-03-21,0.0,0.0,0.0,27.443377976190476,50.718005952380956,73.53943452380952,8.469940476190477
2025-03-22,0.0,0.0,0.0,28.227604166666662,55.201636904761905,30.203869047619047,6.557291666666666
2025-03-23,0.0,0.0,0.0,29.318675595238094,56.84375,23.578869047619047,5.278794642857143
2025-03-24,0.21964285714285717,1.7,0.4642857142857143,29.95595238095238,65.7485119047619,35.613095238095234,6.771949404761905
2025-03-25,0.11607142857142858,2.8,0.16071428571428573,30.279761904761905,71.88541666666667,15.188988095238097,9.583928571428572
2025-03-26,1.0089285714285714,9.0,0.8214285714285714,30.219940476190477,74.08258928571429,54.414434523809526,11.955431547619048
2025-03-27,0.4089285714285715,1.8,0.8214285714285714,30.26220238095238,73.13541666666667,47.017857142857146,10.522098214285714
2025-03-28,1.032142857142857,4.8999999999999995,0.8214285714285714,30.680580357142855,62.21502976190476,54.729910714285715,8.991220238095238
2025-03-29,0.08392857142857144,0.6000000000000001,0.48214285714285715,30.675669642857144,67.97172619047619,69.8422619047619,9.52016369047619
2025-03-30,10.367857142857144,31.4,1.0,29.146354166666665,77.68675595238095,84.39880952380952,10.030431547619047
2025-03-31,30.13571428571429,46.6,1.0,26.849255952380954,86.44122023809523,98.39657738095238,5.846502976190477
2025-04-01,1.8267857142857142,5.3,1.0,28.384598214285713,80.68005952380952,96.09821428571429,4.424776785714285
2025-04-02,0.35892857142857143,1.8000000000000003,0.75,28.77485119047619,76.21428571428571,91.59523809523809,7.038764880952381
2025-04-03,1.2535714285714286,8.499999999999998,0.8571428571428571,29.23690476190476,75.94494047619048,91.05282738095238,8.223586309523808
2025-04-04,1.5696428571428573,5.499999999999999,0.9285714285714286,29.31845238095238,75.53571428571429,63.735119047619044,8.598809523809525
2025-04-05,0.3892857142857143,2.3,0.7857142857142857,29.686309523809523,73.234375,76.00372023809523,10.7109375
2025-04-06,0.08928571428571429,0.6000000000000001,0.26785714285714285,30.181026785714288,71.77529761904762,84.59002976190477,9.89717261904762
2025-04-07,4.007142857142857,13.9,1.0,28.935267857142858,76.90699404761905,52.50595238095239,8.966071428571428
2025-04-08,2.1375,5.6,1.0,29.10438988095238,79.06919642857143,63.720982142857146,6.694791666666667
2025-04-09,0.46071428571428574,2.1,0.6964285714285714,29.919642857142858,74.48065476190477,59.32514880952381,8.799627976190475
2025-04-10,8.825,26.900000000000002,1.0,28.138318452380954,81.76934523809523,99.78497023809523,8.331101190476192
2025-04-11,6.273214285714286,17.900000000000002,1.0,29.02425595238095,78.78497023809523,79.45758928571429,7.9296875
2025-04-12,0.6482142857142857,5.6000000000000005,0.625,29.607291666666665,73.78125,95.78273809523809,7.867261904761905
2025-04-13,1.467857142857143,5.099999999999999,0.9821428571428571,30.250595238095237,73.78050595238095,46.429315476190474,6.265773809523809
2025-04-14,13.4125,22.200000000000003,1.0,27.775446428571428,82.19791666666666,93.40550595238095,8.15610119047619
2025-04-15,6.492857142857142,17.799999999999997,0.9642857142857143,28.66488095238095,78.28720238095238,96.65922619047619,6.193303571428571
2025-04-16,8.83392857142857,18.5,1.0,28.061979166666667,84.35416666666666,99.45535714285714,5.670907738095238
2025-04-17,2.626785714285714,8.399999999999999,0.9821428571428571,29.44322916666667,77.58705357142857,88.04464285714286,6.773735119047619
2025-04-18,4.0321428571428575,10.4,1.0,29.411755952380954,75.96502976190477,79.43526785714286,6.288318452380952
2025-04-19,3.6875,14.799999999999999,1.0,29.595089285714288,77.17485119047619,90.46949404761905,6.648511904761905
2025-04-20,0.23571428571428574,1.1,0.8035714285714286,30.881919642857145,69.73139880952381,36.080357142857146,10.259449404761906
2025-04-21,0.4357142857142858,1.4000000000000004,0.7857142857142857,31.297842261904766,65.4233630952381,64.328125,9.673809523809524
2025-04-22,0.19285714285714287,2.6,0.39285714285714285,31.28653273809524,65.56622023809524,70.13318452380953,10.847470238095239
2025-04-23,0.6428571428571429,3.2,0.875,31.488467261904763,64.96130952380953,68.66220238095238,9.766964285714286
2025-04-24,0.17142857142857143,1.7,0.44642857142857145,31.546800595238096,66.15104166666667,59.87127976190476,12.476339285714285
2025-04-25,0.5571428571428572,2.5,0.6607142857142857,31.965252976190477,65.26934523809524,70.03794642857143,9.141741071428571
2025-04-26,1.8339285714285716,5.1,1.0,30.88139880952381,70.14285714285714,74.73363095238095,11.059747023809523
2025-04-27,7.130357142857142,10.699999999999998,1.0,29.508705357142855,76.46875,98.78050595238095,7.757440476190476
2025-04-28,2.1589285714285715,7.999999999999999,1.0,29.861383928571428,73.67708333333334,88.58407738095238,5.909226190476191
2025-04-29,1.9107142857142858,5.4,0.9642857142857143,29.704613095238095,70.13690476190477,75.37202380952381,5.907961309523809
2025-04-30,5.026785714285714,20.5,0.9107142857142857,30.883184523809522,67.02827380952381,65.5297619047619,7.070014880952381
2025-05-01,11.464285714285714,28.700000000000003,1.0,29.545684523809523,75.30431547619048,86.76041666666666,5.747172619047619
2025-05-02,6.098214285714286,17.6,1.0,29.71071428571429,75.74330357142857,78.27827380952381,4.981696428571428
2025-05-03,4.333928571428571,22.700000000000003,1.0,28.2250744047619,83.20238095238095,99.91220238095238,5.2953125000000005
2025-05-04,0.8767857142857143,6.099999999999999,0.9464285714285714,29.204761904761906,77.79166666666666,93.71502976190477,5.013988095238096
2025-05-05,0.33392857142857146,3.8000000000000003,0.6607142857142857,29.94516369047619,75.00520833333334,98.79241071428571,7.856473214285714
2025-05-06,7.257142857142857,15.3,1.0,29.433630952380952,79.24107142857143,97.49404761904762,7.840997023809524
2025-05-07,2.4482142857142857,4.8,1.0,29.45126488095238,78.28794642857143,97.36235119047619,8.447842261904762
2025-05-08,2.317857142857143,4.8,1.0,30.329464285714288,75.25,97.70684523809523,7.207217261904761
2025-05-09,3.5660714285714286,10.6,0.9464285714285714,30.932589285714283,73.32142857142857,94.25372023809523,5.9578125
2025-05-10,24.235714285714288,41.400000000000006,1.0,29.110565476190477,80.40922619047619,99.87872023809523,5.003199404761905
2025-05-11,7.353571428571428,16.2,1.0,27.571651785714288,84.93526785714286,87.14955357142857,5.219791666666667
2025-05-12,13.469642857142857,28.700000000000003,1.0,27.377380952380953,84.86458333333334,94.12053571428571,5.718601190476191
2025-05-13,7.364285714285714,13.799999999999999,1.0,27.246949404761903,85.50595238095238,97.54910714285714,7.355505952380952
2025-05-14,21.035714285714285,37.9,1.0,27.345684523809524,86.70386904761905,97.11681547619048,9.264136904761903
2025-05-15,13.555357142857142,20.9,1.0,27.49248511904762,87.09747023809523,98.92931547619048,6.736383928571429
2025-05-16,10.951785714285716,29.9,1.0,27.84627976190476,87.04836309523809,95.51339285714286,4.678720238095238
2025-05-17,17.867857142857144,28.300000000000004,1.0,27.983482142857145,87.02306547619048,94.44270833333334,4.713988095238095
2025-05-18,0.8071428571428572,3.0000000000000004,0.9107142857142857,28.864285714285717,82.24330357142857,91.51116071428571,4.460267857142857
2025-05-19,6.766071428571428,21.9,1.0,28.862351190476193,83.57961309523809,93.39360119047619,6.879464285714286
2025-05-20,1.0321428571428573,4.499999999999999,0.9821428571428571,29.665550595238095,78.06324404761905,93.35193452380952,6.553422619047619
2025-05-21,11.430357142857144,22.800000000000004,1.0,28.86205357142857,83.40922619047619,97.49255952380952,5.688169642857143
2025-05-22,2.2767857142857144,7.2,1.0,29.222842261904763,81.70610119047619,92.68154761904762,6.116517857142858
2025-05-23,5.2375,17.300000000000004,1.0,29.887425595238092,75.58705357142857,99.56547619047619,7.160639880952381
2025-05-24,4.958928571428571,16.5,1.0,28.479315476190475,83.21130952380952,99.43973214285714,6.5209077380952385
2025-05-25,14.482142857142856,25.6,1.0,27.654464285714287,86.42113095238095,97.11309523809523,9.262946428571428
2025-05-26,17.385714285714286,36.20000000000001,1.0,27.246502976190474,87.23883928571429,97.69940476190477,10.046279761904762
2025-05-27,3.210714285714286,8.899999999999999,1.0,27.720312500000002,85.29613095238095,98.63988095238095,8.269196428571428
2025-05-28,2.9053571428571425,9.399999999999999,1.0,29.09375,80.33258928571429,99.42633928571429,6.945982142857143
2025-05-29,4.048214285714286,18.7,1.0,29.03407738095238,83.24925595238095,99.08110119047619,7.372619047619048
2025-05-30,13.010714285714286,24.1,1.0,28.456622023809523,85.16741071428571,99.76785714285714,9.547693452380953
2025-05-31,8.47857142857143,21.500000000000004,1.0,28.049181547619046,86.13988095238095,98.95238095238095,9.460863095238095
2025-06-01,6.880357142857143,17.000000000000004,1.0,28.54546130952381,81.85342261904762,92.44122023809523,9.921130952380953
2025-06-02,6.5,12.100000000000001,1.0,28.73333333333333,81.13839285714286,84.65104166666666,10.623214285714285
2025-06-03,2.544642857142857,8.299999999999999,0.875,28.45483630952381,81.37574404761905,97.54910714285714,8.273883928571427
2025-06-04,10.985714285714286,27.9,1.0,28.992038690476193,78.60267857142857,85.69866071428571,8.316741071428572
2025-06-05,2.9499999999999997,8.7,1.0,29.267410714285713,78.53571428571429,91.79241071428571,7.708705357142857
2025-06-06,0.17142857142857143,1.2999999999999998,0.6428571428571429,29.597098214285715,77.47172619047619,98.90997023809523,7.797023809523809
2025-06-07,7.766071428571428,22.3,1.0,29.389062499999998,78.99776785714286,91.99404761904762,7.9140625
2025-06-08,2.123214285714286,11.6,0.9821428571428571,29.411830357142858,77.68080357142857,73.05952380952381,8.26421130952381
2025-06-09,10.223214285714286,34.80000000000001,1.0,28.80044642857143,80.58556547619048,98.88095238095238,7.3255952380952385
2025-06-10,1.5500000000000003,4.6000000000000005,1.0,29.034598214285715,77.80133928571429,99.05357142857143,7.616145833333333
2025-06-11,1.2785714285714287,5.4,1.0,28.760193452380953,74.97395833333334,99.81547619047619,10.20811011904762
2025-06-12,10.394642857142857,18.299999999999997,1.0,28.234375,82.49479166666666,99.99925595238095,9.183854166666666
2025-06-13,12.676785714285714,24.200000000000003,1.0,27.531473214285715,84.98809523809523,99.95238095238095,9.496130952380952
2025-06-14,11.358928571428569,24.200000000000003,1.0,27.846651785714283,84.46577380952381,98.84226190476191,11.719642857142857
2025-06-15,3.673214285714286,9.999999999999998,1.0,28.18065476190476,82.51488095238095,99.15773809523809,9.598363095238096
2025-06-16,0.7785714285714286,2.4,0.9285714285714286,28.666145833333335,78.69122023809523,94.61532738095238,6.444791666666667
2025-06-17,3.3839285714285716,8.7,0.9285714285714286,28.899925595238095,76.97098214285714,99.85491071428571,7.069791666666666
2025-06-18,1.6696428571428572,6.0,0.9821428571428571,29.08377976190476,75.53720238095238,98.73288690476191,7.215997023809523
2025-06-19,6.6625,14.299999999999997,1.0,28.81205357142857,78.75892857142857,99.24627976190477,7.117708333333333
2025-06-20,11.646428571428572,25.200000000000003,1.0,28.18831845238095,80.93005952380952,99.88690476190477,8.648809523809524
2025-06-21,8.05892857142857,16.599999999999998,1.0,28.75766369047619,76.73660714285714,99.47247023809523,8.57313988095238
2025-06-22,12.453571428571427,27.700000000000003,1.0,28.34017857142857,79.60193452380952,99.86979166666666,9.866741071428573
2025-06-23,8.580357142857142,17.4,1.0,28.15669642857143,79.45386904761905,92.55580357142857,10.949553571428572
2025-06-24,2.896428571428572,10.0,1.0,28.10654761904762,79.44642857142857,93.31026785714286,10.504538690476192
2025-06-25,6.641071428571428,20.300000000000008,1.0,28.366071428571427,80.96949404761905,99.26339285714286,7.654761904761905
2025-06-26,3.189285714285714,7.6,1.0,28.743229166666662,76.859375,83.51785714285714,8.267113095238095
2025-06-27,10.278571428571428,22.000000000000004,1.0,27.325372023809525,80.54538690476191,99.08779761904762,9.99516369047619
2025-06-28,7.0874999999999995,12.299999999999997,1.0,27.005803571428572,84.37202380952381,99.52455357142857,8.398214285714285
2025-06-29,11.539285714285713,22.299999999999994,1.0,27.108705357142856,83.92857142857143,96.77901785714286,9.068675595238094
2025-06-30,10.916071428571428,18.2,1.0,27.239434523809525,83.17559523809523,98.46726190476191,9.332440476190476
2025-07-01,11.816071428571428,18.400000000000002,1.0,27.495089285714283,81.875,100.0,8.463839285714286
2025-07-02,13.841071428571428,24.0,1.0,26.39561011904762,88.39732142857143,99.42782738095238,7.691294642857143
2025-07-03,14.655357142857143,31.3,1.0,27.00677083333333,85.18080357142857,98.65550595238095,5.633110119047619
2025-07-04,9.94107142857143,19.600000000000005,1.0,27.529687499999998,83.16666666666666,95.07440476190477,6.580505952380952
2025-07-05,4.828571428571428,13.7,0.9642857142857143,28.06577380952381,79.02827380952381,89.86830357142857,9.73139880952381
2025-07-06,7.132142857142857,24.5,1.0,27.745535714285715,80.48139880952381,94.24107142857143,8.139508928571429
2025-07-07,4.1,9.600000000000001,1.0,28.165401785714288,82.43229166666666,92.59672619047619,8.544196428571428
2025-07-08,18.192857142857143,28.099999999999998,1.0,27.283482142857142,88.12425595238095,94.06324404761905,7.4140625
2025-07-09,4.841071428571428,16.0,1.0,27.82797619047619,83.83556547619048,98.63095238095238,6.908035714285715
2025-07-10,2.6410714285714287,11.1,0.9821428571428571,28.51889880952381,78.44940476190477,99.33035714285714,9.661011904761905
2025-07-11,1.5875000000000001,3.6,0.9821428571428571,28.20342261904762,76.82589285714286,99.77604166666666,11.124553571428573
2025-07-12,3.855357142857143,11.6,1.0,28.625520833333333,77.14955357142857,98.80654761904762,9.215327380952383
2025-07-13,8.725,22.900000000000006,1.0,28.32857142857143,82.41741071428571,97.79910714285714,6.344791666666667
2025-07-14,2.7839285714285715,11.2,0.9821428571428571,28.478571428571428,83.03571428571429,97.06101190476191,6.766145833333334
2025-07-15,7.535714285714286,21.7,1.0,28.818005952380954,81.95610119047619,99.49181547619048,8.719345238095238
2025-07-16,13.053571428571429,29.5,1.0,28.176264880952377,83.60565476190477,99.9375,7.906473214285714
2025-07-17,10.794642857142858,24.599999999999998,1.0,27.413318452380953,86.72321428571429,99.07886904761905,6.359151785714286
2025-07-18,7.769642857142856,21.2,1.0,27.847098214285715,82.68303571428571,91.72172619047619,8.880431547619049
2025-07-19,10.551785714285714,17.5,1.0,27.856026785714285,81.54464285714286,82.74702380952381,10.46592261904762
2025-07-20,8.9,13.9,1.0,27.14270833333333,86.54836309523809,99.48511904761905,11.871502976190476
2025-07-21,4.437500000000001,6.4,1.0,27.230580357142856,86.046875,100.0,10.965625000000001
2025-07-22,7.507142857142857,11.200000000000003,1.0,26.979538690476193,86.22395833333334,100.0,13.420758928571429
2025-07-23,4.458928571428571,9.399999999999999,1.0,27.65528273809524,83.56994047619048,99.96800595238095,14.419940476190476
2025-07-24,0.5160714285714286,1.7000000000000002,0.8928571428571429,28.701860119047616,78.54464285714286,98.76785714285714,12.572619047619048
2025-07-25,0.325,1.8,0.75,29.193229166666665,76.56026785714286,98.32663690476191,10.841294642857141
2025-07-26,7.255357142857143,16.3,1.0,28.748363095238094,78.234375,98.34375,9.92470238095238
2025-07-27,5.753571428571428,18.600000000000005,1.0,27.721875000000004,85.91294642857143,99.92485119047619,9.181696428571428
2025-07-28,15.551785714285714,28.7,1.0,27.94888392857143,84.93973214285714,99.45089285714286,10.586904761904762
2025-07-29,8.905357142857142,20.799999999999997,1.0,28.278348214285717,83.65029761904762,97.0625,11.484672619047618
2025-07-30,5.6499999999999995,16.8,1.0,28.242261904761904,81.31696428571429,98.04464285714286,9.43325892857143
2025-07-31,1.7160714285714287,6.599999999999999,1.0,28.96830357142857,77.60863095238095,94.35342261904762,10.580059523809524
2025-08-01,0.125,0.8,0.5535714285714286,29.330059523809524,76.125,83.35491071428571,10.439880952380951
2025-08-02,0.11071428571428572,0.8,0.5178571428571429,29.70907738095238,72.63318452380953,89.97470238095238,9.557738095238095
2025-08-03,0.04107142857142858,0.8,0.17857142857142858,29.94002976190476,75.22023809523809,98.43973214285714,8.854910714285714
2025-08-04,0.03571428571428571,0.6,0.17857142857142858,30.29092261904762,71.93377976190476,82.44717261904762,8.350744047619047
2025-08-05,0.5392857142857143,2.0,0.7321428571428571,30.316517857142856,73.48660714285714,95.10491071428571,7.988839285714286
2025-08-06,6.771428571428571,15.5,1.0,29.14389880952381,76.65922619047619,99.99925595238095,7.238616071428572
2025-08-07,2.7160714285714285,8.7,1.0,28.488244047619048,80.859375,99.984375,8.440178571428572
2025-08-08,1.3821428571428573,6.1000000000000005,0.8928571428571429,28.846502976190475,77.84226190476191,97.47619047619048,5.817336309523809
2025-08-09,7.726785714285714,20.7,0.9285714285714286,29.20141369047619,75.65401785714286,98.31845238095238,7.235491071428571
2025-08-10,2.8017857142857143,7.6,1.0,29.94516369047619,68.52678571428571,96.41369047619048,10.970684523809524
2025-08-11,8.85357142857143,21.900000000000002,1.0,28.332068452380952,74.53273809523809,99.06026785714286,9.439657738095237
2025-08-12,2.8410714285714285,14.099999999999996,1.0,28.570238095238096,76.51190476190477,88.89732142857143,8.206696428571428
2025-08-13,4.2178571428571425,12.6,1.0,28.474255952380954,77.20833333333334,94.80431547619048,7.441889880952381
2025-08-14,3.232142857142857,13.0,1.0,28.903125,71.60044642857143,88.30654761904762,9.398809523809524
2025-08-15,11.832142857142857,21.8,1.0,28.09918154761905,77.20014880952381,99.55505952380952,9.118154761904762
2025-08-16,11.535714285714286,29.7,1.0,26.7578125,86.17038690476191,99.98139880952381,7.826934523809524
2025-08-17,2.95,5.1000000000000005,1.0,26.550223214285715,83.72321428571429,99.72544642857143,5.638839285714286
2025-08-18,8.508928571428571,23.700000000000003,1.0,27.4609375,77.96428571428571,99.06547619047619,8.469717261904762
2025-08-19,6.891071428571429,21.900000000000002,1.0,27.42752976190476,82.85193452380952,94.56845238095238,6.814806547619048
2025-08-20,2.282142857142857,12.6,0.9285714285714286,28.46063988095238,77.89285714285714,93.46130952380952,6.373065476190476
2025-08-21,12.814285714285715,26.6,1.0,28.25357142857143,78.63244047619048,99.85193452380952,6.866815476190476
2025-08-22,16.007142857142856,23.799999999999997,1.0,26.47046130952381,88.04389880952381,99.96651785714286,7.3975446428571425
2025-08-23,17.91785714285714,32.699999999999996,1.0,26.85840773809524,85.18973214285714,99.42931547619048,6.890625
2025-08-24,8.925,21.099999999999998,1.0,27.13846726190476,81.51116071428571,97.51785714285714,8.167782738095237
2025-08-25,14.519642857142857,24.000000000000004,1.0,27.22626488095238,84.74032738095238,98.77157738095238,8.823958333333334
2025-08-26,12.830357142857142,27.2,1.0,26.971800595238097,82.81175595238095,99.96354166666666,11.202232142857143
2025-08-27,2.7142857142857144,6.4,1.0,27.29642857142857,81.68526785714286,99.98511904761905,8.81153273809524
2025-08-28,2.919642857142857,9.7,0.9464285714285714,27.72574404761905,77.95982142857143,87.1875,7.864732142857143
2025-08-29,1.0857142857142856,6.6,0.8392857142857143,28.852455357142855,72.09375,76.66369047619048,10.924925595238095
2025-08-30,3.8267857142857147,14.3,1.0,28.60327380952381,73.91964285714286,98.71056547619048,11.248958333333334
2025-08-31,18.541071428571428,48.70000000000001,1.0,27.424851190476193,83.4375,99.93303571428571,8.671651785714285
2025-09-01,7.055357142857143,30.300000000000004,1.0,27.61934523809524,83.60491071428571,96.06324404761905,6.491592261904762
2025-09-02,5.832142857142856,14.499999999999998,1.0,27.892633928571428,82.79910714285714,99.89211309523809,5.711755952380953
2025-09-03,11.216071428571428,25.499999999999993,1.0,27.511830357142856,83.79836309523809,89.94270833333334,7.325074404761905
2025-09-04,9.703571428571427,23.000000000000004,1.0,27.119791666666664,85.75892857142857,95.31324404761905,5.726413690476191
2025-09-05,10.873214285714283,19.099999999999994,1.0,27.510714285714283,84.93526785714286,98.83035714285714,5.1996279761904765
2025-09-06,14.491071428571429,36.5,1.0,27.366592261904763,87.80505952380952,98.63244047619048,4.089583333333333
2025-09-07,20.6375,37.9,1.0,26.960565476190478,88.66815476190477,94.07142857142857,5.914806547619048
2025-09-08,27.119642857142857,35.400000000000006,1.0,26.26644345238095,90.68824404761905,95.59300595238095,7.6909970238095235
2025-09-09,14.760714285714286,27.0,1.0,27.03735119047619,86.00446428571429,99.12797619047619,10.534300595238095
2025-09-10,4.398214285714286,13.1,1.0,26.739211309523807,87.36979166666666,99.79538690476191,7.187425595238095
2025-09-11,1.7857142857142858,9.299999999999997,0.9464285714285714,27.80997023809524,82.77083333333334,98.83779761904762,5.3890625000000005
2025-09-12,8.889285714285714,18.499999999999996,1.0,27.930059523809522,86.14434523809523,89.42857142857143,4.016220238095238
2025-09-13,3.0910714285714285,12.4,0.9285714285714286,27.796875,85.51116071428571,99.65327380952381,4.40766369047619
2025-09-14,6.875,18.099999999999998,1.0,27.096726190476193,85.703125,99.84672619047619,6.368377976190476
2025-09-15,10.33392857142857,22.5,1.0,27.439955357142857,82.94419642857143,95.31324404761905,6.9012648809523816
2025-09-16,8.785714285714285,17.6,1.0,27.462053571428573,83.46949404761905,99.86755952380952,5.074181547619047
2025-09-17,14.882142857142856,24.9,1.0,27.60238095238095,86.0,88.17113095238095,4.682440476190476
2025-09-18,6.276785714285714,15.3,1.0,27.484002976190478,85.15178571428571,92.98883928571429,5.779241071428571
2025-09-19,11.651785714285714,20.700000000000003,1.0,26.837723214285713,87.19270833333334,99.39360119047619,8.097842261904763
2025-09-20,5.317857142857143,16.599999999999998,1.0,27.990252976190476,81.87648809523809,97.24627976190477,11.140997023809524
2025-09-21,11.003571428571428,26.2,1.0,28.176041666666666,80.98363095238095,90.13020833333334,8.955729166666666
2025-09-22,2.4892857142857143,6.1,1.0,28.115848214285712,79.47767857142857,97.38392857142857,6.965773809523809
2025-09-23,8.928571428571427,23.299999999999997,1.0,27.744940476190475,83.80282738095238,96.81398809523809,8.536086309523808
2025-09-24,11.200000000000001,26.8,1.0,27.49077380952381,83.39434523809523,99.50148809523809,8.604538690476192
2025-09-25,6.560714285714285,14.8,1.0,27.847693452380952,80.60788690476191,99.80059523809523,7.8316220238095235
2025-09-26,8.946428571428571,24.499999999999996,1.0,27.10833333333333,85.37648809523809,99.62574404761905,7.503199404761905
2025-09-27,26.337500000000002,42.5,1.0,26.078869047619047,90.02827380952381,98.26488095238095,7.1449404761904765
2025-09-28,1.4464285714285714,5.0,1.0,27.39404761904762,84.46354166666666,94.546875,6.078497023809524
2025-09-29,9.260714285714286,17.799999999999997,1.0,27.614285714285717,83.99032738095238,99.77678571428571,9.903125000000001
2025-09-30,18.63214285714286,33.6,1.0,27.010788690476193,84.93973214285714,99.87202380952381,13.06078869047619
2025-10-01,4.641071428571428,9.7,1.0,27.479166666666664,84.01488095238095,99.61160714285714,6.951636904761905
2025-10-02,1.8785714285714286,5.7,0.9821428571428571,28.277901785714285,83.23511904761905,80.87276785714286,3.4093005952380957
2025-10-03,1.9357142857142857,7.799999999999999,1.0,28.011830357142856,81.69717261904762,95.15699404761905,5.151339285714286
2025-10-04,7.226785714285714,22.5,1.0,27.233630952380953,85.44866071428571,92.99627976190477,4.885193452380952
2025-10-05,0.7375,3.2,1.0,27.678794642857145,83.5625,86.60044642857143,7.172098214285714
2025-10-06,8.542857142857143,19.599999999999998,1.0,27.86004464285714,82.38690476190477,97.71279761904762,7.460416666666666
2025-10-07,10.441071428571428,17.6,1.0,27.540997023809524,84.609375,98.37648809523809,5.600372023809524
2025-10-08,13.608928571428573,25.4,1.0,27.494642857142857,84.43526785714286,95.74032738095238,5.759523809523809
2025-10-09,1.0964285714285713,5.3999999999999995,1.0,27.594866071428573,84.37202380952381,94.46800595238095,5.971354166666666
2025-10-10,5.246428571428572,16.3,1.0,27.66473214285714,85.42782738095238,74.89955357142857,4.988988095238095
2025-10-11,6.169642857142857,13.399999999999997,1.0,27.440550595238097,85.75074404761905,75.29166666666666,3.815550595238095
2025-10-12,9.158928571428572,24.700000000000003,1.0,27.19263392857143,87.69419642857143,99.39880952380952,3.9813244047619043
2025-10-13,11.15,28.5,1.0,27.137872023809525,87.37648809523809,98.34449404761905,4.264136904761904
2025-10-14,23.732142857142858,50.2,1.0,26.33355654761905,89.53869047619048,99.12872023809523,5.0687500000000005
2025-10-15,8.692857142857141,18.0,1.0,26.993303571428573,87.41964285714286,96.02306547619048,4.727529761904762
2025-10-16,1.7285714285714289,4.700000000000001,1.0,28.038988095238096,82.53199404761905,68.9077380952381,7.596577380952381
2025-10-17,2.2446428571428574,11.799999999999999,1.0,28.4296875,81.47470238095238,93.38913690476191,6.625520833333334
2025-10-18,6.971428571428571,14.900000000000002,1.0,28.20171130952381,82.50669642857143,97.94642857142857,6.796130952380952
2025-10-19,10.814285714285715,27.499999999999996,1.0,27.76748511904762,82.25669642857143,86.74032738095238,6.930654761904762
2025-10-20,6.1499999999999995,17.700000000000006,1.0,28.03690476190476,82.00148809523809,89.39880952380952,5.397842261904762
2025-10-21,5.5303571428571425,15.2,0.9285714285714286,28.460342261904763,76.82291666666666,87.66741071428571,6.794642857142857
2025-10-22,0.3535714285714286,1.2999999999999998,0.9642857142857143,28.134598214285713,71.31696428571429,75.19122023809523,8.534672619047619
2025-10-23,0.1660714285714286,0.7000000000000001,0.5357142857142857,27.404315476190476,70.93005952380953,89.30729166666666,9.95595238095238
2025-10-24,0.1660714285714286,0.6000000000000001,0.7678571428571429,27.52559523809524,69.95982142857143,85.71949404761905,8.893377976190477
2025-10-25,1.1410714285714285,6.3,0.9642857142857143,27.534970238095237,74.93154761904762,95.48958333333334,6.955877976190477
2025-10-26,0.44821428571428573,2.1,0.75,28.119568452380953,71.4858630952381,79.88541666666666,10.331845238095239
2025-10-27,0.45535714285714285,2.9000000000000004,0.875,27.233854166666667,75.32663690476191,83.99702380952381,5.163020833333333
2025-10-28,3.6785714285714284,16.9,1.0,27.461160714285715,77.37351190476191,92.57961309523809,7.6068452380952385
2025-10-29,3.0767857142857147,5.9,1.0,27.846875,75.93229166666666,85.40848214285714,7.708630952380952
2025-10-30,6.825,11.200000000000001,1.0,26.45379464285714,85.37723214285714,97.70758928571429,6.720833333333333
2025-10-31,23.705357142857142,38.3,1.0,27.09270833333333,86.66220238095238,97.57886904761905,6.593080357142857
2025-11-01,33.2125,55.0,1.0,25.972916666666666,91.54017857142857,98.32514880952381,6.435119047619048
2025-11-02,28.376785714285717,46.5,1.0,26.238541666666666,90.50744047619048,98.79315476190477,4.788318452380952
2025-11-03,12.819642857142856,26.899999999999995,1.0,26.135267857142857,88.20014880952381,97.85416666666666,4.571428571428571
2025-11-04,2.5732142857142857,9.499999999999996,1.0,26.552455357142858,83.99255952380952,89.22619047619048,4.314732142857143
2025-11-05,0.6696428571428571,2.5000000000000004,0.9642857142857143,26.592633928571427,80.66145833333334,94.40029761904762,4.285044642857143
2025-11-06,0.8250000000000001,2.4,0.9642857142857143,27.321875000000002,81.42931547619048,99.44568452380952,5.100074404761905
2025-11-07,0.4160714285714286,2.1,0.8214285714285714,27.419419642857143,83.64732142857143,99.91145833333334,7.0575148809523816
2025-11-08,7.396428571428571,17.8,1.0,26.91138392857143,86.62351190476191,95.0,4.674255952380952
2025-11-09,1.6392857142857145,5.300000000000001,1.0,27.902529761904763,84.81175595238095,92.52008928571429,2.8453125
2025-11-10,9.814285714285715,19.0,1.0,26.87403273809524,88.72619047619048,90.22991071428571,4.390550595238095
2025-11-11,1.1321428571428571,8.5,0.8214285714285714,28.39278273809524,82.29910714285714,91.47544642857143,3.3985863095238096
2025-11-12,3.789285714285714,12.3,1.0,27.99151785714286,84.76116071428571,98.61607142857143,4.000372023809524
2025-11-13,15.332142857142857,26.900000000000002,1.0,26.738988095238096,87.71949404761905,99.62276785714286,5.063095238095238
2025-11-14,0.9017857142857143,3.4000000000000004,0.75,27.31845238095238,74.26860119047619,76.88318452380952,7.268377976190477
2025-11-15,0.0,0.0,0.0,25.832663690476192,66.24479166666667,55.580357142857146,9.559375000000001
2025-11-16,0.4142857142857143,2.1,0.8392857142857143,26.43705357142857,70.6235119047619,30.219494047619047,9.149404761904762
2025-11-17,5.1553571428571425,10.099999999999998,1.0,26.077752976190478,81.61755952380952,72.61160714285714,8.330803571428572
2025-11-18,11.991071428571429,25.0,1.0,26.000520833333333,83.77306547619048,97.95758928571429,9.66391369047619
2025-11-19,0.06785714285714287,0.30000000000000004,0.4642857142857143,25.681473214285713,68.88467261904762,97.59672619047619,12.714136904761904
2025-11-20,0.6339285714285714,6.3999999999999995,0.4107142857142857,23.490252976190476,67.24181547619047,91.99107142857143,10.124181547619047
2025-11-21,0.021428571428571432,0.4,0.08928571428571429,23.404761904761905,66.44940476190476,94.25520833333334,10.211235119047618
2025-11-22,0.0,0.0,0.0,24.855877976190477,63.42559523809524,47.765625,9.120610119047619
2025-11-23,0.0,0.0,0.0,25.630357142857143,66.84300595238095,47.808035714285715,9.973065476190476
2025-11-24,0.0,0.0,0.0,26.55424107142857,66.96502976190476,90.26860119047619,10.623214285714285
2025-11-25,0.0,0.0,0.0,25.672321428571426,64.93675595238095,96.30059523809523,11.22514880952381
2025-11-26,0.0,0.0,0.0,24.526934523809523,64.31026785714286,68.32514880952381,8.184747023809523
2025-11-27,0.0,0.0,0.0,23.44747023809524,60.78794642857143,70.84895833333333,10.568154761904763
2025-11-28,0.0,0.0,0.0,21.42953869047619,53.373511904761905,98.93973214285714,9.371354166666666
2025-11-29,0.0,0.0,0.0,22.08407738095238,58.686755952380956,45.99032738095239,7.474479166666667
2025-11-30,0.0,0.0,0.0,23.702901785714285,61.87202380952381,4.673363095238095,7.208705357142857
2025-12-01,0.0,0.0,0.0,25.202752976190478,65.05208333333333,11.988095238095239,7.5572172619047615
2025-12-02,0.0,0.0,0.0,26.35729166666667,67.05059523809524,32.392113095238095,6.409747023809524
2025-12-03,0.0071428571428571435,0.1,0.07142857142857142,27.70669642857143,68.22693452380953,12.46577380952381,6.817708333333334
2025-12-04,0.2017857142857143,1.0,0.7321428571428571,27.627604166666664,67.57142857142857,30.470238095238095,7.859523809523809
2025-12-05,7.2749999999999995,17.5,1.0,26.19747023809524,80.68229166666666,80.28794642857143,8.677455357142858
2025-12-06,0.13214285714285715,0.7,0.6607142857142857,26.56815476190476,78.171875,59.392857142857146,5.683705357142857
2025-12-07,0.0,0.0,0.0,26.638690476190476,72.49404761904762,90.02678571428571,5.589806547619048
2025-12-08,0.0,0.0,0.0,25.494494047619046,64.7641369047619,71.02752976190476,10.270684523809523
2025-12-09,0.0,0.0,0.0,25.122247023809525,64.12797619047619,61.17708333333333,7.7552827380952385
2025-12-10,0.0,0.0,0.0,24.94888392857143,69.50297619047619,32.013392857142854,7.609970238095237
2025-12-11,0.25892857142857145,0.7,0.9285714285714286,24.009002976190477,79.07217261904762,70.27604166666667,9.06860119047619
2025-12-12,0.8732142857142857,5.2,0.9642857142857143,25.106770833333336,81.34226190476191,79.80059523809523,10.496354166666666
2025-12-13,1.698214285714286,5.3,1.0,26.020535714285717,81.26116071428571,81.515625,10.507514880952382
2025-12-14,0.46071428571428574,2.8,0.9107142857142857,26.56145833333333,77.38467261904762,60.658482142857146,8.090997023809525
2025-12-15,0.03392857142857143,0.2,0.30357142857142855,26.521428571428572,71.76339285714286,23.935267857142858,6.299925595238095
2025-12-16,0.02321428571428572,0.30000000000000004,0.10714285714285714,26.691294642857144,71.57142857142857,17.285714285714285,5.0537946428571425
2025-12-17,0.014285714285714287,0.2,0.08928571428571429,26.9609375,71.62574404761905,33.139136904761905,6.5868303571428575
2025-12-18,0.1535714285714286,0.6000000000000001,0.5714285714285714,26.613839285714285,71.04241071428571,38.41294642857143,7.893675595238095
2025-12-19,0.0,0.0,0.0,26.084002976190476,71.9985119047619,63.049107142857146,5.330208333333333
2025-12-20,0.0,0.0,0.0,26.240848214285712,64.59002976190476,9.029761904761905,6.782961309523809
2025-12-21,0.0,0.0,0.0,25.931250000000002,58.0625,26.909226190476193,7.5790178571428575
2025-12-22,0.05357142857142857,0.30000000000000004,0.32142857142857145,26.394419642857144,68.98065476190476,13.020833333333332,6.313690476190476
2025-12-23,0.5142857142857143,1.6000000000000003,1.0,27.127306547619046,72.765625,28.555059523809522,4.904613095238096
2025-12-24,0.012499999999999999,0.3,0.08928571428571429,27.198363095238097,71.26785714285714,52.398809523809526,4.8897321428571425
2025-12-25,0.0071428571428571435,0.4,0.017857142857142856,27.756473214285712,64.06994047619047,65.1421130952381,6.489583333333334
2025-12-26,0.0,0.0,0.0,26.773958333333333,65.65029761904762,55.31770833333333,8.7140625
2025-12-27,0.010714285714285716,0.2,0.07142857142857142,26.321577380952384,67.48735119047619,30.607886904761905,7.173883928571429
2025-12-28,0.0,0.0,0.0,26.46770833333333,63.383184523809526,47.22916666666667,7.4375
2025-12-29,0.0,0.0,0.0,26.067857142857143,63.344494047619044,22.848214285714285,5.859672619047619
2025-12-30,0.0,0.0,0.0,25.68831845238095,65.79166666666667,12.366815476190476,4.6353422619047615
2025-12-31,0.0,0.0,0.0,25.72998511904762,65.57366071428571,42.51860119047619,4.0953125
2026-01-01,0.0,0.0,0.0,25.913541666666667,69.02901785714286,38.80877976190476,4.331696428571429
2026-01-02,0.0,0.0,0.0,26.04345238095238,61.43452380952381,50.938244047619044,8.181994047619048
2026-01-03,0.0,0.0,0.0,25.54769345238095,61.84970238095239,78.54538690476191,8.642559523809524
2026-01-04,0.0,0.0,0.0,24.97083333333333,64.57738095238095,17.982886904761905,8.543377976190476
2026-01-05,0.0,0.0,0.0,25.2390625,61.70907738095239,3.5007440476190474,6.941369047619047
2026-01-06,0.0,0.0,0.0,25.710714285714285,60.671130952380956,28.743303571428573,9.76733630952381
2026-01-07,0.0,0.0,0.0,24.838913690476193,59.563244047619044,6.685267857142857,11.50297619047619
2026-01-08,0.0,0.0,0.0,23.225669642857145,57.70907738095239,36.395089285714285,9.306473214285715
2026-01-09,0.0,0.0,0.0,22.057291666666668,57.866815476190474,18.796130952380953,7.063169642857143
2026-01-10,0.0,0.0,0.0,22.428497023809523,55.95907738095239,25.503720238095237,7.001488095238095
2026-01-11,0.0,0.0,0.0,22.50409226190476,56.17782738095239,47.36979166666667,7.616666666666667
2026-01-12,0.0,0.0,0.0,23.150744047619046,59.276785714285715,33.50669642857143,6.2613095238095235
2026-01-13,0.0,0.0,0.0,24.352901785714288,57.94717261904761,4.027529761904762,6.596949404761905
2026-01-14,0.0,0.0,0.0,25.485565476190477,60.33333333333333,23.04092261904762,4.706994047619047
2026-01-15,0.0017857142857142859,0.1,0.017857142857142856,26.156845238095237,68.27529761904762,45.55654761904761,5.099479166666667
2026-01-16,0.10714285714285714,0.5,0.5,26.56391369047619,73.88616071428571,29.65029761904762,5.733184523809524
2026-01-17,0.7964285714285715,2.2,0.9642857142857143,26.799851190476193,77.76413690476191,20.46875,4.5909226190476184
2026-01-18,0.9625,2.2,1.0,26.982589285714283,75.56547619047619,50.839285714285715,5.090997023809523
2026-01-19,0.7142857142857143,5.0,0.5357142857142857,27.37782738095238,73.67559523809523,45.069940476190474,6.024776785714286
2026-01-20,2.4267857142857143,18.0,0.9821428571428571,27.147842261904763,75.12574404761905,38.535714285714285,7.1302827380952385
2026-01-21,6.546428571428572,24.5,1.0,26.638764880952383,76.47991071428571,82.50744047619048,5.829761904761905
2026-01-22,2.3446428571428575,7.6000000000000005,0.8571428571428571,26.77611607142857,65.41145833333333,78.58928571428571,8.78125
2026-01-23,0.0,0.0,0.0,25.522842261904763,55.116815476190474,19.558035714285715,9.369866071428572
2026-01-24,0.0,0.0,0.0,25.662127976190476,56.820684523809526,34.534970238095234,7.068154761904762
2026-01-25,0.0,0.0,0.0,25.616220238095234,59.357886904761905,16.360863095238095,5.062797619047619
2026-01-26,0.0,0.0,0.0,25.451636904761905,64.16294642857143,12.782738095238097,4.992038690476191
2026-01-27,0.0,0.0,0.0,25.82046130952381,58.57514880952381,2.765625,6.20171130952381
2026-01-28,0.0,0.0,0.0,25.781845238095237,57.688244047619044,86.52752976190477,6.5355654761904765
2026-01-29,0.0,0.0,0.0,26.021502976190476,59.08482142857143,75.02380952380952,5.801339285714286
2026-01-30,0.05535714285714286,0.6000000000000001,0.26785714285714285,26.663988095238096,70.21651785714286,40.950892857142854,4.221726190476191
2026-01-31,0.325,1.4000000000000001,0.7321428571428571,27.362797619047623,74.74851190476191,68.34151785714286,4.49233630952381
2026-02-01,0.7589285714285714,3.2,0.8392857142857143,27.339955357142856,67.96428571428571,32.739583333333336,6.909151785714286
2026-02-02,0.0,0.0,0.0,26.583333333333336,55.563244047619044,28.938988095238095,9.034598214285714
2026-02-03,0.0,0.0,0.0,27.022098214285712,57.71354166666667,25.374255952380953,9.431026785714286
2026-02-04,0.01607142857142857,0.7,0.03571428571428571,27.416964285714283,61.171875,36.444940476190474,5.158854166666666
2026-02-05,0.0,0.0,0.0,27.919642857142858,63.28645833333333,25.448660714285715,5.425595238095238
2026-02-06,0.5410714285714285,2.9000000000000004,0.7142857142857143,28.183556547619048,75.39434523809523,27.816220238095237,7.863244047619047
2026-02-07,0.3464285714285715,1.9000000000000004,0.7857142857142857,28.28720238095238,77.20014880952381,51.11458333333333,7.089360119047619
2026-02-08,3.9910714285714284,8.1,1.0,27.259821428571428,81.54464285714286,74.47247023809523,7.776116071428571
2026-02-09,7.476785714285714,18.3,1.0,26.692857142857143,73.84895833333334,59.770089285714285,8.244419642857142
2026-02-10,0.0,0.0,0.0,27.16361607142857,67.72693452380953,43.341517857142854,6.05922619047619
2026-02-11,0.0,0.0,0.0,28.217187499999998,63.90104166666667,72.0141369047619,5.015327380952381
2026-02-12,0.3125,3.0999999999999996,0.5714285714285714,28.039806547619047,72.21354166666667,44.876488095238095,6.3096726190476184
2026-02-13,0.31428571428571433,1.0999999999999999,0.7678571428571429,28.346428571428568,77.12723214285714,58.07142857142857,6.3934523809523816
2026-02-14,0.22321428571428573,2.2,0.48214285714285715,28.58095238095238,77.82738095238095,45.67559523809524,6.3159970238095235
2026-02-15,0.5053571428571428,1.9,0.7142857142857143,28.65528273809524,77.60193452380952,26.450892857142858,5.230208333333333
2026-02-16,0.4035714285714286,2.3000000000000003,0.8571428571428571,28.981770833333336,76.97693452380952,15.736607142857142,4.85297619047619
2026-02-17,1.5089285714285714,10.999999999999998,0.9464285714285714,28.820461309523807,78.83928571428571,53.72544642857143,6.497767857142857
2026-02-18,4.571428571428571,11.3,1.0,28.098586309523807,74.96502976190477,82.78869047619048,6.451860119047619
2026-02-19,0.0017857142857142859,0.1,0.017857142857142856,28.783630952380953,69.31770833333333,48.22172619047619,7.595758928571429
2026-02-20,0.0,0.0,0.0,28.463988095238097,69.05282738095238,69.92261904761905,6.291071428571429
2026-02-21,0.1553571428571429,0.6000000000000001,0.5,28.583630952380954,70.68526785714286,19.58407738095238,5.136607142857143
2026-02-22,2.5714285714285716,12.8,0.7857142857142857,28.95438988095238,75.03199404761905,23.076636904761905,7.199479166666667
2026-02-23,0.15357142857142855,1.0,0.7857142857142857,28.65982142857143,78.93526785714286,12.02827380952381,8.508258928571427
2026-02-24,1.5053571428571428,6.0,0.9821428571428571,28.82596726190476,77.87872023809523,18.620535714285715,10.11577380952381
2026-02-25,2.0035714285714286,7.699999999999999,1.0,28.23690476190476,77.92485119047619,35.811011904761905,5.328273809523809
2026-02-26,1.6267857142857145,5.199999999999999,1.0,28.314062500000002,75.66666666666666,48.04315476190476,7.002752976190477
2026-02-27,0.8053571428571429,4.6,0.8928571428571429,28.845758928571428,74.34449404761905,49.419642857142854,6.348214285714286
2026-02-28,1.0482142857142858,2.3000000000000003,0.9642857142857143,29.184895833333336,73.41294642857143,57.716517857142854,7.877380952380952
2026-03-01,0.8982142857142856,2.1999999999999997,0.9285714285714286,29.67254464285714,67.78720238095238,41.32440476190476,7.225223214285714
2026-03-02,0.0035714285714285718,0.1,0.03571428571428571,30.293973214285717,65.17113095238095,33.453125,7.411160714285714
2026-03-03,0.0,0.0,0.0,30.30684523809524,62.35044642857143,12.427827380952381,6.256026785714286
2026-03-04,0.0,0.0,0.0,29.757440476190478,56.797619047619044,5.614583333333334,7.302083333333333
2026-03-05,0.005357142857142858,0.2,0.03571428571428571,29.249107142857145,60.76190476190476,15.480654761904761,8.105282738095239
2026-03-06,0.6964285714285714,3.6000000000000005,0.7678571428571429,28.35074404761905,67.2485119047619,19.247767857142858,8.955729166666666
2026-03-07,0.048214285714285716,0.5,0.21428571428571427,28.99657738095238,65.30729166666667,15.639136904761903,5.5843750000000005
2026-03-08,0.4785714285714286,4.0,0.8571428571428571,29.522247023809523,64.5639880952381,14.084077380952381,5.379910714285714
2026-03-09,0.0071428571428571435,0.1,0.07142857142857142,29.912276785714287,62.08705357142857,13.011160714285714,6.395386904761905
2026-03-10,0.14285714285714285,0.9,0.5,29.33831845238095,59.305059523809526,18.523809523809522,9.646875
2026-03-11,0.15714285714285717,1.3,0.42857142857142855,29.48311011904762,57.386160714285715,57.044642857142854,5.908556547619048
2026-03-12,5.930357142857143,19.6,0.9821428571428571,27.49389880952381,71.10416666666667,44.96279761904761,5.169270833333334
2026-03-13,0.8053571428571429,2.8,0.9642857142857143,27.38876488095238,68.2046130952381,20.976190476190478,9.356770833333332
2026-03-14,2.9857142857142853,21.4,1.0,27.736011904761906,64.27752976190476,20.040178571428573,7.136681547619048
2026-03-15,0.021428571428571432,0.2,0.16071428571428573,28.87217261904762,59.58482142857143,16.238839285714285,7.342633928571429
2026-03-16,0.7089285714285715,3.0,0.875,28.65111607142857,66.01785714285714,47.25372023809524,5.562797619047619
2026-03-17,4.701785714285714,27.000000000000004,1.0,28.331473214285715,71.99553571428571,31.776785714285715,10.155357142857142
2026-03-18,1.2732142857142856,3.7,0.9464285714285714,28.53415178571429,72.70386904761905,21.641369047619047,8.032589285714286
2026-03-19,4.821428571428571,11.2,0.9821428571428571,28.691815476190477,72.56175595238095,18.386160714285715,8.787946428571429
2026-03-20,1.417857142857143,8.1,0.9821428571428571,29.211532738095237,71.21949404761905,54.15997023809524,10.642410714285715
2026-03-21,0.5178571428571429,2.5000000000000004,0.75,29.18578869047619,73.50967261904762,19.366815476190478,9.09389880952381
2026-03-22,1.385714285714286,5.8,0.9642857142857143,29.479166666666664,72.50744047619047,19.701636904761905,10.919791666666667
2026-03-23,0.5892857142857143,3.0000000000000004,0.9642857142857143,29.649553571428573,73.82589285714286,21.880208333333336,11.31860119047619
2026-03-24,1.0410714285714284,4.7,0.9464285714285714,29.963392857142857,72.16964285714286,16.171875,10.331770833333334
2026-03-25,0.0732142857142857,0.9999999999999999,0.375,30.412276785714287,70.77604166666667,11.347470238095239,10.18608630952381
2026-03-26,0.025,0.4,0.14285714285714285,30.56964285714286,71.68452380952381,24.92782738095238,9.809449404761905
2026-03-27,0.005357142857142858,0.30000000000000004,0.017857142857142856,30.30014880952381,73.41592261904762,8.483630952380953,12.8296875
2026-03-28,0.06607142857142857,0.8,0.23214285714285715,30.05029761904762,72.22916666666667,18.74404761904762,11.572098214285715
2026-03-29,0.4589285714285714,1.9000000000000004,0.7857142857142857,30.057068452380953,68.80431547619047,38.47172619047619,11.971800595238095
2026-03-30,0.09821428571428571,0.7000000000000001,0.35714285714285715,29.760863095238097,68.79910714285714,27.110863095238095,11.327678571428573
2026-03-31,0.0071428571428571435,0.2,0.05357142857142857,29.886309523809526,67.64285714285714,64.08333333333333,10.229092261904762
2026-04-01,0.3410714285714286,3.0,0.5357142857142857,30.49657738095238,73.50223214285714,41.941964285714285,10.695833333333335
2026-04-02,0.06785714285714287,0.6000000000000001,0.375,30.44107142857143,73.77380952380952,33.292410714285715,11.916517857142855
2026-04-03,0.03214285714285715,0.8,0.16071428571428573,30.40416666666667,71.41815476190476,37.58407738095239,13.771354166666667
2026-04-04,0.10892857142857142,1.0,0.4642857142857143,30.74047619047619,69.54985119047619,70.27455357142857,12.046205357142856
2026-04-05,0.12142857142857144,1.3,0.2857142857142857,31.244122023809524,62.997767857142854,5.499255952380952,10.74501488095238
2026-04-06,0.04642857142857143,0.30000000000000004,0.2857142857142857,31.206473214285715,63.179315476190474,5.859375,10.887723214285714
2026-04-07,0.005357142857142858,0.1,0.05357142857142857,31.427008928571432,62.90997023809524,30.27157738095238,9.61889880952381
2026-04-08,0.005357142857142858,0.2,0.03571428571428571,31.235342261904766,68.02604166666667,23.799107142857142,10.568526785714285
2026-04-09,0.021428571428571432,0.2,0.19642857142857142,30.642633928571428,71.35267857142857,14.195684523809524,11.438616071428571
2026-04-10,0.7589285714285714,4.4,0.8035714285714286,30.6171875,73.18675595238095,33.121279761904766,11.194940476190476
2026-04-11,0.03035714285714286,0.2,0.23214285714285715,31.025744047619046,68.39285714285714,5.196428571428571,9.97953869047619
2026-04-12,0.0,0.0,0.0,31.16897321428571,66.17113095238095,3.462797619047619,11.477157738095238
2026-04-13,0.1660714285714286,0.8999999999999999,0.6428571428571429,31.279315476190476,66.63244047619047,6.997023809523809,10.856919642857141
2026-04-14,0.5732142857142858,1.8000000000000003,0.8571428571428571,31.399776785714288,67.62276785714286,15.325892857142858,8.975744047619047
2026-04-15,0.11964285714285715,2.8,0.35714285714285715,31.22046130952381,69.14955357142857,9.063244047619047,10.358556547619047
2026-04-16,0.0375,0.3,0.25,31.413169642857145,69.25892857142857,21.502976190476193,10.800967261904761
2026-04-17,1.2053571428571428,5.2,0.9285714285714286,31.191294642857144,72.2641369047619,20.583333333333336,11.864657738095238
2026-04-18,0.5589285714285714,3.4,0.875,31.232589285714287,71.30654761904762,17.945684523809526,10.385119047619046
2026-04-19,2.167857142857143,5.8999999999999995,0.9821428571428571,31.165029761904766,70.97098214285714,29.613095238095237,13.729241071428572
2026-04-20,4.142857142857143,14.399999999999999,0.9642857142857143,30.550818452380952,72.390625,27.924107142857142,13.158630952380951
2026-04-21,1.8910714285714287,6.1,0.9642857142857143,30.227529761904766,72.70982142857143,26.094494047619047,12.628943452380952
2026-04-22,0.3392857142857143,1.3,0.8571428571428571,31.147247023809523,68.90327380952381,28.609375,12.685193452380952
2026-04-23,2.1785714285714284,6.499999999999999,1.0,30.594866071428573,72.52752976190476,40.41145833333333,15.145238095238096
2026-04-24,1.7946428571428572,6.199999999999998,0.9464285714285714,30.59918154761905,71.19270833333333,72.56547619047619,11.909002976190475
2026-04-25,0.5339285714285714,3.9000000000000004,0.8571428571428571,30.544494047619047,69.99032738095238,87.88318452380952,7.698288690476191
2026-04-26,4.044642857142857,15.999999999999998,0.9107142857142857,30.154464285714287,70.92559523809524,56.924107142857146,7.348511904761905
2026-04-27,0.20357142857142857,2.0,0.5178571428571429,30.89166666666667,68.83407738095238,48.30580357142857,10.585119047619047
2026-04-28,1.8589285714285715,5.3,0.9285714285714286,31.247098214285717,68.4203869047619,40.21875,12.073958333333334
2026-04-29,3.685714285714286,17.5,0.9821428571428571,31.16532738095238,68.77008928571429,28.101190476190478,10.30297619047619
2026-04-30,4.325,9.2,1.0,30.641220238095237,72.6108630952381,53.25892857142857,6.713244047619048
2026-05-01,4.575,16.5,1.0,29.797619047619047,72.05059523809524,52.429315476190474,8.036681547619049
2026-05-02,2.0642857142857145,7.0,0.9821428571428571,30.697098214285713,71.13616071428571,89.69866071428571,8.770833333333334
2026-05-03,1.0910714285714287,4.6,0.9642857142857143,31.299330357142857,68.44568452380953,51.81919642857143,8.857291666666667
2026-05-04,7.251785714285714,24.400000000000002,1.0,30.501264880952384,72.10714285714286,89.21205357142857,7.186383928571429
2026-05-05,3.0910714285714285,11.3,1.0,29.168377976190477,73.63244047619048,80.37872023809523,6.117559523809524
2026-05-06,0.8535714285714286,2.8000000000000003,0.9642857142857143,30.19598214285714,74.42708333333334,77.92633928571429,6.399255952380953
2026-05-07,5.003571428571428,9.299999999999999,1.0,29.96517857142857,76.49107142857143,85.49181547619048,7.627901785714286
2026-05-08,13.8375,22.1,1.0,28.68854166666667,81.54910714285714,97.578125,4.876041666666667
2026-05-09,0.6160714285714286,3.7,0.9107142857142857,29.86264880952381,74.16369047619048,72.00967261904762,6.025744047619048
2026-05-10,2.9410714285714286,9.299999999999999,1.0,29.92291666666667,75.15699404761905,97.91071428571429,5.536383928571429
2026-05-11,2.123214285714286,5.2,1.0,30.125595238095237,74.00148809523809,82.70982142857143,7.564583333333333
2026-05-12,3.642857142857143,10.399999999999999,1.0,28.549107142857142,78.21875,99.77529761904762,7.399255952380953
2026-05-13,6.326785714285713,11.799999999999999,1.0,29.69799107142857,74.56398809523809,78.0625,9.801339285714286
2026-05-14,1.7249999999999999,6.4,1.0,30.13519345238095,75.79613095238095,95.18526785714286,7.076116071428571
2026-05-15,5.5,12.999999999999998,1.0,30.338690476190475,73.09821428571429,92.36309523809523,7.451413690476191
2026-05-16,6.125,12.799999999999997,1.0,30.576190476190476,69.78794642857143,96.36309523809523,8.065029761904762
2026-05-17,1.8607142857142858,3.4000000000000004,1.0,30.769122023809523,65.61607142857143,99.23660714285714,10.826116071428572
2026-05-18,3.567857142857143,10.399999999999999,1.0,30.021130952380954,71.98139880952381,94.51711309523809,8.874107142857143
2026-05-19,5.957142857142856,17.099999999999998,1.0,29.108258928571427,74.11160714285714,98.41666666666666,9.180580357142857
2026-05-20,6.401785714285714,16.4,1.0,28.938392857142855,76.51116071428571,98.55729166666666,9.939657738095237
2026-05-21,2.1821428571428574,5.299999999999999,1.0,29.921949404761907,74.27529761904762,96.46279761904762,9.608035714285714
2026-05-22,5.917857142857143,13.999999999999998,1.0,29.454613095238095,77.45684523809523,96.36532738095238,9.75282738095238
2026-05-23,1.575,4.7,1.0,30.167038690476186,73.78497023809523,93.23363095238095,8.4015625
2026-05-24,1.3357142857142856,4.7,0.9642857142857143,30.959598214285712,71.40922619047619,77.24255952380952,9.260044642857142
2026-05-25,3.9250000000000003,7.799999999999999,1.0,30.640997023809522,73.60565476190477,69.34002976190476,8.394196428571428
2026-05-26,1.207142857142857,6.299999999999999,0.8928571428571429,30.847693452380952,70.4375,46.327380952380956,7.3734375000000005
2026-05-27,2.5357142857142856,8.3,1.0,31.152157738095237,67.2485119047619,76.68824404761905,8.661830357142858
2026-05-28,3.694642857142857,6.8999999999999995,1.0,30.787723214285712,70.83333333333333,84.54761904761905,7.654761904761905
2026-05-29,2.5142857142857147,7.699999999999999,1.0,30.59501488095238,72.58110119047619,91.64880952380952,7.852157738095238
2026-05-30,3.060714285714286,8.2,0.9821428571428571,29.73534226190476,74.02678571428571,90.74553571428571,6.2212797619047615
2026-05-31,17.7375,50.800000000000004,1.0,29.38794642857143,77.67708333333334,82.421875,5.3171875
2026-06-01,2.1785714285714284,7.8999999999999995,0.9821428571428571,29.378869047619048,74.95833333333334,85.94642857142857,5.721800595238095
2026-06-02,7.223214285714286,12.299999999999999,1.0,29.77410714285714,77.03497023809523,83.88616071428571,5.778199404761905
2026-06-03,3.717857142857143,9.1,1.0,30.400446428571428,71.58928571428571,78.03794642857143,7.940178571428572
2026-06-04,7.7053571428571415,13.299999999999999,1.0,29.739583333333336,73.46726190476191,97.73511904761905,12.785044642857143
2026-06-05,9.283928571428572,22.500000000000004,1.0,29.75104166666667,73.13169642857143,97.10491071428571,16.56502976190476
2026-06-06,6.733928571428571,12.800000000000002,1.0,29.52686011904762,74.57291666666666,99.27901785714286,14.388318452380952
2026-06-07,6.171428571428571,14.0,1.0,29.281175595238096,78.31845238095238,95.890625,11.888839285714285
2026-06-08,9.174999999999999,14.5,1.0,29.420238095238094,80.71800595238095,98.43601190476191,10.132738095238095
2026-06-09,14.7625,26.0,1.0,29.12284226190476,82.04613095238095,96.41220238095238,9.16421130952381
2026-06-10,10.516071428571427,18.899999999999995,1.0,28.648065476190478,84.39360119047619,79.40252976190477,9.097842261904763
2026-06-11,13.648214285714285,22.6,1.0,28.110639880952384,85.21279761904762,93.80877976190477,8.55342261904762
2026-06-12,21.698214285714283,27.5,1.0,27.49895833333333,88.59970238095238,94.61830357142857,7.774107142857142
2026-06-13,2.155357142857143,5.0,1.0,28.755208333333332,80.59672619047619,83.49925595238095,5.046726190476191
2026-06-14,4.5874999999999995,9.9,1.0,29.44813988095238,78.96279761904762,89.82068452380952,8.230059523809524
2026-06-15,3.941071428571429,16.3,1.0,29.19672619047619,79.20014880952381,92.0625,6.196056547619048
2026-06-16,9.451785714285714,17.700000000000003,1.0,28.98578869047619,80.73586309523809,92.42857142857143,6.447395833333333
2026-06-17,2.789285714285714,7.200000000000001,1.0,29.286011904761903,76.70014880952381,84.84598214285714,6.188988095238095
2026-06-18,3.932142857142857,10.9,1.0,29.110267857142855,78.44642857142857,98.25520833333334,6.900074404761905
2026-06-19,23.6125,33.5,1.0,27.930208333333333,83.60193452380952,98.85342261904762,6.435416666666667
2026-06-20,8.517857142857142,14.499999999999998,1.0,28.303124999999998,82.71651785714286,91.89955357142857,5.569791666666666
2026-06-21,3.9089285714285715,10.799999999999999,1.0,29.54188988095238,75.29315476190477,63.61458333333333,7.465773809523809
2026-06-22,0.8642857142857142,4.2,0.8928571428571429,30.094345238095237,71.13988095238095,91.47544642857143,7.432142857142857
2026-06-23,3.9607142857142854,6.7,1.0,30.027752976190477,71.33110119047619,58.98735119047619,9.03950892857143
2026-06-24,5.080357142857143,11.2,1.0,30.103571428571428,73.25595238095238,33.580357142857146,9.296354166666665
2026-06-25,9.666071428571428,17.1,1.0,29.21532738095238,78.38839285714286,79.41815476190477,7.124181547619047
2026-06-26,3.6089285714285713,7.200000000000001,1.0,29.089732142857144,77.14285714285714,86.22842261904762,6.212276785714286
2026-06-27,5.067857142857143,11.100000000000001,1.0,29.519345238095237,77.04613095238095,93.93526785714286,6.7403273809523805
2026-06-28,12.137500000000001,19.7,1.0,28.839285714285715,80.58482142857143,97.55654761904762,8.369270833333333
2026-06-29,3.5732142857142857,8.2,1.0,29.19598214285714,75.83184523809523,99.69568452380952,11.00438988095238
2026-06-30,1.8517857142857144,5.4,1.0,29.344270833333333,72.37127976190476,98.98363095238095,10.17061011904762
2026-07-01,4.996428571428572,13.0,1.0,29.985491071428573,72.48214285714286,97.84449404761905,9.156175595238095
2026-07-02,11.49642857142857,20.400000000000006,1.0,28.783630952380953,78.78645833333334,98.50595238095238,7.204389880952381
2026-07-03,4.721428571428571,13.899999999999999,1.0,28.69717261904762,79.76413690476191,96.00074404761905,9.008630952380953
2026-07-04,6.35,15.499999999999996,1.0,27.663318452380953,82.77455357142857,99.74107142857143,11.265401785714287
2026-07-05,11.796428571428573,19.8,1.0,28.507068452380953,81.54241071428571,94.48660714285714,9.358258928571429
2026-07-06,17.367857142857144,43.70000000000001,1.0,28.324255952380952,85.04092261904762,97.40997023809523,9.765104166666665
2026-07-07,5.180357142857142,10.799999999999999,1.0,28.991592261904763,80.08630952380952,93.78199404761905,8.82232142857143
2026-07-08,2.4142857142857146,5.1,1.0,29.86889880952381,70.58407738095238,73.05877976190476,9.819270833333334
2026-07-09,1.667857142857143,6.199999999999999,1.0,29.53690476190476,70.47991071428571,71.75,10.141815476190477
2026-07-10,0.7875,2.4,1.0,30.21026785714286,64.61309523809524,75.78050595238095,12.114285714285714
2026-07-11,1.3982142857142856,2.8000000000000003,1.0,29.972619047619048,66.78720238095238,96.25595238095238,12.825595238095238
2026-07-12,7.369642857142857,14.000000000000002,1.0,28.334300595238094,78.93080357142857,98.70535714285714,12.661086309523808
2026-07-13,8.007142857142856,14.399999999999999,1.0,27.757440476190478,81.44196428571429,98.54241071428571,10.52514880952381
2026-07-14,6.880357142857143,21.799999999999997,1.0,28.827901785714285,76.13616071428571,88.23735119047619,11.14203869047619
2026-07-15,4.291071428571429,9.3,1.0,29.21264880952381,73.56547619047619,91.18154761904762,12.211607142857144
2026-07-16,6.716071428571428,14.100000000000001,1.0,28.36436011904762,79.34523809523809,94.97991071428571,9.354315476190477
2026-07-17,9.051785714285714,16.299999999999997,1.0,27.673660714285713,85.20610119047619,99.37723214285714,6.953943452380953
2026-07-18,0.375,1.9000000000000001,0.7142857142857143,29.549627976190475,72.94866071428571,62.64732142857143,9.208630952380954
2026-07-19,0.7321428571428571,2.5,0.9642857142857143,29.916294642857142,70.56175595238095,40.76934523809524,9.107514880952381
