probability_threshold,predicted_rain_rate,accuracy,precision,recall,f1,true_negatives,false_positives,false_negatives,true_positives,model,feature_set,horizon_h,split,rows,rain_rate,roc_auc,pr_auc,brier_score
0.1,0.5298832710199113,0.7001918311451178,0.4706585168244331,0.9281055665099348,0.6245810778166031,165908,103229,7110,91785,hist_gradient_boosting,baseline,1,validation,368032,0.268713046691592,0.8967556764361774,0.780486163306341,0.10928617137058588
0.15000000000000002,0.438562407616729,0.7654823493609252,0.538985781109631,0.8796703574498205,0.6684210526315789,194727,74410,11900,86995,hist_gradient_boosting,baseline,1,validation,368032,0.268713046691592,0.8967556764361774,0.780486163306341,0.10928617137058588
0.20000000000000004,0.3813282540648639,0.8009249195722111,0.5913097384228415,0.8391223014308105,0.6937501044993228,211781,57356,15910,82985,hist_gradient_boosting,baseline,1,validation,368032,0.268713046691592,0.8967556764361774,0.780486163306341,0.10928617137058588
0.25000000000000006,0.34370380836449005,0.8205291931136423,0.6298243394943633,0.8055917892714495,0.7069466566691365,222312,46825,19226,79669,hist_gradient_boosting,baseline,1,validation,368032,0.268713046691592,0.8967556764361774,0.780486163306341,0.10928617137058588
0.30000000000000004,0.3152742152856273,0.8328243196243805,0.6610302419181081,0.7755700490419132,0.7137340293868587,229806,39331,22195,76700,hist_gradient_boosting,baseline,1,validation,368032,0.268713046691592,0.8967556764361774,0.780486163306341,0.10928617137058588
0.3500000000000001,0.29159692635423007,0.8404377880184332,0.6871604685185012,0.7456797613630618,0.7152251081411363,235564,33573,25151,73744,hist_gradient_boosting,baseline,1,validation,368032,0.268713046691592,0.8967556764361774,0.780486163306341,0.10928617137058588
0.40000000000000013,0.26995478654030086,0.8445760151291192,0.7098296964328851,0.7131098639971687,0.7114659994854903,240308,28829,28372,70523,hist_gradient_boosting,baseline,1,validation,368032,0.268713046691592,0.8967556764361774,0.780486163306341,0.10928617137058588
0.45000000000000007,0.25076352056342927,0.846872011129467,0.7304662527495152,0.6816724809141008,0.7052263787764667,244262,24875,31481,67414,hist_gradient_boosting,baseline,1,validation,368032,0.268713046691592,0.8967556764361774,0.780486163306341,0.10928617137058588
0.5000000000000001,0.23191189896530737,0.8480838622728458,0.7518131011938934,0.6488497901815057,0.6965470078047827,247954,21183,34727,64168,hist_gradient_boosting,baseline,1,validation,368032,0.268713046691592,0.8967556764361774,0.780486163306341,0.10928617137058588
0.5500000000000002,0.2144922180679941,0.8475594513520563,0.7710412971877375,0.6154608423074979,0.6845221694267157,251063,18074,38029,60866,hist_gradient_boosting,baseline,1,validation,368032,0.268713046691592,0.8967556764361774,0.780486163306341,0.10928617137058588
0.6000000000000002,0.19682527606295105,0.8455161507694983,0.790179187719153,0.5787855806663633,0.6681608329977295,253938,15199,41656,57239,hist_gradient_boosting,baseline,1,validation,368032,0.268713046691592,0.8967556764361774,0.780486163306341,0.10928617137058588
0.6500000000000001,0.1780089774802191,0.841687679332232,0.8100987590249263,0.5366499823044644,0.645613352148314,256696,12441,45823,53072,hist_gradient_boosting,baseline,1,validation,368032,0.268713046691592,0.8967556764361774,0.780486163306341,0.10928617137058588
0.7000000000000002,0.15840470393878794,0.8358322102425876,0.8299941678959827,0.4892765053844987,0.6156381009332477,259226,9911,50508,48387,hist_gradient_boosting,baseline,1,validation,368032,0.268713046691592,0.8967556764361774,0.780486163306341,0.10928617137058588
0.7500000000000002,0.13599089209633944,0.827096556821146,0.8522647805150952,0.4313160422670509,0.5727656031797186,261743,7394,56240,42655,hist_gradient_boosting,baseline,1,validation,368032,0.268713046691592,0.8967556764361774,0.780486163306341,0.10928617137058588
0.8000000000000002,0.10918887488044518,0.8146411181636379,0.8816971506781137,0.3582688710248243,0.5095053206787461,264383,4754,63464,35431,hist_gradient_boosting,baseline,1,validation,368032,0.268713046691592,0.8967556764361774,0.780486163306341,0.10928617137058588
0.8500000000000002,0.08042778888792279,0.7977974741326841,0.9134797297297297,0.27341119369027755,0.42085684267870344,266576,2561,71856,27039,hist_gradient_boosting,baseline,1,validation,368032,0.268713046691592,0.8967556764361774,0.780486163306341,0.10928617137058588
0.9000000000000002,0.04868326667246326,0.7741500739066168,0.9402243679187364,0.17034228221851458,0.2884292709653118,268066,1071,82049,16846,hist_gradient_boosting,baseline,1,validation,368032,0.268713046691592,0.8967556764361774,0.780486163306341,0.10928617137058588
0.1,0.3064300467442113,0.8117241004457006,0.4577398584529152,0.8638280779272947,0.5983930621094248,247070,61142,8136,51612,hist_gradient_boosting,baseline,1,test,367960,0.162376345254919,0.9162496677576325,0.7217117446353501,0.07695442972603066
0.15000000000000002,0.24844276551799108,0.8503940645722361,0.525700909021298,0.8043449153109727,0.6358350147190156,264853,43359,11690,48058,hist_gradient_boosting,baseline,1,test,367960,0.162376345254919,0.9162496677576325,0.7217117446353501,0.07695442972603066
0.20000000000000004,0.21124306989890204,0.870640830525057,0.5781497253277412,0.7521423311240544,0.6537675392974824,275422,32790,14809,44939,hist_gradient_boosting,baseline,1,test,367960,0.162376345254919,0.9162496677576325,0.7217117446353501,0.07695442972603066
0.25000000000000006,0.18520491357756277,0.8826068050875095,0.6214415683512355,0.7088103367476736,0.6622568336773629,282414,25798,17398,42350,hist_gradient_boosting,baseline,1,test,367960,0.162376345254919,0.9162496677576325,0.7217117446353501,0.07695442972603066
0.30000000000000004,0.1658549842374171,0.8897597564952712,0.6571737563085797,0.6712525942290956,0.6641385705769358,287290,20922,19642,40106,hist_gradient_boosting,baseline,1,test,367960,0.162376345254919,0.9162496677576325,0.7217117446353501,0.07695442972603066
0.3500000000000001,0.15008968366126754,0.8939748885748451,0.6877252068734496,0.6356865501774118,0.6606827571211132,290966,17246,21767,37981,hist_gradient_boosting,baseline,1,test,367960,0.162376345254919,0.9162496677576325,0.7217117446353501,0.07695442972603066
0.40000000000000013,0.1363979780410914,0.8961870855527775,0.7146785152124968,0.6003380866305148,0.6525373623075034,293892,14320,23879,35869,hist_gradient_boosting,baseline,1,test,367960,0.162376345254919,0.9162496677576325,0.7217117446353501,0.07695442972603066
0.45000000000000007,0.12326883356886618,0.8967985650614198,0.7400238105736584,0.561792863359443,0.6387075904325158,296420,11792,26182,33566,hist_gradient_boosting,baseline,1,test,367960,0.162376345254919,0.9162496677576325,0.7217117446353501,0.07695442972603066
0.5000000000000001,0.11068866181106642,0.8961599086857267,0.764418473323676,0.5210885720024101,0.6197239169163092,298617,9595,28614,31134,hist_gradient_boosting,baseline,1,test,367960,0.162376345254919,0.9162496677576325,0.7217117446353501,0.07695442972603066
0.5500000000000002,0.09874986411566475,0.893939558647679,0.7851442095992954,0.47748878623552254,0.5938345614254195,300405,7807,31219,28529,hist_gradient_boosting,baseline,1,test,367960,0.162376345254919,0.9162496677576325,0.7217117446353501,0.07695442972603066
0.6000000000000002,0.0863653658006305,0.8906756169148821,0.8071367884451996,0.42930307290620606,0.5604903471106887,302083,6129,34098,25650,hist_gradient_boosting,baseline,1,test,367960,0.162376345254919,0.9162496677576325,0.7217117446353501,0.07695442972603066
0.6500000000000001,0.07450266333297098,0.8865528861832808,0.8283723644852995,0.38007966793867576,0.5210756981253298,303507,4705,37039,22709,hist_gradient_boosting,baseline,1,test,367960,0.162376345254919,0.9162496677576325,0.7217117446353501,0.07695442972603066
0.7000000000000002,0.06250135884335253,0.8813077508424829,0.8494651708844247,0.3269732878087969,0.4721920092814154,304750,3462,40212,19536,hist_gradient_boosting,baseline,1,test,367960,0.162376345254919,0.9162496677576325,0.7217117446353501,0.07695442972603066
0.7500000000000002,0.04976356125665833,0.8746738775953908,0.8722625744088253,0.2673227555734083,0.40922891658873417,305873,2339,43776,15972,hist_gradient_boosting,baseline,1,test,367960,0.162376345254919,0.9162496677576325,0.7217117446353501,0.07695442972603066
0.8000000000000002,0.03753940645722361,0.8674393955864768,0.8971258958951712,0.20740443194751287,0.3369176601731896,306791,1421,47356,12392,hist_gradient_boosting,baseline,1,test,367960,0.162376345254919,0.9162496677576325,0.7217117446353501,0.07695442972603066
0.8500000000000002,0.025635938688987933,0.85940047831286,0.9247323226969151,0.1459965187119234,0.2521790665066998,307502,710,51025,8723,hist_gradient_boosting,baseline,1,test,367960,0.162376345254919,0.9162496677576325,0.7217117446353501,0.07695442972603066
0.9000000000000002,0.014623872160017393,0.8510571801282748,0.9593012451217245,0.0863961973622548,0.15851617558998296,307993,219,54586,5162,hist_gradient_boosting,baseline,1,test,367960,0.162376345254919,0.9162496677576325,0.7217117446353501,0.07695442972603066
0.1,0.6740473654464829,0.6470415616033388,0.4974261400969884,0.9593696306259378,0.6551577673124606,114735,124674,5226,123397,hist_gradient_boosting,baseline,2,validation,368032,0.3494886314233545,0.881123719601929,0.8082156372237876,0.1315065857683485
0.15000000000000002,0.5859979566994175,0.7087943439700896,0.5497296745894114,0.9217480543915163,0.6887120994280967,142301,97108,10065,118558,hist_gradient_boosting,baseline,2,validation,368032,0.3494886314233545,0.881123719601929,0.8082156372237876,0.1315065857683485
0.20000000000000004,0.5139091165985566,0.7509075297800192,0.597678906601105,0.8788630338275425,0.7114974288609571,163316,76093,15581,113042,hist_gradient_boosting,baseline,2,validation,368032,0.3494886314233545,0.881123719601929,0.8082156372237876,0.1315065857683485
0.25000000000000006,0.4598187114163986,0.7767829971306843,0.6373058831871794,0.8384970028688493,0.7241875971542818,178031,61378,20773,107850,hist_gradient_boosting,baseline,2,validation,368032,0.3494886314233545,0.881123719601929,0.8082156372237876,0.1315065857683485
0.30000000000000004,0.4194010303451874,0.7925723850099992,0.6693617875907821,0.8032622470320239,0.730224471333258,188374,51035,25305,103318,hist_gradient_boosting,baseline,2,validation,368032,0.3494886314233545,0.881123719601929,0.8082156372237876,0.1315065857683485
0.3500000000000001,0.386436505521259,0.8023487088079297,0.6964583289387644,0.7700877759032211,0.7314247315798024,196239,43170,29572,99051,hist_gradient_boosting,baseline,2,validation,368032,0.3494886314233545,0.881123719601929,0.8082156372237876,0.1315065857683485
0.40000000000000013,0.35728414920441703,0.8084378532301539,0.7210096431722082,0.7370921219377561,0.7289621898006651,202724,36685,33816,94807,hist_gradient_boosting,baseline,2,validation,368032,0.3494886314233545,0.881123719601929,0.8082156372237876,0.1315065857683485
0.45000000000000007,0.3306424441352926,0.8109403530127814,0.7426019213227378,0.7025570854357308,0.7220246893851624,208087,31322,38258,90365,hist_gradient_boosting,baseline,2,validation,368032,0.3494886314233545,0.881123719601929,0.8082156372237876,0.1315065857683485
0.5000000000000001,0.30434853491000785,0.8116223589253109,0.764681724845996,0.6659151162700294,0.7118890592728345,213051,26358,42971,85652,hist_gradient_boosting,baseline,2,validation,368032,0.3494886314233545,0.881123719601929,0.8082156372237876,0.1315065857683485
0.5500000000000002,0.27793235370837316,0.8101931353795322,0.787267323635226,0.6260777621420741,0.6974808475992915,217649,21760,48095,80528,hist_gradient_boosting,baseline,2,validation,368032,0.3494886314233545,0.881123719601929,0.8082156372237876,0.1315065857683485
0.6000000000000002,0.25255684288322755,0.8065983392748457,0.809013545062346,0.5846310535440784,0.6787590489773077,221657,17752,53426,75197,hist_gradient_boosting,baseline,2,validation,368032,0.3494886314233545,0.881123719601929,0.8082156372237876,0.1315065857683485
0.6500000000000001,0.2276894400486914,0.8004793061472916,0.8293256321825364,0.540299946354851,0.6543169193107994,225107,14302,59128,69495,hist_gradient_boosting,baseline,2,validation,368032,0.3494886314233545,0.881123719601929,0.8082156372237876,0.1315065857683485
0.7000000000000002,0.20414529171376403,0.7929555038692288,0.8488793057552042,0.4958522192764902,0.626026355181468,228055,11354,64845,63778,hist_gradient_boosting,baseline,2,validation,368032,0.3494886314233545,0.881123719601929,0.8082156372237876,0.1315065857683485
0.7500000000000002,0.18036746804625683,0.7836220763411877,0.8689986592549073,0.4484812203105199,0.5916288896638018,230713,8696,70938,57685,hist_gradient_boosting,baseline,2,validation,368032,0.3494886314233545,0.881123719601929,0.8082156372237876,0.1315065857683485
0.8000000000000002,0.15231555951656378,0.7693244065733414,0.8900226555113545,0.3878933005761023,0.5403075590210094,233244,6165,78731,49892,hist_gradient_boosting,baseline,2,validation,368032,0.3494886314233545,0.881123719601929,0.8082156372237876,0.1315065857683485
0.8500000000000002,0.11856305973393617,0.748929440918181,0.9150452618310989,0.31042659555444985,0.4635836942261027,235702,3707,88695,39928,hist_gradient_boosting,baseline,2,validation,368032,0.3494886314233545,0.881123719601929,0.8082156372237876,0.1315065857683485
0.9000000000000002,0.07537116337709765,0.7176278149726111,0.9452395544179675,0.20385156620511105,0.33537560276793593,237890,1519,102403,26220,hist_gradient_boosting,baseline,2,validation,368032,0.3494886314233545,0.881123719601929,0.8082156372237876,0.1315065857683485
0.1,0.42722850309816285,0.747092075225568,0.45959046583080476,0.8991226432704872,0.608264087086101,202651,84954,8106,72249,hist_gradient_boosting,baseline,2,test,367960,0.21837971518643332,0.8992351078439627,0.7380295836603774,0.10003211269486875
0.15000000000000002,0.3495624524404827,0.7992662245896293,0.5252400388726919,0.8407566423993529,0.6465594793760169,226539,61066,12796,67559,hist_gradient_boosting,baseline,2,test,367960,0.21837971518643332,0.8992351078439627,0.7380295836603774,0.10003211269486875
0.20000000000000004,0.2984183063376454,0.826630612023046,0.5754148225051454,0.7863107460643395,0.6645316337208996,240983,46622,17171,63184,hist_gradient_boosting,baseline,2,test,367960,0.21837971518643332,0.8992351078439627,0.7380295836603774,0.10003211269486875
0.25000000000000006,0.26117241004457004,0.8420969670616372,0.6157792322660535,0.7364445274096199,0.6707281135240514,250681,36924,21178,59177,hist_gradient_boosting,baseline,2,test,367960,0.21837971518643332,0.8992351078439627,0.7380295836603774,0.10003211269486875
0.30000000000000004,0.2328867268181324,0.8509294488531363,0.6488044531058547,0.6919046730135026,0.6696617845442282,257510,30095,24757,55598,hist_gradient_boosting,baseline,2,test,367960,0.21837971518643332,0.8992351078439627,0.7380295836603774,0.10003211269486875
0.3500000000000001,0.20848733557995433,0.8568866181106642,0.6805057681027179,0.6496795470101425,0.6647354682625581,263095,24510,28150,52205,hist_gradient_boosting,baseline,2,test,367960,0.21837971518643332,0.8992351078439627,0.7380295836603774,0.10003211269486875
0.40000000000000013,0.18735732144798348,0.859857049679313,0.7087902523933856,0.60810154937465,0.6545966040389832,267529,20076,31491,48864,hist_gradient_boosting,baseline,2,test,367960,0.21837971518643332,0.8992351078439627,0.7380295836603774,0.10003211269486875
0.45000000000000007,0.16782530709859766,0.8608544407000761,0.7360614059235988,0.5656648621741024,0.639710642609846,271306,16299,34901,45454,hist_gradient_boosting,baseline,2,test,367960,0.21837971518643332,0.8992351078439627,0.7380295836603774,0.10003211269486875
0.5000000000000001,0.14949451027285574,0.8605962604630938,0.7641433973240256,0.5231037272105034,0.6210559754142565,274631,12974,38321,42034,hist_gradient_boosting,baseline,2,test,367960,0.21837971518643332,0.8992351078439627,0.7380295836603774,0.10003211269486875
0.5500000000000002,0.1324247200782694,0.8588759647787803,0.7916965953167648,0.48008213552361395,0.5977130816070405,277455,10150,41778,38577,hist_gradient_boosting,baseline,2,test,367960,0.21837971518643332,0.8992351078439627,0.7380295836603774,0.10003211269486875
0.6000000000000002,0.1167980215240787,0.8550059789107511,0.8141564092421528,0.43544272291705555,0.5674115395842118,279618,7987,45365,34990,hist_gradient_boosting,baseline,2,test,367960,0.21837971518643332,0.8992351078439627,0.7380295836603774,0.10003211269486875
0.6500000000000001,0.10164691814327645,0.850388629198826,0.8382706807122614,0.3901810714952399,0.532503375595506,281556,6049,49002,31353,hist_gradient_boosting,baseline,2,test,367960,0.21837971518643332,0.8992351078439627,0.7380295836603774,0.10003211269486875
0.7000000000000002,0.08691705620176106,0.8440020654418958,0.8588581076855731,0.341833115549748,0.48902854802958956,283091,4514,52887,27468,hist_gradient_boosting,baseline,2,test,367960,0.21837971518643332,0.8992351078439627,0.7380295836603774,0.10003211269486875
0.7500000000000002,0.07182030655506033,0.8361724100445701,0.8797820410943353,0.28934104909464253,0.4354666516828679,284428,3177,57105,23250,hist_gradient_boosting,baseline,2,test,367960,0.21837971518643332,0.8992351078439627,0.7380295836603774,0.10003211269486875
0.8000000000000002,0.055978910751168606,0.8264023263398196,0.8999902903194484,0.23070126314479497,0.36726001208483156,285545,2060,61817,18538,hist_gradient_boosting,baseline,2,test,367960,0.21837971518643332,0.8992351078439627,0.7380295836603774,0.10003211269486875
0.8500000000000002,0.03884661376236547,0.8143357973692793,0.9210857702532531,0.16384792483355112,0.2782068484611565,286477,1128,67189,13166,hist_gradient_boosting,baseline,2,test,367960,0.21837971518643332,0.8992351078439627,0.7380295836603774,0.10003211269486875
0.9000000000000002,0.021051201217523643,0.8006223502554626,0.9513297185644204,0.09170555659262025,0.16728527485499597,287228,377,72986,7369,hist_gradient_boosting,baseline,2,test,367960,0.21837971518643332,0.8992351078439627,0.7380295836603774,0.10003211269486875
0.1,0.7404600686896792,0.647892031127728,0.5398494750709141,0.9723077736507475,0.6942397580099051,91329,125397,4190,147116,hist_gradient_boosting,baseline,3,validation,368032,0.41112185896878534,0.8760099604751229,0.8336746036692109,0.14105612204334572
0.15000000000000002,0.6744196156855926,0.6923637075036954,0.5767219428866113,0.9460761635361453,0.7166056758962139,111665,105061,8159,143147,hist_gradient_boosting,baseline,3,validation,368032,0.41112185896878534,0.8760099604751229,0.8336746036692109,0.14105612204334572
0.20000000000000004,0.6117864750891226,0.7282546082949308,0.613909405437095,0.9135526681030495,0.7343404265492226,129795,86931,13080,138226,hist_gradient_boosting,baseline,3,validation,368032,0.41112185896878534,0.8760099604751229,0.8336746036692109,0.14105612204334572
0.25000000000000006,0.5524410920789496,0.757276541170333,0.6524129925829742,0.8766737604589375,0.7480979747449397,146056,70670,18660,132646,hist_gradient_boosting,baseline,3,validation,368032,0.41112185896878534,0.8760099604751229,0.8336746036692109,0.14105612204334572
0.30000000000000004,0.502113946613338,0.7764216155116946,0.6867538989361126,0.8387506113438992,0.75518000595061,158840,57886,24398,126908,hist_gradient_boosting,baseline,3,validation,368032,0.41112185896878534,0.8760099604751229,0.8336746036692109,0.14105612204334572
0.3500000000000001,0.463562951047735,0.7859696982871055,0.7125833792480921,0.8034777206455792,0.7553057978577996,167691,49035,29735,121571,hist_gradient_boosting,baseline,3,validation,368032,0.41112185896878534,0.8760099604751229,0.8336746036692109,0.14105612204334572
0.40000000000000013,0.4309299191374663,0.7918604903921398,0.7355166586799162,0.7709542252124834,0.7528186329872024,174780,41946,34656,116650,hist_gradient_boosting,baseline,3,validation,368032,0.41112185896878534,0.8760099604751229,0.8336746036692109,0.14105612204334572
0.45000000000000007,0.40088633597078516,0.7947053517085471,0.756715173615112,0.7378755634277556,0.7471766300255985,180832,35894,39661,111645,hist_gradient_boosting,baseline,3,validation,368032,0.41112185896878534,0.8760099604751229,0.8336746036692109,0.14105612204334572
0.5000000000000001,0.3725138031475524,0.7958791626815059,0.7778434247284769,0.704796901643028,0.7395207400755194,186269,30457,44666,106640,hist_gradient_boosting,baseline,3,validation,368032,0.41112185896878534,0.8760099604751229,0.8336746036692109,0.14105612204334572
0.5500000000000002,0.3434348100165203,0.7936076210764281,0.7980616321848174,0.6666688697077445,0.7264719968599321,191202,25524,50435,100871,hist_gradient_boosting,baseline,3,validation,368032,0.41112185896878534,0.8760099604751229,0.8336746036692109,0.14105612204334572
0.6000000000000002,0.31318472306755935,0.7880401704199634,0.8179625548749805,0.62310813847435,0.70736172383782,195744,20982,57026,94280,hist_gradient_boosting,baseline,3,validation,368032,0.41112185896878534,0.8760099604751229,0.8336746036692109,0.14105612204334572
0.6500000000000001,0.2828585557777585,0.780119663507521,0.8380515076704355,0.5765931291554862,0.6831606024893602,199867,16859,64064,87242,hist_gradient_boosting,baseline,3,validation,368032,0.41112185896878534,0.8760099604751229,0.8336746036692109,0.14105612204334572
0.7000000000000002,0.25200526041213805,0.7689766107295017,0.8573307743730187,0.5255178248053614,0.6516152295412453,203494,13232,71792,79514,hist_gradient_boosting,baseline,3,validation,368032,0.41112185896878534,0.8760099604751229,0.8336746036692109,0.14105612204334572
0.7500000000000002,0.2203341013824885,0.755265846448135,0.8775804661487236,0.47032503668063397,0.6124287853491455,206799,9927,80143,71163,hist_gradient_boosting,baseline,3,validation,368032,0.41112185896878534,0.8760099604751229,0.8336746036692109,0.14105612204334572
0.8000000000000002,0.18858142770193898,0.7389466133379706,0.8978877298138436,0.4118607325552192,0.5646957546101219,209639,7087,88989,62317,hist_gradient_boosting,baseline,3,validation,368032,0.41112185896878534,0.8760099604751229,0.8336746036692109,0.14105612204334572
0.8500000000000002,0.15152758455786453,0.7159893704895226,0.9194326393745405,0.33887618468533964,0.4952263211524438,212233,4493,100032,51274,hist_gradient_boosting,baseline,3,validation,368032,0.41112185896878534,0.8760099604751229,0.8336746036692109,0.14105612204334572
0.9000000000000002,0.10463492305016955,0.6821444874358752,0.9456750370043366,0.2406844408020832,0.38371045491662936,214634,2092,114889,36417,hist_gradient_boosting,baseline,3,validation,368032,0.41112185896878534,0.8760099604751229,0.8336746036692109,0.14105612204334572
0.1,0.4980894662463311,0.7218637895423415,0.484976292715398,0.9178921062414804,0.6346367358887306,176732,94392,7951,88885,hist_gradient_boosting,baseline,3,test,367960,0.2631699097728014,0.892859390942495,0.7624649656621213,0.11340988368046848
0.15000000000000002,0.42567942167626915,0.7695863680834873,0.5384752893706946,0.8709880622908835,0.665509391681034,198834,72290,12493,84343,hist_gradient_boosting,baseline,3,test,367960,0.2631699097728014,0.892859390942495,0.7624649656621213,0.11340988368046848
0.20000000000000004,0.3688362865528862,0.8008778128057398,0.5868240529926244,0.8224420669998761,0.6849363370930498,215049,56075,17194,79642,hist_gradient_boosting,baseline,3,test,367960,0.2631699097728014,0.892859390942495,0.7624649656621213,0.11340988368046848
0.25000000000000006,0.32328785737580173,0.8203201434938581,0.629126491085014,0.7728427444338882,0.6936184213575046,227006,44118,21997,74839,hist_gradient_boosting,baseline,3,test,367960,0.2631699097728014,0.892859390942495,0.7624649656621213,0.11340988368046848
0.30000000000000004,0.2889988042178498,0.8302424176540928,0.6616136919315403,0.7265479780247015,0.6925621136354687,235140,35984,26480,70356,hist_gradient_boosting,baseline,3,test,367960,0.2631699097728014,0.892859390942495,0.7624649656621213,0.11340988368046848
0.3500000000000001,0.2615284270029351,0.8360256549624959,0.6896458558483665,0.6853442934445867,0.687488346074958,241258,29866,30470,66366,hist_gradient_boosting,baseline,3,test,367960,0.2631699097728014,0.892859390942495,0.7624649656621213,0.11340988368046848
0.40000000000000013,0.23745244048266115,0.8395341884987498,0.716262460943312,0.6462679168904126,0.6794673441579945,246333,24791,34254,62582,hist_gradient_boosting,baseline,3,test,367960,0.2631699097728014,0.892859390942495,0.7624649656621213,0.11340988368046848
0.45000000000000007,0.21478965104902706,0.8400641374062399,0.7403142951134954,0.6042174397951176,0.6653778359015182,250600,20524,38326,58510,hist_gradient_boosting,baseline,3,test,367960,0.2631699097728014,0.892859390942495,0.7624649656621213,0.11340988368046848
0.5000000000000001,0.19287422545928906,0.8389172736166974,0.7646470339580105,0.5604010905035317,0.6467825941861435,254421,16703,42569,54267,hist_gradient_boosting,baseline,3,test,367960,0.2631699097728014,0.892859390942495,0.7624649656621213,0.11340988368046848
0.5500000000000002,0.17134471138167193,0.8361234916838787,0.789747493972846,0.5141889379982651,0.622851567386355,257868,13256,47044,49792,hist_gradient_boosting,baseline,3,test,367960,0.2631699097728014,0.892859390942495,0.7624649656621213,0.11340988368046848
0.6000000000000002,0.15078541145776714,0.8318594412436134,0.8151145395887028,0.46702672559791814,0.5938195497606996,260866,10258,51611,45225,hist_gradient_boosting,baseline,3,test,367960,0.2631699097728014,0.892859390942495,0.7624649656621213,0.11340988368046848
0.6500000000000001,0.1310251114251549,0.825850635938689,0.8397079565253464,0.4180676607873105,0.5582152115161877,263396,7728,56352,40484,hist_gradient_boosting,baseline,3,test,367960,0.2631699097728014,0.892859390942495,0.7624649656621213,0.11340988368046848
0.7000000000000002,0.11218067181215349,0.8179910859876074,0.8617423324773487,0.36733239704242227,0.5150962248577262,265417,5707,61265,35571,hist_gradient_boosting,baseline,3,test,367960,0.2631699097728014,0.892859390942495,0.7624649656621213,0.11340988368046848
0.7500000000000002,0.09405913686270247,0.808935753886292,0.8832996243860156,0.31569870709240366,0.4651491867382804,267085,4039,66265,30571,hist_gradient_boosting,baseline,3,test,367960,0.2631699097728014,0.892859390942495,0.7624649656621213,0.11340988368046848
0.8000000000000002,0.07495651701271877,0.7974209153168823,0.9041731626844567,0.2575281919947127,0.4008776935627768,268481,2643,71898,24938,hist_gradient_boosting,baseline,3,test,367960,0.2631699097728014,0.892859390942495,0.7624649656621213,0.11340988368046848
0.8500000000000002,0.05436460484835308,0.7831666485487553,0.9261647670465907,0.1913234747407989,0.3171345429647381,269647,1477,78309,18527,hist_gradient_boosting,baseline,3,test,367960,0.2631699097728014,0.892859390942495,0.7624649656621213,0.11340988368046848
0.9000000000000002,0.032419284704859226,0.7654446135449505,0.9413194735518484,0.11595894088975174,0.20648186457040407,270424,700,85607,11229,hist_gradient_boosting,baseline,3,test,367960,0.2631699097728014,0.892859390942495,0.7624649656621213,0.11340988368046848
0.1,0.8287268498391445,0.6982055908181897,0.6430501183614319,0.9889023344930167,0.7793287875898023,60833,108869,2201,196129,hist_gradient_boosting,baseline,6,validation,368032,0.5388933570993827,0.8737054099584235,0.8853923803321672,0.14506054593865494
0.15000000000000002,0.7889803060603425,0.7231327710633858,0.6660536556806833,0.9751525235718247,0.7914958051974627,72734,96968,4928,193402,hist_gradient_boosting,baseline,6,validation,368032,0.5388933570993827,0.8737054099584235,0.8853923803321672,0.14506054593865494
0.20000000000000004,0.748956612468481,0.7425712981479872,0.6879045131330721,0.9560530429082842,0.8001097115851215,83676,86026,8716,189614,hist_gradient_boosting,baseline,6,validation,368032,0.5388933570993827,0.8737054099584235,0.8853923803321672,0.14506054593865494
0.25000000000000006,0.7091421398139293,0.7575238022780628,0.7089969998505673,0.9329854283265265,0.8057137009951733,93754,75948,13291,185039,hist_gradient_boosting,baseline,6,validation,368032,0.5388933570993827,0.8737054099584235,0.8853923803321672,0.14506054593865494
0.30000000000000004,0.6705232153725763,0.7693950526041213,0.7298864548129057,0.9081682045076388,0.8093254610158525,103045,66657,18213,180117,hist_gradient_boosting,baseline,6,validation,368032,0.5388933570993827,0.8737054099584235,0.8853923803321672,0.14506054593865494
0.3500000000000001,0.6309858925310843,0.7775764063994435,0.750774040469721,0.8790752785761106,0.8098747424823425,111826,57876,23983,174347,hist_gradient_boosting,baseline,6,validation,368032,0.5388933570993827,0.8737054099584235,0.8853923803321672,0.14506054593865494
0.40000000000000013,0.5931060342578907,0.7832090687766281,0.7715386518356988,0.8491554479907225,0.8084884736877478,119833,49869,29917,168413,hist_gradient_boosting,baseline,6,validation,368032,0.5388933570993827,0.8737054099584235,0.8853923803321672,0.14506054593865494
0.45000000000000007,0.5570086296843753,0.785434418746196,0.7911335287833481,0.817728029042505,0.8042109752136604,126885,42817,36150,162180,hist_gradient_boosting,baseline,6,validation,368032,0.5388933570993827,0.8737054099584235,0.8853923803321672,0.14506054593865494
0.5000000000000001,0.5223920746022085,0.7845540605164768,0.8095830060804028,0.7847930217314577,0.7969952917019768,133093,36609,42682,155648,hist_gradient_boosting,baseline,6,validation,368032,0.5388933570993827,0.8737054099584235,0.8853923803321672,0.14506054593865494
0.5500000000000002,0.4893867924528302,0.7803669246152508,0.8261839986674809,0.7502848787374577,0.7864073565162245,138396,31306,49526,148804,hist_gradient_boosting,baseline,6,validation,368032,0.5388933570993827,0.8737054099584235,0.8853923803321672,0.14506054593865494
0.6000000000000002,0.45705808190592123,0.7747206764629163,0.8430789717737142,0.7150506731205567,0.7738049118518479,143306,26396,56514,141816,hist_gradient_boosting,baseline,6,validation,368032,0.5388933570993827,0.8737054099584235,0.8853923803321672,0.14506054593865494
0.6500000000000001,0.42367783236240325,0.7654198547952352,0.85913279932276,0.6754500075631523,0.7562983935391537,147737,21965,64368,133962,hist_gradient_boosting,baseline,6,validation,368032,0.5388933570993827,0.8737054099584235,0.8853923803321672,0.14506054593865494
0.7000000000000002,0.38659410051299886,0.752127532388488,0.8763907533789245,0.628709726213886,0.7321709056425403,152115,17587,73638,124692,hist_gradient_boosting,baseline,6,validation,368032,0.5388933570993827,0.8737054099584235,0.8853923803321672,0.14506054593865494
0.7500000000000002,0.34507325449960874,0.7327351969393966,0.8935810012756107,0.5721928099631927,0.6976528303742684,156187,13515,84847,113483,hist_gradient_boosting,baseline,6,validation,368032,0.5388933570993827,0.8737054099584235,0.8853923803321672,0.14506054593865494
0.8000000000000002,0.2987973871837232,0.7074901095556908,0.9122918693789955,0.5058337114909495,0.6508139878104555,160057,9645,98008,100322,hist_gradient_boosting,baseline,6,validation,368032,0.5388933570993827,0.8737054099584235,0.8853923803321672,0.14506054593865494
0.8500000000000002,0.24674213111903312,0.673922376315103,0.9312513076897664,0.42639035950184034,0.5849504909403436,163459,6243,113764,84566,hist_gradient_boosting,baseline,6,validation,368032,0.5388933570993827,0.8737054099584235,0.8853923803321672,0.14506054593865494
0.9000000000000002,0.18278301886792453,0.6253151899834797,0.949189832020217,0.32194826803811827,0.4808132530120482,166284,3418,134478,63852,hist_gradient_boosting,baseline,6,validation,368032,0.5388933570993827,0.8737054099584235,0.8853923803321672,0.14506054593865494
0.1,0.6168415045113599,0.707731818675943,0.5584981473567341,0.9453086548643529,0.7021555317375253,133653,100209,7334,126764,hist_gradient_boosting,baseline,6,test,367960,0.3644363517773671,0.8871041329999292,0.8183044794276565,0.13277794672478846
0.15000000000000002,0.5568621589303185,0.7450673986302859,0.5983221329116704,0.9142418231442676,0.7232899017996997,151557,82305,11500,122598,hist_gradient_boosting,baseline,6,test,367960,0.3644363517773671,0.8871041329999292,0.8183044794276565,0.13277794672478846
0.20000000000000004,0.507979128166105,0.7687466028916187,0.6310909713454171,0.8796626347894824,0.7349274486470995,164907,68955,16137,117961,hist_gradient_boosting,baseline,6,test,367960,0.3644363517773671,0.8871041329999292,0.8183044794276565,0.13277794672478846
0.25000000000000006,0.4638547668224807,0.7859984780954452,0.6621572533395829,0.8427940759742875,0.7416348949071128,176199,57663,21081,113017,hist_gradient_boosting,baseline,6,test,367960,0.3644363517773671,0.8871041329999292,0.8183044794276565,0.13277794672478846
0.30000000000000004,0.4242091531688227,0.7984617893249266,0.6920021525766855,0.8055004548911989,0.7444501878079879,185786,48076,26082,108016,hist_gradient_boosting,baseline,6,test,367960,0.3644363517773671,0.8871041329999292,0.8183044794276565,0.13277794672478846
0.3500000000000001,0.38903413414501575,0.8052152407870421,0.7180420401120511,0.766506584736536,0.7414832261485246,193500,40362,31311,102787,hist_gradient_boosting,baseline,6,test,367960,0.3644363517773671,0.8871041329999292,0.8183044794276565,0.13277794672478846
0.40000000000000013,0.3577508424828786,0.8092618762909012,0.7427642474057643,0.7291383913257469,0.7358882499924737,200000,33862,36322,97776,hist_gradient_boosting,baseline,6,test,367960,0.3644363517773671,0.8871041329999292,0.8183044794276565,0.13277794672478846
0.45000000000000007,0.3291634960321774,0.8105582128492227,0.7658170889786078,0.6916956255872571,0.7268716425629954,205498,28364,41343,92755,hist_gradient_boosting,baseline,6,test,367960,0.3644363517773671,0.8871041329999292,0.8183044794276565,0.13277794672478846
0.5000000000000001,0.3015001630612023,0.8090281552342646,0.7876690102758248,0.651642828379245,0.7132281523682041,210306,23556,46714,87384,hist_gradient_boosting,baseline,6,test,367960,0.3644363517773671,0.8871041329999292,0.8183044794276565,0.13277794672478846
0.5500000000000002,0.274149364061311,0.8047776932275247,0.8086165192910107,0.6082864770540948,0.6942895809749163,214556,19306,52528,81570,hist_gradient_boosting,baseline,6,test,367960,0.3644363517773671,0.8871041329999292,0.8183044794276565,0.13277794672478846
0.6000000000000002,0.24684476573540604,0.798584085226655,0.8302084136123925,0.5623275514921923,0.6705019850884953,218440,15422,58691,75407,hist_gradient_boosting,baseline,6,test,367960,0.3644363517773671,0.8871041329999292,0.8183044794276565,0.13277794672478846
0.6500000000000001,0.21961082726383302,0.7885911512120882,0.8484060984060984,0.5112529642500261,0.6380277888937489,221612,12250,65540,68558,hist_gradient_boosting,baseline,6,test,367960,0.3644363517773671,0.8871041329999292,0.8183044794276565,0.13277794672478846
0.7000000000000002,0.1905044026524622,0.7764267855201652,0.8697109760620845,0.45463019582693254,0.5971223726223824,224729,9133,73133,60965,hist_gradient_boosting,baseline,6,test,367960,0.3644363517773671,0.8871041329999292,0.8183044794276565,0.13277794672478846
0.7500000000000002,0.1596668116099576,0.7606125665833243,0.891593334581539,0.3906247669614759,0.5432436776960212,227493,6369,81716,52382,hist_gradient_boosting,baseline,6,test,367960,0.3644363517773671,0.8871041329999292,0.8183044794276565,0.13277794672478846
0.8000000000000002,0.12742961191433852,0.7408930318512882,0.9132845656763846,0.3193410789124372,0.47321630835363865,229796,4066,91275,42823,hist_gradient_boosting,baseline,6,test,367960,0.3644363517773671,0.8871041329999292,0.8183044794276565,0.13277794672478846
0.8500000000000002,0.09677410588107403,0.7194504837482335,0.9334157095116403,0.24786350281137676,0.39171041854490385,231491,2371,100860,33238,hist_gradient_boosting,baseline,6,test,367960,0.3644363517773671,0.8871041329999292,0.8183044794276565,0.13277794672478846
0.9000000000000002,0.06270518534623329,0.692056201761061,0.9504615784683396,0.1635371146474966,0.27905911395868194,232719,1143,112168,21930,hist_gradient_boosting,baseline,6,test,367960,0.3644363517773671,0.8871041329999292,0.8183044794276565,0.13277794672478846
0.1,0.4932288496652465,0.7404220285192592,0.509260483462242,0.934759087921533,0.6593205167980771,180056,89081,6452,92443,hist_gradient_boosting,neighbor_grid,1,validation,368032,0.268713046691592,0.9135290334341191,0.8112927515741274,0.10081470337632566
0.15000000000000002,0.4415594296148161,0.7777068298408834,0.5525635661013611,0.9079933262551191,0.687031135832412,196425,72712,9099,89796,hist_gradient_boosting,neighbor_grid,1,validation,368032,0.268713046691592,0.9135290334341191,0.8112927515741274,0.10081470337632566
0.20000000000000004,0.40059288322754544,0.8033214503086689,0.5899098561360908,0.8794276758177866,0.70614551448081,208677,60460,11924,86971,hist_gradient_boosting,neighbor_grid,1,validation,368032,0.268713046691592,0.9135290334341191,0.8112927515741274,0.10081470337632566
0.25000000000000006,0.36330808190592123,0.8237816276845492,0.6272950960668316,0.8481217452854037,0.7211827827552406,219303,49834,15020,83875,hist_gradient_boosting,neighbor_grid,1,validation,368032,0.268713046691592,0.9135290334341191,0.8112927515741274,0.10081470337632566
0.30000000000000004,0.3314630249543518,0.8378456221198156,0.6607399027781193,0.8150361494514384,0.7298219880118071,227751,41386,18292,80603,hist_gradient_boosting,neighbor_grid,1,validation,368032,0.268713046691592,0.9135290334341191,0.8112927515741274,0.10081470337632566
0.3500000000000001,0.30505771237283713,0.8471763324928268,0.6899466469524632,0.7832650791243237,0.7336503035526553,234327,34810,21434,77461,hist_gradient_boosting,neighbor_grid,1,validation,368032,0.268713046691592,0.9135290334341191,0.8112927515741274,0.10081470337632566
0.40000000000000013,0.28160866446395966,0.8533062342405008,0.7166468868497988,0.7510389807371455,0.7334399810404076,239770,29367,24621,74274,hist_gradient_boosting,neighbor_grid,1,validation,368032,0.268713046691592,0.9135290334341191,0.8112927515741274,0.10081470337632566
0.45000000000000007,0.2599393530997305,0.8572107860186071,0.7422177158028975,0.7179837201071844,0.7298996201705378,244476,24661,27890,71005,hist_gradient_boosting,neighbor_grid,1,validation,368032,0.268713046691592,0.9135290334341191,0.8112927515741274,0.10081470337632566
0.5000000000000001,0.2397889313972698,0.8588682505869055,0.7660283286118981,0.6835734870317003,0.7224558497421786,248489,20648,31293,67602,hist_gradient_boosting,neighbor_grid,1,validation,368032,0.268713046691592,0.9135290334341191,0.8112927515741274,0.10081470337632566
0.5500000000000002,0.22039387879314842,0.858275910790366,0.7880954729263241,0.6463825269224935,0.7102390462593121,251949,17188,34971,63924,hist_gradient_boosting,neighbor_grid,1,validation,368032,0.268713046691592,0.9135290334341191,0.8112927515741274,0.10081470337632566
0.6000000000000002,0.2011564211807669,0.8558196026432484,0.80954181975362,0.606016482127509,0.693147975735426,255037,14100,38963,59932,hist_gradient_boosting,neighbor_grid,1,validation,368032,0.268713046691592,0.9135290334341191,0.8112927515741274,0.10081470337632566
0.6500000000000001,0.1814706329884358,0.8518661420746022,0.8322278287690719,0.562030436321351,0.670947960550935,257932,11205,43313,55582,hist_gradient_boosting,neighbor_grid,1,validation,368032,0.268713046691592,0.9135290334341191,0.8112927515741274,0.10081470337632566
0.7000000000000002,0.1616598556647248,0.845804169202678,0.8541918784456098,0.5138884675666111,0.6417157540516822,260462,8675,48074,50821,hist_gradient_boosting,neighbor_grid,1,validation,368032,0.268713046691592,0.9135290334341191,0.8112927515741274,0.10081470337632566
0.7500000000000002,0.14129206155986435,0.837527714981306,0.8759615384615385,0.4605895141311492,0.6037310712747275,262687,6450,53345,45550,hist_gradient_boosting,neighbor_grid,1,validation,368032,0.268713046691592,0.9135290334341191,0.8112927515741274,0.10081470337632566
0.8000000000000002,0.12067428919224416,0.8270068907051561,0.8966045213005494,0.40264927448303756,0.5557300062104433,264545,4592,59075,39820,hist_gradient_boosting,neighbor_grid,1,validation,368032,0.268713046691592,0.9135290334341191,0.8112927515741274,0.10081470337632566
0.8500000000000002,0.0975105425615164,0.8129619163550995,0.9188006799119458,0.333414227210678,0.48927898384057217,266223,2914,65922,32973,hist_gradient_boosting,neighbor_grid,1,validation,368032,0.268713046691592,0.9135290334341191,0.8112927515741274,0.10081470337632566
0.9000000000000002,0.06891792018085384,0.792710959916529,0.9456316038479735,0.2425299560139542,0.3860484954812126,267758,1379,74910,23985,hist_gradient_boosting,neighbor_grid,1,validation,368032,0.268713046691592,0.9135290334341191,0.8112927515741274,0.10081470337632566
0.1,0.3009647787803022,0.8261794760300033,0.480987511626017,0.8915110129209346,0.6248540978702688,250735,57477,6482,53266,hist_gradient_boosting,neighbor_grid,1,test,367960,0.162376345254919,0.9317023565691889,0.7586563377894684,0.07062779304782534
0.15000000000000002,0.25999021632786173,0.8549190129361888,0.5332615558296574,0.8538361116690099,0.6565045620085707,263561,44651,8733,51015,hist_gradient_boosting,neighbor_grid,1,test,367960,0.162376345254919,0.9317023565691889,0.7586563377894684,0.07062779304782534
0.20000000000000004,0.2275600608761822,0.8742010001087075,0.5803685524225813,0.8133494008167638,0.6773858559669922,273075,35137,11152,48596,hist_gradient_boosting,neighbor_grid,1,test,367960,0.162376345254919,0.9317023565691889,0.7586563377894684,0.07062779304782534
0.25000000000000006,0.20100554408087837,0.8870475051636048,0.6229415105053947,0.7711387828881301,0.6891631142023783,280324,27888,13674,46074,hist_gradient_boosting,neighbor_grid,1,test,367960,0.162376345254919,0.9317023565691889,0.7586563377894684,0.07062779304782534
0.30000000000000004,0.1792694858136754,0.8951842591586042,0.6605421138802984,0.7292629041976301,0.6932035127911417,285820,22392,16176,43572,hist_gradient_boosting,neighbor_grid,1,test,367960,0.162376345254919,0.9317023565691889,0.7586563377894684,0.07062779304782534
0.3500000000000001,0.16173225350581585,0.8997581258832482,0.6920905378837526,0.6893452500502109,0.6907151661509823,289888,18324,18561,41187,hist_gradient_boosting,neighbor_grid,1,test,367960,0.162376345254919,0.9317023565691889,0.7586563377894684,0.07062779304782534
0.40000000000000013,0.14662463311229482,0.902304598325905,0.7205664294187426,0.6506661310838856,0.683834652594547,293136,15076,20872,38876,hist_gradient_boosting,neighbor_grid,1,test,367960,0.162376345254919,0.9317023565691889,0.7586563377894684,0.07062779304782534
0.45000000000000007,0.13286498532449179,0.9030410914229807,0.7461801223179039,0.610564370355493,0.6715943923341035,295803,12409,23268,36480,hist_gradient_boosting,neighbor_grid,1,test,367960,0.162376345254919,0.9317023565691889,0.7586563377894684,0.07062779304782534
0.5000000000000001,0.12016523535166866,0.902695945211436,0.7707617152162113,0.5703956617794738,0.655611557846947,298076,10136,25668,34080,hist_gradient_boosting,neighbor_grid,1,test,367960,0.162376345254919,0.9317023565691889,0.7586563377894684,0.07062779304782534
0.5500000000000002,0.10813947168170453,0.9013072073051419,0.7944510065090096,0.5290888397938006,0.6351681250565105,300033,8179,28136,31612,hist_gradient_boosting,neighbor_grid,1,test,367960,0.162376345254919,0.9317023565691889,0.7586563377894684,0.07062779304782534
0.6000000000000002,0.09623872160017394,0.898298728122622,0.8152321247034904,0.4831793532837919,0.6067465321563682,301669,6543,30879,28869,hist_gradient_boosting,neighbor_grid,1,test,367960,0.162376345254919,0.9317023565691889,0.7586563377894684,0.07062779304782534
0.6500000000000001,0.08437330144580933,0.8943472116534406,0.8361463634606713,0.43447479413536855,0.5718219265590238,303125,5087,33789,25959,hist_gradient_boosting,neighbor_grid,1,test,367960,0.162376345254919,0.9317023565691889,0.7586563377894684,0.07062779304782534
0.7000000000000002,0.07299162952494836,0.889786933362322,0.8573237024350286,0.38538528486309165,0.5317414497840797,304380,3832,36722,23026,hist_gradient_boosting,neighbor_grid,1,test,367960,0.162376345254919,0.9317023565691889,0.7586563377894684,0.07062779304782534
0.7500000000000002,0.061773018806392,0.8843841721926297,0.8784865816102068,0.3342036553524804,0.4842018477654647,305450,2762,39780,19968,hist_gradient_boosting,neighbor_grid,1,test,367960,0.162376345254919,0.9317023565691889,0.7586563377894684,0.07062779304782534
0.8000000000000002,0.050375040765300576,0.8780573975432112,0.9013271471730686,0.27962442257481424,0.4268305145368147,306383,1829,43041,16707,hist_gradient_boosting,neighbor_grid,1,test,367960,0.162376345254919,0.9317023565691889,0.7586563377894684,0.07062779304782534
0.8500000000000002,0.0376453962387216,0.8697304054788564,0.9264366156511695,0.21478543214835644,0.34872282608695654,307193,1019,46915,12833,hist_gradient_boosting,neighbor_grid,1,test,367960,0.162376345254919,0.9317023565691889,0.7586563377894684,0.07062779304782534
0.9000000000000002,0.023217197521469723,0.8586123491683879,0.9520074915135198,0.13612171118698535,0.23818658388367428,307802,410,51615,8133,hist_gradient_boosting,neighbor_grid,1,test,367960,0.162376345254919,0.9317023565691889,0.7586563377894684,0.07062779304782534
0.1,0.6344584166594209,0.6830438657508042,0.5256380058329515,0.95423835550407,0.6778727728623345,128645,110764,5886,122737,hist_gradient_boosting,neighbor_grid,2,validation,368032,0.3494886314233545,0.8938995759307747,0.8284968972313695,0.12430967247585596
0.15000000000000002,0.5565331275541258,0.7379168115816016,0.5785267207624181,0.9212582508571562,0.710731904811888,153082,86327,10128,118495,hist_gradient_boosting,neighbor_grid,2,validation,368032,0.3494886314233545,0.8938995759307747,0.8284968972313695,0.12430967247585596
0.20000000000000004,0.5058609033997044,0.7675039127032431,0.615637068747885,0.891092572867994,0.7281858727556894,167851,71558,14008,114615,hist_gradient_boosting,neighbor_grid,2,validation,368032,0.3494886314233545,0.8938995759307747,0.8284968972313695,0.12430967247585596
0.25000000000000006,0.46681266846361186,0.7856843970089558,0.6447829478120162,0.8612378812498542,0.7374552716984272,178382,61027,17848,110775,hist_gradient_boosting,neighbor_grid,2,validation,368032,0.3494886314233545,0.8938995759307747,0.8284968972313695,0.12430967247585596
0.30000000000000004,0.4328264933484045,0.7986289235718633,0.671105000816101,0.8311344005348965,0.742595956473567,187018,52391,21720,106903,hist_gradient_boosting,neighbor_grid,2,validation,368032,0.3494886314233545,0.8938995759307747,0.8284968972313695,0.12430967247585596
0.3500000000000001,0.4002641074689157,0.8094703721415529,0.6985676464598466,0.8000590874104943,0.745876716449283,195005,44404,25717,102906,hist_gradient_boosting,neighbor_grid,2,validation,368032,0.3494886314233545,0.8938995759307747,0.8284968972313695,0.12430967247585596
0.40000000000000013,0.368780432136336,0.8161790279106165,0.7246155773155618,0.7646144157732288,0.7440778373797977,202033,37376,30276,98347,hist_gradient_boosting,neighbor_grid,2,validation,368032,0.3494886314233545,0.8938995759307747,0.8284968972313695,0.12430967247585596
0.45000000000000007,0.3391199678288844,0.8201025997739327,0.7500460711338306,0.7277936294441896,0.7387523181943731,208213,31196,35012,93611,hist_gradient_boosting,neighbor_grid,2,validation,368032,0.3494886314233545,0.8938995759307747,0.8284968972313695,0.12430967247585596
0.5000000000000001,0.3105844057038518,0.8212709764368316,0.7749004855430646,0.6886404453324833,0.729228413357044,213679,25730,40048,88575,hist_gradient_boosting,neighbor_grid,2,validation,368032,0.3494886314233545,0.8938995759307747,0.8284968972313695,0.12430967247585596
0.5500000000000002,0.284325819493957,0.8199830449526129,0.798023719192286,0.6492306974646836,0.7159784621716168,218274,21135,45117,83506,hist_gradient_boosting,neighbor_grid,2,validation,368032,0.3494886314233545,0.8938995759307747,0.8284968972313695,0.12430967247585596
0.6000000000000002,0.2595589513955308,0.8161491392052865,0.8190754349601156,0.6083126656974258,0.6981338306215955,222126,17283,50380,78243,hist_gradient_boosting,neighbor_grid,2,validation,368032,0.3494886314233545,0.8938995759307747,0.8284968972313695,0.12430967247585596
0.6500000000000001,0.23525128249717417,0.8108017781062516,0.8406791406791406,0.5658863500307099,0.6764403841953877,225615,13794,55837,72786,hist_gradient_boosting,neighbor_grid,2,validation,368032,0.3494886314233545,0.8938995759307747,0.8284968972313695,0.12430967247585596
0.7000000000000002,0.21046539431353795,0.8032426528127989,0.8628417981357639,0.5196115780225932,0.6486187469975399,228785,10624,61789,66834,hist_gradient_boosting,neighbor_grid,2,validation,368032,0.3494886314233545,0.8938995759307747,0.8284968972313695,0.12430967247585596
0.7500000000000002,0.1853126902008521,0.7928114946526389,0.8839459831967273,0.4687031090862443,0.6125878957850669,231494,7915,68337,60286,hist_gradient_boosting,neighbor_grid,2,validation,368032,0.3494886314233545,0.8938995759307747,0.8284968972313695,0.12430967247585596
0.8000000000000002,0.15806777671506825,0.7784132901486828,0.9045793653522192,0.4091258950576491,0.5634244661316831,233858,5551,76000,52623,hist_gradient_boosting,neighbor_grid,2,validation,368032,0.3494886314233545,0.8938995759307747,0.8284968972313695,0.12430967247585596
0.8500000000000002,0.12849969567863664,0.7600453221459004,0.9262031633257211,0.3405456255879586,0.49799050677884205,235919,3490,84821,43802,hist_gradient_boosting,neighbor_grid,2,validation,368032,0.3494886314233545,0.8938995759307747,0.8284968972313695,0.12430967247585596
0.9000000000000002,0.09317124597861055,0.7345312364142248,0.9508894721493146,0.25350054033881964,0.40028726989251934,237725,1684,96017,32606,hist_gradient_boosting,neighbor_grid,2,validation,368032,0.3494886314233545,0.8938995759307747,0.8284968972313695,0.12430967247585596
0.1,0.4021361017501902,0.7736465920208718,0.4900858282084206,0.9024702880965715,0.6352173436986751,212153,75452,7837,72518,hist_gradient_boosting,neighbor_grid,2,test,367960,0.21837971518643332,0.9114074876816463,0.7646376529255784,0.09410506664418006
0.15000000000000002,0.3433307968257419,0.813188933579737,0.5459740999905012,0.8583660008711343,0.6674246566063662,230247,57358,11381,68974,hist_gradient_boosting,neighbor_grid,2,test,367960,0.21837971518643332,0.9114074876816463,0.7646376529255784,0.09410506664418006
0.20000000000000004,0.3045602782911186,0.8331584954886401,0.5846108543179912,0.8153195196316346,0.6809547814427739,241054,46551,14840,65515,hist_gradient_boosting,neighbor_grid,2,test,367960,0.21837971518643332,0.9114074876816463,0.7646376529255784,0.09410506664418006
0.25000000000000006,0.27164637460593544,0.8477932383954778,0.6217998099144615,0.7734677369174289,0.6893904941489657,249802,37803,18203,62152,hist_gradient_boosting,neighbor_grid,2,test,367960,0.21837971518643332,0.9114074876816463,0.7646376529255784,0.09410506664418006
0.30000000000000004,0.24300195673442765,0.8580660941406675,0.6572946373650953,0.7314043930060358,0.6923720327501914,256962,30643,21583,58772,hist_gradient_boosting,neighbor_grid,2,test,367960,0.21837971518643332,0.9114074876816463,0.7646376529255784,0.09410506664418006
0.3500000000000001,0.21834166757256224,0.863794977714969,0.6881791364309631,0.6880592371352124,0.6881191815602131,262553,25052,25066,55289,hist_gradient_boosting,neighbor_grid,2,test,367960,0.21837971518643332,0.9114074876816463,0.7646376529255784,0.09410506664418006
0.40000000000000013,0.19561093597130122,0.8675073377541037,0.7195354071439488,0.6445149648435069,0.6799621878528477,267418,20187,28565,51790,hist_gradient_boosting,neighbor_grid,2,test,367960,0.21837971518643332,0.9114074876816463,0.7646376529255784,0.09410506664418006
0.45000000000000007,0.1752907924774432,0.8687873681921948,0.7486356589147287,0.6009209134465808,0.6666942804873839,271392,16213,32068,48287,hist_gradient_boosting,neighbor_grid,2,test,367960,0.21837971518643332,0.9114074876816463,0.7646376529255784,0.09410506664418006
0.5000000000000001,0.15643004674421132,0.8680372866615936,0.7762161223071578,0.5560201605376144,0.6479208207954175,274724,12881,35676,44679,hist_gradient_boosting,neighbor_grid,2,test,367960,0.21837971518643332,0.9114074876816463,0.7646376529255784,0.09410506664418006
0.5500000000000002,0.13951244700510926,0.8663930862050223,0.8038180578552644,0.513521249455541,0.6266838788062875,277534,10071,39091,41264,hist_gradient_boosting,neighbor_grid,2,test,367960,0.21837971518643332,0.9114074876816463,0.7646376529255784,0.09410506664418006
0.6000000000000002,0.12404880965322318,0.8623654745080988,0.8254573337714974,0.4688942816252878,0.5980634920634921,279638,7967,42677,37678,hist_gradient_boosting,neighbor_grid,2,test,367960,0.21837971518643332,0.9114074876816463,0.7646376529255784,0.09410506664418006
0.6500000000000001,0.10947113816719209,0.8574192847048592,0.8462054070157146,0.42419264513720367,0.5651049437978712,281410,6195,46269,34086,hist_gradient_boosting,neighbor_grid,2,test,367960,0.21837971518643332,0.9114074876816463,0.7646376529255784,0.09410506664418006
0.7000000000000002,0.09551309924991847,0.8517991085987607,0.8673780054061744,0.37936656088606807,0.5278614718614718,282944,4661,49871,30484,hist_gradient_boosting,neighbor_grid,2,test,367960,0.21837971518643332,0.9114074876816463,0.7646376529255784,0.09410506664418006
0.7500000000000002,0.08127785628872704,0.8444559191216436,0.8865482997291604,0.3299607989546388,0.4809272460140393,284212,3393,53841,26514,hist_gradient_boosting,neighbor_grid,2,test,367960,0.21837971518643332,0.9114074876816463,0.7646376529255784,0.09410506664418006
0.8000000000000002,0.06641211001195782,0.8355364713555822,0.9059213487743994,0.2755024578433203,0.4225131689441942,285306,2299,58217,22138,hist_gradient_boosting,neighbor_grid,2,test,367960,0.21837971518643332,0.9114074876816463,0.7646376529255784,0.09410506664418006
0.8500000000000002,0.05077182302424176,0.8249836938797696,0.9270420725832352,0.2155310808288221,0.3497480739521593,286242,1363,63036,17319,hist_gradient_boosting,neighbor_grid,2,test,367960,0.21837971518643332,0.9114074876816463,0.7646376529255784,0.09410506664418006
0.9000000000000002,0.032987281226220244,0.8114006957277965,0.9513923216345361,0.14371227677182502,0.2497053831100732,287015,590,68807,11548,hist_gradient_boosting,neighbor_grid,2,test,367960,0.21837971518643332,0.9114074876816463,0.7646376529255784,0.09410506664418006
0.1,0.717665855143031,0.6683331884183984,0.5553565749420727,0.9694460232905503,0.7061743253977806,99285,117441,4623,146683,hist_gradient_boosting,neighbor_grid,3,validation,368032,0.41112185896878534,0.8863249530809552,0.8485077462951058,0.13502777564261656
0.15000000000000002,0.648981610294757,0.7141933310146944,0.5965475662142133,0.9416877057089607,0.730397383583834,120363,96363,8823,142483,hist_gradient_boosting,neighbor_grid,3,validation,368032,0.41112185896878534,0.8863249530809552,0.8485077462951058,0.13502777564261656
0.20000000000000004,0.5892286540300843,0.7492256108164508,0.6360655737704918,0.9116228041188056,0.7493134797004571,137805,78921,13372,137934,hist_gradient_boosting,neighbor_grid,3,validation,368032,0.41112185896878534,0.8863249530809552,0.8485077462951058,0.13502777564261656
0.25000000000000006,0.5421648117554996,0.7716611598991392,0.668567762887528,0.8816702576236236,0.7604720100330635,150594,66132,17904,133402,hist_gradient_boosting,neighbor_grid,3,validation,368032,0.41112185896878534,0.8863249530809552,0.8485077462951058,0.13502777564261656
0.30000000000000004,0.5042197417615859,0.785472458916616,0.6949490486018678,0.8523191413427095,0.7656311688311689,160118,56608,22345,128961,hist_gradient_boosting,neighbor_grid,3,validation,368032,0.41112185896878534,0.8863249530809552,0.8485077462951058,0.13502777564261656
0.3500000000000001,0.47169267889748717,0.7940559516563777,0.7174909849191811,0.8231993443749752,0.7667187846256125,167683,49043,26751,124555,hist_gradient_boosting,neighbor_grid,3,validation,368032,0.41112185896878534,0.8863249530809552,0.8485077462951058,0.13502777564261656
0.40000000000000013,0.4405703851838971,0.8001695504738718,0.7397930234852971,0.7927841592534335,0.7653724676981974,174535,42191,31353,119953,hist_gradient_boosting,neighbor_grid,3,validation,368032,0.41112185896878534,0.8863249530809552,0.8485077462951058,0.13502777564261656
0.45000000000000007,0.41053767063733587,0.8035252369359186,0.7614219245355448,0.7603399732991422,0.7608805642913125,180679,36047,36262,115044,hist_gradient_boosting,neighbor_grid,3,validation,368032,0.41112185896878534,0.8863249530809552,0.8485077462951058,0.13502777564261656
0.5000000000000001,0.3807658029736545,0.8038268411442483,0.7822584098077554,0.7244986980027229,0.7522714795498215,186213,30513,41685,109621,hist_gradient_boosting,neighbor_grid,3,validation,368032,0.41112185896878534,0.8863249530809552,0.8485077462951058,0.13502777564261656
0.5500000000000002,0.34911366402921484,0.8016503999652204,0.804732069891427,0.6833569058728669,0.7390945384233232,191637,25089,47910,103396,hist_gradient_boosting,neighbor_grid,3,validation,368032,0.41112185896878534,0.8863249530809552,0.8485077462951058,0.13502777564261656
0.6000000000000002,0.3174832623250152,0.7961970698200157,0.8265037143541817,0.6382562489260175,0.7202834234570203,196454,20272,54734,96572,hist_gradient_boosting,neighbor_grid,3,validation,368032,0.41112185896878534,0.8863249530809552,0.8485077462951058,0.13502777564261656
0.6500000000000001,0.2870946004695244,0.7878825754282236,0.8465833806549309,0.591186073255522,0.696201053835916,200516,16210,61856,89450,hist_gradient_boosting,neighbor_grid,3,validation,368032,0.41112185896878534,0.8863249530809552,0.8485077462951058,0.13502777564261656
0.7000000000000002,0.2572004608294931,0.778144291800713,0.867935092649327,0.5429857375120617,0.6680408515067245,204225,12501,69149,82157,hist_gradient_boosting,neighbor_grid,3,validation,368032,0.41112185896878534,0.8863249530809552,0.8485077462951058,0.13502777564261656
0.7500000000000002,0.22694222241544212,0.7650856447265455,0.8882210675031729,0.4903044162161448,0.6318326605004514,207390,9336,77120,74186,hist_gradient_boosting,neighbor_grid,3,validation,368032,0.41112185896878534,0.8863249530809552,0.8485077462951058,0.13502777564261656
0.8000000000000002,0.1956215763846622,0.7484050299973916,0.9077435933050906,0.4319260306927683,0.5853354888692841,210084,6642,85953,65353,hist_gradient_boosting,neighbor_grid,3,validation,368032,0.41112185896878534,0.8863249530809552,0.8485077462951058,0.13502777564261656
0.8500000000000002,0.16030671245978612,0.7264042257195027,0.9289467439574223,0.3622196079468098,0.5212073950091296,212534,4192,96500,54806,hist_gradient_boosting,neighbor_grid,3,validation,368032,0.41112185896878534,0.8863249530809552,0.8485077462951058,0.13502777564261656
0.9000000000000002,0.11900595600382576,0.6966133379706112,0.9526462395543176,0.2757590578033918,0.4277103493521404,214652,2074,109582,41724,hist_gradient_boosting,neighbor_grid,3,validation,368032,0.41112185896878534,0.8863249530809552,0.8485077462951058,0.13502777564261656
0.1,0.4759539080334819,0.7439504293944994,0.5074800721741315,0.9177991655995704,0.6535768913989881,184868,86256,7960,88876,hist_gradient_boosting,neighbor_grid,3,test,367960,0.2631699097728014,0.9024452849882258,0.781507876424439,0.1084729306524749
0.15000000000000002,0.4109604304815741,0.7867730188063919,0.5607636707513044,0.8756764013383452,0.683700660745889,204704,66420,12039,84797,hist_gradient_boosting,neighbor_grid,3,test,367960,0.2631699097728014,0.9024452849882258,0.781507876424439,0.1084729306524749
0.20000000000000004,0.3633519947820415,0.8120583759104251,0.6035198468200959,0.8332644884134,0.7000238575487453,218115,53009,16146,80690,hist_gradient_boosting,neighbor_grid,3,test,367960,0.2631699097728014,0.9024452849882258,0.781507876424439,0.1084729306524749
0.25000000000000006,0.32692955756060443,0.8271524078704207,0.6381372769063235,0.7927423685406254,0.7070873612025809,227593,43531,20070,76766,hist_gradient_boosting,neighbor_grid,3,test,367960,0.2631699097728014,0.9024452849882258,0.781507876424439,0.1084729306524749
0.30000000000000004,0.2960457658441135,0.8364632025220132,0.6682731587305959,0.7517555454583006,0.7075604196939286,234988,36136,24039,72797,hist_gradient_boosting,neighbor_grid,3,test,367960,0.2631699097728014,0.9024452849882258,0.781507876424439,0.1084729306524749
0.3500000000000001,0.268156864876617,0.8427356234373301,0.6974693678993829,0.7106861084720558,0.7040157129923736,241273,29851,28016,68820,hist_gradient_boosting,neighbor_grid,3,test,367960,0.2631699097728014,0.9024452849882258,0.781507876424439,0.1084729306524749
0.40000000000000013,0.24294488531362105,0.8455103815632133,0.7236727297134036,0.6680573340493206,0.6947537990656715,246422,24702,32144,64692,hist_gradient_boosting,neighbor_grid,3,test,367960,0.2631699097728014,0.9024452849882258,0.781507876424439,0.1084729306524749
0.45000000000000007,0.21938525926731167,0.846350146755082,0.7496066893775163,0.624891569251105,0.6815911151660556,250911,20213,36324,60512,hist_gradient_boosting,neighbor_grid,3,test,367960,0.2631699097728014,0.9024452849882258,0.781507876424439,0.1084729306524749
0.5000000000000001,0.19724698336775737,0.8453228611805631,0.7750175670648535,0.5808790119377091,0.6640498184930496,254795,16329,40586,56250,hist_gradient_boosting,neighbor_grid,3,test,367960,0.2631699097728014,0.9024452849882258,0.781507876424439,0.1084729306524749
0.5500000000000002,0.17627187737797587,0.8424964670072834,0.7997255669816993,0.5356582262794828,0.6415827133465679,258134,12990,44965,51871,hist_gradient_boosting,neighbor_grid,3,test,367960,0.2631699097728014,0.9024452849882258,0.781507876424439,0.1084729306524749
0.6000000000000002,0.15611751277312752,0.8378981411022938,0.823692227347898,0.4886302614730059,0.6133872609070462,260996,10128,49519,47317,hist_gradient_boosting,neighbor_grid,3,test,367960,0.2631699097728014,0.9024452849882258,0.781507876424439,0.1084729306524749
0.6500000000000001,0.13696053918904227,0.8319599956517013,0.847289467418049,0.44095171217315876,0.5800369484894589,263428,7696,54136,42700,hist_gradient_boosting,neighbor_grid,3,test,367960,0.2631699097728014,0.9024452849882258,0.781507876424439,0.1084729306524749
0.7000000000000002,0.11877377975866941,0.82482335036417,0.8704237598389164,0.3928394398777314,0.5413547744414402,265461,5663,58795,38041,hist_gradient_boosting,neighbor_grid,3,test,367960,0.2631699097728014,0.9024452849882258,0.781507876424439,0.1084729306524749
0.7500000000000002,0.10138330253288401,0.8165371236003913,0.8930974400214449,0.34405592961295384,0.49674596133918786,267136,3988,63519,33317,hist_gradient_boosting,neighbor_grid,3,test,367960,0.2631699097728014,0.9024452849882258,0.781507876424439,0.1084729306524749
0.8000000000000002,0.0834574410261985,0.8055359278182411,0.9116220000651275,0.2890970300301541,0.43898231996550235,268410,2714,68841,27995,hist_gradient_boosting,neighbor_grid,3,test,367960,0.2631699097728014,0.9024452849882258,0.781507876424439,0.1084729306524749
0.8500000000000002,0.06503424285248396,0.792765517991086,0.9300459674049311,0.22983188070552274,0.36858056075385454,269450,1674,74580,22256,hist_gradient_boosting,neighbor_grid,3,test,367960,0.2631699097728014,0.9024452849882258,0.781507876424439,0.1084729306524749
0.9000000000000002,0.04335797369279269,0.7759756495271225,0.9514228406669174,0.15674955595026643,0.2691550669385584,270349,775,81657,15179,hist_gradient_boosting,neighbor_grid,3,test,367960,0.2631699097728014,0.9024452849882258,0.781507876424439,0.1084729306524749
0.1,0.8217546300321711,0.705232153725763,0.648539175748598,0.9889527555084959,0.7833621560741431,63409,106293,2191,196139,hist_gradient_boosting,neighbor_grid,6,validation,368032,0.5388933570993827,0.8811421088294421,0.8931798943499385,0.14068631286686434
0.15000000000000002,0.7807337405443004,0.7311456612468481,0.6729392520925053,0.974935713205264,0.7962649151163869,75726,93976,4971,193359,hist_gradient_boosting,neighbor_grid,6,validation,368032,0.5388933570993827,0.8811421088294421,0.8931798943499385,0.14068631286686434
0.20000000000000004,0.7398867489783497,0.7508531866794191,0.6958046580634737,0.955321938183835,0.8051683693416513,86869,82833,8861,189469,hist_gradient_boosting,neighbor_grid,6,validation,368032,0.5388933570993827,0.8811421088294421,0.8931798943499385,0.14068631286686434
0.25000000000000006,0.7012433701417268,0.7654388748804452,0.716994730316181,0.9330005546311703,0.8108586577857628,96664,73038,13288,185042,hist_gradient_boosting,neighbor_grid,6,validation,368032,0.5388933570993827,0.8811421088294421,0.8931798943499385,0.14068631286686434
0.30000000000000004,0.6650481479871315,0.7768101686809843,0.7373538868846498,0.909968234760248,0.8146173793526809,105417,64285,17856,180474,hist_gradient_boosting,neighbor_grid,6,validation,368032,0.5388933570993827,0.8811421088294421,0.8931798943499385,0.14068631286686434
0.3500000000000001,0.6287877141118163,0.7849263107555865,0.7574952250079944,0.8838551908435436,0.8158112736885216,113583,56119,23035,175295,hist_gradient_boosting,neighbor_grid,6,validation,368032,0.5388933570993827,0.8811421088294421,0.8931798943499385,0.14068631286686434
0.40000000000000013,0.5935027388922702,0.7895074341361621,0.7766632483014998,0.8553673170977664,0.8141175454340409,120919,48783,28685,169645,hist_gradient_boosting,neighbor_grid,6,validation,368032,0.5388933570993827,0.8811421088294421,0.8931798943499385,0.14068631286686434
0.45000000000000007,0.5600409746978524,0.7919447221980698,0.7953695303061913,0.8265819593606615,0.8106754227418944,127525,42177,34394,163936,hist_gradient_boosting,neighbor_grid,6,validation,368032,0.5388933570993827,0.8811421088294421,0.8931798943499385,0.14068631286686434
0.5000000000000001,0.5278345361272933,0.7920832971045996,0.8135231133532379,0.796828518126355,0.8050892788914644,133477,36225,40295,158035,hist_gradient_boosting,neighbor_grid,6,validation,368032,0.5388933570993827,0.8811421088294421,0.8931798943499385,0.14068631286686434
0.5500000000000002,0.49525041300756456,0.7887683679680028,0.8308040906796585,0.7635203953007613,0.7957424894508116,138863,30839,46901,151429,hist_gradient_boosting,neighbor_grid,6,validation,368032,0.5388933570993827,0.8811421088294421,0.8931798943499385,0.14068631286686434
0.6000000000000002,0.46236740283453615,0.7825841231197287,0.8476428898839956,0.7272727272727273,0.7828578871955191,143776,25926,54090,144240,hist_gradient_boosting,neighbor_grid,6,validation,368032,0.5388933570993827,0.8811421088294421,0.8931798943499385,0.14068631286686434
0.6500000000000001,0.42694113555343016,0.7727697591513781,0.8649954177485871,0.6852972318862501,0.76473169825971,148489,21213,62415,135915,hist_gradient_boosting,neighbor_grid,6,validation,368032,0.5388933570993827,0.8811421088294421,0.8931798943499385,0.14068631286686434
0.7000000000000002,0.38890911659855665,0.7585400182592819,0.8823944498396574,0.6368073412998537,0.7397506596653791,152869,16833,72032,126298,hist_gradient_boosting,neighbor_grid,6,validation,368032,0.5388933570993827,0.8811421088294421,0.8931798943499385,0.14068631286686434
0.7500000000000002,0.34659757847143724,0.7388134727415008,0.9006185373043062,0.57924671002874,0.705037604828638,157025,12677,83448,114882,hist_gradient_boosting,neighbor_grid,6,validation,368032,0.5388933570993827,0.8811421088294421,0.8931798943499385,0.14068631286686434
0.8000000000000002,0.3015824710894705,0.7132858012346752,0.9180931959060112,0.5137951898351233,0.6588668119306095,160611,9091,96429,101901,hist_gradient_boosting,neighbor_grid,6,validation,368032,0.5388933570993827,0.8811421088294421,0.8931798943499385,0.14068631286686434
0.8500000000000002,0.25168463611859837,0.6806636379445266,0.9361748067538973,0.4372308778298795,0.596072285347026,163790,5912,111614,86716,hist_gradient_boosting,neighbor_grid,6,validation,368032,0.5388933570993827,0.8811421088294421,0.8931798943499385,0.14068631286686434
0.9000000000000002,0.19201591165985565,0.6357381966785497,0.9547319861889398,0.34018554933696366,0.5016319823939211,166503,3199,130861,67469,hist_gradient_boosting,neighbor_grid,6,validation,368032,0.5388933570993827,0.8811421088294421,0.8931798943499385,0.14068631286686434
0.1,0.6059028155234265,0.7175616914882053,0.5676660028347418,0.9437873793792599,0.7089282613444766,137474,96388,7538,126560,hist_gradient_boosting,neighbor_grid,6,test,367960,0.3644363517773671,0.8924282834424551,0.82730071794431,0.12953730207892442
0.15000000000000002,0.5465403848244375,0.7538890096749646,0.6082494219437607,0.9121836268997301,0.7298383367690623,155079,78783,11776,122322,hist_gradient_boosting,neighbor_grid,6,test,367960,0.3644363517773671,0.8924282834424551,0.82730071794431,0.12953730207892442
0.20000000000000004,0.5001467550820742,0.7769377106207196,0.6413325798493756,0.8801548121523065,0.7420001760275609,167855,66007,16071,118027,hist_gradient_boosting,neighbor_grid,6,test,367960,0.3644363517773671,0.8924282834424551,0.82730071794431,0.12953730207892442
0.25000000000000006,0.4601913251440374,0.7928144363517774,0.6708537075095079,0.8471192709809244,0.748752595326764,178127,55735,20501,113597,hist_gradient_boosting,neighbor_grid,6,test,367960,0.3644363517773671,0.8924282834424551,0.82730071794431,0.12953730207892442
0.30000000000000004,0.4241384933144907,0.8037123600391347,0.6982238283803006,0.8126071977210697,0.7510855929750072,186765,47097,25129,108969,hist_gradient_boosting,neighbor_grid,6,test,367960,0.3644363517773671,0.8924282834424551,0.82730071794431,0.12953730207892442
0.3500000000000001,0.3921757799760844,0.8103353625394064,0.7228231869997574,0.7778415785470327,0.7493238219415739,193864,39998,29791,104307,hist_gradient_boosting,neighbor_grid,6,test,367960,0.3644363517773671,0.8924282834424551,0.82730071794431,0.12953730207892442
0.40000000000000013,0.36230296771388193,0.813971627350799,0.7462137976041346,0.7418455159659354,0.744023245117067,200029,33833,34618,99480,hist_gradient_boosting,neighbor_grid,6,test,367960,0.3644363517773671,0.8924282834424551,0.82730071794431,0.12953730207892442
0.45000000000000007,0.33340852266550713,0.8152706815958256,0.7694997595389669,0.703985145192322,0.7352859852246484,205584,28278,39695,94403,hist_gradient_boosting,neighbor_grid,6,test,367960,0.3644363517773671,0.8924282834424551,0.82730071794431,0.12953730207892442
0.5000000000000001,0.3044787476899663,0.8141211001195782,0.7932182512763755,0.6627168190427896,0.7221188458319452,210695,23167,45229,88869,hist_gradient_boosting,neighbor_grid,6,test,367960,0.3644363517773671,0.8924282834424551,0.82730071794431,0.12953730207892442
0.5500000000000002,0.27654092836177846,0.8099358625937602,0.8152737922088132,0.6186445733717132,0.7034775751100257,215065,18797,51139,82959,hist_gradient_boosting,neighbor_grid,6,test,367960,0.3644363517773671,0.8924282834424551,0.82730071794431,0.12953730207892442
0.6000000000000002,0.24876073486248504,0.8032829655397326,0.8371097078681146,0.5714030037733597,0.679194440504893,218952,14910,57474,76624,hist_gradient_boosting,neighbor_grid,6,test,367960,0.3644363517773671,0.8924282834424551,0.82730071794431,0.12953730207892442
0.6500000000000001,0.22101315360365256,0.7934666811609957,0.8572254193104126,0.5198660680994497,0.6472226606381892,222251,11611,64385,69713,hist_gradient_boosting,neighbor_grid,6,test,367960,0.3644363517773671,0.8924282834424551,0.82730071794431,0.12953730207892442
0.7000000000000002,0.19230079356451787,0.7808647679095554,0.8777964640540425,0.4631836418141956,0.6063937283080393,225215,8647,71986,62112,hist_gradient_boosting,neighbor_grid,6,test,367960,0.3644363517773671,0.8924282834424551,0.82730071794431,0.12953730207892442
0.7500000000000002,0.1628546581150125,0.7654908142189368,0.8989052800213604,0.4016913003922504,0.5552566203832555,227804,6058,80232,53866,hist_gradient_boosting,neighbor_grid,6,test,367960,0.3644363517773671,0.8924282834424551,0.82730071794431,0.12953730207892442
0.8000000000000002,0.13274812479617348,0.7462713338406348,0.9169839905007575,0.3340169130039225,0.4896689697393738,229807,4055,89307,44791,hist_gradient_boosting,neighbor_grid,6,test,367960,0.3644363517773671,0.8924282834424551,0.82730071794431,0.12953730207892442
0.8500000000000002,0.10288074790738123,0.725214697249701,0.9357037193575655,0.26415009918119586,0.41199390534677877,231428,2434,98676,35422,hist_gradient_boosting,neighbor_grid,6,test,367960,0.3644363517773671,0.8924282834424551,0.82730071794431,0.12953730207892442
0.9000000000000002,0.07077399717360583,0.6996630068485705,0.9528454035788342,0.18504377395636026,0.309903834145123,232634,1228,109284,24814,hist_gradient_boosting,neighbor_grid,6,test,367960,0.3644363517773671,0.8924282834424551,0.82730071794431,0.12953730207892442
0.1,0.7257765629075733,0.5356164681332058,0.3651992257842304,0.9863794934020931,0.5330433547174348,99576,169561,1347,97548,lightgbm,baseline,1,validation,368032,0.268713046691592,0.8980399382177697,0.7818856376872233,0.13490652826443236
0.15000000000000002,0.6630129988696635,0.5911143596209025,0.3942912175730503,0.9728601041508671,0.561152505796066,121338,147799,2684,96211,lightgbm,baseline,1,validation,368032,0.268713046691592,0.8980399382177697,0.7818856376872233,0.13490652826443236
0.20000000000000004,0.6032844970002609,0.6419577645422138,0.4259642927919001,0.9563274179685525,0.5893999495206015,141685,127452,4319,94576,lightgbm,baseline,1,validation,368032,0.268713046691592,0.8980399382177697,0.7818856376872233,0.13490652826443236
0.25000000000000006,0.5467758238414051,0.6877554125728198,0.46019251506974573,0.9363971889377622,0.6171074815244264,160511,108626,6290,92605,lightgbm,baseline,1,validation,368032,0.268713046691592,0.8980399382177697,0.7818856376872233,0.13490652826443236
0.30000000000000004,0.4973236022954526,0.7252358490566038,0.4939163311133087,0.914121037463977,0.6413172250874343,176508,92629,8493,90402,lightgbm,baseline,1,validation,368032,0.268713046691592,0.8980399382177697,0.7818856376872233,0.13490652826443236
0.3500000000000001,0.4554413746630728,0.7556734197026346,0.5267723440939761,0.8928257242529956,0.66260431050009,189816,79321,10599,88296,lightgbm,baseline,1,validation,368032,0.268713046691592,0.8980399382177697,0.7818856376872233,0.13490652826443236
0.40000000000000013,0.42037377184592645,0.7785627336753326,0.5562306494043733,0.8701653268618231,0.6786511360141322,200481,68656,12840,86055,lightgbm,baseline,1,validation,368032,0.268713046691592,0.8980399382177697,0.7818856376872233,0.13490652826443236
0.45000000000000007,0.3897351317276759,0.7971480740805147,0.5844947188622024,0.8477374993680166,0.6919242355465687,209539,59598,15058,83837,lightgbm,baseline,1,validation,368032,0.268713046691592,0.8980399382177697,0.7818856376872233,0.13490652826443236
0.5000000000000001,0.36266683331884186,0.8119457003738806,0.611202265626756,0.8249052024874868,0.7021534806858087,217243,51894,17316,81579,lightgbm,baseline,1,validation,368032,0.268713046691592,0.8980399382177697,0.7818856376872233,0.13490652826443236
0.5500000000000002,0.3375739066168159,0.8240995348230589,0.6374700172250036,0.8008291622427828,0.7098725872013553,224097,45040,19697,79198,lightgbm,baseline,1,validation,368032,0.268713046691592,0.8980399382177697,0.7818856376872233,0.13490652826443236
0.6000000000000002,0.3134645900356491,0.8340850795582992,0.6639708750487583,0.7745487638404368,0.7150098011761411,230371,38766,22296,76599,lightgbm,baseline,1,validation,368032,0.268713046691592,0.8980399382177697,0.7818856376872233,0.13490652826443236
0.6500000000000001,0.29005629945222156,0.841674093557082,0.6902857142857143,0.7451135042216492,0.7166524836490068,236075,33062,25207,73688,lightgbm,baseline,1,validation,368032,0.268713046691592,0.8980399382177697,0.7818856376872233,0.13490652826443236
0.7000000000000002,0.2659632858012347,0.8465839926962873,0.7167536753062329,0.7094190808433186,0.7130675177103132,241412,27725,28737,70158,lightgbm,baseline,1,validation,368032,0.268713046691592,0.8980399382177697,0.7818856376872233,0.13490652826443236
0.7500000000000002,0.24044648291452916,0.8484017694113556,0.7435361388600099,0.6653218059558117,0.7022578940908387,246442,22695,33098,65797,lightgbm,baseline,1,validation,368032,0.268713046691592,0.8980399382177697,0.7818856376872233,0.13490652826443236
0.8000000000000002,0.2139460699069646,0.8480566907225459,0.7728952615603449,0.6153698366954851,0.6851954017811905,251255,17882,38038,60857,lightgbm,baseline,1,validation,368032,0.268713046691592,0.8980399382177697,0.7818856376872233,0.13490652826443236
0.8500000000000002,0.18424484827406312,0.8436141422485002,0.8048312883435583,0.551837807775924,0.654745265532114,255903,13234,44321,54574,lightgbm,baseline,1,validation,368032,0.268713046691592,0.8980399382177697,0.7818856376872233,0.13490652826443236
0.9000000000000002,0.14453634466568124,0.8309630684288323,0.844813324811069,0.4544112442489509,0.5909566109317571,260882,8255,53956,44939,lightgbm,baseline,1,validation,368032,0.268713046691592,0.8980399382177697,0.7818856376872233,0.13490652826443236
0.1,0.48134579845635395,0.667159473855854,0.3229296054563111,0.9572872732141662,0.48294379897325046,188292,119920,2552,57196,lightgbm,baseline,1,test,367960,0.162376345254919,0.9170137763839937,0.722313047490563,0.08764263016476945
0.15000000000000002,0.4125964778780302,0.7274024350472877,0.36642976175577496,0.9310939278302203,0.525894870182968,212024,96188,4117,55631,lightgbm,baseline,1,test,367960,0.162376345254919,0.9170137763839937,0.722313047490563,0.08764263016476945
0.20000000000000004,0.3570741384933145,0.7731139254266768,0.4096689981657521,0.9008837115886724,0.5632190523027986,230649,77563,5922,53826,lightgbm,baseline,1,test,367960,0.162376345254919,0.9170137763839937,0.722313047490563,0.08764263016476945
0.25000000000000006,0.315566909446679,0.8053755843026416,0.44890454373212996,0.8724141393854188,0.5927876086066506,244221,63991,7623,52125,lightgbm,baseline,1,test,367960,0.162376345254919,0.9170137763839937,0.722313047490563,0.08764263016476945
0.30000000000000004,0.2838487879117295,0.8281525165778889,0.48331657810330797,0.8448818370489388,0.6148861400912341,254247,53965,9268,50480,lightgbm,baseline,1,test,367960,0.162376345254919,0.9170137763839937,0.722313047490563,0.08764263016476945
0.3500000000000001,0.25801717577997607,0.8447059462985107,0.5137244575521382,0.8163118430742452,0.6305983657426562,262045,46167,10975,48773,lightgbm,baseline,1,test,367960,0.162376345254919,0.9170137763839937,0.722313047490563,0.08764263016476945
0.40000000000000013,0.2350880530492445,0.8583134036308294,0.544004254187716,0.787607953404298,0.6435238049654362,268767,39445,12690,47058,lightgbm,baseline,1,test,367960,0.162376345254919,0.9170137763839937,0.722313047490563,0.08764263016476945
0.45000000000000007,0.21449885857158388,0.8692819871725187,0.5737960393781596,0.7579835308294839,0.653153055705787,274573,33639,14460,45288,lightgbm,baseline,1,test,367960,0.162376345254919,0.9170137763839937,0.722313047490563,0.08764263016476945
0.5000000000000001,0.19551309924991847,0.8782014349385803,0.6037725358279702,0.7269866773783222,0.659675447455748,279707,28505,16312,43436,lightgbm,baseline,1,test,367960,0.162376345254919,0.9170137763839937,0.722313047490563,0.08764263016476945
0.5500000000000002,0.17803293836286552,0.8852891618654202,0.6338671022302279,0.6949856062127603,0.6630208291752158,284227,23985,18224,41524,lightgbm,baseline,1,test,367960,0.162376345254919,0.9170137763839937,0.722313047490563,0.08764263016476945
0.6000000000000002,0.16182737254049354,0.8906620284813567,0.6638733080307662,0.6616288411327576,0.6627491743088504,288197,20015,20217,39531,lightgbm,baseline,1,test,367960,0.162376345254919,0.9170137763839937,0.722313047490563,0.08764263016476945
0.6500000000000001,0.1467333405804979,0.8945754973366671,0.6940657875240777,0.6272009104907277,0.6589414454017936,291694,16518,22274,37474,lightgbm,baseline,1,test,367960,0.162376345254919,0.9170137763839937,0.722313047490563,0.08764263016476945
0.7000000000000002,0.13161484944015653,0.8965349494510273,0.7238018542608767,0.5866807257146682,0.6480675189735341,294836,13376,24695,35053,lightgbm,baseline,1,test,367960,0.162376345254919,0.9170137763839937,0.722313047490563,0.08764263016476945
0.7500000000000002,0.11530601152299164,0.896597456245244,0.7557273498632978,0.5366539465756176,0.627622925148763,297848,10364,27684,32064,lightgbm,baseline,1,test,367960,0.162376345254919,0.9170137763839937,0.722313047490563,0.08764263016476945
0.8000000000000002,0.09663550385911512,0.8937710620719643,0.7905112773496822,0.4704592622347192,0.5898684238138208,300763,7449,31639,28109,lightgbm,baseline,1,test,367960,0.162376345254919,0.9170137763839937,0.722313047490563,0.08764263016476945
0.8500000000000002,0.07715784324383085,0.8877187737797587,0.8246275228065232,0.3918457521590681,0.5312517727680142,303233,4979,36336,23412,lightgbm,baseline,1,test,367960,0.162376345254919,0.9170137763839937,0.722313047490563,0.08764263016476945
0.9000000000000002,0.05389172736166975,0.8771007718230243,0.8662632375189108,0.287507531632858,0.4317273618336726,305560,2652,42570,17178,lightgbm,baseline,1,test,367960,0.162376345254919,0.9170137763839937,0.722313047490563,0.08764263016476945
0.1,0.77083514477002,0.5700618424484828,0.44781664622195905,0.987708263685344,0.6162375853413046,82759,156650,1581,127042,lightgbm,baseline,2,validation,368032,0.3494886314233545,0.8822190765061451,0.8098523675045486,0.14564014450099816
0.15000000000000002,0.7199373967481089,0.6121234023128423,0.4733393719806763,0.9750666677032879,0.6373039485953408,99865,139544,3207,125416,lightgbm,baseline,2,validation,368032,0.3494886314233545,0.8822190765061451,0.8098523675045486,0.14564014450099816
0.20000000000000004,0.674984783931832,0.6467779975654291,0.4972344776503929,0.9603336883761069,0.6552160386591308,114514,124895,5102,123521,lightgbm,baseline,2,validation,368032,0.3494886314233545,0.8822190765061451,0.8098523675045486,0.14564014450099816
0.25000000000000006,0.6307929745239544,0.6789110729501783,0.5225111134084566,0.9430817194436454,0.6724523595038459,128559,110850,7321,121302,lightgbm,baseline,2,validation,368032,0.3494886314233545,0.8822190765061451,0.8098523675045486,0.14564014450099816
0.30000000000000004,0.5843513607512391,0.7105278888792279,0.551353110759788,0.9218724489399253,0.6900195819985278,142923,96486,10049,118574,lightgbm,baseline,2,validation,368032,0.3494886314233545,0.8822190765061451,0.8098523675045486,0.14564014450099816
0.3500000000000001,0.5398416442048517,0.7376043387531519,0.5806652942686444,0.8969313419839375,0.7049513904589645,156096,83313,13257,115366,lightgbm,baseline,2,validation,368032,0.3494886314233545,0.8822190765061451,0.8098523675045486,0.14564014450099816
0.40000000000000013,0.4991712677158508,0.7596622032866708,0.6093320487069365,0.870303133965154,0.7168031658416951,167639,71770,16682,111941,lightgbm,baseline,2,validation,368032,0.3494886314233545,0.8822190765061451,0.8098523675045486,0.14564014450099816
0.45000000000000007,0.46309288322754544,0.7766607251543344,0.6362030827363245,0.8430063052486725,0.7251484671767161,177406,62003,20193,108430,lightgbm,baseline,2,validation,368032,0.3494886314233545,0.8822190765061451,0.8098523675045486,0.14564014450099816
0.5000000000000001,0.43063918354925657,0.7893715763846622,0.6612257002063234,0.814760968100573,0.7300078018334308,185717,53692,23826,104797,lightgbm,baseline,2,validation,368032,0.3494886314233545,0.8822190765061451,0.8098523675045486,0.14564014450099816
0.5500000000000002,0.4000902095469959,0.7993788583601426,0.6860424052266275,0.7853727560389666,0.7323548495844042,193180,46229,27606,101017,lightgbm,baseline,2,validation,368032,0.3494886314233545,0.8822190765061451,0.8098523675045486,0.14564014450099816
0.6000000000000002,0.37075580384314405,0.8065032388487957,0.7103700989373397,0.7535977235797641,0.7313457047681204,199889,39520,31693,96930,lightgbm,baseline,2,validation,368032,0.3494886314233545,0.8822190765061451,0.8098523675045486,0.14564014450099816
0.6500000000000001,0.3413697721937223,0.8112011998956612,0.735360369323835,0.7182774464909075,0.7267185299970895,206161,33248,36236,92387,lightgbm,baseline,2,validation,368032,0.3494886314233545,0.8822190765061451,0.8098523675045486,0.14564014450099816
0.7000000000000002,0.31037246761151205,0.81249456568994,0.7609496879021598,0.6757811588907117,0.7158410541486514,212103,27306,41702,86921,lightgbm,baseline,2,validation,368032,0.3494886314233545,0.8822190765061451,0.8098523675045486,0.14564014450099816
0.7500000000000002,0.276052082427615,0.8106387488044517,0.7900311035867554,0.624025252093327,0.6972838905563833,218077,21332,48359,80264,lightgbm,baseline,2,validation,368032,0.3494886314233545,0.8822190765061451,0.8098523675045486,0.14564014450099816
0.8000000000000002,0.24023726197721937,0.804136596817668,0.8197364700559859,0.5634839803145627,0.6678738285461532,223471,15938,56146,72477,lightgbm,baseline,2,validation,368032,0.3494886314233545,0.8822190765061451,0.8098523675045486,0.14564014450099816
0.8500000000000002,0.2034469828710547,0.7930777758455786,0.8503772954924875,0.4950281053932811,0.6257751918937778,228206,11203,64951,63672,lightgbm,baseline,2,validation,368032,0.3494886314233545,0.8822190765061451,0.8098523675045486,0.14564014450099816
0.9000000000000002,0.15940733414485697,0.7738022780627771,0.8867165527468593,0.40444555017376366,0.5555128410486412,232763,6646,76602,52021,lightgbm,baseline,2,validation,368032,0.3494886314233545,0.8822190765061451,0.8098523675045486,0.14564014450099816
0.1,0.542762800304381,0.6555495162517665,0.38386200335478055,0.9540538858814013,0.547455993144571,164553,123052,3692,76663,lightgbm,baseline,2,test,367960,0.21837971518643332,0.8996866157127492,0.7399049517205882,0.10520465538079869
0.15000000000000002,0.481772475269051,0.7059408631372975,0.42145730032210205,0.9297865720863667,0.5800068315555763,185045,102560,5642,74713,lightgbm,baseline,2,test,367960,0.21837971518643332,0.8996866157127492,0.7399049517205882,0.10520465538079869
0.20000000000000004,0.4308729209696706,0.7447467115990869,0.4572106166111616,0.9020969448074171,0.6068505937655662,201549,86056,7867,72488,lightgbm,baseline,2,test,367960,0.21837971518643332,0.8996866157127492,0.7399049517205882,0.10520465538079869
0.25000000000000006,0.3861669746711599,0.7760816393086205,0.4928286908666094,0.8714827950967582,0.6296094835220657,215539,72066,10327,70028,lightgbm,baseline,2,test,367960,0.21837971518643332,0.8996866157127492,0.7399049517205882,0.10520465538079869
0.30000000000000004,0.34793455810414176,0.8005353842809001,0.5271819786605846,0.8399352871632132,0.6477845868865204,227072,60533,12862,67493,lightgbm,baseline,2,test,367960,0.21837971518643332,0.8996866157127492,0.7399049517205882,0.10520465538079869
0.3500000000000001,0.3151157734536363,0.8185645178823785,0.5586200948684777,0.8060730508369112,0.659911871832098,236427,51178,15583,64772,lightgbm,baseline,2,test,367960,0.21837971518643332,0.8996866157127492,0.7399049517205882,0.10520465538079869
0.40000000000000013,0.2867512773127514,0.8317969344493966,0.5874915887141868,0.771426793603385,0.6670109970516711,244080,43525,18367,61988,lightgbm,baseline,2,test,367960,0.21837971518643332,0.8996866157127492,0.7399049517205882,0.10520465538079869
0.45000000000000007,0.2616099576040874,0.8418768344385259,0.6151648625625896,0.7369423184618257,0.670569650713125,250560,37045,21138,59217,lightgbm,baseline,2,test,367960,0.21837971518643332,0.8996866157127492,0.7399049517205882,0.10520465538079869
0.5000000000000001,0.2384009131427329,0.8493667789977172,0.6420852237751077,0.7009520253873437,0.6702285262112008,256208,31397,24030,56325,lightgbm,baseline,2,test,367960,0.21837971518643332,0.8996866157127492,0.7399049517205882,0.10520465538079869
0.5500000000000002,0.2158903141645831,0.8554136319165127,0.6709047193444027,0.6632567979590567,0.6670588382542524,261462,26143,27059,53296,lightgbm,baseline,2,test,367960,0.21837971518643332,0.8996866157127492,0.7399049517205882,0.10520465538079869
0.6000000000000002,0.1936705076638765,0.8594466789868463,0.7009247435555618,0.6216165764420385,0.6588927436056405,266292,21313,30405,49950,lightgbm,baseline,2,test,367960,0.21837971518643332,0.8996866157127492,0.7399049517205882,0.10520465538079869
0.6500000000000001,0.17229590172844875,0.8609441243613436,0.7301965361683334,0.5761060294941198,0.6440630804226695,270500,17105,34062,46293,lightgbm,baseline,2,test,367960,0.21837971518643332,0.8996866157127492,0.7399049517205882,0.10520465538079869
0.7000000000000002,0.15111425154908142,0.8608897706272421,0.7622832889720164,0.5274842884699148,0.623511499790378,274387,13218,37969,42386,lightgbm,baseline,2,test,367960,0.21837971518643332,0.8996866157127492,0.7399049517205882,0.10520465538079869
0.7500000000000002,0.12924774432003477,0.8585525600608762,0.7976155431262879,0.4720676995831,0.5931062519055921,277980,9625,42422,37933,lightgbm,baseline,2,test,367960,0.21837971518643332,0.8996866157127492,0.7399049517205882,0.10520465538079869
0.8000000000000002,0.1075850635938689,0.8529840200021741,0.8316619092126203,0.409719370294319,0.5489820079705191,280941,6664,47432,32923,lightgbm,baseline,2,test,367960,0.21837971518643332,0.8996866157127492,0.7399049517205882,0.10520465538079869
0.8500000000000002,0.08537612783998261,0.8436188716164801,0.8630908801527932,0.33742766473772634,0.48517491276728997,283304,4301,53241,27114,lightgbm,baseline,2,test,367960,0.21837971518643332,0.8996866157127492,0.7399049517205882,0.10520465538079869
0.9000000000000002,0.05969670616371345,0.8290330470703338,0.8971137212054994,0.2452367618692054,0.38517997283060174,285345,2260,60649,19706,lightgbm,baseline,2,test,367960,0.21837971518643332,0.8996866157127492,0.7399049517205882,0.10520465538079869
0.1,0.7927951917224589,0.6085992522389357,0.5124377086375071,0.9881696694116558,0.6748939243477475,74468,142258,1790,149516,lightgbm,baseline,3,validation,368032,0.41112185896878534,0.8771653050566997,0.8353773564012102,0.14778380806345323
0.15000000000000002,0.7486441396400313,0.642778345361273,0.5359985482261138,0.9760419282777947,0.6919881639337349,88882,127844,3625,147681,lightgbm,baseline,3,validation,368032,0.41112185896878534,0.8771653050566997,0.8353773564012102,0.14778380806345323
0.20000000000000004,0.7086639205286497,0.6710911007738457,0.5580056055917887,0.9618521406950153,0.706275159724059,101449,115277,5772,145534,lightgbm,baseline,3,validation,368032,0.41112185896878534,0.8771653050566997,0.8353773564012102,0.14778380806345323
0.25000000000000006,0.6704335492565864,0.695936766368142,0.5798428311468301,0.9455738701703832,0.7188648576675619,113056,103670,8235,143071,lightgbm,baseline,3,validation,368032,0.41112185896878534,0.8771653050566997,0.8353773564012102,0.14778380806345323
0.30000000000000004,0.6308337318494044,0.7194564603077993,0.6034966209668041,0.9260174745218299,0.7307528822107423,124671,92055,11194,140112,lightgbm,baseline,3,validation,368032,0.41112185896878534,0.8771653050566997,0.8353773564012102,0.14778380806345323
0.3500000000000001,0.5903725762977132,0.7408540561690288,0.6287118687751984,0.9028326702179689,0.7412407551101248,136054,80672,14702,136604,lightgbm,baseline,3,validation,368032,0.41112185896878534,0.8771653050566997,0.8353773564012102,0.14778380806345323
0.40000000000000013,0.5501967220241718,0.7589611772889314,0.6545656575633365,0.8759930207658652,0.7492622867415121,146779,69947,18763,132543,lightgbm,baseline,3,validation,368032,0.41112185896878534,0.8771653050566997,0.8353773564012102,0.14778380806345323
0.45000000000000007,0.5121157942787584,0.773968024519607,0.6807109696246186,0.8479306835155248,0.7551746566170563,156548,60178,23009,128297,lightgbm,baseline,3,validation,368032,0.41112185896878534,0.8771653050566997,0.8353773564012102,0.14778380806345323
0.5000000000000001,0.47683897052430224,0.7839263977045474,0.7045221434595309,0.8171387783696615,0.7566631374733015,164872,51854,27668,123638,lightgbm,baseline,3,validation,368032,0.41112185896878534,0.8771653050566997,0.8353773564012102,0.14778380806345323
0.5500000000000002,0.4445646030779932,0.7905073471872011,0.7267715476670701,0.785890843720672,0.7551759176933824,172022,44704,32396,118910,lightgbm,baseline,3,validation,368032,0.41112185896878534,0.8771653050566997,0.8353773564012102,0.14778380806345323
0.6000000000000002,0.4136107729762629,0.7949363098860969,0.7490967140098015,0.7536317132169247,0.7513573706544372,178533,38193,37277,114029,lightgbm,baseline,3,validation,368032,0.41112185896878534,0.8771653050566997,0.8353773564012102,0.14778380806345323
0.6500000000000001,0.38164616120337364,0.7966752891052952,0.7722379643736917,0.7168717697910195,0.7435255891748125,184735,31991,42839,108467,lightgbm,baseline,3,validation,368032,0.41112185896878534,0.8771653050566997,0.8353773564012102,0.14778380806345323
0.7000000000000002,0.3476165116076863,0.7944798278410573,0.7957306110963466,0.6728153543150965,0.7291290646039249,190593,26133,49505,101801,lightgbm,baseline,3,validation,368032,0.41112185896878534,0.8771653050566997,0.8353773564012102,0.14778380806345323
0.7500000000000002,0.31066863750978174,0.7882738457525432,0.8209137979289113,0.620332306716191,0.7066653616521483,196250,20476,57446,93860,lightgbm,baseline,3,validation,368032,0.41112185896878534,0.8771653050566997,0.8353773564012102,0.14778380806345323
0.8000000000000002,0.26962057647161114,0.7757885183897052,0.8466174203105947,0.555225833740896,0.6706368371684595,201506,15220,67297,84009,lightgbm,baseline,3,validation,368032,0.41112185896878534,0.8771653050566997,0.8353773564012102,0.14778380806345323
0.8500000000000002,0.2245864490044344,0.7571488348839231,0.8746234347589378,0.4777867368114946,0.6179833391035258,206363,10363,79014,72292,lightgbm,baseline,3,validation,368032,0.41112185896878534,0.8771653050566997,0.8353773564012102,0.14778380806345323
0.9000000000000002,0.1733490566037736,0.730143031040779,0.9074579140411925,0.38262858049251186,0.5382884558167212,210822,5904,93412,57894,lightgbm,baseline,3,validation,368032,0.41112185896878534,0.8771653050566997,0.8353773564012102,0.14778380806345323
0.1,0.5746385476682248,0.6636808348733558,0.4363519418853219,0.952786153909703,0.598572726093162,151944,119180,4572,92264,lightgbm,baseline,3,test,367960,0.2631699097728014,0.893077213244674,0.7623095499397837,0.11521028787407975
0.15000000000000002,0.5183416675725623,0.7071447983476464,0.47136513063037083,0.9284047255153042,0.6252708083389842,170298,100826,6933,89903,lightgbm,baseline,3,test,367960,0.2631699097728014,0.893077213244674,0.7623095499397837,0.11521028787407975
0.20000000000000004,0.4702630720730514,0.7414773344928797,0.5049411112010078,0.9022884051385848,0.6475169894098728,185460,85664,9462,87374,lightgbm,baseline,3,test,367960,0.2631699097728014,0.893077213244674,0.7623095499397837,0.11521028787407975
0.25000000000000006,0.42704098271551255,0.7697140993586259,0.5385021701223159,0.8738175885001446,0.6663542938142301,198607,72517,12219,84617,lightgbm,baseline,3,test,367960,0.2631699097728014,0.893077213244674,0.7623095499397837,0.11521028787407975
0.30000000000000004,0.3887406239808675,0.7912463311229482,0.5699904223264658,0.8419596018009831,0.6797817214655845,209615,61509,15304,81532,lightgbm,baseline,3,test,367960,0.2631699097728014,0.893077213244674,0.7623095499397837,0.11521028787407975
0.3500000000000001,0.3541553429720622,0.8078296553973258,0.600237885124506,0.8077574455780908,0.688704870328548,219029,52095,18616,78220,lightgbm,baseline,3,test,367960,0.2631699097728014,0.893077213244674,0.7623095499397837,0.11521028787407975
0.40000000000000013,0.3226627894336341,0.820423415588651,0.6295366681546741,0.7718513775868479,0.6934678029160849,227140,43984,22093,74743,lightgbm,baseline,3,test,367960,0.2631699097728014,0.893077213244674,0.7623095499397837,0.11521028787407975
0.45000000000000007,0.29548864006957276,0.8286389824980976,0.6553509675520565,0.7358317154777149,0.6932634118814578,233651,37473,25581,71255,lightgbm,baseline,3,test,367960,0.2631699097728014,0.893077213244674,0.7623095499397837,0.11521028787407975
0.5000000000000001,0.2703282965539733,0.8342102402435048,0.6801146074193224,0.6986141517617415,0.6892402677452548,239305,31819,29185,67651,lightgbm,baseline,3,test,367960,0.2631699097728014,0.893077213244674,0.7623095499397837,0.11521028787407975
0.5500000000000002,0.24543428633547124,0.8376399608653115,0.7053703908758719,0.6578338634392168,0.6807732999903818,244516,26608,33134,63702,lightgbm,baseline,3,test,367960,0.2631699097728014,0.893077213244674,0.7623095499397837,0.11521028787407975
0.6000000000000002,0.22171703446026741,0.8392026307207305,0.7308630474486106,0.6157420793919617,0.6683817306452788,249167,21957,37210,59626,lightgbm,baseline,3,test,367960,0.2631699097728014,0.893077213244674,0.7623095499397837,0.11521028787407975
0.6500000000000001,0.19738015001630613,0.8388140015219046,0.7583438894090433,0.5687657482754348,0.6500141622999576,253573,17551,41759,55077,lightgbm,baseline,3,test,367960,0.2631699097728014,0.893077213244674,0.7623095499397837,0.11521028787407975
0.7000000000000002,0.17273888466137624,0.8360338080226112,0.787149352590425,0.516667355115866,0.6238520670586108,257595,13529,46804,50032,lightgbm,baseline,3,test,367960,0.2631699097728014,0.893077213244674,0.7623095499397837,0.11521028787407975
0.7500000000000002,0.14694532014349385,0.8301554516795304,0.8175513223599038,0.4564934528481143,0.5858613971611467,261259,9865,52631,44205,lightgbm,baseline,3,test,367960,0.2631699097728014,0.893077213244674,0.7623095499397837,0.11521028787407975
0.8000000000000002,0.11989346668116099,0.821312099141211,0.8523211533230574,0.38829567516212976,0.533529144673364,264609,6515,59235,37601,lightgbm,baseline,3,test,367960,0.2631699097728014,0.893077213244674,0.7623095499397837,0.11521028787407975
0.8500000000000002,0.09314599412979671,0.808615066855093,0.8853358230728833,0.3133545375686728,0.46287849897033023,267194,3930,66492,30344,lightgbm,baseline,3,test,367960,0.2631699097728014,0.893077213244674,0.7623095499397837,0.11521028787407975
0.9000000000000002,0.0642270899010762,0.7902462224154799,0.9158380231032878,0.22351191705564047,0.35932895599697845,269135,1989,75192,21644,lightgbm,baseline,3,test,367960,0.2631699097728014,0.893077213244674,0.7623095499397837,0.11521028787407975
0.1,0.8366093165811669,0.6930728849665246,0.6386347471086298,0.9914536378762668,0.7768618550102819,58438,111264,1695,196635,lightgbm,baseline,6,validation,368032,0.5388933570993827,0.8756297477485695,0.8870974984077598,0.1434701185391916
0.15000000000000002,0.8043213633597078,0.7147258934005739,0.6576603967353116,0.9815862451469772,0.7876183887398704,68364,101338,3652,194678,lightgbm,baseline,6,validation,368032,0.5388933570993827,0.8756297477485695,0.8870974984077598,0.1434701185391916
0.20000000000000004,0.7711883749239197,0.7338655334318754,0.6768432327303733,0.9686028336610699,0.7968565929416449,77983,91719,6227,192103,lightgbm,baseline,6,validation,368032,0.5388933570993827,0.8756297477485695,0.8870974984077598,0.1434701185391916
0.25000000000000006,0.7388868359273106,0.7485707764542213,0.6945251421300757,0.9522765088488883,0.8032296752462447,86633,83069,9465,188865,lightgbm,baseline,6,validation,368032,0.5388933570993827,0.8756297477485695,0.8870974984077598,0.1434701185391916
0.30000000000000004,0.7064956308147118,0.7607137422832797,0.7120374750493245,0.933489638481319,0.8078622341783337,94828,74874,13191,185139,lightgbm,baseline,6,validation,368032,0.5388933570993827,0.8756297477485695,0.8870974984077598,0.1434701185391916
0.3500000000000001,0.6732811277280236,0.7704737631510303,0.7297458724963578,0.911727928200474,0.8106491765649972,102736,66966,17507,180823,lightgbm,baseline,6,validation,368032,0.5388933570993827,0.8756297477485695,0.8870974984077598,0.1434701185391916
0.40000000000000013,0.6397133944874359,0.7783209068776629,0.7479346741138743,0.8878636615741441,0.8119142853849435,110357,59345,22240,176090,lightgbm,baseline,6,validation,368032,0.5388933570993827,0.8756297477485695,0.8870974984077598,0.1434701185391916
0.45000000000000007,0.6053495348230589,0.7837905399530476,0.7665269224554285,0.8610548076438259,0.8110458351340954,117687,52015,27557,170773,lightgbm,baseline,6,validation,368032,0.5388933570993827,0.8756297477485695,0.8870974984077598,0.1434701185391916
0.5000000000000001,0.5713171680723416,0.7865593209286149,0.7848266218973381,0.8320475974386125,0.8077475629783183,124459,45243,33310,165020,lightgbm,baseline,6,validation,368032,0.5388933570993827,0.8756297477485695,0.8870974984077598,0.1434701185391916
0.5500000000000002,0.537461416398574,0.7869397226328145,0.8031222984484563,0.8009882519033933,0.8020538556494915,130759,38943,39470,158860,lightgbm,baseline,6,validation,368032,0.5388933570993827,0.8756297477485695,0.8870974984077598,0.1434701185391916
0.6000000000000002,0.5032551517259368,0.784344839579167,0.821147429459976,0.7668431402208441,0.7930667667855579,136576,33126,46242,152088,lightgbm,baseline,6,validation,368032,0.5388933570993827,0.8756297477485695,0.8870974984077598,0.1434701185391916
0.6500000000000001,0.4693695113468394,0.7784948047995827,0.8381005308464019,0.7299752937024152,0.7803100737590717,141735,27967,53554,144776,lightgbm,baseline,6,validation,368032,0.5388933570993827,0.8756297477485695,0.8870974984077598,0.1434701185391916
0.7000000000000002,0.4329080079993044,0.7692048517520216,0.8558472044387537,0.6875258407704331,0.7625078986953872,146735,22967,61973,136357,lightgbm,baseline,6,validation,368032,0.5388933570993827,0.8756297477485695,0.8870974984077598,0.1434701185391916
0.7500000000000002,0.39225936875054346,0.7554614816102948,0.8752043445734393,0.63705944637725,0.7373808703974974,151686,18016,71982,126348,lightgbm,baseline,6,validation,368032,0.5388933570993827,0.8756297477485695,0.8870974984077598,0.1434701185391916
0.8000000000000002,0.34488305364750893,0.7342024606555951,0.8959252489600403,0.5733777038269551,0.6992479816022973,156492,13210,84612,113718,lightgbm,baseline,6,validation,368032,0.5388933570993827,0.8756297477485695,0.8870974984077598,0.1434701185391916
0.8500000000000002,0.28922756716807235,0.7027187853230153,0.9176851895345014,0.4925276055059749,0.6410171437946026,160940,8762,100647,97683,lightgbm,baseline,6,validation,368032,0.5388933570993827,0.8756297477485695,0.8870974984077598,0.1434701185391916
0.9000000000000002,0.22315179114859576,0.6571847013303191,0.9393378547858804,0.38897292391468763,0.5501378107873934,164720,4982,121185,77145,lightgbm,baseline,6,validation,368032,0.5388933570993827,0.8756297477485695,0.8870974984077598,0.1434701185391916
0.1,0.6350038047613871,0.696418088922709,0.5479165953367343,0.9547047681546332,0.6962480353714712,128230,105632,6074,128024,lightgbm,baseline,6,test,367960,0.3644363517773671,0.8868468744927409,0.8177941926738366,0.1314111411392432
0.15000000000000002,0.5843515599521687,0.7292477443200348,0.5801607307295203,0.9302525019015944,0.7146335315482533,143589,90273,9353,124745,lightgbm,baseline,6,test,367960,0.3644363517773671,0.8868468744927409,0.8177941926738366,0.1314111411392432
0.20000000000000004,0.5416865963691706,0.7527204043917817,0.6081407191487014,0.9039210129904995,0.7271014975241215,155757,78105,12884,121214,lightgbm,baseline,6,test,367960,0.3644363517773671,0.8868468744927409,0.8177941926738366,0.1314111411392432
0.25000000000000006,0.5025138602021959,0.7711137080117404,0.6348719612774127,0.875412012110546,0.7359868089014837,166348,67514,16707,117391,lightgbm,baseline,6,test,367960,0.3644363517773671,0.8868468744927409,0.8177941926738366,0.1314111411392432
0.30000000000000004,0.46519730405478854,0.7858191107729101,0.6614964889527615,0.8443899237870811,0.7418367881757908,175919,57943,20867,113231,lightgbm,baseline,6,test,367960,0.3644363517773671,0.8868468744927409,0.8177941926738366,0.1314111411392432
0.3500000000000001,0.4307669311881726,0.796915425589738,0.6872843127977035,0.8123760235051977,0.7446130080689535,184295,49567,25160,108938,lightgbm,baseline,6,test,367960,0.3644363517773671,0.8868468744927409,0.8177941926738366,0.1314111411392432
0.40000000000000013,0.3984318947711708,0.803867268181324,0.7112075139659089,0.7775507464690002,0.7429009102082257,191523,42339,29830,104268,lightgbm,baseline,6,test,367960,0.3644363517773671,0.8868468744927409,0.8177941926738366,0.1314111411392432
0.45000000000000007,0.3685427763887379,0.8081286009348843,0.7341179420244969,0.74238989395815,0.7382307466991958,197806,36056,34545,99553,lightgbm,baseline,6,test,367960,0.3644363517773671,0.8868468744927409,0.8177941926738366,0.1314111411392432
0.5000000000000001,0.3400885965865855,0.8093298184585281,0.7554719152302639,0.7049993288490507,0.7293634782072004,203262,30600,39559,94539,lightgbm,baseline,6,test,367960,0.3644363517773671,0.8868468744927409,0.8177941926738366,0.1314111411392432
0.5500000000000002,0.3118219371670834,0.8081965431025111,0.7768132615175444,0.6646631567957763,0.7163754440675787,208254,25608,44968,89130,lightgbm,baseline,6,test,367960,0.3644363517773671,0.8868468744927409,0.8177941926738366,0.1314111411392432
0.6000000000000002,0.283473747146429,0.8051554516795304,0.7991314101642267,0.6215976375486585,0.6992722468069043,212910,20952,50743,83355,lightgbm,baseline,6,test,367960,0.3644363517773671,0.8868468744927409,0.8177941926738366,0.1314111411392432
0.6500000000000001,0.25391346885531035,0.7987335579954343,0.8213100717114418,0.5722307566108369,0.6745103899300305,217167,16695,57363,76735,lightgbm,baseline,6,test,367960,0.3644363517773671,0.8868468744927409,0.8177941926738366,0.1314111411392432
0.7000000000000002,0.22361941515382106,0.7893765626698555,0.8439167264197951,0.5178302435532223,0.6418308446675077,221019,12843,64658,69440,lightgbm,baseline,6,test,367960,0.3644363517773671,0.8868468744927409,0.8177941926738366,0.1314111411392432
0.7500000000000002,0.1914039569518426,0.7760762039352104,0.8670576041119425,0.455383376336709,0.5971436534051738,224499,9363,73032,61066,lightgbm,baseline,6,test,367960,0.3644363517773671,0.8868468744927409,0.8177941926738366,0.1314111411392432
0.8000000000000002,0.15649527122513315,0.7587292096967062,0.8935120866907474,0.3836895404853167,0.53684748698365,227730,6132,82646,51452,lightgbm,baseline,6,test,367960,0.3644363517773671,0.8868468744927409,0.8177941926738366,0.1314111411392432
0.8500000000000002,0.11956190890314164,0.7361506685509295,0.9206482702186661,0.3020402988858894,0.4548547941513375,230371,3491,93595,40503,lightgbm,baseline,6,test,367960,0.3644363517773671,0.8868468744927409,0.8177941926738366,0.1314111411392432
0.9000000000000002,0.08149255353842809,0.7076421350146755,0.9422397118655372,0.21069665468537935,0.3443845835060091,232130,1732,105844,28254,lightgbm,baseline,6,test,367960,0.3644363517773671,0.8868468744927409,0.8177941926738366,0.1314111411392432
0.1,0.6631624423963134,0.5962470654725676,0.39818490975764653,0.9826887102482431,0.5667308140891066,122255,146882,1712,97183,lightgbm,neighbor_grid,1,validation,368032,0.268713046691592,0.914793524645477,0.8130872633138768,0.1256274347523723
0.15000000000000002,0.5894297235023042,0.6622793670115642,0.44146241396954766,0.9683603822235705,0.6064516946147221,147974,121163,3129,95766,lightgbm,neighbor_grid,1,validation,368032,0.268713046691592,0.914793524645477,0.8130872633138768,0.1256274347523723
0.20000000000000004,0.5393281019041822,0.7043545126510738,0.47503148773237946,0.9534253501188129,0.634120752559813,164936,104201,4606,94289,lightgbm,neighbor_grid,1,validation,368032,0.268713046691592,0.914793524645477,0.8130872633138768,0.1256274347523723
0.25000000000000006,0.5033067776715068,0.7331808103643161,0.5018814142188487,0.9400374134182718,0.6543881630814281,176869,92268,5930,92965,lightgbm,neighbor_grid,1,validation,368032,0.268713046691592,0.914793524645477,0.8130872633138768,0.1256274347523723
0.30000000000000004,0.47440711677245456,0.7554071385096948,0.5254213989931098,0.9276202032458668,0.6708569172041595,186277,82860,7158,91737,lightgbm,neighbor_grid,1,validation,368032,0.268713046691592,0.914793524645477,0.8130872633138768,0.1256274347523723
0.3500000000000001,0.44892291974610904,0.7733050386922876,0.5467987749518818,0.913504221649224,0.6841086958991038,194260,74877,8554,90341,lightgbm,neighbor_grid,1,validation,368032,0.268713046691592,0.914793524645477,0.8130872633138768,0.1256274347523723
0.40000000000000013,0.4254005086514216,0.7889150943396226,0.5677339822816666,0.8987815359724961,0.6958928347738945,201461,67676,10010,88885,lightgbm,neighbor_grid,1,validation,368032,0.268713046691592,0.914793524645477,0.8130872633138768,0.1256274347523723
0.45000000000000007,0.40150856447265454,0.8038186896791584,0.5903240214390125,0.882056726831488,0.7072888921321804,208600,60537,11664,87231,lightgbm,neighbor_grid,1,validation,368032,0.268713046691592,0.914793524645477,0.8130872633138768,0.1256274347523723
0.5000000000000001,0.3774046822015477,0.8174669593948353,0.6141745322073191,0.8626017493300976,0.7174925985735433,215547,53590,13588,85307,lightgbm,neighbor_grid,1,validation,368032,0.268713046691592,0.914793524645477,0.8130872633138768,0.1256274347523723
0.5500000000000002,0.35265955134336147,0.8299794583079733,0.6399260343632021,0.8398402345922443,0.726379080394429,222403,46734,15839,83056,lightgbm,neighbor_grid,1,validation,368032,0.268713046691592,0.914793524645477,0.8130872633138768,0.1256274347523723
0.6000000000000002,0.32746065559516563,0.8407230892965829,0.6670981446446945,0.8129430203751453,0.7328347256974354,229017,40120,18499,80396,lightgbm,neighbor_grid,1,validation,368032,0.268713046691592,0.914793524645477,0.8130872633138768,0.1256274347523723
0.6500000000000001,0.30299810886009915,0.8494098339274846,0.69492346183853,0.7835886546337024,0.7365974677768906,235117,34020,21402,77493,lightgbm,neighbor_grid,1,validation,368032,0.268713046691592,0.914793524645477,0.8130872633138768,0.1256274347523723
0.7000000000000002,0.27807364576993304,0.8552979088774889,0.7229822161422709,0.7481672480914101,0.7353591572042637,240787,28350,24905,73990,lightgbm,neighbor_grid,1,validation,368032,0.268713046691592,0.914793524645477,0.8130872633138768,0.1256274347523723
0.7500000000000002,0.2511738109729589,0.8589334623076255,0.7540999567286889,0.7048789119773498,0.7286591580212716,246406,22731,29186,69709,lightgbm,neighbor_grid,1,validation,368032,0.268713046691592,0.914793524645477,0.8130872633138768,0.1256274347523723
0.8000000000000002,0.2220649291365968,0.859398095817755,0.7884542440074883,0.6515799585418879,0.713512196742368,251848,17289,34457,64438,lightgbm,neighbor_grid,1,validation,368032,0.268713046691592,0.914793524645477,0.8130872633138768,0.1256274347523723
0.8500000000000002,0.1886357708025389,0.8542762585862099,0.8259967734501037,0.5798473128065119,0.6813728693730358,257057,12080,41551,57344,lightgbm,neighbor_grid,1,validation,368032,0.268713046691592,0.914793524645477,0.8130872633138768,0.1256274347523723
0.9000000000000002,0.14897345882966698,0.8413942265889922,0.8695533222682255,0.4820769503008241,0.6202755623788397,261985,7152,51220,47675,lightgbm,neighbor_grid,1,validation,368032,0.268713046691592,0.914793524645477,0.8130872633138768,0.1256274347523723
0.1,0.424929340145668,0.7236465920208718,0.3658870405546282,0.9575048537189529,0.529455588718447,209064,99148,2539,57209,lightgbm,neighbor_grid,1,test,367960,0.162376345254919,0.9330362705271563,0.7599383840821979,0.08194308722501202
0.15000000000000002,0.36697467115990867,0.7743504728774867,0.41379080514248473,0.9351777465354489,0.5737242016634151,229055,79157,3873,55875,lightgbm,neighbor_grid,1,test,367960,0.162376345254919,0.9330362705271563,0.7599383840821979,0.08194308722501202
0.20000000000000004,0.3313186215893032,0.8039080334819002,0.449119036682197,0.9163988752761598,0.6028074424749532,241053,67159,4995,54753,lightgbm,neighbor_grid,1,test,367960,0.162376345254919,0.9330362705271563,0.7599383840821979,0.08194308722501202
0.25000000000000006,0.3058538971627351,0.8234645070116317,0.47685308595901976,0.8982057976836044,0.6229728945382785,249336,58876,6082,53666,lightgbm,neighbor_grid,1,test,367960,0.162376345254919,0.9330362705271563,0.7599383840821979,0.08194308722501202
0.30000000000000004,0.2851559952168714,0.8384878791172954,0.5015153536778301,0.8807324094530361,0.6391051410665922,255908,52304,7126,52622,lightgbm,neighbor_grid,1,test,367960,0.162376345254919,0.9330362705271563,0.7599383840821979,0.08194308722501202
0.3500000000000001,0.26546363735188605,0.8520437004022177,0.5271601146601147,0.8618363794604004,0.654178418070483,262025,46187,8255,51493,lightgbm,neighbor_grid,1,test,367960,0.162376345254919,0.9330362705271563,0.7599383840821979,0.08194308722501202
0.40000000000000013,0.24681758886835525,0.8637487770409827,0.5529239476321034,0.8404632791055767,0.6670253109911203,267609,40603,9532,50216,lightgbm,neighbor_grid,1,test,367960,0.162376345254919,0.9330362705271563,0.7599383840821979,0.08194308722501202
0.45000000000000007,0.22836721382758995,0.8743667789977172,0.5804474592407474,0.8163453169980586,0.6784765402217308,272957,35255,10973,48775,lightgbm,neighbor_grid,1,test,367960,0.162376345254919,0.9330362705271563,0.7599383840821979,0.08194308722501202
0.5000000000000001,0.21072942711164258,0.8831068594412436,0.607918493680681,0.7889469103568321,0.6867024066196609,277810,30402,12610,47138,lightgbm,neighbor_grid,1,test,367960,0.162376345254919,0.9330362705271563,0.7599383840821979,0.08194308722501202
0.5500000000000002,0.19312968800956626,0.8907272529622785,0.6374817066306429,0.7582178482961773,0.6926275876830872,282450,25762,14446,45302,lightgbm,neighbor_grid,1,test,367960,0.162376345254919,0.9330362705271563,0.7599383840821979,0.08194308722501202
0.6000000000000002,0.1760381563213393,0.8967414936406131,0.667912003087611,0.7241079199303743,0.6948756454630871,286701,21511,16484,43264,lightgbm,neighbor_grid,1,test,367960,0.162376345254919,0.9330362705271563,0.7599383840821979,0.08194308722501202
0.6500000000000001,0.15937058375910426,0.9006196325687574,0.6976399167831929,0.6847258485639687,0.6911225610271138,290481,17731,18837,40911,lightgbm,neighbor_grid,1,test,367960,0.162376345254919,0.9330362705271563,0.7599383840821979,0.08194308722501202
0.7000000000000002,0.14290683769974996,0.9030166322426351,0.7287958314316142,0.6414105911494945,0.6823167040558344,293951,14261,21425,38323,lightgbm,neighbor_grid,1,test,367960,0.162376345254919,0.9330362705271563,0.7599383840821979,0.08194308722501202
0.7500000000000002,0.12621752364387434,0.9033509077073595,0.7603729302585965,0.5910490727723103,0.6651034456780707,297083,11129,24434,35314,lightgbm,neighbor_grid,1,test,367960,0.162376345254919,0.9330362705271563,0.7599383840821979,0.08194308722501202
0.8000000000000002,0.10795738667246439,0.9013425372323078,0.7951112677474574,0.5286369418223205,0.6350530802637928,300073,8139,28163,31585,lightgbm,neighbor_grid,1,test,367960,0.162376345254919,0.9330362705271563,0.7599383840821979,0.08194308722501202
0.8500000000000002,0.08791444722252419,0.8958011740406566,0.8308757612290952,0.4498560621276026,0.5836889366646036,302741,5471,32870,26878,lightgbm,neighbor_grid,1,test,367960,0.162376345254919,0.9330362705271563,0.7599383840821979,0.08194308722501202
0.9000000000000002,0.06519458636808349,0.8860772910098924,0.8716078202509484,0.3499531365066613,0.49939692131315905,305132,3080,38839,20909,lightgbm,neighbor_grid,1,test,367960,0.162376345254919,0.9330362705271563,0.7599383840821979,0.08194308722501202
0.1,0.7444053777932353,0.5951819407008087,0.4628364937127005,0.9858345707999346,0.6299293570598229,92245,147164,1822,126801,lightgbm,neighbor_grid,2,validation,368032,0.3494886314233545,0.8949753176101763,0.8300143600645393,0.13817430566193298
0.15000000000000002,0.6897063298843579,0.6412730414746544,0.49330270964488604,0.973519510507452,0.6548030236078827,110792,128617,3406,125217,lightgbm,neighbor_grid,2,validation,368032,0.3494886314233545,0.8949753176101763,0.8300143600645393,0.13817430566193298
0.20000000000000004,0.6409007912355448,0.6793458177549778,0.5224952516619183,0.9581645584382265,0.6762342418963223,126779,112630,5381,123242,lightgbm,neighbor_grid,2,validation,368032,0.3494886314233545,0.8949753176101763,0.8300143600645393,0.13817430566193298
0.25000000000000006,0.5954998478393183,0.7120956873315364,0.5517080894129027,0.9400651516447291,0.695335637432214,141160,98249,7709,120914,lightgbm,neighbor_grid,2,validation,368032,0.3494886314233545,0.8949753176101763,0.8300143600645393,0.13817430566193298
0.30000000000000004,0.5560005651682463,0.7382428701852013,0.578895155063384,0.920962813804685,0.7109218632313975,153240,86169,10166,118457,lightgbm,neighbor_grid,2,validation,368032,0.3494886314233545,0.8949753176101763,0.8300143600645393,0.13817430566193298
0.3500000000000001,0.5225822754543084,0.7581840709503521,0.6030198568063766,0.901681658801303,0.7227107026016514,163059,76350,12646,115977,lightgbm,neighbor_grid,2,validation,368032,0.3494886314233545,0.8949753176101763,0.8300143600645393,0.13817430566193298
0.40000000000000013,0.4936581601599861,0.7737832579775672,0.6248555167820697,0.8826181942576367,0.7316994569858687,171252,68157,15098,113525,lightgbm,neighbor_grid,2,validation,368032,0.3494886314233545,0.8949753176101763,0.8300143600645393,0.13817430566193298
0.45000000000000007,0.4665626902008521,0.786434331797235,0.6456642012695825,0.8619531499032055,0.7382938271851578,178566,60843,17756,110867,lightgbm,neighbor_grid,2,validation,368032,0.3494886314233545,0.8949753176101763,0.8300143600645393,0.13817430566193298
0.5000000000000001,0.43942646291626813,0.7973817494130945,0.667115994632798,0.8387924399213205,0.7431684955191392,185574,53835,20735,107888,lightgbm,neighbor_grid,2,validation,368032,0.3494886314233545,0.8949753176101763,0.8300143600645393,0.13817430566193298
0.5500000000000002,0.411412594556995,0.8071906790713851,0.6904162786550693,0.8127473313482036,0.746604008056107,192534,46875,24085,104538,lightgbm,neighbor_grid,2,validation,368032,0.3494886314233545,0.8949753176101763,0.8300143600645393,0.13817430566193298
0.6000000000000002,0.38234447004608296,0.8147389357447179,0.7147638844472871,0.7819596806169969,0.746853396104523,199272,40137,28045,100578,lightgbm,neighbor_grid,2,validation,368032,0.3494886314233545,0.8949753176101763,0.8300143600645393,0.13817430566193298
0.6500000000000001,0.3518905964698722,0.8200645596035128,0.7409174793640498,0.7460096561268202,0.7434548483322357,205856,33553,32669,95954,lightgbm,neighbor_grid,2,validation,368032,0.3494886314233545,0.8949753176101763,0.8300143600645393,0.13817430566193298
0.7000000000000002,0.3199287018520129,0.8222410007825407,0.7683873488245686,0.7033967486374909,0.7344571310281004,212138,27271,38150,90473,lightgbm,neighbor_grid,2,validation,368032,0.3494886314233545,0.8949753176101763,0.8300143600645393,0.13817430566193298
0.7500000000000002,0.28621152508477526,0.820857968872272,0.7975886457492761,0.6531802243766667,0.7181972832730661,218088,21321,44609,84014,lightgbm,neighbor_grid,2,validation,368032,0.3494886314233545,0.8949753176101763,0.8300143600645393,0.13817430566193298
0.8000000000000002,0.2509265498652291,0.8153041039909573,0.8283684717755471,0.5947536599208539,0.6923863656933911,223559,15850,52124,76499,lightgbm,neighbor_grid,2,validation,368032,0.3494886314233545,0.8949753176101763,0.8300143600645393,0.13817430566193298
0.8500000000000002,0.21160116511607685,0.8040686679419181,0.862846062971904,0.5224182300210694,0.6508021830614192,228728,10681,61428,67195,lightgbm,neighbor_grid,2,validation,368032,0.3494886314233545,0.8949753176101763,0.8300143600645393,0.13817430566193298
0.9000000000000002,0.16612414137901052,0.7837416311625076,0.9009960908748916,0.4282748808533466,0.5805798842760932,233356,6053,73537,55086,lightgbm,neighbor_grid,2,validation,368032,0.3494886314233545,0.8949753176101763,0.8300143600645393,0.13817430566193298
0.1,0.5151266442004566,0.6837672573105772,0.4050204172074325,0.9553854769460519,0.5688752542598953,174829,112776,3585,76770,lightgbm,neighbor_grid,2,test,367960,0.21837971518643332,0.9123485505410279,0.7669245365314503,0.09930550406834993
0.15000000000000002,0.451347972605718,0.7364468964017828,0.4499572490034803,0.9299732437309439,0.606477216931174,196255,91350,5627,74728,lightgbm,neighbor_grid,2,test,367960,0.21837971518643332,0.9123485505410279,0.7669245365314503,0.09930550406834993
0.20000000000000004,0.40439178171540385,0.7722279595608218,0.48838709677419356,0.904386783647564,0.634260653269621,211477,76128,7683,72672,lightgbm,neighbor_grid,2,test,367960,0.21837971518643332,0.9123485505410279,0.7669245365314503,0.09930550406834993
0.25000000000000006,0.368050875095119,0.7976383302532885,0.5217606403402546,0.8793603384979155,0.6549264770626045,222838,64767,9694,70661,lightgbm,neighbor_grid,2,test,367960,0.21837971518643332,0.9123485505410279,0.7669245365314503,0.09930550406834993
0.30000000000000004,0.3390857701924122,0.8154011305576693,0.5498116534423338,0.8537116545330098,0.668860450944546,231435,56170,11755,68600,lightgbm,neighbor_grid,2,test,367960,0.21837971518643332,0.9123485505410279,0.7669245365314503,0.09930550406834993
0.3500000000000001,0.31447983476464836,0.8291037069246657,0.575495177849217,0.8287474332648871,0.6792845448842512,238483,49122,13761,66594,lightgbm,neighbor_grid,2,test,367960,0.21837971518643332,0.9123485505410279,0.7669245365314503,0.09930550406834993
0.40000000000000013,0.2915670181541472,0.8401511033808022,0.6003728387006572,0.8015804865907535,0.6865380515881475,244731,42874,15944,64411,lightgbm,neighbor_grid,2,test,367960,0.21837971518643332,0.9123485505410279,0.7669245365314503,0.09930550406834993
0.45000000000000007,0.2698309598869442,0.8491955647352973,0.625217802934926,0.7725219339182379,0.6911078700971933,250394,37211,18279,62076,lightgbm,neighbor_grid,2,test,367960,0.21837971518643332,0.9123485505410279,0.7669245365314503,0.09930550406834993
0.5000000000000001,0.24795901728448744,0.8571801282748125,0.6523635725950525,0.74072553045859,0.6937422054384186,255887,31718,20834,59521,lightgbm,neighbor_grid,2,test,367960,0.21837971518643332,0.9123485505410279,0.7669245365314503,0.09930550406834993
0.5500000000000002,0.22626644200456572,0.8632133927600826,0.6803031576924463,0.7048721299234646,0.6923697528298658,260988,26617,23715,56640,lightgbm,neighbor_grid,2,test,367960,0.21837971518643332,0.9123485505410279,0.7669245365314503,0.09930550406834993
0.6000000000000002,0.20486737688879225,0.8671594738558539,0.7087672286855127,0.6649119532076411,0.686139542051394,265651,21954,26926,53429,lightgbm,neighbor_grid,2,test,367960,0.21837971518643332,0.9123485505410279,0.7669245365314503,0.09930550406834993
0.6500000000000001,0.1835960430481574,0.869287422545929,0.738750074012671,0.6210814510609172,0.6748247256796317,269956,17649,30448,49907,lightgbm,neighbor_grid,2,test,367960,0.21837971518643332,0.9123485505410279,0.7669245365314503,0.09930550406834993
0.7000000000000002,0.1619605391890423,0.8693716708337863,0.7709035992952429,0.5717379130110136,0.6565487674169346,273952,13653,34413,45942,lightgbm,neighbor_grid,2,test,367960,0.21837971518643332,0.9123485505410279,0.7669245365314503,0.09930550406834993
0.7500000000000002,0.14024350472877486,0.8669665180997934,0.8042787380823192,0.516507995768776,0.6290438696867967,277505,10100,38851,41504,lightgbm,neighbor_grid,2,test,367960,0.21837971518643332,0.9123485505410279,0.7669245365314503,0.09930550406834993
0.8000000000000002,0.11826013697140994,0.8611207739971736,0.8361254739744916,0.45279074108642897,0.5874545894889803,280474,7131,43971,36384,lightgbm,neighbor_grid,2,test,367960,0.21837971518643332,0.9123485505410279,0.7669245365314503,0.09930550406834993
0.8500000000000002,0.0951027285574519,0.8519431459941298,0.8697205235183174,0.3787567668471159,0.5277028842902842,283046,4559,49920,30435,lightgbm,neighbor_grid,2,test,367960,0.21837971518643332,0.9123485505410279,0.7669245365314503,0.09930550406834993
0.9000000000000002,0.06943689531470812,0.8378166105011414,0.9046575342465754,0.2876485595171427,0.4365044143336009,285169,2436,57241,23114,lightgbm,neighbor_grid,2,test,367960,0.21837971518643332,0.9123485505410279,0.7669245365314503,0.09930550406834993
0.1,0.7778807277628033,0.6235952308494913,0.5223151754370645,0.9882688062601616,0.6834281326626919,79972,136754,1775,149531,lightgbm,neighbor_grid,3,validation,368032,0.41112185896878534,0.8874750498035093,0.8495886314217964,0.1416428700385744
0.15000000000000002,0.7305641900704286,0.6602387835840362,0.5488394062580196,0.9752884882291515,0.7024039868912387,95422,121304,3739,147567,lightgbm,neighbor_grid,3,validation,368032,0.41112185896878534,0.8874750498035093,0.8495886314217964,0.1416428700385744
0.20000000000000004,0.6891139900878185,0.6900323884879576,0.5733944230647908,0.9611119188928396,0.7182716671358929,108532,108194,5884,145422,lightgbm,neighbor_grid,3,validation,368032,0.41112185896878534,0.8874750498035093,0.8495886314217964,0.1416428700385744
0.25000000000000006,0.6500304321363359,0.7155193026693331,0.5974117174959872,0.9445758925620927,0.7319134117550661,120414,96312,8386,142920,lightgbm,neighbor_grid,3,validation,368032,0.41112185896878534,0.8874750498035093,0.8495886314217964,0.1416428700385744
0.30000000000000004,0.611503890966003,0.7377048734892618,0.6216891132311055,0.9247022589983213,0.7435081929753241,131586,85140,11393,139913,lightgbm,neighbor_grid,3,validation,368032,0.41112185896878534,0.8874750498035093,0.8495886314217964,0.1416428700385744
0.3500000000000001,0.5750804277888879,0.7568091905051735,0.6460065769579679,0.9036389832524817,0.7534067677997763,141804,74922,14580,136726,lightgbm,neighbor_grid,3,validation,368032,0.41112185896878534,0.8874750498035093,0.8495886314217964,0.1416428700385744
0.40000000000000013,0.54177354143118,0.7722480653856186,0.6692311550228196,0.8819081860600373,0.7609895750165385,150774,65952,17868,133438,lightgbm,neighbor_grid,3,validation,368032,0.41112185896878534,0.8874750498035093,0.8495886314217964,0.1416428700385744
0.45000000000000007,0.5105860359968698,0.7837524997826276,0.6908340074077227,0.857969941707533,0.7653839124103085,158630,58096,21490,129816,lightgbm,neighbor_grid,3,validation,368032,0.41112185896878534,0.8874750498035093,0.8495886314217964,0.1416428700385744
0.5000000000000001,0.4814336796800278,0.7923251239022694,0.7112928441216144,0.8329411920214664,0.7673255421033885,165572,51154,25277,126029,lightgbm,neighbor_grid,3,validation,368032,0.41112185896878534,0.8874750498035093,0.8495886314217964,0.1416428700385744
0.5500000000000002,0.45264270498217546,0.798927810625163,0.7320259083842077,0.8059561418582211,0.7672141255076393,172085,44641,29360,121946,lightgbm,neighbor_grid,3,validation,368032,0.41112185896878534,0.8874750498035093,0.8495886314217964,0.1416428700385744
0.6000000000000002,0.422895291713764,0.803057886270759,0.7532302314972469,0.7748007349345036,0.763863232826728,178319,38407,34074,117232,lightgbm,neighbor_grid,3,validation,368032,0.41112185896878534,0.8874750498035093,0.8495886314217964,0.1416428700385744
0.6500000000000001,0.39061548995739503,0.8049761977219372,0.7766122468854124,0.7378755634277556,0.7567485130394997,184612,32114,39661,111645,lightgbm,neighbor_grid,3,validation,368032,0.41112185896878534,0.8874750498035093,0.8495886314217964,0.1416428700385744
0.7000000000000002,0.3556130988609686,0.8032589557429789,0.8014242380250158,0.6932177177375649,0.7434041030111666,190737,25989,46418,104888,lightgbm,neighbor_grid,3,validation,368032,0.41112185896878534,0.8874750498035093,0.8495886314217964,0.1416428700385744
0.7500000000000002,0.31777671506825494,0.7970393878793148,0.8275275326629729,0.6396375556818632,0.7215516405848101,196555,20171,54525,96781,lightgbm,neighbor_grid,3,validation,368032,0.41112185896878534,0.8874750498035093,0.8495886314217964,0.1416428700385744
0.8000000000000002,0.27693787496739414,0.7856382053734458,0.855242244068994,0.5761040540361916,0.6884546732588813,201972,14754,64138,87168,lightgbm,neighbor_grid,3,validation,368032,0.41112185896878534,0.8874750498035093,0.8495886314217964,0.1416428700385744
0.8500000000000002,0.23372424137031564,0.7686396835057822,0.8845590457811155,0.5028749686066646,0.6412162276044564,206796,9930,75218,76088,lightgbm,neighbor_grid,3,validation,368032,0.41112185896878534,0.8874750498035093,0.8495886314217964,0.1416428700385744
0.9000000000000002,0.18207384140509522,0.7406883097121989,0.9168917608082496,0.406064531479254,0.5628564230584248,211157,5569,89866,61440,lightgbm,neighbor_grid,3,validation,368032,0.41112185896878534,0.8874750498035093,0.8495886314217964,0.1416428700385744
0.1,0.5553402543754756,0.6828486792042613,0.4513978947162369,0.9525383121979429,0.6125261057377839,159021,112103,4596,92240,lightgbm,neighbor_grid,3,test,367960,0.2631699097728014,0.9023791662736962,0.7811953882357976,0.11048823800153543
0.15000000000000002,0.49658386781171865,0.7286036525709316,0.491716970496325,0.927836754925854,0.6427838130770249,178249,92875,6988,89848,lightgbm,neighbor_grid,3,test,367960,0.2631699097728014,0.9023791662736962,0.7811953882357976,0.11048823800153543
0.20000000000000004,0.45015762582889446,0.7615338623763452,0.5274390243902439,0.9021954644966748,0.6656989591429312,192849,78275,9471,87365,lightgbm,neighbor_grid,3,test,367960,0.2631699097728014,0.9023791662736962,0.7811953882357976,0.11048823800153543
0.25000000000000006,0.4128111751277313,0.785492988368301,0.5589408682141964,0.8767607088272956,0.6826730563573938,204128,66996,11934,84902,lightgbm,neighbor_grid,3,test,367960,0.2631699097728014,0.9023791662736962,0.7811953882357976,0.11048823800153543
0.30000000000000004,0.3800847918251984,0.8037341015327752,0.5880119551538725,0.8492399520839358,0.6948861811975057,213505,57619,14599,82237,lightgbm,neighbor_grid,3,test,367960,0.2631699097728014,0.9023791662736962,0.7811953882357976,0.11048823800153543
0.3500000000000001,0.3517148603109034,0.8170969670616371,0.6141078838174274,0.8207278284935354,0.7025409607828405,221183,49941,17360,79476,lightgbm,neighbor_grid,3,test,367960,0.2631699097728014,0.9023791662736962,0.7811953882357976,0.11048823800153543
0.40000000000000013,0.32519295575606044,0.8274214588542232,0.6392886392886393,0.7899541492833244,0.7066800927508383,227962,43162,20340,76496,lightgbm,neighbor_grid,3,test,367960,0.2631699097728014,0.9023791662736962,0.7811953882357976,0.11048823800153543
0.45000000000000007,0.30072834003696053,0.8347429068376998,0.6627927993059572,0.7573836176628527,0.7069380988182677,233810,37314,23494,73342,lightgbm,neighbor_grid,3,test,367960,0.2631699097728014,0.9023791662736962,0.7811953882357976,0.11048823800153543
0.5000000000000001,0.27682356777910644,0.8406620284813566,0.6875417239348125,0.7232124416539304,0.7049261182912591,239297,31827,26803,70033,lightgbm,neighbor_grid,3,test,367960,0.2631699097728014,0.9023791662736962,0.7811953882357976,0.11048823800153543
0.5500000000000002,0.2539651049027068,0.8444151538210675,0.7118107202859314,0.6869139576190673,0.6991407625403999,244193,26931,30318,66518,lightgbm,neighbor_grid,3,test,367960,0.2631699097728014,0.9023791662736962,0.7811953882357976,0.11048823800153543
0.6000000000000002,0.23041634960321775,0.8463691705620177,0.7376981505944518,0.6458858275847825,0.6887457328488052,248885,22239,34291,62545,lightgbm,neighbor_grid,3,test,367960,0.2631699097728014,0.9023791662736962,0.7811953882357976,0.11048823800153543
0.6500000000000001,0.20646537667137732,0.8460348950972932,0.7644627555251345,0.599745962245446,0.6721602712853068,253230,17894,38759,58077,lightgbm,neighbor_grid,3,test,367960,0.2631699097728014,0.9023791662736962,0.7811953882357976,0.11048823800153543
0.7000000000000002,0.18166105011414285,0.8431351233829764,0.7925917060618755,0.5471105787103969,0.6473607038123167,257260,13864,43856,52980,lightgbm,neighbor_grid,3,test,367960,0.2631699097728014,0.9023791662736962,0.7811953882357976,0.11048823800153543
0.7500000000000002,0.15628872703554733,0.8378519404283075,0.8231898170689296,0.488867776446776,0.613434924584046,260956,10168,49496,47340,lightgbm,neighbor_grid,3,test,367960,0.2631699097728014,0.9023791662736962,0.7811953882357976,0.11048823800153543
0.8000000000000002,0.13002500271768672,0.8291281661050114,0.8549243374299808,0.42239456400512204,0.5654271495714681,264183,6941,55933,40903,lightgbm,neighbor_grid,3,test,367960,0.2631699097728014,0.9023791662736962,0.7811953882357976,0.11048823800153543
0.8500000000000002,0.10376671377323622,0.8175779976084357,0.8890838615054214,0.3505617745466562,0.5028514716556312,266889,4235,62889,33947,lightgbm,neighbor_grid,3,test,367960,0.2631699097728014,0.9023791662736962,0.7811953882357976,0.11048823800153543
0.9000000000000002,0.07468203065550603,0.7996575714751604,0.9206331877729258,0.26125614440910405,0.407011165095402,268943,2181,71537,25299,lightgbm,neighbor_grid,3,test,367960,0.2631699097728014,0.9023791662736962,0.7811953882357976,0.11048823800153543
0.1,0.8273438179288758,0.7011700069559169,0.6450807746749472,0.9903695860434629,0.7812751705882236,61633,108069,1910,196420,lightgbm,neighbor_grid,6,validation,368032,0.5388933570993827,0.88192353456045,0.8941153815772593,0.1399909604893439
0.15000000000000002,0.7933848143639683,0.7238147769759151,0.6655616097756437,0.9798719306206827,0.7926970290891069,72049,97653,3992,194338,lightgbm,neighbor_grid,6,validation,368032,0.5388933570993827,0.88192353456045,0.8941153815772593,0.1399909604893439
0.20000000000000004,0.7608577514998696,0.7417181114685679,0.6844046853796157,0.966303635355216,0.8012835789693739,81329,88373,6683,191647,lightgbm,neighbor_grid,6,validation,368032,0.5388933570993827,0.88192353456045,0.8941153815772593,0.1399909604893439
0.25000000000000006,0.7293930962524998,0.7560646900269542,0.7021941588436895,0.9504210154792517,0.8076654455084945,89759,79943,9833,188497,lightgbm,neighbor_grid,6,validation,368032,0.5388933570993827,0.88192353456045,0.8941153815772593,0.1399909604893439
0.30000000000000004,0.6981974393530997,0.7677946482914529,0.7196284232114851,0.9323602077345837,0.81229724416799,97658,72044,13415,184915,lightgbm,neighbor_grid,6,validation,368032,0.5388933570993827,0.88192353456045,0.8941153815772593,0.1399909604893439
0.3500000000000001,0.6675587992348492,0.7769188548821842,0.7365426179263522,0.912398527706348,0.8150932517741598,104975,64727,17374,180956,lightgbm,neighbor_grid,6,validation,368032,0.5388933570993827,0.88192353456045,0.8941153815772593,0.1399909604893439
0.40000000000000013,0.636482697156769,0.7839861751152074,0.7536436054404344,0.8901225230676146,0.8162172658677319,111994,57708,21792,176538,lightgbm,neighbor_grid,6,validation,368032,0.5388933570993827,0.88192353456045,0.8941153815772593,0.1399909604893439
0.45000000000000007,0.6046702460655595,0.7892683244935224,0.7713559032614654,0.8655069833106439,0.8157236948401875,118820,50882,26674,171656,lightgbm,neighbor_grid,6,validation,368032,0.5388933570993827,0.88192353456045,0.8941153815772593,0.1399909604893439
0.5000000000000001,0.57293387531519,0.7917789757412399,0.7885780952109951,0.8383905611859023,0.8127217806973811,125122,44580,32052,166278,lightgbm,neighbor_grid,6,validation,368032,0.5388933570993827,0.88192353456045,0.8941153815772593,0.1399909604893439
0.5500000000000002,0.5403252978001913,0.7930261499000087,0.8071478499625359,0.8092925931528261,0.8082187987018709,131352,38350,37823,160507,lightgbm,neighbor_grid,6,validation,368032,0.5388933570993827,0.88192353456045,0.8941153815772593,0.1399909604893439
0.6000000000000002,0.5078389922615425,0.7907220024345709,0.8245274236092904,0.7770130590430091,0.8000654152962767,136906,32796,44225,154105,lightgbm,neighbor_grid,6,validation,368032,0.5388933570993827,0.88192353456045,0.8941153815772593,0.1399909604893439
0.6500000000000001,0.47403214937831495,0.7856680940787758,0.8423411804492746,0.7409569908737962,0.7884030912929297,142197,27505,51376,146954,lightgbm,neighbor_grid,6,validation,368032,0.5388933570993827,0.88192353456045,0.8941153815772593,0.1399909604893439
0.7000000000000002,0.4368533171028606,0.7764324841318146,0.8609058565955118,0.6978924015529673,0.7708754518164553,147339,22363,59917,138413,lightgbm,neighbor_grid,6,validation,368032,0.5388933570993827,0.88192353456045,0.8941153815772593,0.1399909604893439
0.7500000000000002,0.3945798191461612,0.7612707590644292,0.8803591841231804,0.6446024302929461,0.7442569888341658,152328,17374,70486,127844,lightgbm,neighbor_grid,6,validation,368032,0.5388933570993827,0.88192353456045,0.8941153815772593,0.1399909604893439
0.8000000000000002,0.3473475132597165,0.7392916920267802,0.9004419759846677,0.5803862249785711,0.7058268054512287,156975,12727,83222,115108,lightgbm,neighbor_grid,6,validation,368032,0.5388933570993827,0.88192353456045,0.8941153815772593,0.1399909604893439
0.8500000000000002,0.29351252065037825,0.7090742109381792,0.9224139527133361,0.5024000403368124,0.6505000783412545,161321,8381,98689,99641,lightgbm,neighbor_grid,6,validation,368032,0.5388933570993827,0.88192353456045,0.8941153815772593,0.1399909604893439
0.9000000000000002,0.23201786801147725,0.6672789322667594,0.9443026115470196,0.4065648162153986,0.5684054701818695,164946,4756,117696,80634,lightgbm,neighbor_grid,6,validation,368032,0.5388933570993827,0.88192353456045,0.8941153815772593,0.1399909604893439
0.1,0.6229399934775519,0.7061392542667682,0.5566471945798086,0.9514907008307357,0.7023822302960241,132238,101624,6505,127593,lightgbm,neighbor_grid,6,test,367960,0.3644363517773671,0.891713981517475,0.8260493111730606,0.1285268894290244
0.15000000000000002,0.5723719969561909,0.7388900967496467,0.5902616210056503,0.9270458918104669,0.7212771389117746,147567,86295,9783,124315,lightgbm,neighbor_grid,6,test,367960,0.3644363517773671,0.891713981517475,0.8260493111730606,0.1285268894290244
0.20000000000000004,0.5301934992934014,0.7615284270029351,0.6187913270798093,0.900237140002088,0.7334410731861428,159492,74370,13378,120720,lightgbm,neighbor_grid,6,test,367960,0.3644363517773671,0.891713981517475,0.8260493111730606,0.1285268894290244
0.25000000000000006,0.49355908250896835,0.7791770844657028,0.6454875832828588,0.8741890259362556,0.7426292650170411,169479,64383,16871,117227,lightgbm,neighbor_grid,6,test,367960,0.3644363517773671,0.891713981517475,0.8260493111730606,0.1285268894290244
0.30000000000000004,0.46004457006196325,0.792732905750625,0.6708195985302284,0.8468060672045817,0.7486089868677812,178139,55723,20543,113555,lightgbm,neighbor_grid,6,test,367960,0.3644363517773671,0.891713981517475,0.8260493111730606,0.1285268894290244
0.3500000000000001,0.4290982715512556,0.8024595064680944,0.6944727691888708,0.8176930304702531,0.7510625400271929,185622,48240,24447,109651,lightgbm,neighbor_grid,6,test,367960,0.3644363517773671,0.891713981517475,0.8260493111730606,0.1285268894290244
0.40000000000000013,0.399043374279813,0.8096695292966627,0.7181540808543097,0.7863502811376755,0.7507065817107464,192478,41384,28650,105448,lightgbm,neighbor_grid,6,test,367960,0.3644363517773671,0.891713981517475,0.8260493111730606,0.1285268894290244
0.45000000000000007,0.3707413849331449,0.813794977714969,0.740371505226583,0.7531805097764321,0.7467210811929793,198444,35418,33098,101000,lightgbm,neighbor_grid,6,test,367960,0.3644363517773671,0.891713981517475,0.8260493111730606,0.1285268894290244
0.5000000000000001,0.34251005544080876,0.8146863789542341,0.7614853606284218,0.7156706289430118,0.7378675113790134,203802,30060,38128,95970,lightgbm,neighbor_grid,6,test,367960,0.3644363517773671,0.891713981517475,0.8260493111730606,0.1285268894290244
0.5500000000000002,0.31477878030220674,0.8135612566583325,0.7827344464973323,0.6760801801667438,0.7255085546005986,208697,25165,43437,90661,lightgbm,neighbor_grid,6,test,367960,0.3644363517773671,0.891713981517475,0.8260493111730606,0.1285268894290244
0.6000000000000002,0.2861805631046853,0.8097809544515708,0.8043835408297959,0.6316574445554743,0.7076328001971588,213263,20599,49394,84704,lightgbm,neighbor_grid,6,test,367960,0.3644363517773671,0.891713981517475,0.8260493111730606,0.1285268894290244
0.6500000000000001,0.2571774105881074,0.8034541798021524,0.8264099502277267,0.5831854315500604,0.683813596002256,217435,16427,55894,78204,lightgbm,neighbor_grid,6,test,367960,0.3644363517773671,0.891713981517475,0.8260493111730606,0.1285268894290244
0.7000000000000002,0.22725296227850852,0.7942656810522883,0.8491748385553696,0.5295231845366821,0.6522933335782986,221250,12612,63090,71008,lightgbm,neighbor_grid,6,test,367960,0.3644363517773671,0.891713981517475,0.8260493111730606,0.1285268894290244
0.7500000000000002,0.1955810414175454,0.7811229481465377,0.8721201678570436,0.46803830034750704,0.6091602608898207,224659,9203,71335,62763,lightgbm,neighbor_grid,6,test,367960,0.3644363517773671,0.891713981517475,0.8260493111730606,0.1285268894290244
0.8000000000000002,0.16156647461680618,0.7633112294814653,0.895340622371741,0.3969335858849498,0.5500237667142001,227640,6222,80870,53228,lightgbm,neighbor_grid,6,test,367960,0.3644363517773671,0.891713981517475,0.8260493111730606,0.1285268894290244
0.8500000000000002,0.12635340797912817,0.7414420045657136,0.9189770503086486,0.318617727333741,0.47317972656444673,230095,3767,91372,42726,lightgbm,neighbor_grid,6,test,367960,0.3644363517773671,0.891713981517475,0.8260493111730606,0.1285268894290244
0.9000000000000002,0.09006141971953473,0.7153032938362865,0.94269591719726,0.23296395173678952,0.37360153554536374,231963,1899,102858,31240,lightgbm,neighbor_grid,6,test,367960,0.3644363517773671,0.891713981517475,0.8260493111730606,0.1285268894290244
