strong_threshold,light_threshold,meets_recall_constraint,macro_f1,moderate_or_heavy_precision,moderate_or_heavy_recall,moderate_or_heavy_f1,horizon_h
0.01,0.2,True,0.19047118108341468,0.03223967014650408,0.9970608184490165,0.06245972339265355,1
0.01,0.25,True,0.19189920142729547,0.03223967014650408,0.9970608184490165,0.06245972339265355,1
0.01,0.3,True,0.19292100111019528,0.03223967014650408,0.9970608184490165,0.06245972339265355,1
0.01,0.35,True,0.1933297910534915,0.03223967014650408,0.9970608184490165,0.06245972339265355,1
0.01,0.39999999999999997,True,0.19339847869412866,0.03223967014650408,0.9970608184490165,0.06245972339265355,1
0.01,0.44999999999999996,True,0.19336043394551386,0.03223967014650408,0.9970608184490165,0.06245972339265355,1
0.01,0.49999999999999994,True,0.1930919438094835,0.03223967014650408,0.9970608184490165,0.06245972339265355,1
0.01,0.5499999999999999,True,0.1927716471670776,0.03223967014650408,0.9970608184490165,0.06245972339265355,1
0.01,0.5999999999999999,True,0.1925389921716669,0.03223967014650408,0.9970608184490165,0.06245972339265355,1
0.01,0.6499999999999999,True,0.19223318376294432,0.03223967014650408,0.9970608184490165,0.06245972339265355,1
0.01,0.7,True,0.19179029001248846,0.03223967014650408,0.9970608184490165,0.06245972339265355,1
0.01,0.7499999999999998,True,0.1914253327596774,0.03223967014650408,0.9970608184490165,0.06245972339265355,1
0.01,0.7999999999999998,True,0.19092477389331533,0.03223967014650408,0.9970608184490165,0.06245972339265355,1
0.03,0.2,True,0.2533293480704763,0.0387241012927218,0.988808501017409,0.07452945136030947,1
0.03,0.25,True,0.256692572991373,0.0387241012927218,0.988808501017409,0.07452945136030947,1
0.03,0.3,True,0.25908448373086096,0.0387241012927218,0.988808501017409,0.07452945136030947,1
0.03,0.35,True,0.26025922363584103,0.0387241012927218,0.988808501017409,0.07452945136030947,1
0.03,0.39999999999999997,True,0.26062152267446614,0.0387241012927218,0.988808501017409,0.07452945136030947,1
0.03,0.44999999999999996,True,0.26056178509649897,0.0387241012927218,0.988808501017409,0.07452945136030947,1
0.03,0.49999999999999994,True,0.2596169244040047,0.0387241012927218,0.988808501017409,0.07452945136030947,1
0.03,0.5499999999999999,True,0.25843221017302415,0.0387241012927218,0.988808501017409,0.07452945136030947,1
0.03,0.5999999999999999,True,0.2571762053425803,0.0387241012927218,0.988808501017409,0.07452945136030947,1
0.03,0.6499999999999999,True,0.25554911215960696,0.0387241012927218,0.988808501017409,0.07452945136030947,1
0.03,0.7,True,0.2540975987609028,0.0387241012927218,0.988808501017409,0.07452945136030947,1
0.03,0.7499999999999998,True,0.25254320027660393,0.0387241012927218,0.988808501017409,0.07452945136030947,1
0.03,0.7999999999999998,True,0.25057440762741434,0.0387241012927218,0.988808501017409,0.07452945136030947,1
0.049999999999999996,0.2,True,0.2868240133225446,0.043669091606211345,0.9785213655889667,0.08360700073407255,1
0.049999999999999996,0.25,True,0.29152969626838526,0.043669091606211345,0.9785213655889667,0.08360700073407255,1
0.049999999999999996,0.3,True,0.29474635242330044,0.043669091606211345,0.9785213655889667,0.08360700073407255,1
0.049999999999999996,0.35,True,0.2965896212332059,0.043669091606211345,0.9785213655889667,0.08360700073407255,1
0.049999999999999996,0.39999999999999997,True,0.2974099434879914,0.043669091606211345,0.9785213655889667,0.08360700073407255,1
0.049999999999999996,0.44999999999999996,True,0.2977084405483684,0.043669091606211345,0.9785213655889667,0.08360700073407255,1
0.049999999999999996,0.49999999999999994,True,0.29660444821937376,0.043669091606211345,0.9785213655889667,0.08360700073407255,1
0.049999999999999996,0.5499999999999999,True,0.294860436254247,0.043669091606211345,0.9785213655889667,0.08360700073407255,1
0.049999999999999996,0.5999999999999999,True,0.2928075084119915,0.043669091606211345,0.9785213655889667,0.08360700073407255,1
0.049999999999999996,0.6499999999999999,True,0.2904628810395754,0.043669091606211345,0.9785213655889667,0.08360700073407255,1
0.049999999999999996,0.7,True,0.28795300255482953,0.043669091606211345,0.9785213655889667,0.08360700073407255,1
0.049999999999999996,0.7499999999999998,True,0.28533632755048716,0.043669091606211345,0.9785213655889667,0.08360700073407255,1
0.049999999999999996,0.7999999999999998,True,0.2820991119282183,0.043669091606211345,0.9785213655889667,0.08360700073407255,1
0.06999999999999999,0.2,True,0.30935108228823965,0.04787239994181688,0.9673298666063758,0.09122990319416606,1
0.06999999999999999,0.25,True,0.3151850015211785,0.04787239994181688,0.9673298666063758,0.09122990319416606,1
0.06999999999999999,0.3,True,0.3190904607979514,0.04787239994181688,0.9673298666063758,0.09122990319416606,1
0.06999999999999999,0.35,True,0.32156466074154155,0.04787239994181688,0.9673298666063758,0.09122990319416606,1
0.06999999999999999,0.39999999999999997,True,0.32272859928097325,0.04787239994181688,0.9673298666063758,0.09122990319416606,1
0.06999999999999999,0.44999999999999996,True,0.3234180979779253,0.04787239994181688,0.9673298666063758,0.09122990319416606,1
0.06999999999999999,0.49999999999999994,True,0.32250829866659775,0.04787239994181688,0.9673298666063758,0.09122990319416606,1
0.06999999999999999,0.5499999999999999,True,0.32060613237891583,0.04787239994181688,0.9673298666063758,0.09122990319416606,1
0.06999999999999999,0.5999999999999999,True,0.3182352742468702,0.04787239994181688,0.9673298666063758,0.09122990319416606,1
0.06999999999999999,0.6499999999999999,True,0.3153766091636986,0.04787239994181688,0.9673298666063758,0.09122990319416606,1
0.06999999999999999,0.7,True,0.31210814175462837,0.04787239994181688,0.9673298666063758,0.09122990319416606,1
0.06999999999999999,0.7499999999999998,True,0.3085388645980091,0.04787239994181688,0.9673298666063758,0.09122990319416606,1
0.06999999999999999,0.7999999999999998,True,0.3040790374994175,0.04787239994181688,0.9673298666063758,0.09122990319416606,1
0.08999999999999998,0.2,True,0.3258552665369735,0.051597216297578276,0.9571557766222021,0.0979160884448145,1
0.08999999999999998,0.25,True,0.33269417122654016,0.051597216297578276,0.9571557766222021,0.0979160884448145,1
0.08999999999999998,0.3,True,0.3373472907337482,0.051597216297578276,0.9571557766222021,0.0979160884448145,1
0.08999999999999998,0.35,True,0.34045945830253155,0.051597216297578276,0.9571557766222021,0.0979160884448145,1
0.08999999999999998,0.39999999999999997,True,0.3420305485624069,0.051597216297578276,0.9571557766222021,0.0979160884448145,1
0.08999999999999998,0.44999999999999996,True,0.3430299133382768,0.051597216297578276,0.9571557766222021,0.0979160884448145,1
0.08999999999999998,0.49999999999999994,True,0.34231131062984854,0.051597216297578276,0.9571557766222021,0.0979160884448145,1
0.08999999999999998,0.5499999999999999,True,0.34054942669362737,0.051597216297578276,0.9571557766222021,0.0979160884448145,1
0.08999999999999998,0.5999999999999999,True,0.3381465575957523,0.051597216297578276,0.9571557766222021,0.0979160884448145,1
0.08999999999999998,0.6499999999999999,True,0.33504389105885246,0.051597216297578276,0.9571557766222021,0.0979160884448145,1
0.08999999999999998,0.7,True,0.3313797715825845,0.051597216297578276,0.9571557766222021,0.0979160884448145,1
0.08999999999999998,0.7499999999999998,True,0.3269124252029342,0.051597216297578276,0.9571557766222021,0.0979160884448145,1
0.08999999999999998,0.7999999999999998,True,0.3214678523903657,0.051597216297578276,0.9571557766222021,0.0979160884448145,1
0.10999999999999997,0.2,True,0.33925211007651446,0.05524821949488844,0.9505991408546236,0.104427196522819,1
0.10999999999999997,0.25,True,0.3470636103755243,0.05524821949488844,0.9505991408546236,0.104427196522819,1
0.10999999999999997,0.3,True,0.3524484626014171,0.05524821949488844,0.9505991408546236,0.104427196522819,1
0.10999999999999997,0.35,True,0.3560426770696656,0.05524821949488844,0.9505991408546236,0.104427196522819,1
0.10999999999999997,0.39999999999999997,True,0.3580569489930798,0.05524821949488844,0.9505991408546236,0.104427196522819,1
0.10999999999999997,0.44999999999999996,True,0.3593711257905377,0.05524821949488844,0.9505991408546236,0.104427196522819,1
0.10999999999999997,0.49999999999999994,True,0.3589387499451056,0.05524821949488844,0.9505991408546236,0.104427196522819,1
0.10999999999999997,0.5499999999999999,True,0.3573404873672858,0.05524821949488844,0.9505991408546236,0.104427196522819,1
0.10999999999999997,0.5999999999999999,True,0.3550636644164944,0.05524821949488844,0.9505991408546236,0.104427196522819,1
0.10999999999999997,0.6499999999999999,True,0.3518629778980847,0.05524821949488844,0.9505991408546236,0.104427196522819,1
0.10999999999999997,0.7,True,0.34791354811876696,0.05524821949488844,0.9505991408546236,0.104427196522819,1
0.10999999999999997,0.7499999999999998,True,0.3429710100457421,0.05524821949488844,0.9505991408546236,0.104427196522819,1
0.10999999999999997,0.7999999999999998,True,0.3366963710358559,0.05524821949488844,0.9505991408546236,0.104427196522819,1
0.12999999999999998,0.2,True,0.35038458388658844,0.05852815798529422,0.9421207325344788,0.11020966814115407,1
0.12999999999999998,0.25,True,0.3590713615969332,0.05852815798529422,0.9421207325344788,0.11020966814115407,1
0.12999999999999998,0.3,True,0.3651203286096861,0.05852815798529422,0.9421207325344788,0.11020966814115407,1
0.12999999999999998,0.35,True,0.36927172633635497,0.05852815798529422,0.9421207325344788,0.11020966814115407,1
0.12999999999999998,0.39999999999999997,True,0.37169609505510737,0.05852815798529422,0.9421207325344788,0.11020966814115407,1
0.12999999999999998,0.44999999999999996,True,0.37334739559543434,0.05852815798529422,0.9421207325344788,0.11020966814115407,1
0.12999999999999998,0.49999999999999994,True,0.37327526364562474,0.05852815798529422,0.9421207325344788,0.11020966814115407,1
0.12999999999999998,0.5499999999999999,True,0.3720200297174114,0.05852815798529422,0.9421207325344788,0.11020966814115407,1
0.12999999999999998,0.5999999999999999,True,0.3699175260305245,0.05852815798529422,0.9421207325344788,0.11020966814115407,1
0.12999999999999998,0.6499999999999999,True,0.36663962235849495,0.05852815798529422,0.9421207325344788,0.11020966814115407,1
0.12999999999999998,0.7,True,0.3624965254568348,0.05852815798529422,0.9421207325344788,0.11020966814115407,1
0.12999999999999998,0.7499999999999998,True,0.35708691478860005,0.05852815798529422,0.9421207325344788,0.11020966814115407,1
0.12999999999999998,0.7999999999999998,True,0.35021805807735484,0.05852815798529422,0.9421207325344788,0.11020966814115407,1
0.15,0.2,True,0.3602658643853074,0.06168971639141267,0.9348858241012887,0.11574203661199127,1
0.15,0.25,True,0.36973714674846486,0.06168971639141267,0.9348858241012887,0.11574203661199127,1
0.15,0.3,True,0.37636581158252086,0.06168971639141267,0.9348858241012887,0.11574203661199127,1
0.15,0.35,True,0.38104982130960474,0.06168971639141267,0.9348858241012887,0.11574203661199127,1
0.15,0.39999999999999997,True,0.3839178166884194,0.06168971639141267,0.9348858241012887,0.11574203661199127,1
0.15,0.44999999999999996,True,0.38590873669005715,0.06168971639141267,0.9348858241012887,0.11574203661199127,1
0.15,0.49999999999999994,True,0.38611212182659543,0.06168971639141267,0.9348858241012887,0.11574203661199127,1
0.15,0.5499999999999999,True,0.38511597837876427,0.06168971639141267,0.9348858241012887,0.11574203661199127,1
0.15,0.5999999999999999,True,0.3831825622139399,0.06168971639141267,0.9348858241012887,0.11574203661199127,1
0.15,0.6499999999999999,True,0.37986090586189997,0.06168971639141267,0.9348858241012887,0.11574203661199127,1
0.15,0.7,True,0.37551380867481976,0.06168971639141267,0.9348858241012887,0.11574203661199127,1
0.15,0.7499999999999998,True,0.36968575584712154,0.06168971639141267,0.9348858241012887,0.11574203661199127,1
0.15,0.7999999999999998,True,0.36225945675059595,0.06168971639141267,0.9348858241012887,0.11574203661199127,1
0.16999999999999998,0.2,True,0.3687442121443462,0.06469617664937752,0.926407415781144,0.12094602073571191,1
0.16999999999999998,0.25,True,0.37890682362150147,0.06469617664937752,0.926407415781144,0.12094602073571191,1
0.16999999999999998,0.3,True,0.386074319160658,0.06469617664937752,0.926407415781144,0.12094602073571191,1
0.16999999999999998,0.35,True,0.3912106107450853,0.06469617664937752,0.926407415781144,0.12094602073571191,1
0.16999999999999998,0.39999999999999997,True,0.3943807251230201,0.06469617664937752,0.926407415781144,0.12094602073571191,1
0.16999999999999998,0.44999999999999996,True,0.39679880343817403,0.06469617664937752,0.926407415781144,0.12094602073571191,1
0.16999999999999998,0.49999999999999994,True,0.39738462606348235,0.06469617664937752,0.926407415781144,0.12094602073571191,1
0.16999999999999998,0.5499999999999999,True,0.3967414743600792,0.06469617664937752,0.926407415781144,0.12094602073571191,1
0.16999999999999998,0.5999999999999999,True,0.39500796438969826,0.06469617664937752,0.926407415781144,0.12094602073571191,1
0.16999999999999998,0.6499999999999999,True,0.39178386252143116,0.06469617664937752,0.926407415781144,0.12094602073571191,1
0.16999999999999998,0.7,True,0.38734049450000035,0.06469617664937752,0.926407415781144,0.12094602073571191,1
0.16999999999999998,0.7499999999999998,True,0.38129675692242265,0.06469617664937752,0.926407415781144,0.12094602073571191,1
0.16999999999999998,0.7999999999999998,True,0.3733805353641762,0.06469617664937752,0.926407415781144,0.12094602073571191,1
0.18999999999999997,0.2,True,0.37670504039393665,0.06762593520360183,0.9186072801266109,0.12597766012696984,1
0.18999999999999997,0.25,True,0.3874631888915865,0.06762593520360183,0.9186072801266109,0.12597766012696984,1
0.18999999999999997,0.3,True,0.39510991048006844,0.06762593520360183,0.9186072801266109,0.12597766012696984,1
0.18999999999999997,0.35,True,0.4006526219517285,0.06762593520360183,0.9186072801266109,0.12597766012696984,1
0.18999999999999997,0.39999999999999997,True,0.40417979739382587,0.06762593520360183,0.9186072801266109,0.12597766012696984,1
0.18999999999999997,0.44999999999999996,True,0.40693026881131344,0.06762593520360183,0.9186072801266109,0.12597766012696984,1
0.18999999999999997,0.49999999999999994,True,0.40781242097651793,0.06762593520360183,0.9186072801266109,0.12597766012696984,1
0.18999999999999997,0.5499999999999999,True,0.40747317523754156,0.06762593520360183,0.9186072801266109,0.12597766012696984,1
0.18999999999999997,0.5999999999999999,True,0.4058278166992679,0.06762593520360183,0.9186072801266109,0.12597766012696984,1
0.18999999999999997,0.6499999999999999,True,0.4028155653763888,0.06762593520360183,0.9186072801266109,0.12597766012696984,1
0.18999999999999997,0.7,True,0.39837167957947534,0.06762593520360183,0.9186072801266109,0.12597766012696984,1
0.18999999999999997,0.7499999999999998,True,0.3922686864929872,0.06762593520360183,0.9186072801266109,0.12597766012696984,1
0.18999999999999997,0.7999999999999998,True,0.38393282307363363,0.06762593520360183,0.9186072801266109,0.12597766012696984,1
0.20999999999999996,0.2,True,0.3839587117848929,0.07057218563895375,0.9122767352475695,0.13100968367736227,1
0.20999999999999996,0.25,True,0.39523543726093907,0.07057218563895375,0.9122767352475695,0.13100968367736227,1
0.20999999999999996,0.3,True,0.40330176453202443,0.07057218563895375,0.9122767352475695,0.13100968367736227,1
0.20999999999999996,0.35,True,0.40918897161949236,0.07057218563895375,0.9122767352475695,0.13100968367736227,1
0.20999999999999996,0.39999999999999997,True,0.41311492988108617,0.07057218563895375,0.9122767352475695,0.13100968367736227,1
0.20999999999999996,0.44999999999999996,True,0.41621999259864945,0.07057218563895375,0.9122767352475695,0.13100968367736227,1
0.20999999999999996,0.49999999999999994,True,0.4174285801772016,0.07057218563895375,0.9122767352475695,0.13100968367736227,1
0.20999999999999996,0.5499999999999999,True,0.4174148232009683,0.07057218563895375,0.9122767352475695,0.13100968367736227,1
0.20999999999999996,0.5999999999999999,True,0.4160493241171881,0.07057218563895375,0.9122767352475695,0.13100968367736227,1
0.20999999999999996,0.6499999999999999,True,0.41320772669299805,0.07057218563895375,0.9122767352475695,0.13100968367736227,1
0.20999999999999996,0.7,True,0.4088472420752504,0.07057218563895375,0.9122767352475695,0.13100968367736227,1
0.20999999999999996,0.7499999999999998,True,0.4026047668051722,0.07057218563895375,0.9122767352475695,0.13100968367736227,1
0.20999999999999996,0.7999999999999998,True,0.39401799984835795,0.07057218563895375,0.9122767352475695,0.13100968367736227,1
0.22999999999999998,0.2,True,0.3906183430780055,0.07336954032989275,0.9056070540357224,0.13574169935526506,1
0.22999999999999998,0.25,True,0.4023571988511052,0.07336954032989275,0.9056070540357224,0.13574169935526506,1
0.22999999999999998,0.3,True,0.4108584609052506,0.07336954032989275,0.9056070540357224,0.13574169935526506,1
0.22999999999999998,0.35,True,0.41704056789756433,0.07336954032989275,0.9056070540357224,0.13574169935526506,1
0.22999999999999998,0.39999999999999997,True,0.4213207192135317,0.07336954032989275,0.9056070540357224,0.13574169935526506,1
0.22999999999999998,0.44999999999999996,True,0.4247895499973804,0.07336954032989275,0.9056070540357224,0.13574169935526506,1
0.22999999999999998,0.49999999999999994,True,0.4263062985830108,0.07336954032989275,0.9056070540357224,0.13574169935526506,1
0.22999999999999998,0.5499999999999999,True,0.42653199504949774,0.07336954032989275,0.9056070540357224,0.13574169935526506,1
0.22999999999999998,0.5999999999999999,True,0.4254221495535991,0.07336954032989275,0.9056070540357224,0.13574169935526506,1
0.22999999999999998,0.6499999999999999,True,0.4226928767356645,0.07336954032989275,0.9056070540357224,0.13574169935526506,1
0.22999999999999998,0.7,True,0.41834511594238005,0.07336954032989275,0.9056070540357224,0.13574169935526506,1
0.22999999999999998,0.7499999999999998,True,0.4120556129152451,0.07336954032989275,0.9056070540357224,0.13574169935526506,1
0.22999999999999998,0.7999999999999998,True,0.40321222522423694,0.07336954032989275,0.9056070540357224,0.13574169935526506,1
0.24999999999999997,0.2,True,0.39712883033139645,0.07625097002270571,0.8997286909337554,0.1405873261205564,1
0.24999999999999997,0.25,True,0.4093108309914954,0.07625097002270571,0.8997286909337554,0.1405873261205564,1
0.24999999999999997,0.3,True,0.41819112029447125,0.07625097002270571,0.8997286909337554,0.1405873261205564,1
0.24999999999999997,0.35,True,0.42470159521292833,0.07625097002270571,0.8997286909337554,0.1405873261205564,1
0.24999999999999997,0.39999999999999997,True,0.4293240551226442,0.07625097002270571,0.8997286909337554,0.1405873261205564,1
0.24999999999999997,0.44999999999999996,True,0.43314226715666315,0.07625097002270571,0.8997286909337554,0.1405873261205564,1
0.24999999999999997,0.49999999999999994,True,0.4349631417192626,0.07625097002270571,0.8997286909337554,0.1405873261205564,1
0.24999999999999997,0.5499999999999999,True,0.4354566463173482,0.07625097002270571,0.8997286909337554,0.1405873261205564,1
0.24999999999999997,0.5999999999999999,True,0.4345544219396635,0.07625097002270571,0.8997286909337554,0.1405873261205564,1
0.24999999999999997,0.6499999999999999,True,0.43202321791709136,0.07625097002270571,0.8997286909337554,0.1405873261205564,1
0.24999999999999997,0.7,True,0.4277212307932953,0.07625097002270571,0.8997286909337554,0.1405873261205564,1
0.24999999999999997,0.7499999999999998,True,0.42136059970923184,0.07625097002270571,0.8997286909337554,0.1405873261205564,1
0.24999999999999997,0.7999999999999998,True,0.4123514127250068,0.07625097002270571,0.8997286909337554,0.1405873261205564,1
0.26999999999999996,0.2,True,0.40310648537171073,0.07901093504124446,0.8911372371693421,0.1451522321551875,1
0.26999999999999996,0.25,True,0.4156915178907367,0.07901093504124446,0.8911372371693421,0.1451522321551875,1
0.26999999999999996,0.3,True,0.42494552729767615,0.07901093504124446,0.8911372371693421,0.1451522321551875,1
0.26999999999999996,0.35,True,0.43179767141106984,0.07901093504124446,0.8911372371693421,0.1451522321551875,1
0.26999999999999996,0.39999999999999997,True,0.4367409746607506,0.07901093504124446,0.8911372371693421,0.1451522321551875,1
0.26999999999999996,0.44999999999999996,True,0.44084946196330854,0.07901093504124446,0.8911372371693421,0.1451522321551875,1
0.26999999999999996,0.49999999999999994,True,0.44301972645026,0.07901093504124446,0.8911372371693421,0.1451522321551875,1
0.26999999999999996,0.5499999999999999,True,0.4438247276703562,0.07901093504124446,0.8911372371693421,0.1451522321551875,1
0.26999999999999996,0.5999999999999999,True,0.4432084438512784,0.07901093504124446,0.8911372371693421,0.1451522321551875,1
0.26999999999999996,0.6499999999999999,True,0.4409135222544638,0.07901093504124446,0.8911372371693421,0.1451522321551875,1
0.26999999999999996,0.7,True,0.43673744198261577,0.07901093504124446,0.8911372371693421,0.1451522321551875,1
0.26999999999999996,0.7499999999999998,True,0.43038658427374016,0.07901093504124446,0.8911372371693421,0.1451522321551875,1
0.26999999999999996,0.7999999999999998,True,0.4212896440630958,0.07901093504124446,0.8911372371693421,0.1451522321551875,1
0.29,0.2,True,0.40883005604474465,0.08181580461272946,0.8842414650689577,0.14977357804137825,1
0.29,0.25,True,0.42178122780893607,0.08181580461272946,0.8842414650689577,0.14977357804137825,1
0.29,0.3,True,0.4313688517436014,0.08181580461272946,0.8842414650689577,0.14977357804137825,1
0.29,0.35,True,0.4385663773915278,0.08181580461272946,0.8842414650689577,0.14977357804137825,1
0.29,0.39999999999999997,True,0.4438196741799157,0.08181580461272946,0.8842414650689577,0.14977357804137825,1
0.29,0.44999999999999996,True,0.44826562677380016,0.08181580461272946,0.8842414650689577,0.14977357804137825,1
0.29,0.49999999999999994,True,0.4507720136871052,0.08181580461272946,0.8842414650689577,0.14977357804137825,1
0.29,0.5499999999999999,True,0.45181673578634096,0.08181580461272946,0.8842414650689577,0.14977357804137825,1
0.29,0.5999999999999999,True,0.45143348783663834,0.08181580461272946,0.8842414650689577,0.14977357804137825,1
0.29,0.6499999999999999,True,0.4493929878918234,0.08181580461272946,0.8842414650689577,0.14977357804137825,1
0.29,0.7,True,0.44532452174926146,0.08181580461272946,0.8842414650689577,0.14977357804137825,1
0.29,0.7499999999999998,True,0.43898091673341577,0.08181580461272946,0.8842414650689577,0.14977357804137825,1
0.29,0.7999999999999998,True,0.4298284359591848,0.08181580461272946,0.8842414650689577,0.14977357804137825,1
0.30999999999999994,0.2,True,0.41422485639526263,0.08469712839312211,0.8775717838571105,0.15448448787088814,1
0.30999999999999994,0.25,True,0.42744763978709016,0.08469712839312211,0.8775717838571105,0.15448448787088814,1
0.30999999999999994,0.3,True,0.4373139775066896,0.08469712839312211,0.8775717838571105,0.15448448787088814,1
0.30999999999999994,0.35,True,0.44478433568823134,0.08469712839312211,0.8775717838571105,0.15448448787088814,1
0.30999999999999994,0.39999999999999997,True,0.4503184167353949,0.08469712839312211,0.8775717838571105,0.15448448787088814,1
0.30999999999999994,0.44999999999999996,True,0.45501370893121446,0.08469712839312211,0.8775717838571105,0.15448448787088814,1
0.30999999999999994,0.49999999999999994,True,0.45783235021287494,0.08469712839312211,0.8775717838571105,0.15448448787088814,1
0.30999999999999994,0.5499999999999999,True,0.4592005055885311,0.08469712839312211,0.8775717838571105,0.15448448787088814,1
0.30999999999999994,0.5999999999999999,True,0.45909599856719613,0.08469712839312211,0.8775717838571105,0.15448448787088814,1
0.30999999999999994,0.6499999999999999,True,0.4572327540256322,0.08469712839312211,0.8775717838571105,0.15448448787088814,1
0.30999999999999994,0.7,True,0.4533492257979274,0.08469712839312211,0.8775717838571105,0.15448448787088814,1
0.30999999999999994,0.7499999999999998,True,0.4469971787724769,0.08469712839312211,0.8775717838571105,0.15448448787088814,1
0.30999999999999994,0.7999999999999998,True,0.43784762621018486,0.08469712839312211,0.8775717838571105,0.15448448787088814,1
0.32999999999999996,0.2,True,0.4194187778939787,0.08758725755474203,0.8709021026452634,0.15916697657121606,1
0.32999999999999996,0.25,True,0.43289656659628495,0.08758725755474203,0.8709021026452634,0.15916697657121606,1
0.32999999999999996,0.3,True,0.44303258631136155,0.08758725755474203,0.8709021026452634,0.15916697657121606,1
0.32999999999999996,0.35,True,0.4507440541901709,0.08758725755474203,0.8709021026452634,0.15916697657121606,1
0.32999999999999996,0.39999999999999997,True,0.45655423007921825,0.08758725755474203,0.8709021026452634,0.15916697657121606,1
0.32999999999999996,0.44999999999999996,True,0.46152087669393804,0.08758725755474203,0.8709021026452634,0.15916697657121606,1
0.32999999999999996,0.49999999999999994,True,0.46462546759639567,0.08758725755474203,0.8709021026452634,0.15916697657121606,1
0.32999999999999996,0.5499999999999999,True,0.4662279233388737,0.08758725755474203,0.8709021026452634,0.15916697657121606,1
0.32999999999999996,0.5999999999999999,True,0.4663508125454137,0.08758725755474203,0.8709021026452634,0.15916697657121606,1
0.32999999999999996,0.6499999999999999,True,0.4647012016803002,0.08758725755474203,0.8709021026452634,0.15916697657121606,1
0.32999999999999996,0.7,True,0.46097730722597624,0.08758725755474203,0.8709021026452634,0.15916697657121606,1
0.32999999999999996,0.7499999999999998,True,0.4546687053105402,0.08758725755474203,0.8709021026452634,0.15916697657121606,1
0.32999999999999996,0.7999999999999998,True,0.4455254972945128,0.08758725755474203,0.8709021026452634,0.15916697657121606,1
0.35,0.2,True,0.42466745714091764,0.09053395467966277,0.8631019669907303,0.16387812704579358,1
0.35,0.25,True,0.43839721688806166,0.09053395467966277,0.8631019669907303,0.16387812704579358,1
0.35,0.3,True,0.4487673092823659,0.09053395467966277,0.8631019669907303,0.16387812704579358,1
0.35,0.35,True,0.4566999074314095,0.09053395467966277,0.8631019669907303,0.16387812704579358,1
0.35,0.39999999999999997,True,0.4627749876626542,0.09053395467966277,0.8631019669907303,0.16387812704579358,1
0.35,0.44999999999999996,True,0.4679817270995354,0.09053395467966277,0.8631019669907303,0.16387812704579358,1
0.35,0.49999999999999994,True,0.47136763569871803,0.09053395467966277,0.8631019669907303,0.16387812704579358,1
0.35,0.5499999999999999,True,0.47324709250427294,0.09053395467966277,0.8631019669907303,0.16387812704579358,1
0.35,0.5999999999999999,True,0.4736029057540167,0.09053395467966277,0.8631019669907303,0.16387812704579358,1
0.35,0.6499999999999999,True,0.4721050707270418,0.09053395467966277,0.8631019669907303,0.16387812704579358,1
0.35,0.7,True,0.4685293625095497,0.09053395467966277,0.8631019669907303,0.16387812704579358,1
0.35,0.7499999999999998,True,0.46230002989557817,0.09053395467966277,0.8631019669907303,0.16387812704579358,1
0.35,0.7999999999999998,True,0.4531423360666182,0.09053395467966277,0.8631019669907303,0.16387812704579358,1
0.36999999999999994,0.2,True,0.42940178458409234,0.09336068815503262,0.853945286004974,0.16831925845050025,1
0.36999999999999994,0.25,True,0.44334469912842533,0.09336068815503262,0.853945286004974,0.16831925845050025,1
0.36999999999999994,0.3,True,0.45391770829670935,0.09336068815503262,0.853945286004974,0.16831925845050025,1
0.36999999999999994,0.35,True,0.46206809460150566,0.09336068815503262,0.853945286004974,0.16831925845050025,1
0.36999999999999994,0.39999999999999997,True,0.4683599774348282,0.09336068815503262,0.853945286004974,0.16831925845050025,1
0.36999999999999994,0.44999999999999996,True,0.47376535866004504,0.09336068815503262,0.853945286004974,0.16831925845050025,1
0.36999999999999994,0.49999999999999994,True,0.47743190333084,0.09336068815503262,0.853945286004974,0.16831925845050025,1
0.36999999999999994,0.5499999999999999,True,0.4795924215755971,0.09336068815503262,0.853945286004974,0.16831925845050025,1
0.36999999999999994,0.5999999999999999,True,0.4801843148429763,0.09336068815503262,0.853945286004974,0.16831925845050025,1
0.36999999999999994,0.6499999999999999,True,0.4788930933900535,0.09336068815503262,0.853945286004974,0.16831925845050025,1
0.36999999999999994,0.7,True,0.47546193063680825,0.09336068815503262,0.853945286004974,0.16831925845050025,1
0.36999999999999994,0.7499999999999998,True,0.46936037803282127,0.09336068815503262,0.853945286004974,0.16831925845050025,1
0.36999999999999994,0.7999999999999998,True,0.46033246725117993,0.09336068815503262,0.853945286004974,0.16831925845050025,1
0.38999999999999996,0.2,True,0.4342460498162808,0.09643630179344465,0.8461451503504409,0.1731396451620365,1
0.38999999999999996,0.25,True,0.4484119783624883,0.09643630179344465,0.8461451503504409,0.1731396451620365,1
0.38999999999999996,0.3,True,0.459182593550347,0.09643630179344465,0.8461451503504409,0.1731396451620365,1
0.38999999999999996,0.35,True,0.46751038084185303,0.09643630179344465,0.8461451503504409,0.1731396451620365,1
0.38999999999999996,0.39999999999999997,True,0.47398772124730054,0.09643630179344465,0.8461451503504409,0.1731396451620365,1
0.38999999999999996,0.44999999999999996,True,0.4796071408512323,0.09643630179344465,0.8461451503504409,0.1731396451620365,1
0.38999999999999996,0.49999999999999994,True,0.48355172516803496,0.09643630179344465,0.8461451503504409,0.1731396451620365,1
0.38999999999999996,0.5499999999999999,True,0.4859307206243468,0.09643630179344465,0.8461451503504409,0.1731396451620365,1
0.38999999999999996,0.5999999999999999,True,0.48674227165564005,0.09643630179344465,0.8461451503504409,0.1731396451620365,1
0.38999999999999996,0.6499999999999999,True,0.485646972041629,0.09643630179344465,0.8461451503504409,0.1731396451620365,1
0.38999999999999996,0.7,True,0.48240259140910985,0.09643630179344465,0.8461451503504409,0.1731396451620365,1
0.38999999999999996,0.7499999999999998,True,0.4764487148176994,0.09643630179344465,0.8461451503504409,0.1731396451620365,1
0.38999999999999996,0.7999999999999998,True,0.4674743976417218,0.09643630179344465,0.8461451503504409,0.1731396451620365,1
0.4099999999999999,0.2,True,0.43883943802049136,0.09945485794081314,0.8373276056974904,0.17779217973644415,1
0.4099999999999999,0.25,True,0.453194928919455,0.09945485794081314,0.8373276056974904,0.17779217973644415,1
0.4099999999999999,0.3,True,0.4641075031644757,0.09945485794081314,0.8373276056974904,0.17779217973644415,1
0.4099999999999999,0.35,True,0.47259400818874225,0.09945485794081314,0.8373276056974904,0.17779217973644415,1
0.4099999999999999,0.39999999999999997,True,0.47928697020792854,0.09945485794081314,0.8373276056974904,0.17779217973644415,1
0.4099999999999999,0.44999999999999996,True,0.4851632439858131,0.09945485794081314,0.8373276056974904,0.17779217973644415,1
0.4099999999999999,0.49999999999999994,True,0.48934600971426834,0.09945485794081314,0.8373276056974904,0.17779217973644415,1
0.4099999999999999,0.5499999999999999,True,0.49198393801341883,0.09945485794081314,0.8373276056974904,0.17779217973644415,1
0.4099999999999999,0.5999999999999999,True,0.49301257681197813,0.09945485794081314,0.8373276056974904,0.17779217973644415,1
0.4099999999999999,0.6499999999999999,True,0.49216119942001363,0.09945485794081314,0.8373276056974904,0.17779217973644415,1
0.4099999999999999,0.7,True,0.48914045112584564,0.09945485794081314,0.8373276056974904,0.17779217973644415,1
0.4099999999999999,0.7499999999999998,True,0.4833418461452515,0.09945485794081314,0.8373276056974904,0.17779217973644415,1
0.4099999999999999,0.7999999999999998,True,0.4743582336183432,0.09945485794081314,0.8373276056974904,0.17779217973644415,1
0.42999999999999994,0.2,True,0.4435405461647857,0.10262596790483672,0.8270404702690481,0.18259415479072552,1
0.42999999999999994,0.25,True,0.45805788788052343,0.10262596790483672,0.8270404702690481,0.18259415479072552,1
0.42999999999999994,0.3,True,0.46913946107157684,0.10262596790483672,0.8270404702690481,0.18259415479072552,1
0.42999999999999994,0.35,True,0.4777797825422367,0.10262596790483672,0.8270404702690481,0.18259415479072552,1
0.42999999999999994,0.39999999999999997,True,0.4846516979745304,0.10262596790483672,0.8270404702690481,0.18259415479072552,1
0.42999999999999994,0.44999999999999996,True,0.49076480596558775,0.10262596790483672,0.8270404702690481,0.18259415479072552,1
0.42999999999999994,0.49999999999999994,True,0.4951266663121087,0.10262596790483672,0.8270404702690481,0.18259415479072552,1
0.42999999999999994,0.5499999999999999,True,0.4980130616253737,0.10262596790483672,0.8270404702690481,0.18259415479072552,1
0.42999999999999994,0.5999999999999999,True,0.4991946377089824,0.10262596790483672,0.8270404702690481,0.18259415479072552,1
0.42999999999999994,0.6499999999999999,True,0.49854973055448754,0.10262596790483672,0.8270404702690481,0.18259415479072552,1
0.42999999999999994,0.7,True,0.49576029937709126,0.10262596790483672,0.8270404702690481,0.18259415479072552,1
0.42999999999999994,0.7499999999999998,True,0.49003500673440953,0.10262596790483672,0.8270404702690481,0.18259415479072552,1
0.42999999999999994,0.7999999999999998,True,0.4810743027856772,0.10262596790483672,0.8270404702690481,0.18259415479072552,1
0.44999999999999996,0.2,False,0.44806937526225993,0.10598848874503888,0.8181098801718291,0.18766450140677066,1
0.44999999999999996,0.25,False,0.46270897762350693,0.10598848874503888,0.8181098801718291,0.18766450140677066,1
0.44999999999999996,0.3,False,0.47393804248943056,0.10598848874503888,0.8181098801718291,0.18766450140677066,1
0.44999999999999996,0.35,False,0.4826986944954123,0.10598848874503888,0.8181098801718291,0.18766450140677066,1
0.44999999999999996,0.39999999999999997,False,0.4897502208575646,0.10598848874503888,0.8181098801718291,0.18766450140677066,1
0.44999999999999996,0.44999999999999996,False,0.4960291979965301,0.10598848874503888,0.8181098801718291,0.18766450140677066,1
0.44999999999999996,0.49999999999999994,False,0.5006251275453087,0.10598848874503888,0.8181098801718291,0.18766450140677066,1
0.44999999999999996,0.5499999999999999,False,0.503776142439858,0.10598848874503888,0.8181098801718291,0.18766450140677066,1
0.44999999999999996,0.5999999999999999,False,0.5051411567505335,0.10598848874503888,0.8181098801718291,0.18766450140677066,1
0.44999999999999996,0.6499999999999999,False,0.5046939229615724,0.10598848874503888,0.8181098801718291,0.18766450140677066,1
0.44999999999999996,0.7,False,0.5021102778445302,0.10598848874503888,0.8181098801718291,0.18766450140677066,1
0.44999999999999996,0.7499999999999998,False,0.49651507183291077,0.10598848874503888,0.8181098801718291,0.18766450140677066,1
0.44999999999999996,0.7999999999999998,False,0.48763077649901554,0.10598848874503888,0.8181098801718291,0.18766450140677066,1
0.4699999999999999,0.2,False,0.4526704001610702,0.1095416104914818,0.8082749265204612,0.192935589195607,1
0.4699999999999999,0.25,False,0.4674462831657498,0.1095416104914818,0.8082749265204612,0.192935589195607,1
0.4699999999999999,0.3,False,0.47880555679278136,0.1095416104914818,0.8082749265204612,0.192935589195607,1
0.4699999999999999,0.35,False,0.48772724823467145,0.1095416104914818,0.8082749265204612,0.192935589195607,1
0.4699999999999999,0.39999999999999997,False,0.49493361321594737,0.1095416104914818,0.8082749265204612,0.192935589195607,1
0.4699999999999999,0.44999999999999996,False,0.5014055331974304,0.1095416104914818,0.8082749265204612,0.192935589195607,1
0.4699999999999999,0.49999999999999994,False,0.5062174357214718,0.1095416104914818,0.8082749265204612,0.192935589195607,1
0.4699999999999999,0.5499999999999999,False,0.5095932462358916,0.1095416104914818,0.8082749265204612,0.192935589195607,1
0.4699999999999999,0.5999999999999999,False,0.51116488696136,0.1095416104914818,0.8082749265204612,0.192935589195607,1
0.4699999999999999,0.6499999999999999,False,0.5109267720067768,0.1095416104914818,0.8082749265204612,0.192935589195607,1
0.4699999999999999,0.7,False,0.5084922300324547,0.1095416104914818,0.8082749265204612,0.192935589195607,1
0.4699999999999999,0.7499999999999998,False,0.5031474556016856,0.1095416104914818,0.8082749265204612,0.192935589195607,1
0.4699999999999999,0.7999999999999998,False,0.49430838596034765,0.1095416104914818,0.8082749265204612,0.192935589195607,1
0.48999999999999994,0.2,False,0.4571794903597009,0.11321419985575767,0.798553018313362,0.19831276933226652,1
0.48999999999999994,0.25,False,0.47207684380177084,0.11321419985575767,0.798553018313362,0.19831276933226652,1
0.48999999999999994,0.3,False,0.4835384642972935,0.11321419985575767,0.798553018313362,0.19831276933226652,1
0.48999999999999994,0.35,False,0.49259539063981994,0.11321419985575767,0.798553018313362,0.19831276933226652,1
0.48999999999999994,0.39999999999999997,False,0.49996930597438977,0.11321419985575767,0.798553018313362,0.19831276933226652,1
0.48999999999999994,0.44999999999999996,False,0.5066067914418416,0.11321419985575767,0.798553018313362,0.19831276933226652,1
0.48999999999999994,0.49999999999999994,False,0.5116439381892132,0.11321419985575767,0.798553018313362,0.19831276933226652,1
0.48999999999999994,0.5499999999999999,False,0.5152169395590105,0.11321419985575767,0.798553018313362,0.19831276933226652,1
0.48999999999999994,0.5999999999999999,False,0.5170458533648244,0.11321419985575767,0.798553018313362,0.19831276933226652,1
0.48999999999999994,0.6499999999999999,False,0.5170082021085761,0.11321419985575767,0.798553018313362,0.19831276933226652,1
0.48999999999999994,0.7,False,0.514742360707371,0.11321419985575767,0.798553018313362,0.19831276933226652,1
0.48999999999999994,0.7499999999999998,False,0.5096263248904332,0.11321419985575767,0.798553018313362,0.19831276933226652,1
0.48999999999999994,0.7999999999999998,False,0.5009275799333515,0.11321419985575767,0.798553018313362,0.19831276933226652,1
0.5099999999999999,0.2,False,0.4617196148095523,0.11709550806803315,0.7891702464390685,0.20393199345641505,1
0.5099999999999999,0.25,False,0.4767495887661832,0.11709550806803315,0.7891702464390685,0.20393199345641505,1
0.5099999999999999,0.3,False,0.4883362823911654,0.11709550806803315,0.7891702464390685,0.20393199345641505,1
0.5099999999999999,0.35,False,0.4975210219874066,0.11709550806803315,0.7891702464390685,0.20393199345641505,1
0.5099999999999999,0.39999999999999997,False,0.5050531357942587,0.11709550806803315,0.7891702464390685,0.20393199345641505,1
0.5099999999999999,0.44999999999999996,False,0.511858395529801,0.11709550806803315,0.7891702464390685,0.20393199345641505,1
0.5099999999999999,0.49999999999999994,False,0.5170532193558964,0.11709550806803315,0.7891702464390685,0.20393199345641505,1
0.5099999999999999,0.5499999999999999,False,0.5208472484664061,0.11709550806803315,0.7891702464390685,0.20393199345641505,1
0.5099999999999999,0.5999999999999999,False,0.5228901521493344,0.11709550806803315,0.7891702464390685,0.20393199345641505,1
0.5099999999999999,0.6499999999999999,False,0.5230832083528669,0.11709550806803315,0.7891702464390685,0.20393199345641505,1
0.5099999999999999,0.7,False,0.5209505402471108,0.11709550806803315,0.7891702464390685,0.20393199345641505,1
0.5099999999999999,0.7499999999999998,False,0.5159462231662978,0.11709550806803315,0.7891702464390685,0.20393199345641505,1
0.5099999999999999,0.7999999999999998,False,0.5073359272304695,0.11709550806803315,0.7891702464390685,0.20393199345641505,1
0.5299999999999999,0.2,False,0.46648029892413806,0.1212873903392876,0.7783178837892832,0.20987014570505394,1
0.5299999999999999,0.25,False,0.481633303152289,0.1212873903392876,0.7783178837892832,0.20987014570505394,1
0.5299999999999999,0.3,False,0.4933310095089734,0.1212873903392876,0.7783178837892832,0.20987014570505394,1
0.5299999999999999,0.35,False,0.5026334030528811,0.1212873903392876,0.7783178837892832,0.20987014570505394,1
0.5299999999999999,0.39999999999999997,False,0.5103391299765372,0.1212873903392876,0.7783178837892832,0.20987014570505394,1
0.5299999999999999,0.44999999999999996,False,0.5173134929704634,0.1212873903392876,0.7783178837892832,0.20987014570505394,1
0.5299999999999999,0.49999999999999994,False,0.5227188316774801,0.1212873903392876,0.7783178837892832,0.20987014570505394,1
0.5299999999999999,0.5499999999999999,False,0.5267280971570504,0.1212873903392876,0.7783178837892832,0.20987014570505394,1
0.5299999999999999,0.5999999999999999,False,0.5290042662339989,0.1212873903392876,0.7783178837892832,0.20987014570505394,1
0.5299999999999999,0.6499999999999999,False,0.5294213042780861,0.1212873903392876,0.7783178837892832,0.20987014570505394,1
0.5299999999999999,0.7,False,0.527450793297518,0.1212873903392876,0.7783178837892832,0.20987014570505394,1
0.5299999999999999,0.7499999999999998,False,0.5226809360350578,0.1212873903392876,0.7783178837892832,0.20987014570505394,1
0.5299999999999999,0.7999999999999998,False,0.514231258613499,0.1212873903392876,0.7783178837892832,0.20987014570505394,1
0.5499999999999999,0.2,False,0.4713004928993009,0.12564572571238128,0.7671263848066923,0.21592554291623578,1
0.5499999999999999,0.25,False,0.48657453288894,0.12564572571238128,0.7671263848066923,0.21592554291623578,1
0.5499999999999999,0.3,False,0.4983959965828846,0.12564572571238128,0.7671263848066923,0.21592554291623578,1
0.5499999999999999,0.35,False,0.5078192626290848,0.12564572571238128,0.7671263848066923,0.21592554291623578,1
0.5499999999999999,0.39999999999999997,False,0.5156925219523711,0.12564572571238128,0.7671263848066923,0.21592554291623578,1
0.5499999999999999,0.44999999999999996,False,0.5228282994990249,0.12564572571238128,0.7671263848066923,0.21592554291623578,1
0.5499999999999999,0.49999999999999994,False,0.5284078406101865,0.12564572571238128,0.7671263848066923,0.21592554291623578,1
0.5499999999999999,0.5499999999999999,False,0.5325981778756838,0.12564572571238128,0.7671263848066923,0.21592554291623578,1
0.5499999999999999,0.5999999999999999,False,0.535073361546288,0.12564572571238128,0.7671263848066923,0.21592554291623578,1
0.5499999999999999,0.6499999999999999,False,0.5357387133264754,0.12564572571238128,0.7671263848066923,0.21592554291623578,1
0.5499999999999999,0.7,False,0.5340170058554911,0.12564572571238128,0.7671263848066923,0.21592554291623578,1
0.5499999999999999,0.7499999999999998,False,0.5294217327563682,0.12564572571238128,0.7671263848066923,0.21592554291623578,1
0.5499999999999999,0.7999999999999998,False,0.521045258953591,0.12564572571238128,0.7671263848066923,0.21592554291623578,1
0.57,0.2,False,0.4759367975214736,0.1302838870691,0.7553696586027583,0.22223700402434562,1
0.57,0.25,False,0.49129921833240814,0.1302838870691,0.7553696586027583,0.22223700402434562,1
0.57,0.3,False,0.5032141818007781,0.1302838870691,0.7553696586027583,0.22223700402434562,1
0.57,0.35,False,0.5127444933837952,0.1302838870691,0.7553696586027583,0.22223700402434562,1
0.57,0.39999999999999997,False,0.5207312269803018,0.1302838870691,0.7553696586027583,0.22223700402434562,1
0.57,0.44999999999999996,False,0.5280024638697266,0.1302838870691,0.7553696586027583,0.22223700402434562,1
0.57,0.49999999999999994,False,0.5337431914615176,0.1302838870691,0.7553696586027583,0.22223700402434562,1
0.57,0.5499999999999999,False,0.5381296449683569,0.1302838870691,0.7553696586027583,0.22223700402434562,1
0.57,0.5999999999999999,False,0.5408310400294053,0.1302838870691,0.7553696586027583,0.22223700402434562,1
0.57,0.6499999999999999,False,0.5416819122067816,0.1302838870691,0.7553696586027583,0.22223700402434562,1
0.57,0.7,False,0.5401724807526015,0.1302838870691,0.7553696586027583,0.22223700402434562,1
0.57,0.7499999999999998,False,0.5357812103587379,0.1302838870691,0.7553696586027583,0.22223700402434562,1
0.57,0.7999999999999998,False,0.5275451192102826,0.1302838870691,0.7553696586027583,0.22223700402434562,1
0.59,0.2,False,0.4804990142170848,0.1350063662874276,0.7431607506217499,0.22850191171359055,1
0.59,0.25,False,0.49595980250222566,0.1350063662874276,0.7431607506217499,0.22850191171359055,1
0.59,0.3,False,0.5079542829097111,0.1350063662874276,0.7431607506217499,0.22850191171359055,1
0.59,0.35,False,0.5175899840908439,0.1350063662874276,0.7431607506217499,0.22850191171359055,1
0.59,0.39999999999999997,False,0.5256992925667477,0.1350063662874276,0.7431607506217499,0.22850191171359055,1
0.59,0.44999999999999996,False,0.533076265235001,0.1350063662874276,0.7431607506217499,0.22850191171359055,1
0.59,0.49999999999999994,False,0.5389475210833305,0.1350063662874276,0.7431607506217499,0.22850191171359055,1
0.59,0.5499999999999999,False,0.5435253008714602,0.1350063662874276,0.7431607506217499,0.22850191171359055,1
0.59,0.5999999999999999,False,0.5464638278263757,0.1350063662874276,0.7431607506217499,0.22850191171359055,1
0.59,0.6499999999999999,False,0.5474927458055062,0.1350063662874276,0.7431607506217499,0.22850191171359055,1
0.59,0.7,False,0.5461699892774942,0.1350063662874276,0.7431607506217499,0.22850191171359055,1
0.59,0.7499999999999998,False,0.5419577058180404,0.1350063662874276,0.7431607506217499,0.22850191171359055,1
0.59,0.7999999999999998,False,0.5338568025325261,0.1350063662874276,0.7431607506217499,0.22850191171359055,1
0.6099999999999999,0.2,False,0.48535368004209595,0.14050520188527615,0.7312909789735473,0.23572066245194673,1
0.6099999999999999,0.25,False,0.5009036469295668,0.14050520188527615,0.7312909789735473,0.23572066245194673,1
0.6099999999999999,0.3,False,0.5129838102172483,0.14050520188527615,0.7312909789735473,0.23572066245194673,1
0.6099999999999999,0.35,False,0.5227251928834291,0.14050520188527615,0.7312909789735473,0.23572066245194673,1
0.6099999999999999,0.39999999999999997,False,0.5309481865637778,0.14050520188527615,0.7312909789735473,0.23572066245194673,1
0.6099999999999999,0.44999999999999996,False,0.5384350572685394,0.14050520188527615,0.7312909789735473,0.23572066245194673,1
0.6099999999999999,0.49999999999999994,False,0.5444741824839996,0.14050520188527615,0.7312909789735473,0.23572066245194673,1
0.6099999999999999,0.5499999999999999,False,0.5492407724236557,0.14050520188527615,0.7312909789735473,0.23572066245194673,1
0.6099999999999999,0.5999999999999999,False,0.552383015498347,0.14050520188527615,0.7312909789735473,0.23572066245194673,1
0.6099999999999999,0.6499999999999999,False,0.5536452713749543,0.14050520188527615,0.7312909789735473,0.23572066245194673,1
0.6099999999999999,0.7,False,0.5525501837877734,0.14050520188527615,0.7312909789735473,0.23572066245194673,1
0.6099999999999999,0.7499999999999998,False,0.5485475961126801,0.14050520188527615,0.7312909789735473,0.23572066245194673,1
0.6099999999999999,0.7999999999999998,False,0.5406457053820396,0.14050520188527615,0.7312909789735473,0.23572066245194673,1
0.01,0.2,True,0.15062940999128707,0.029424304195478104,0.9986434546687768,0.05716430369426092,2
0.01,0.25,True,0.15095318749992476,0.029424304195478104,0.9986434546687768,0.05716430369426092,2
0.01,0.3,True,0.1512086051323245,0.029424304195478104,0.9986434546687768,0.05716430369426092,2
0.01,0.35,True,0.151503140626613,0.029424304195478104,0.9986434546687768,0.05716430369426092,2
0.01,0.39999999999999997,True,0.15162573609248073,0.029424304195478104,0.9986434546687768,0.05716430369426092,2
0.01,0.44999999999999996,True,0.1516686160944876,0.029424304195478104,0.9986434546687768,0.05716430369426092,2
0.01,0.49999999999999994,True,0.1516066491107164,0.029424304195478104,0.9986434546687768,0.05716430369426092,2
0.01,0.5499999999999999,True,0.15144592737478924,0.029424304195478104,0.9986434546687768,0.05716430369426092,2
0.01,0.5999999999999999,True,0.1513651318826241,0.029424304195478104,0.9986434546687768,0.05716430369426092,2
0.01,0.6499999999999999,True,0.15122954089235707,0.029424304195478104,0.9986434546687768,0.05716430369426092,2
0.01,0.7,True,0.15108906250592688,0.029424304195478104,0.9986434546687768,0.05716430369426092,2
0.01,0.7499999999999998,True,0.15099149295858208,0.029424304195478104,0.9986434546687768,0.05716430369426092,2
0.01,0.7999999999999998,True,0.15094815183236523,0.029424304195478104,0.9986434546687768,0.05716430369426092,2
0.03,0.2,True,0.1950757742643405,0.03241063870862353,0.9868867284648428,0.06276015269480449,2
0.03,0.25,True,0.19641432551293828,0.03241063870862353,0.9868867284648428,0.06276015269480449,2
0.03,0.3,True,0.19721478214518906,0.03241063870862353,0.9868867284648428,0.06276015269480449,2
0.03,0.35,True,0.19797005291494132,0.03241063870862353,0.9868867284648428,0.06276015269480449,2
0.03,0.39999999999999997,True,0.19814503241039472,0.03241063870862353,0.9868867284648428,0.06276015269480449,2
0.03,0.44999999999999996,True,0.19787317421938963,0.03241063870862353,0.9868867284648428,0.06276015269480449,2
0.03,0.49999999999999994,True,0.19734817847160468,0.03241063870862353,0.9868867284648428,0.06276015269480449,2
0.03,0.5499999999999999,True,0.19651358477648806,0.03241063870862353,0.9868867284648428,0.06276015269480449,2
0.03,0.5999999999999999,True,0.19583497861443386,0.03241063870862353,0.9868867284648428,0.06276015269480449,2
0.03,0.6499999999999999,True,0.19513659546749804,0.03241063870862353,0.9868867284648428,0.06276015269480449,2
0.03,0.7,True,0.1942571894207558,0.03241063870862353,0.9868867284648428,0.06276015269480449,2
0.03,0.7499999999999998,True,0.19350907431792863,0.03241063870862353,0.9868867284648428,0.06276015269480449,2
0.03,0.7999999999999998,True,0.19316166441163263,0.03241063870862353,0.9868867284648428,0.06276015269480449,2
0.049999999999999996,0.2,True,0.22195487484684936,0.03456126825037344,0.9729821388198056,0.06675145997006383,2
0.049999999999999996,0.25,True,0.22474526410091553,0.03456126825037344,0.9729821388198056,0.06675145997006383,2
0.049999999999999996,0.3,True,0.22647637213422597,0.03456126825037344,0.9729821388198056,0.06675145997006383,2
0.049999999999999996,0.35,True,0.22777055347511785,0.03456126825037344,0.9729821388198056,0.06675145997006383,2
0.049999999999999996,0.39999999999999997,True,0.22789392960053398,0.03456126825037344,0.9729821388198056,0.06675145997006383,2
0.049999999999999996,0.44999999999999996,True,0.2271007168117439,0.03456126825037344,0.9729821388198056,0.06675145997006383,2
0.049999999999999996,0.49999999999999994,True,0.2257798779990495,0.03456126825037344,0.9729821388198056,0.06675145997006383,2
0.049999999999999996,0.5499999999999999,True,0.22403758229915338,0.03456126825037344,0.9729821388198056,0.06675145997006383,2
0.049999999999999996,0.5999999999999999,True,0.22266968042029076,0.03456126825037344,0.9729821388198056,0.06675145997006383,2
0.049999999999999996,0.6499999999999999,True,0.22103797546009732,0.03456126825037344,0.9729821388198056,0.06675145997006383,2
0.049999999999999996,0.7,True,0.2192540265587117,0.03456126825037344,0.9729821388198056,0.06675145997006383,2
0.049999999999999996,0.7499999999999998,True,0.2177288134330204,0.03456126825037344,0.9729821388198056,0.06675145997006383,2
0.049999999999999996,0.7999999999999998,True,0.21661506929181404,0.03456126825037344,0.9729821388198056,0.06675145997006383,2
0.06999999999999999,0.2,True,0.2411374132615808,0.03642382687868574,0.9614515035044088,0.07018861384708702,2
0.06999999999999999,0.25,True,0.24524742973396338,0.03642382687868574,0.9614515035044088,0.07018861384708702,2
0.06999999999999999,0.3,True,0.24788832297439756,0.03642382687868574,0.9614515035044088,0.07018861384708702,2
0.06999999999999999,0.35,True,0.24982001034547743,0.03642382687868574,0.9614515035044088,0.07018861384708702,2
0.06999999999999999,0.39999999999999997,True,0.2502574966929083,0.03642382687868574,0.9614515035044088,0.07018861384708702,2
0.06999999999999999,0.44999999999999996,True,0.24948687760024293,0.03642382687868574,0.9614515035044088,0.07018861384708702,2
0.06999999999999999,0.49999999999999994,True,0.24793052000677718,0.03642382687868574,0.9614515035044088,0.07018861384708702,2
0.06999999999999999,0.5499999999999999,True,0.2457743419740673,0.03642382687868574,0.9614515035044088,0.07018861384708702,2
0.06999999999999999,0.5999999999999999,True,0.2436568802001824,0.03642382687868574,0.9614515035044088,0.07018861384708702,2
0.06999999999999999,0.6499999999999999,True,0.24091133003717036,0.03642382687868574,0.9614515035044088,0.07018861384708702,2
0.06999999999999999,0.7,True,0.23777061009666692,0.03642382687868574,0.9614515035044088,0.07018861384708702,2
0.06999999999999999,0.7499999999999998,True,0.23521438570969364,0.03642382687868574,0.9614515035044088,0.07018861384708702,2
0.06999999999999999,0.7999999999999998,True,0.2333382313677547,0.03642382687868574,0.9614515035044088,0.07018861384708702,2
0.08999999999999998,0.2,True,0.25464864297162654,0.0379786310879705,0.949920868189012,0.07303717481812413,2
0.08999999999999998,0.25,True,0.259972527288109,0.0379786310879705,0.949920868189012,0.07303717481812413,2
0.08999999999999998,0.3,True,0.26352646104849614,0.0379786310879705,0.949920868189012,0.07303717481812413,2
0.08999999999999998,0.35,True,0.26600788623959787,0.0379786310879705,0.949920868189012,0.07303717481812413,2
0.08999999999999998,0.39999999999999997,True,0.2667712832378888,0.0379786310879705,0.949920868189012,0.07303717481812413,2
0.08999999999999998,0.44999999999999996,True,0.266133010531259,0.0379786310879705,0.949920868189012,0.07303717481812413,2
0.08999999999999998,0.49999999999999994,True,0.26457473377866086,0.0379786310879705,0.949920868189012,0.07303717481812413,2
0.08999999999999998,0.5499999999999999,True,0.2623656017822827,0.0379786310879705,0.949920868189012,0.07303717481812413,2
0.08999999999999998,0.5999999999999999,True,0.25980883967235074,0.0379786310879705,0.949920868189012,0.07303717481812413,2
0.08999999999999998,0.6499999999999999,True,0.25633327619269536,0.0379786310879705,0.949920868189012,0.07303717481812413,2
0.08999999999999998,0.7,True,0.2521907829695207,0.0379786310879705,0.949920868189012,0.07303717481812413,2
0.08999999999999998,0.7499999999999998,True,0.24848453691478414,0.0379786310879705,0.949920868189012,0.07303717481812413,2
0.08999999999999998,0.7999999999999998,True,0.2457211714173224,0.0379786310879705,0.949920868189012,0.07303717481812413,2
0.10999999999999997,0.2,True,0.2662222226308298,0.03946585984291674,0.9378250056522722,0.07574422628313696,2
0.10999999999999997,0.25,True,0.27274323134640804,0.03946585984291674,0.9378250056522722,0.07574422628313696,2
0.10999999999999997,0.3,True,0.277121355408799,0.03946585984291674,0.9378250056522722,0.07574422628313696,2
0.10999999999999997,0.35,True,0.2801962066133122,0.03946585984291674,0.9378250056522722,0.07574422628313696,2
0.10999999999999997,0.39999999999999997,True,0.28141901007094555,0.03946585984291674,0.9378250056522722,0.07574422628313696,2
0.10999999999999997,0.44999999999999996,True,0.2809750034247233,0.03946585984291674,0.9378250056522722,0.07574422628313696,2
0.10999999999999997,0.49999999999999994,True,0.279556197549008,0.03946585984291674,0.9378250056522722,0.07574422628313696,2
0.10999999999999997,0.5499999999999999,True,0.2771461385430983,0.03946585984291674,0.9378250056522722,0.07574422628313696,2
0.10999999999999997,0.5999999999999999,True,0.27424876878136367,0.03946585984291674,0.9378250056522722,0.07574422628313696,2
0.10999999999999997,0.6499999999999999,True,0.2702633825821264,0.03946585984291674,0.9378250056522722,0.07574422628313696,2
0.10999999999999997,0.7,True,0.2650661939105235,0.03946585984291674,0.9378250056522722,0.07574422628313696,2
0.10999999999999997,0.7499999999999998,True,0.26026462347860596,0.03946585984291674,0.9378250056522722,0.07574422628313696,2
0.10999999999999997,0.7999999999999998,True,0.25658524884188066,0.03946585984291674,0.9378250056522722,0.07574422628313696,2
0.12999999999999998,0.2,True,0.27613498929068975,0.0408769398950747,0.9257291431155324,0.07829657852843737,2
0.12999999999999998,0.25,True,0.28388429824089983,0.0408769398950747,0.9257291431155324,0.07829657852843737,2
0.12999999999999998,0.3,True,0.2890658128206086,0.0408769398950747,0.9257291431155324,0.07829657852843737,2
0.12999999999999998,0.35,True,0.29262161705769996,0.0408769398950747,0.9257291431155324,0.07829657852843737,2
0.12999999999999998,0.39999999999999997,True,0.29431134671980147,0.0408769398950747,0.9257291431155324,0.07829657852843737,2
0.12999999999999998,0.44999999999999996,True,0.2941418731020184,0.0408769398950747,0.9257291431155324,0.07829657852843737,2
0.12999999999999998,0.49999999999999994,True,0.2926901838895139,0.0408769398950747,0.9257291431155324,0.07829657852843737,2
0.12999999999999998,0.5499999999999999,True,0.2903526321603788,0.0408769398950747,0.9257291431155324,0.07829657852843737,2
0.12999999999999998,0.5999999999999999,True,0.28717794343006725,0.0408769398950747,0.9257291431155324,0.07829657852843737,2
0.12999999999999998,0.6499999999999999,True,0.28280071360417575,0.0408769398950747,0.9257291431155324,0.07829657852843737,2
0.12999999999999998,0.7,True,0.2768672975073202,0.0408769398950747,0.9257291431155324,0.07829657852843737,2
0.12999999999999998,0.7499999999999998,True,0.2709260586928911,0.0408769398950747,0.9257291431155324,0.07829657852843737,2
0.12999999999999998,0.7999999999999998,True,0.26615887897832735,0.0408769398950747,0.9257291431155324,0.07829657852843737,2
0.15,0.2,True,0.2844800093709218,0.042216979898419806,0.9123897806918381,0.08069991251093614,2
0.15,0.25,True,0.29335038129258995,0.042216979898419806,0.9123897806918381,0.08069991251093614,2
0.15,0.3,True,0.29931764648173736,0.042216979898419806,0.9123897806918381,0.08069991251093614,2
0.15,0.35,True,0.30346337194421713,0.042216979898419806,0.9123897806918381,0.08069991251093614,2
0.15,0.39999999999999997,True,0.30556663231725306,0.042216979898419806,0.9123897806918381,0.08069991251093614,2
0.15,0.44999999999999996,True,0.3056489293553427,0.042216979898419806,0.9123897806918381,0.08069991251093614,2
0.15,0.49999999999999994,True,0.3044610666432227,0.042216979898419806,0.9123897806918381,0.08069991251093614,2
0.15,0.5499999999999999,True,0.30221051605981414,0.042216979898419806,0.9123897806918381,0.08069991251093614,2
0.15,0.5999999999999999,True,0.29901011857382814,0.042216979898419806,0.9123897806918381,0.08069991251093614,2
0.15,0.6499999999999999,True,0.29440692088088277,0.042216979898419806,0.9123897806918381,0.08069991251093614,2
0.15,0.7,True,0.28797563892294337,0.042216979898419806,0.9123897806918381,0.08069991251093614,2
0.15,0.7499999999999998,True,0.2811696098217346,0.042216979898419806,0.9123897806918381,0.08069991251093614,2
0.15,0.7999999999999998,True,0.2754350396122824,0.042216979898419806,0.9123897806918381,0.08069991251093614,2
0.16999999999999998,0.2,True,0.29200053095702616,0.04349206349206349,0.8982591001582636,0.08296701575600639,2
0.16999999999999998,0.25,True,0.30183562827916616,0.04349206349206349,0.8982591001582636,0.08296701575600639,2
0.16999999999999998,0.3,True,0.3084563021177498,0.04349206349206349,0.8982591001582636,0.08296701575600639,2
0.16999999999999998,0.35,True,0.31316170926514036,0.04349206349206349,0.8982591001582636,0.08296701575600639,2
0.16999999999999998,0.39999999999999997,True,0.3156072925661412,0.04349206349206349,0.8982591001582636,0.08296701575600639,2
0.16999999999999998,0.44999999999999996,True,0.31594915682635655,0.04349206349206349,0.8982591001582636,0.08296701575600639,2
0.16999999999999998,0.49999999999999994,True,0.31495986365388734,0.04349206349206349,0.8982591001582636,0.08296701575600639,2
0.16999999999999998,0.5499999999999999,True,0.31283871778034,0.04349206349206349,0.8982591001582636,0.08296701575600639,2
0.16999999999999998,0.5999999999999999,True,0.3096253187475295,0.04349206349206349,0.8982591001582636,0.08296701575600639,2
0.16999999999999998,0.6499999999999999,True,0.30478879504461437,0.04349206349206349,0.8982591001582636,0.08296701575600639,2
0.16999999999999998,0.7,True,0.29791255944079514,0.04349206349206349,0.8982591001582636,0.08296701575600639,2
0.16999999999999998,0.7499999999999998,True,0.2902842497890759,0.04349206349206349,0.8982591001582636,0.08296701575600639,2
0.16999999999999998,0.7999999999999998,True,0.2836328846008071,0.04349206349206349,0.8982591001582636,0.08296701575600639,2
0.18999999999999997,0.2,True,0.29897747537516123,0.0448248225326311,0.8851458286231065,0.08532850931203208,2
0.18999999999999997,0.25,True,0.3097688213759297,0.0448248225326311,0.8851458286231065,0.08532850931203208,2
0.18999999999999997,0.3,True,0.3172040550057113,0.0448248225326311,0.8851458286231065,0.08532850931203208,2
0.18999999999999997,0.35,True,0.32254743377267314,0.0448248225326311,0.8851458286231065,0.08532850931203208,2
0.18999999999999997,0.39999999999999997,True,0.32544801743660423,0.0448248225326311,0.8851458286231065,0.08532850931203208,2
0.18999999999999997,0.44999999999999996,True,0.32613511395970746,0.0448248225326311,0.8851458286231065,0.08532850931203208,2
0.18999999999999997,0.49999999999999994,True,0.3254142934052306,0.0448248225326311,0.8851458286231065,0.08532850931203208,2
0.18999999999999997,0.5499999999999999,True,0.3235166107745284,0.0448248225326311,0.8851458286231065,0.08532850931203208,2
0.18999999999999997,0.5999999999999999,True,0.3203839476894513,0.0448248225326311,0.8851458286231065,0.08532850931203208,2
0.18999999999999997,0.6499999999999999,True,0.31541551947883634,0.0448248225326311,0.8851458286231065,0.08532850931203208,2
0.18999999999999997,0.7,True,0.3082419597353015,0.0448248225326311,0.8851458286231065,0.08532850931203208,2
0.18999999999999997,0.7499999999999998,True,0.29986104580240386,0.0448248225326311,0.8851458286231065,0.08532850931203208,2
0.18999999999999997,0.7999999999999998,True,0.2921121296927778,0.0448248225326311,0.8851458286231065,0.08532850931203208,2
0.20999999999999996,0.2,True,0.30554741199268226,0.04618350084704671,0.872145602532218,0.08772179173038767,2
0.20999999999999996,0.25,True,0.31721284970250835,0.04618350084704671,0.872145602532218,0.08772179173038767,2
0.20999999999999996,0.3,True,0.3253912761424145,0.04618350084704671,0.872145602532218,0.08772179173038767,2
0.20999999999999996,0.35,True,0.3313180448441881,0.04618350084704671,0.872145602532218,0.08772179173038767,2
0.20999999999999996,0.39999999999999997,True,0.3345734639907885,0.04618350084704671,0.872145602532218,0.08772179173038767,2
0.20999999999999996,0.44999999999999996,True,0.33568516705461643,0.04618350084704671,0.872145602532218,0.08772179173038767,2
0.20999999999999996,0.49999999999999994,True,0.3352521941542504,0.04618350084704671,0.872145602532218,0.08772179173038767,2
0.20999999999999996,0.5499999999999999,True,0.3334650780272419,0.04618350084704671,0.872145602532218,0.08772179173038767,2
0.20999999999999996,0.5999999999999999,True,0.33040693259724035,0.04618350084704671,0.872145602532218,0.08772179173038767,2
0.20999999999999996,0.6499999999999999,True,0.32538848279680477,0.04618350084704671,0.872145602532218,0.08772179173038767,2
0.20999999999999996,0.7,True,0.31788408095458454,0.04618350084704671,0.872145602532218,0.08772179173038767,2
0.20999999999999996,0.7499999999999998,True,0.3086887792951974,0.04618350084704671,0.872145602532218,0.08772179173038767,2
0.20999999999999996,0.7999999999999998,True,0.2999194869231223,0.04618350084704671,0.872145602532218,0.08772179173038767,2
0.22999999999999998,0.2,True,0.3116936209413375,0.047638716783698194,0.8605019217725526,0.09027942502016224,2
0.22999999999999998,0.25,True,0.3242768186352703,0.047638716783698194,0.8605019217725526,0.09027942502016224,2
0.22999999999999998,0.3,True,0.33313967960794627,0.047638716783698194,0.8605019217725526,0.09027942502016224,2
0.22999999999999998,0.35,True,0.3395868508334041,0.047638716783698194,0.8605019217725526,0.09027942502016224,2
0.22999999999999998,0.39999999999999997,True,0.3432870092239156,0.047638716783698194,0.8605019217725526,0.09027942502016224,2
0.22999999999999998,0.44999999999999996,True,0.34485083857906607,0.047638716783698194,0.8605019217725526,0.09027942502016224,2
0.22999999999999998,0.49999999999999994,True,0.3447799024445309,0.047638716783698194,0.8605019217725526,0.09027942502016224,2
0.22999999999999998,0.5499999999999999,True,0.3432818838566069,0.047638716783698194,0.8605019217725526,0.09027942502016224,2
0.22999999999999998,0.5999999999999999,True,0.34036969263945677,0.047638716783698194,0.8605019217725526,0.09027942502016224,2
0.22999999999999998,0.6499999999999999,True,0.33531975083169224,0.047638716783698194,0.8605019217725526,0.09027942502016224,2
0.22999999999999998,0.7,True,0.32760390929414746,0.047638716783698194,0.8605019217725526,0.09027942502016224,2
0.22999999999999998,0.7499999999999998,True,0.3177871654010912,0.047638716783698194,0.8605019217725526,0.09027942502016224,2
0.22999999999999998,0.7999999999999998,True,0.30800946421125514,0.047638716783698194,0.8605019217725526,0.09027942502016224,2
0.24999999999999997,0.2,True,0.3172052385133798,0.0490676234875072,0.8471625593488582,0.09276244940398827,2
0.24999999999999997,0.25,True,0.33058478024813737,0.0490676234875072,0.8471625593488582,0.09276244940398827,2
0.24999999999999997,0.3,True,0.34014842668279816,0.0490676234875072,0.8471625593488582,0.09276244940398827,2
0.24999999999999997,0.35,True,0.34711526899351597,0.0490676234875072,0.8471625593488582,0.09276244940398827,2
0.24999999999999997,0.39999999999999997,True,0.35122183726123035,0.0490676234875072,0.8471625593488582,0.09276244940398827,2
0.24999999999999997,0.44999999999999996,True,0.35323911871293084,0.0490676234875072,0.8471625593488582,0.09276244940398827,2
0.24999999999999997,0.49999999999999994,True,0.3535237585170863,0.0490676234875072,0.8471625593488582,0.09276244940398827,2
0.24999999999999997,0.5499999999999999,True,0.35235796947110387,0.0490676234875072,0.8471625593488582,0.09276244940398827,2
0.24999999999999997,0.5999999999999999,True,0.3495980863174146,0.0490676234875072,0.8471625593488582,0.09276244940398827,2
0.24999999999999997,0.6499999999999999,True,0.34469559312354364,0.0490676234875072,0.8471625593488582,0.09276244940398827,2
0.24999999999999997,0.7,True,0.33689239185663905,0.0490676234875072,0.8471625593488582,0.09276244940398827,2
0.24999999999999997,0.7499999999999998,True,0.32666578921114137,0.0490676234875072,0.8471625593488582,0.09276244940398827,2
0.24999999999999997,0.7999999999999998,True,0.31603800741333427,0.0490676234875072,0.8471625593488582,0.09276244940398827,2
0.26999999999999996,0.2,True,0.3226621829612833,0.05052119050884652,0.8328057879267465,0.0952633416523347,2
0.26999999999999996,0.25,True,0.3368266676927952,0.05052119050884652,0.8328057879267465,0.0952633416523347,2
0.26999999999999996,0.3,True,0.3470933438620747,0.05052119050884652,0.8328057879267465,0.0952633416523347,2
0.26999999999999996,0.35,True,0.35458420798862306,0.05052119050884652,0.8328057879267465,0.0952633416523347,2
0.26999999999999996,0.39999999999999997,True,0.3591137951113088,0.05052119050884652,0.8328057879267465,0.0952633416523347,2
0.26999999999999996,0.44999999999999996,True,0.3614536801480339,0.05052119050884652,0.8328057879267465,0.0952633416523347,2
0.26999999999999996,0.49999999999999994,True,0.36205425530089724,0.05052119050884652,0.8328057879267465,0.0952633416523347,2
0.26999999999999996,0.5499999999999999,True,0.36121277371774574,0.05052119050884652,0.8328057879267465,0.0952633416523347,2
0.26999999999999996,0.5999999999999999,True,0.3585930642149804,0.05052119050884652,0.8328057879267465,0.0952633416523347,2
0.26999999999999996,0.6499999999999999,True,0.35373221286692963,0.05052119050884652,0.8328057879267465,0.0952633416523347,2
0.26999999999999996,0.7,True,0.3459156689253254,0.05052119050884652,0.8328057879267465,0.0952633416523347,2
0.26999999999999996,0.7499999999999998,True,0.33537914805093205,0.05052119050884652,0.8328057879267465,0.0952633416523347,2
0.26999999999999996,0.7999999999999998,True,0.32396783837266013,0.05052119050884652,0.8328057879267465,0.0952633416523347,2
0.29,0.2,False,0.32798855504193747,0.0520422600963852,0.8191272891702465,0.09786667927255047,2
0.29,0.25,False,0.342919644981827,0.0520422600963852,0.8191272891702465,0.09786667927255047,2
0.29,0.3,False,0.3538450849124206,0.0520422600963852,0.8191272891702465,0.09786667927255047,2
0.29,0.35,False,0.3618170297600265,0.0520422600963852,0.8191272891702465,0.09786667927255047,2
0.29,0.39999999999999997,False,0.3667188430380173,0.0520422600963852,0.8191272891702465,0.09786667927255047,2
0.29,0.44999999999999996,False,0.3694777316164816,0.0520422600963852,0.8191272891702465,0.09786667927255047,2
0.29,0.49999999999999994,False,0.37037972974041167,0.0520422600963852,0.8191272891702465,0.09786667927255047,2
0.29,0.5499999999999999,False,0.36983545850944455,0.0520422600963852,0.8191272891702465,0.09786667927255047,2
0.29,0.5999999999999999,False,0.36743383337221075,0.0520422600963852,0.8191272891702465,0.09786667927255047,2
0.29,0.6499999999999999,False,0.36278555185727823,0.0520422600963852,0.8191272891702465,0.09786667927255047,2
0.29,0.7,False,0.355096767369544,0.0520422600963852,0.8191272891702465,0.09786667927255047,2
0.29,0.7499999999999998,False,0.3441173644686899,0.0520422600963852,0.8191272891702465,0.09786667927255047,2
0.29,0.7999999999999998,False,0.33223879503282744,0.0520422600963852,0.8191272891702465,0.09786667927255047,2
0.30999999999999994,0.2,False,0.33300419494581945,0.053668340195554484,0.8060140176350893,0.10063585487547548,2
0.30999999999999994,0.25,False,0.34865347809555974,0.053668340195554484,0.8060140176350893,0.10063585487547548,2
0.30999999999999994,0.3,False,0.3601935925092376,0.053668340195554484,0.8060140176350893,0.10063585487547548,2
0.30999999999999994,0.35,False,0.3686998834687731,0.053668340195554484,0.8060140176350893,0.10063585487547548,2
0.30999999999999994,0.39999999999999997,False,0.37397681836588964,0.053668340195554484,0.8060140176350893,0.10063585487547548,2
0.30999999999999994,0.44999999999999996,False,0.37713661484866584,0.053668340195554484,0.8060140176350893,0.10063585487547548,2
0.30999999999999994,0.49999999999999994,False,0.3784036560665957,0.053668340195554484,0.8060140176350893,0.10063585487547548,2
0.30999999999999994,0.5499999999999999,False,0.3781525834189037,0.053668340195554484,0.8060140176350893,0.10063585487547548,2
0.30999999999999994,0.5999999999999999,False,0.37588799823661795,0.053668340195554484,0.8060140176350893,0.10063585487547548,2
0.30999999999999994,0.6499999999999999,False,0.371355704995636,0.053668340195554484,0.8060140176350893,0.10063585487547548,2
0.30999999999999994,0.7,False,0.36360146864059995,0.053668340195554484,0.8060140176350893,0.10063585487547548,2
0.30999999999999994,0.7499999999999998,False,0.35233578572534024,0.053668340195554484,0.8060140176350893,0.10063585487547548,2
0.30999999999999994,0.7999999999999998,False,0.33986418599145735,0.053668340195554484,0.8060140176350893,0.10063585487547548,2
0.32999999999999996,0.2,False,0.3380637688294741,0.055286904028192606,0.790978973547366,0.10334997488995894,2
0.32999999999999996,0.25,False,0.35436394431857215,0.055286904028192606,0.790978973547366,0.10334997488995894,2
0.32999999999999996,0.3,False,0.36648257053550864,0.055286904028192606,0.790978973547366,0.10334997488995894,2
0.32999999999999996,0.35,False,0.37546789766685357,0.055286904028192606,0.790978973547366,0.10334997488995894,2
0.32999999999999996,0.39999999999999997,False,0.3810896264605417,0.055286904028192606,0.790978973547366,0.10334997488995894,2
0.32999999999999996,0.44999999999999996,False,0.3846911174593686,0.055286904028192606,0.790978973547366,0.10334997488995894,2
0.32999999999999996,0.49999999999999994,False,0.3862665081543692,0.055286904028192606,0.790978973547366,0.10334997488995894,2
0.32999999999999996,0.5499999999999999,False,0.3864074916728109,0.055286904028192606,0.790978973547366,0.10334997488995894,2
0.32999999999999996,0.5999999999999999,False,0.3844418213740984,0.055286904028192606,0.790978973547366,0.10334997488995894,2
0.32999999999999996,0.6499999999999999,False,0.38015653040390984,0.055286904028192606,0.790978973547366,0.10334997488995894,2
0.32999999999999996,0.7,False,0.3725051490738276,0.055286904028192606,0.790978973547366,0.10334997488995894,2
0.32999999999999996,0.7499999999999998,False,0.3611064702798242,0.055286904028192606,0.790978973547366,0.10334997488995894,2
0.32999999999999996,0.7999999999999998,False,0.3482061617815548,0.055286904028192606,0.790978973547366,0.10334997488995894,2
0.35,0.2,False,0.34332667985067716,0.05724241743802134,0.7780917929007461,0.10663960523359853,2
0.35,0.25,False,0.36022446825278,0.05724241743802134,0.7780917929007461,0.10663960523359853,2
0.35,0.3,False,0.37289348446485104,0.05724241743802134,0.7780917929007461,0.10663960523359853,2
0.35,0.35,False,0.3824112422576596,0.05724241743802134,0.7780917929007461,0.10663960523359853,2
0.35,0.39999999999999997,False,0.3883843182104707,0.05724241743802134,0.7780917929007461,0.10663960523359853,2
0.35,0.44999999999999996,False,0.3923785656042224,0.05724241743802134,0.7780917929007461,0.10663960523359853,2
0.35,0.49999999999999994,False,0.3942650956739864,0.05724241743802134,0.7780917929007461,0.10663960523359853,2
0.35,0.5499999999999999,False,0.3947785677032298,0.05724241743802134,0.7780917929007461,0.10663960523359853,2
0.35,0.5999999999999999,False,0.3931012709135238,0.05724241743802134,0.7780917929007461,0.10663960523359853,2
0.35,0.6499999999999999,False,0.3889708801352419,0.05724241743802134,0.7780917929007461,0.10663960523359853,2
0.35,0.7,False,0.38137843040689545,0.05724241743802134,0.7780917929007461,0.10663960523359853,2
0.35,0.7499999999999998,False,0.369888482592529,0.05724241743802134,0.7780917929007461,0.10663960523359853,2
0.35,0.7999999999999998,False,0.3566709440609948,0.05724241743802134,0.7780917929007461,0.10663960523359853,2
0.36999999999999994,0.2,False,0.3479302418238801,0.058869839048285515,0.7607958399276509,0.10928340613480993,2
0.36999999999999994,0.25,False,0.36538093455622883,0.058869839048285515,0.7607958399276509,0.10928340613480993,2
0.36999999999999994,0.3,False,0.3786219153002264,0.058869839048285515,0.7607958399276509,0.10928340613480993,2
0.36999999999999994,0.35,False,0.3886265347537042,0.058869839048285515,0.7607958399276509,0.10928340613480993,2
0.36999999999999994,0.39999999999999997,False,0.39499190353243346,0.058869839048285515,0.7607958399276509,0.10928340613480993,2
0.36999999999999994,0.44999999999999996,False,0.3992797249498527,0.058869839048285515,0.7607958399276509,0.10928340613480993,2
0.36999999999999994,0.49999999999999994,False,0.4015289639563906,0.058869839048285515,0.7607958399276509,0.10928340613480993,2
0.36999999999999994,0.5499999999999999,False,0.4024152419434639,0.058869839048285515,0.7607958399276509,0.10928340613480993,2
0.36999999999999994,0.5999999999999999,False,0.4009137313444024,0.058869839048285515,0.7607958399276509,0.10928340613480993,2
0.36999999999999994,0.6499999999999999,False,0.3968274152801923,0.058869839048285515,0.7607958399276509,0.10928340613480993,2
0.36999999999999994,0.7,False,0.38927946404390185,0.058869839048285515,0.7607958399276509,0.10928340613480993,2
0.36999999999999994,0.7499999999999998,False,0.37782431367682623,0.058869839048285515,0.7607958399276509,0.10928340613480993,2
0.36999999999999994,0.7999999999999998,False,0.36426886139209597,0.058869839048285515,0.7607958399276509,0.10928340613480993,2
0.38999999999999996,0.2,False,0.352571765887782,0.06063622871786363,0.7436129323988243,0.11212914113305321,2
0.38999999999999996,0.25,False,0.37052408340460236,0.06063622871786363,0.7436129323988243,0.11212914113305321,2
0.38999999999999996,0.3,False,0.3842904088404728,0.06063622871786363,0.7436129323988243,0.11212914113305321,2
0.38999999999999996,0.35,False,0.39476749941824,0.06063622871786363,0.7436129323988243,0.11212914113305321,2
0.38999999999999996,0.39999999999999997,False,0.40148273291014586,0.06063622871786363,0.7436129323988243,0.11212914113305321,2
0.38999999999999996,0.44999999999999996,False,0.4061536905923508,0.06063622871786363,0.7436129323988243,0.11212914113305321,2
0.38999999999999996,0.49999999999999994,False,0.40875634069830497,0.06063622871786363,0.7436129323988243,0.11212914113305321,2
0.38999999999999996,0.5499999999999999,False,0.4099120575035402,0.06063622871786363,0.7436129323988243,0.11212914113305321,2
0.38999999999999996,0.5999999999999999,False,0.4087933557032293,0.06063622871786363,0.7436129323988243,0.11212914113305321,2
0.38999999999999996,0.6499999999999999,False,0.4049158309817618,0.06063622871786363,0.7436129323988243,0.11212914113305321,2
0.38999999999999996,0.7,False,0.39741575774044363,0.06063622871786363,0.7436129323988243,0.11212914113305321,2
0.38999999999999996,0.7499999999999998,False,0.3858681070829921,0.06063622871786363,0.7436129323988243,0.11212914113305321,2
0.38999999999999996,0.7999999999999998,False,0.37193601682543126,0.06063622871786363,0.7436129323988243,0.11212914113305321,2
0.4099999999999999,0.2,False,0.35706324017756796,0.062391158414974654,0.724960434094506,0.11489434127901248,2
0.4099999999999999,0.25,False,0.37547535161072143,0.062391158414974654,0.724960434094506,0.11489434127901248,2
0.4099999999999999,0.3,False,0.3897454689432718,0.062391158414974654,0.724960434094506,0.11489434127901248,2
0.4099999999999999,0.35,False,0.40070941886817346,0.062391158414974654,0.724960434094506,0.11489434127901248,2
0.4099999999999999,0.39999999999999997,False,0.4077439355659391,0.062391158414974654,0.724960434094506,0.11489434127901248,2
0.4099999999999999,0.44999999999999996,False,0.4127686552353011,0.062391158414974654,0.724960434094506,0.11489434127901248,2
0.4099999999999999,0.49999999999999994,False,0.4157730522297836,0.062391158414974654,0.724960434094506,0.11489434127901248,2
0.4099999999999999,0.5499999999999999,False,0.4171761082054897,0.062391158414974654,0.724960434094506,0.11489434127901248,2
0.4099999999999999,0.5999999999999999,False,0.4163586616114027,0.062391158414974654,0.724960434094506,0.11489434127901248,2
0.4099999999999999,0.6499999999999999,False,0.4127901238729557,0.062391158414974654,0.724960434094506,0.11489434127901248,2
0.4099999999999999,0.7,False,0.40559562491395673,0.062391158414974654,0.724960434094506,0.11489434127901248,2
0.4099999999999999,0.7499999999999998,False,0.39407653651689456,0.062391158414974654,0.724960434094506,0.11489434127901248,2
0.4099999999999999,0.7999999999999998,False,0.37980953616982593,0.062391158414974654,0.724960434094506,0.11489434127901248,2
0.42999999999999994,0.2,False,0.36167190181534353,0.06430102650781218,0.7052905267917703,0.11785707539150311,2
0.42999999999999994,0.25,False,0.3804674848935974,0.06430102650781218,0.7052905267917703,0.11785707539150311,2
0.42999999999999994,0.3,False,0.3951388272554183,0.06430102650781218,0.7052905267917703,0.11785707539150311,2
0.42999999999999994,0.35,False,0.4065223508066464,0.06430102650781218,0.7052905267917703,0.11785707539150311,2
0.42999999999999994,0.39999999999999997,False,0.41393991311751405,0.06430102650781218,0.7052905267917703,0.11785707539150311,2
0.42999999999999994,0.44999999999999996,False,0.4193613587975185,0.06430102650781218,0.7052905267917703,0.11785707539150311,2
0.42999999999999994,0.49999999999999994,False,0.42276199824180477,0.06430102650781218,0.7052905267917703,0.11785707539150311,2
0.42999999999999994,0.5499999999999999,False,0.4245509393177643,0.06430102650781218,0.7052905267917703,0.11785707539150311,2
0.42999999999999994,0.5999999999999999,False,0.4240475665940193,0.06430102650781218,0.7052905267917703,0.11785707539150311,2
0.42999999999999994,0.6499999999999999,False,0.4206901223161877,0.06430102650781218,0.7052905267917703,0.11785707539150311,2
0.42999999999999994,0.7,False,0.4137041251544728,0.06430102650781218,0.7052905267917703,0.11785707539150311,2
0.42999999999999994,0.7499999999999998,False,0.4022359770861485,0.06430102650781218,0.7052905267917703,0.11785707539150311,2
0.42999999999999994,0.7999999999999998,False,0.3877309284302446,0.06430102650781218,0.7052905267917703,0.11785707539150311,2
0.44999999999999996,0.2,False,0.36581060331747867,0.06605390417762835,0.6840379832692742,0.12047425164007049,2
0.44999999999999996,0.25,False,0.3849372640078094,0.06605390417762835,0.6840379832692742,0.12047425164007049,2
0.44999999999999996,0.3,False,0.4000071425021087,0.06605390417762835,0.6840379832692742,0.12047425164007049,2
0.44999999999999996,0.35,False,0.41173461743697587,0.06605390417762835,0.6840379832692742,0.12047425164007049,2
0.44999999999999996,0.39999999999999997,False,0.4195404174881657,0.06605390417762835,0.6840379832692742,0.12047425164007049,2
0.44999999999999996,0.44999999999999996,False,0.4252800100530952,0.06605390417762835,0.6840379832692742,0.12047425164007049,2
0.44999999999999996,0.49999999999999994,False,0.42896930237273767,0.06605390417762835,0.6840379832692742,0.12047425164007049,2
0.44999999999999996,0.5499999999999999,False,0.4311345045308928,0.06605390417762835,0.6840379832692742,0.12047425164007049,2
0.44999999999999996,0.5999999999999999,False,0.4309573916638796,0.06605390417762835,0.6840379832692742,0.12047425164007049,2
0.44999999999999996,0.6499999999999999,False,0.4278841835360014,0.06605390417762835,0.6840379832692742,0.12047425164007049,2
0.44999999999999996,0.7,False,0.42108687931334887,0.06605390417762835,0.6840379832692742,0.12047425164007049,2
0.44999999999999996,0.7499999999999998,False,0.4095884174074333,0.06605390417762835,0.6840379832692742,0.12047425164007049,2
0.44999999999999996,0.7999999999999998,False,0.39491159039923446,0.06605390417762835,0.6840379832692742,0.12047425164007049,2
0.4699999999999999,0.2,False,0.36992171951882574,0.0678954384744682,0.6621071670811667,0.12316135883336313,2
0.4699999999999999,0.25,False,0.3893676286694611,0.0678954384744682,0.6621071670811667,0.12316135883336313,2
0.4699999999999999,0.3,False,0.4048323818027793,0.0678954384744682,0.6621071670811667,0.12316135883336313,2
0.4699999999999999,0.35,False,0.4168834135396275,0.0678954384744682,0.6621071670811667,0.12316135883336313,2
0.4699999999999999,0.39999999999999997,False,0.42502363163164913,0.0678954384744682,0.6621071670811667,0.12316135883336313,2
0.4699999999999999,0.44999999999999996,False,0.43109011919111606,0.0678954384744682,0.6621071670811667,0.12316135883336313,2
0.4699999999999999,0.49999999999999994,False,0.4351555537096441,0.0678954384744682,0.6621071670811667,0.12316135883336313,2
0.4699999999999999,0.5499999999999999,False,0.43761140817743266,0.0678954384744682,0.6621071670811667,0.12316135883336313,2
0.4699999999999999,0.5999999999999999,False,0.4377460548527227,0.0678954384744682,0.6621071670811667,0.12316135883336313,2
0.4699999999999999,0.6499999999999999,False,0.43484202054851745,0.0678954384744682,0.6621071670811667,0.12316135883336313,2
0.4699999999999999,0.7,False,0.42829237043443574,0.0678954384744682,0.6621071670811667,0.12316135883336313,2
0.4699999999999999,0.7499999999999998,False,0.4167109542395682,0.0678954384744682,0.6621071670811667,0.12316135883336313,2
0.4699999999999999,0.7999999999999998,False,0.4019912805237529,0.0678954384744682,0.6621071670811667,0.12316135883336313,2
0.48999999999999994,0.2,False,0.37397942883665247,0.06985026803869616,0.640741578114402,0.12596815237079265,2
0.48999999999999994,0.25,False,0.3937031793721004,0.06985026803869616,0.640741578114402,0.12596815237079265,2
0.48999999999999994,0.3,False,0.4094936026053886,0.06985026803869616,0.640741578114402,0.12596815237079265,2
0.48999999999999994,0.35,False,0.4218568211829097,0.06985026803869616,0.640741578114402,0.12596815237079265,2
0.48999999999999994,0.39999999999999997,False,0.43026032599434627,0.06985026803869616,0.640741578114402,0.12596815237079265,2
0.48999999999999994,0.44999999999999996,False,0.43668259796883585,0.06985026803869616,0.640741578114402,0.12596815237079265,2
0.48999999999999994,0.49999999999999994,False,0.4411202892075832,0.06985026803869616,0.640741578114402,0.12596815237079265,2
0.48999999999999994,0.5499999999999999,False,0.4439773292336287,0.06985026803869616,0.640741578114402,0.12596815237079265,2
0.48999999999999994,0.5999999999999999,False,0.44442664247978353,0.06985026803869616,0.640741578114402,0.12596815237079265,2
0.48999999999999994,0.6499999999999999,False,0.4418305489726902,0.06985026803869616,0.640741578114402,0.12596815237079265,2
0.48999999999999994,0.7,False,0.43558810427003475,0.06985026803869616,0.640741578114402,0.12596815237079265,2
0.48999999999999994,0.7499999999999998,False,0.424173624034841,0.06985026803869616,0.640741578114402,0.12596815237079265,2
0.48999999999999994,0.7999999999999998,False,0.4092543849614429,0.06985026803869616,0.640741578114402,0.12596815237079265,2
0.5099999999999999,0.2,False,0.37790154545533733,0.07176114691569117,0.6167759439294597,0.128564022809746,2
0.5099999999999999,0.25,False,0.3978726196476152,0.07176114691569117,0.6167759439294597,0.128564022809746,2
0.5099999999999999,0.3,False,0.41396314791851907,0.07176114691569117,0.6167759439294597,0.128564022809746,2
0.5099999999999999,0.35,False,0.4266065452055914,0.07176114691569117,0.6167759439294597,0.128564022809746,2
0.5099999999999999,0.39999999999999997,False,0.43526053477072524,0.07176114691569117,0.6167759439294597,0.128564022809746,2
0.5099999999999999,0.44999999999999996,False,0.4420141957891663,0.07176114691569117,0.6167759439294597,0.128564022809746,2
0.5099999999999999,0.49999999999999994,False,0.44685804677340096,0.07176114691569117,0.6167759439294597,0.128564022809746,2
0.5099999999999999,0.5499999999999999,False,0.45003829599217066,0.07176114691569117,0.6167759439294597,0.128564022809746,2
0.5099999999999999,0.5999999999999999,False,0.4508095099062961,0.07176114691569117,0.6167759439294597,0.128564022809746,2
0.5099999999999999,0.6499999999999999,False,0.4485047956304082,0.07176114691569117,0.6167759439294597,0.128564022809746,2
0.5099999999999999,0.7,False,0.44253022916740375,0.07176114691569117,0.6167759439294597,0.128564022809746,2
0.5099999999999999,0.7499999999999998,False,0.43124473477745245,0.07176114691569117,0.6167759439294597,0.128564022809746,2
0.5099999999999999,0.7999999999999998,False,0.4162896248134551,0.07176114691569117,0.6167759439294597,0.128564022809746,2
0.5299999999999999,0.2,False,0.3817504020199764,0.07389072498417833,0.5939407641872032,0.13143050118197397,2
0.5299999999999999,0.25,False,0.40193459999702313,0.07389072498417833,0.5939407641872032,0.13143050118197397,2
0.5299999999999999,0.3,False,0.4182933507656837,0.07389072498417833,0.5939407641872032,0.13143050118197397,2
0.5299999999999999,0.35,False,0.43118613676788353,0.07389072498417833,0.5939407641872032,0.13143050118197397,2
0.5299999999999999,0.39999999999999997,False,0.4401279312942005,0.07389072498417833,0.5939407641872032,0.13143050118197397,2
0.5299999999999999,0.44999999999999996,False,0.4471826997289952,0.07389072498417833,0.5939407641872032,0.13143050118197397,2
0.5299999999999999,0.49999999999999994,False,0.45231939256652387,0.07389072498417833,0.5939407641872032,0.13143050118197397,2
0.5299999999999999,0.5499999999999999,False,0.4558214947083428,0.07389072498417833,0.5939407641872032,0.13143050118197397,2
0.5299999999999999,0.5999999999999999,False,0.4569728103774158,0.07389072498417833,0.5939407641872032,0.13143050118197397,2
0.5299999999999999,0.6499999999999999,False,0.4550326998676318,0.07389072498417833,0.5939407641872032,0.13143050118197397,2
0.5299999999999999,0.7,False,0.4493659931605009,0.07389072498417833,0.5939407641872032,0.13143050118197397,2
0.5299999999999999,0.7499999999999998,False,0.4383543088548724,0.07389072498417833,0.5939407641872032,0.13143050118197397,2
0.5299999999999999,0.7999999999999998,False,0.4233662913782947,0.07389072498417833,0.5939407641872032,0.13143050118197397,2
0.5499999999999999,0.2,False,0.38580790124653275,0.07642802108984334,0.5718969025548271,0.13483655165980357,2
0.5499999999999999,0.25,False,0.4061986181789889,0.07642802108984334,0.5718969025548271,0.13483655165980357,2
0.5499999999999999,0.3,False,0.42276839782378745,0.07642802108984334,0.5718969025548271,0.13483655165980357,2
0.5499999999999999,0.35,False,0.435901909849348,0.07642802108984334,0.5718969025548271,0.13483655165980357,2
0.5499999999999999,0.39999999999999997,False,0.445090584412933,0.07642802108984334,0.5718969025548271,0.13483655165980357,2
0.5499999999999999,0.44999999999999996,False,0.4524072736577007,0.07642802108984334,0.5718969025548271,0.13483655165980357,2
0.5499999999999999,0.49999999999999994,False,0.4578607351483796,0.07642802108984334,0.5718969025548271,0.13483655165980357,2
0.5499999999999999,0.5499999999999999,False,0.46168362019991954,0.07642802108984334,0.5718969025548271,0.13483655165980357,2
0.5499999999999999,0.5999999999999999,False,0.46315389112132804,0.07642802108984334,0.5718969025548271,0.13483655165980357,2
0.5499999999999999,0.6499999999999999,False,0.4615273242097419,0.07642802108984334,0.5718969025548271,0.13483655165980357,2
0.5499999999999999,0.7,False,0.4562267830692906,0.07642802108984334,0.5718969025548271,0.13483655165980357,2
0.5499999999999999,0.7499999999999998,False,0.4454703147838613,0.07642802108984334,0.5718969025548271,0.13483655165980357,2
0.5499999999999999,0.7999999999999998,False,0.4304054715086653,0.07642802108984334,0.5718969025548271,0.13483655165980357,2
0.57,0.2,False,0.3900043652434085,0.07934312034113473,0.5510965408094054,0.13871500113817437,2
0.57,0.25,False,0.41056393225776916,0.07934312034113473,0.5510965408094054,0.13871500113817437,2
0.57,0.3,False,0.42735657069772653,0.07934312034113473,0.5510965408094054,0.13871500113817437,2
0.57,0.35,False,0.44071658087953053,0.07934312034113473,0.5510965408094054,0.13871500113817437,2
0.57,0.39999999999999997,False,0.4501483438221709,0.07934312034113473,0.5510965408094054,0.13871500113817437,2
0.57,0.44999999999999996,False,0.4577695982805463,0.07934312034113473,0.5510965408094054,0.13871500113817437,2
0.57,0.49999999999999994,False,0.4635155420664605,0.07934312034113473,0.5510965408094054,0.13871500113817437,2
0.57,0.5499999999999999,False,0.46769879569273537,0.07934312034113473,0.5510965408094054,0.13871500113817437,2
0.57,0.5999999999999999,False,0.46955327823367726,0.07934312034113473,0.5510965408094054,0.13871500113817437,2
0.57,0.6499999999999999,False,0.4682658199079692,0.07934312034113473,0.5510965408094054,0.13871500113817437,2
0.57,0.7,False,0.4632581581973607,0.07934312034113473,0.5510965408094054,0.13871500113817437,2
0.57,0.7499999999999998,False,0.4527703426254995,0.07934312034113473,0.5510965408094054,0.13871500113817437,2
0.57,0.7999999999999998,False,0.4376352435062441,0.07934312034113473,0.5510965408094054,0.13871500113817437,2
0.59,0.2,False,0.39386501407248814,0.0818205874569992,0.5243047705177482,0.14155132685293983,2
0.59,0.25,False,0.4145711119335591,0.0818205874569992,0.5243047705177482,0.14155132685293983,2
0.59,0.3,False,0.43154041299550266,0.0818205874569992,0.5243047705177482,0.14155132685293983,2
0.59,0.35,False,0.4450973222415724,0.0818205874569992,0.5243047705177482,0.14155132685293983,2
0.59,0.39999999999999997,False,0.45475959539137173,0.0818205874569992,0.5243047705177482,0.14155132685293983,2
0.59,0.44999999999999996,False,0.46261919371717863,0.0818205874569992,0.5243047705177482,0.14155132685293983,2
0.59,0.49999999999999994,False,0.4687057976502725,0.0818205874569992,0.5243047705177482,0.14155132685293983,2
0.59,0.5499999999999999,False,0.4732306420584711,0.0818205874569992,0.5243047705177482,0.14155132685293983,2
0.59,0.5999999999999999,False,0.4754180693392747,0.0818205874569992,0.5243047705177482,0.14155132685293983,2
0.59,0.6499999999999999,False,0.47454072412698234,0.0818205874569992,0.5243047705177482,0.14155132685293983,2
0.59,0.7,False,0.46988813006505753,0.0818205874569992,0.5243047705177482,0.14155132685293983,2
0.59,0.7499999999999998,False,0.45975899799304715,0.0818205874569992,0.5243047705177482,0.14155132685293983,2
0.59,0.7999999999999998,False,0.4446258558653295,0.0818205874569992,0.5243047705177482,0.14155132685293983,2
0.6099999999999999,0.2,False,0.39787717659494587,0.084841976066278,0.5001130454442686,0.14507296278078374,2
0.6099999999999999,0.25,False,0.4187188400172796,0.084841976066278,0.5001130454442686,0.14507296278078374,2
0.6099999999999999,0.3,False,0.43587354847961696,0.084841976066278,0.5001130454442686,0.14507296278078374,2
0.6099999999999999,0.35,False,0.4496050773796115,0.084841976066278,0.5001130454442686,0.14507296278078374,2
0.6099999999999999,0.39999999999999997,False,0.4594622311944471,0.084841976066278,0.5001130454442686,0.14507296278078374,2
0.6099999999999999,0.44999999999999996,False,0.4675648191477008,0.084841976066278,0.5001130454442686,0.14507296278078374,2
0.6099999999999999,0.49999999999999994,False,0.47396872964175757,0.084841976066278,0.5001130454442686,0.14507296278078374,2
0.6099999999999999,0.5499999999999999,False,0.47878267748279457,0.084841976066278,0.5001130454442686,0.14507296278078374,2
0.6099999999999999,0.5999999999999999,False,0.48134312903907145,0.084841976066278,0.5001130454442686,0.14507296278078374,2
0.6099999999999999,0.6499999999999999,False,0.48089599522410387,0.084841976066278,0.5001130454442686,0.14507296278078374,2
0.6099999999999999,0.7,False,0.4766360778549655,0.084841976066278,0.5001130454442686,0.14507296278078374,2
0.6099999999999999,0.7499999999999998,False,0.46671339748241697,0.084841976066278,0.5001130454442686,0.14507296278078374,2
0.6099999999999999,0.7999999999999998,False,0.451596950861105,0.084841976066278,0.5001130454442686,0.14507296278078374,2
0.01,0.2,True,0.14132751084940431,0.02884929502005828,0.9983043183359711,0.05607803044254082,3
0.01,0.25,True,0.14184017176640587,0.02884929502005828,0.9983043183359711,0.05607803044254082,3
0.01,0.3,True,0.1420792920994617,0.02884929502005828,0.9983043183359711,0.05607803044254082,3
0.01,0.35,True,0.14215759561187177,0.02884929502005828,0.9983043183359711,0.05607803044254082,3
0.01,0.39999999999999997,True,0.14205289859977058,0.02884929502005828,0.9983043183359711,0.05607803044254082,3
0.01,0.44999999999999996,True,0.14199918959411356,0.02884929502005828,0.9983043183359711,0.05607803044254082,3
0.01,0.49999999999999994,True,0.14184564286914886,0.02884929502005828,0.9983043183359711,0.05607803044254082,3
0.01,0.5499999999999999,True,0.14165641072935006,0.02884929502005828,0.9983043183359711,0.05607803044254082,3
0.01,0.5999999999999999,True,0.14141305734417126,0.02884929502005828,0.9983043183359711,0.05607803044254082,3
0.01,0.6499999999999999,True,0.1412397085348284,0.02884929502005828,0.9983043183359711,0.05607803044254082,3
0.01,0.7,True,0.14115559668619004,0.02884929502005828,0.9983043183359711,0.05607803044254082,3
0.01,0.7499999999999998,True,0.1411557448396021,0.02884929502005828,0.9983043183359711,0.05607803044254082,3
0.01,0.7999999999999998,True,0.1411410811230497,0.02884929502005828,0.9983043183359711,0.05607803044254082,3
0.03,0.2,True,0.1814328033356456,0.03134520950571705,0.9885824101288718,0.06076376825692408,3
0.03,0.25,True,0.1830128233118191,0.03134520950571705,0.9885824101288718,0.06076376825692408,3
0.03,0.3,True,0.18409791841564352,0.03134520950571705,0.9885824101288718,0.06076376825692408,3
0.03,0.35,True,0.1843670042538186,0.03134520950571705,0.9885824101288718,0.06076376825692408,3
0.03,0.39999999999999997,True,0.184155861467298,0.03134520950571705,0.9885824101288718,0.06076376825692408,3
0.03,0.44999999999999996,True,0.18386587981598726,0.03134520950571705,0.9885824101288718,0.06076376825692408,3
0.03,0.49999999999999994,True,0.18319732172009526,0.03134520950571705,0.9885824101288718,0.06076376825692408,3
0.03,0.5499999999999999,True,0.18254919970461836,0.03134520950571705,0.9885824101288718,0.06076376825692408,3
0.03,0.5999999999999999,True,0.18170641814795,0.03134520950571705,0.9885824101288718,0.06076376825692408,3
0.03,0.6499999999999999,True,0.18087316776043674,0.03134520950571705,0.9885824101288718,0.06076376825692408,3
0.03,0.7,True,0.18035288359127122,0.03134520950571705,0.9885824101288718,0.06076376825692408,3
0.03,0.7499999999999998,True,0.17999873961055826,0.03134520950571705,0.9885824101288718,0.06076376825692408,3
0.03,0.7999999999999998,True,0.1796017304597811,0.03134520950571705,0.9885824101288718,0.06076376825692408,3
0.049999999999999996,0.2,True,0.20652713393082164,0.03316167471075907,0.973999547818223,0.06413959443766191,3
0.049999999999999996,0.25,True,0.20937794608780624,0.03316167471075907,0.973999547818223,0.06413959443766191,3
0.049999999999999996,0.3,True,0.21105062898932783,0.03316167471075907,0.973999547818223,0.06413959443766191,3
0.049999999999999996,0.35,True,0.21176756081681644,0.03316167471075907,0.973999547818223,0.06413959443766191,3
0.049999999999999996,0.39999999999999997,True,0.21174870915016197,0.03316167471075907,0.973999547818223,0.06413959443766191,3
0.049999999999999996,0.44999999999999996,True,0.21125840829225728,0.03316167471075907,0.973999547818223,0.06413959443766191,3
0.049999999999999996,0.49999999999999994,True,0.20992572503981358,0.03316167471075907,0.973999547818223,0.06413959443766191,3
0.049999999999999996,0.5499999999999999,True,0.20845152627117236,0.03316167471075907,0.973999547818223,0.06413959443766191,3
0.049999999999999996,0.5999999999999999,True,0.20654637121847694,0.03316167471075907,0.973999547818223,0.06413959443766191,3
0.049999999999999996,0.6499999999999999,True,0.20487288207261523,0.03316167471075907,0.973999547818223,0.06413959443766191,3
0.049999999999999996,0.7,True,0.20377826404729546,0.03316167471075907,0.973999547818223,0.06413959443766191,3
0.049999999999999996,0.7499999999999998,True,0.2030822027084999,0.03316167471075907,0.973999547818223,0.06413959443766191,3
0.049999999999999996,0.7999999999999998,True,0.20232968757523065,0.03316167471075907,0.973999547818223,0.06413959443766191,3
0.06999999999999999,0.2,True,0.22389295019481423,0.03463596972155077,0.96054713995026,0.0668610255381262,3
0.06999999999999999,0.25,True,0.22790792072630794,0.03463596972155077,0.96054713995026,0.0668610255381262,3
0.06999999999999999,0.3,True,0.2305178421743398,0.03463596972155077,0.96054713995026,0.0668610255381262,3
0.06999999999999999,0.35,True,0.2318963169701794,0.03463596972155077,0.96054713995026,0.0668610255381262,3
0.06999999999999999,0.39999999999999997,True,0.23221980235526943,0.03463596972155077,0.96054713995026,0.0668610255381262,3
0.06999999999999999,0.44999999999999996,True,0.23165377590269018,0.03463596972155077,0.96054713995026,0.0668610255381262,3
0.06999999999999999,0.49999999999999994,True,0.23005069533179354,0.03463596972155077,0.96054713995026,0.0668610255381262,3
0.06999999999999999,0.5499999999999999,True,0.22785691358134344,0.03463596972155077,0.96054713995026,0.0668610255381262,3
0.06999999999999999,0.5999999999999999,True,0.225137901295316,0.03463596972155077,0.96054713995026,0.0668610255381262,3
0.06999999999999999,0.6499999999999999,True,0.22243442756020645,0.03463596972155077,0.96054713995026,0.0668610255381262,3
0.06999999999999999,0.7,True,0.22042588985271813,0.03463596972155077,0.96054713995026,0.0668610255381262,3
0.06999999999999999,0.7499999999999998,True,0.21909255513086848,0.03463596972155077,0.96054713995026,0.0668610255381262,3
0.06999999999999999,0.7999999999999998,True,0.2177676814152261,0.03463596972155077,0.96054713995026,0.0668610255381262,3
0.08999999999999998,0.2,True,0.2377057241043636,0.035943407156926274,0.9468686411937599,0.06925776938055805,3
0.08999999999999998,0.25,True,0.24307831989616624,0.035943407156926274,0.9468686411937599,0.06925776938055805,3
0.08999999999999998,0.3,True,0.2465911163658444,0.035943407156926274,0.9468686411937599,0.06925776938055805,3
0.08999999999999998,0.35,True,0.24863271789850727,0.035943407156926274,0.9468686411937599,0.06925776938055805,3
0.08999999999999998,0.39999999999999997,True,0.24934269913014803,0.035943407156926274,0.9468686411937599,0.06925776938055805,3
0.08999999999999998,0.44999999999999996,True,0.24886667930714035,0.035943407156926274,0.9468686411937599,0.06925776938055805,3
0.08999999999999998,0.49999999999999994,True,0.24727088835498098,0.035943407156926274,0.9468686411937599,0.06925776938055805,3
0.08999999999999998,0.5499999999999999,True,0.24455613359358241,0.035943407156926274,0.9468686411937599,0.06925776938055805,3
0.08999999999999998,0.5999999999999999,True,0.24096314029067423,0.035943407156926274,0.9468686411937599,0.06925776938055805,3
0.08999999999999998,0.6499999999999999,True,0.23727867337411634,0.035943407156926274,0.9468686411937599,0.06925776938055805,3
0.08999999999999998,0.7,True,0.23418855097233393,0.035943407156926274,0.9468686411937599,0.06925776938055805,3
0.08999999999999998,0.7499999999999998,True,0.23186977172895076,0.035943407156926274,0.9468686411937599,0.06925776938055805,3
0.08999999999999998,0.7999999999999998,True,0.22987335354581015,0.035943407156926274,0.9468686411937599,0.06925776938055805,3
0.10999999999999997,0.2,True,0.2486639777177356,0.037155046713830533,0.9333031878815283,0.07146505085479334,3
0.10999999999999997,0.25,True,0.2553449953757702,0.037155046713830533,0.9333031878815283,0.07146505085479334,3
0.10999999999999997,0.3,True,0.25974313447127567,0.037155046713830533,0.9333031878815283,0.07146505085479334,3
0.10999999999999997,0.35,True,0.2624508278960465,0.037155046713830533,0.9333031878815283,0.07146505085479334,3
0.10999999999999997,0.39999999999999997,True,0.2636602138919357,0.037155046713830533,0.9333031878815283,0.07146505085479334,3
0.10999999999999997,0.44999999999999996,True,0.2635121708562143,0.037155046713830533,0.9333031878815283,0.07146505085479334,3
0.10999999999999997,0.49999999999999994,True,0.26193812889565365,0.037155046713830533,0.9333031878815283,0.07146505085479334,3
0.10999999999999997,0.5499999999999999,True,0.25910318757836176,0.037155046713830533,0.9333031878815283,0.07146505085479334,3
0.10999999999999997,0.5999999999999999,True,0.25503478709434385,0.037155046713830533,0.9333031878815283,0.07146505085479334,3
0.10999999999999997,0.6499999999999999,True,0.25061392952234673,0.037155046713830533,0.9333031878815283,0.07146505085479334,3
0.10999999999999997,0.7,True,0.24649567231247863,0.037155046713830533,0.9333031878815283,0.07146505085479334,3
0.10999999999999997,0.7499999999999998,True,0.2432113402420203,0.037155046713830533,0.9333031878815283,0.07146505085479334,3
0.10999999999999997,0.7999999999999998,True,0.24026811513077537,0.037155046713830533,0.9333031878815283,0.07146505085479334,3
0.12999999999999998,0.2,True,0.2585870032980294,0.03831994802798203,0.9201899163463713,0.07357593506516984,3
0.12999999999999998,0.25,True,0.26638978598959767,0.03831994802798203,0.9201899163463713,0.07357593506516984,3
0.12999999999999998,0.3,True,0.2716442708438946,0.03831994802798203,0.9201899163463713,0.07357593506516984,3
0.12999999999999998,0.35,True,0.27507153410063234,0.03831994802798203,0.9201899163463713,0.07357593506516984,3
0.12999999999999998,0.39999999999999997,True,0.2767733098934942,0.03831994802798203,0.9201899163463713,0.07357593506516984,3
0.12999999999999998,0.44999999999999996,True,0.277089998105497,0.03831994802798203,0.9201899163463713,0.07357593506516984,3
0.12999999999999998,0.49999999999999994,True,0.2756429781796656,0.03831994802798203,0.9201899163463713,0.07357593506516984,3
0.12999999999999998,0.5499999999999999,True,0.2726737901397574,0.03831994802798203,0.9201899163463713,0.07357593506516984,3
0.12999999999999998,0.5999999999999999,True,0.2682688758221683,0.03831994802798203,0.9201899163463713,0.07357593506516984,3
0.12999999999999998,0.6499999999999999,True,0.2632516359501796,0.03831994802798203,0.9201899163463713,0.07357593506516984,3
0.12999999999999998,0.7,True,0.2581844530160973,0.03831994802798203,0.9201899163463713,0.07357593506516984,3
0.12999999999999998,0.7499999999999998,True,0.25368332996259413,0.03831994802798203,0.9201899163463713,0.07357593506516984,3
0.12999999999999998,0.7999999999999998,True,0.2494609569946186,0.03831994802798203,0.9201899163463713,0.07357593506516984,3
0.15,0.2,True,0.2668009118599753,0.03937673572710069,0.9056070540357224,0.07547187586850125,3
0.15,0.25,True,0.2756233109337379,0.03937673572710069,0.9056070540357224,0.07547187586850125,3
0.15,0.3,True,0.2816958425511779,0.03937673572710069,0.9056070540357224,0.07547187586850125,3
0.15,0.35,True,0.28583599786381597,0.03937673572710069,0.9056070540357224,0.07547187586850125,3
0.15,0.39999999999999997,True,0.2879338967908062,0.03937673572710069,0.9056070540357224,0.07547187586850125,3
0.15,0.44999999999999996,True,0.28861262175488106,0.03937673572710069,0.9056070540357224,0.07547187586850125,3
0.15,0.49999999999999994,True,0.2874706720197311,0.03937673572710069,0.9056070540357224,0.07547187586850125,3
0.15,0.5499999999999999,True,0.284546197443307,0.03937673572710069,0.9056070540357224,0.07547187586850125,3
0.15,0.5999999999999999,True,0.2799012452598078,0.03937673572710069,0.9056070540357224,0.07547187586850125,3
0.15,0.6499999999999999,True,0.2744342095716437,0.03937673572710069,0.9056070540357224,0.07547187586850125,3
0.15,0.7,True,0.2685611058421789,0.03937673572710069,0.9056070540357224,0.07547187586850125,3
0.15,0.7499999999999998,True,0.26294595112284314,0.03937673572710069,0.9056070540357224,0.07547187586850125,3
0.15,0.7999999999999998,True,0.25771986725898655,0.03937673572710069,0.9056070540357224,0.07547187586850125,3
0.16999999999999998,0.2,True,0.2737565400367794,0.04044669717764874,0.8921546461677594,0.07738506719224188,3
0.16999999999999998,0.25,True,0.28347454884838286,0.04044669717764874,0.8921546461677594,0.07738506719224188,3
0.16999999999999998,0.3,True,0.290411758003976,0.04044669717764874,0.8921546461677594,0.07738506719224188,3
0.16999999999999998,0.35,True,0.2953663253983268,0.04044669717764874,0.8921546461677594,0.07738506719224188,3
0.16999999999999998,0.39999999999999997,True,0.29790962651647035,0.04044669717764874,0.8921546461677594,0.07738506719224188,3
0.16999999999999998,0.44999999999999996,True,0.2989138220811409,0.04044669717764874,0.8921546461677594,0.07738506719224188,3
0.16999999999999998,0.49999999999999994,True,0.29806754771021143,0.04044669717764874,0.8921546461677594,0.07738506719224188,3
0.16999999999999998,0.5499999999999999,True,0.2953455538472238,0.04044669717764874,0.8921546461677594,0.07738506719224188,3
0.16999999999999998,0.5999999999999999,True,0.290756812060516,0.04044669717764874,0.8921546461677594,0.07738506719224188,3
0.16999999999999998,0.6499999999999999,True,0.28522327026558164,0.04044669717764874,0.8921546461677594,0.07738506719224188,3
0.16999999999999998,0.7,True,0.2786978445257298,0.04044669717764874,0.8921546461677594,0.07738506719224188,3
0.16999999999999998,0.7499999999999998,True,0.27211733941092586,0.04044669717764874,0.8921546461677594,0.07738506719224188,3
0.16999999999999998,0.7999999999999998,True,0.2657251835780177,0.04044669717764874,0.8921546461677594,0.07738506719224188,3
0.18999999999999997,0.2,True,0.28032068483348066,0.041538839777233806,0.878589192855528,0.07932716843244127,3
0.18999999999999997,0.25,True,0.29095309795633867,0.041538839777233806,0.878589192855528,0.07932716843244127,3
0.18999999999999997,0.3,True,0.29874399727064876,0.041538839777233806,0.878589192855528,0.07932716843244127,3
0.18999999999999997,0.35,True,0.3043754517178613,0.041538839777233806,0.878589192855528,0.07932716843244127,3
0.18999999999999997,0.39999999999999997,True,0.30748620363738405,0.041538839777233806,0.878589192855528,0.07932716843244127,3
0.18999999999999997,0.44999999999999996,True,0.3088655158947966,0.041538839777233806,0.878589192855528,0.07932716843244127,3
0.18999999999999997,0.49999999999999994,True,0.3084515248485678,0.041538839777233806,0.878589192855528,0.07932716843244127,3
0.18999999999999997,0.5499999999999999,True,0.3059339048767468,0.041538839777233806,0.878589192855528,0.07932716843244127,3
0.18999999999999997,0.5999999999999999,True,0.3015143387596945,0.041538839777233806,0.878589192855528,0.07932716843244127,3
0.18999999999999997,0.6499999999999999,True,0.29577070713127923,0.041538839777233806,0.878589192855528,0.07932716843244127,3
0.18999999999999997,0.7,True,0.28874517544315875,0.041538839777233806,0.878589192855528,0.07932716843244127,3
0.18999999999999997,0.7499999999999998,True,0.281234383263781,0.041538839777233806,0.878589192855528,0.07932716843244127,3
0.18999999999999997,0.7999999999999998,True,0.2735906822171017,0.041538839777233806,0.878589192855528,0.07932716843244127,3
0.20999999999999996,0.2,True,0.28626973046455856,0.04261661206569945,0.8646846032104906,0.08122975627887219,3
0.20999999999999996,0.25,True,0.29776006753740253,0.04261661206569945,0.8646846032104906,0.08122975627887219,3
0.20999999999999996,0.3,True,0.3062331916260709,0.04261661206569945,0.8646846032104906,0.08122975627887219,3
0.20999999999999996,0.35,True,0.312576119655472,0.04261661206569945,0.8646846032104906,0.08122975627887219,3
0.20999999999999996,0.39999999999999997,True,0.31610562834629735,0.04261661206569945,0.8646846032104906,0.08122975627887219,3
0.20999999999999996,0.44999999999999996,True,0.3179104249465581,0.04261661206569945,0.8646846032104906,0.08122975627887219,3
0.20999999999999996,0.49999999999999994,True,0.3178290531515839,0.04261661206569945,0.8646846032104906,0.08122975627887219,3
0.20999999999999996,0.5499999999999999,True,0.31565011561303963,0.04261661206569945,0.8646846032104906,0.08122975627887219,3
0.20999999999999996,0.5999999999999999,True,0.311302287568009,0.04261661206569945,0.8646846032104906,0.08122975627887219,3
0.20999999999999996,0.6499999999999999,True,0.3054842425272412,0.04261661206569945,0.8646846032104906,0.08122975627887219,3
0.20999999999999996,0.7,True,0.2980144336215113,0.04261661206569945,0.8646846032104906,0.08122975627887219,3
0.20999999999999996,0.7499999999999998,True,0.28981199058725543,0.04261661206569945,0.8646846032104906,0.08122975627887219,3
0.20999999999999996,0.7999999999999998,True,0.2810120719609022,0.04261661206569945,0.8646846032104906,0.08122975627887219,3
0.22999999999999998,0.2,True,0.2917210015049389,0.04369442974524182,0.8494234682342302,0.08311349294575059,3
0.22999999999999998,0.25,True,0.30396760633598185,0.04369442974524182,0.8494234682342302,0.08311349294575059,3
0.22999999999999998,0.3,True,0.313202985469765,0.04369442974524182,0.8494234682342302,0.08311349294575059,3
0.22999999999999998,0.35,True,0.3201836916408003,0.04369442974524182,0.8494234682342302,0.08311349294575059,3
0.22999999999999998,0.39999999999999997,True,0.32423412480941566,0.04369442974524182,0.8494234682342302,0.08311349294575059,3
0.22999999999999998,0.44999999999999996,True,0.3264733013415023,0.04369442974524182,0.8494234682342302,0.08311349294575059,3
0.22999999999999998,0.49999999999999994,True,0.32671320533546205,0.04369442974524182,0.8494234682342302,0.08311349294575059,3
0.22999999999999998,0.5499999999999999,True,0.3248086979945876,0.04369442974524182,0.8494234682342302,0.08311349294575059,3
0.22999999999999998,0.5999999999999999,True,0.32043372623243666,0.04369442974524182,0.8494234682342302,0.08311349294575059,3
0.22999999999999998,0.6499999999999999,True,0.3145754167536839,0.04369442974524182,0.8494234682342302,0.08311349294575059,3
0.22999999999999998,0.7,True,0.30685820297702016,0.04369442974524182,0.8494234682342302,0.08311349294575059,3
0.22999999999999998,0.7499999999999998,True,0.2979152200527207,0.04369442974524182,0.8494234682342302,0.08311349294575059,3
0.22999999999999998,0.7999999999999998,True,0.28797293821559916,0.04369442974524182,0.8494234682342302,0.08311349294575059,3
0.24999999999999997,0.2,True,0.29697252404739755,0.044788802495887736,0.8341623332579697,0.08501298985581549,3
0.24999999999999997,0.25,True,0.30995938490119807,0.044788802495887736,0.8341623332579697,0.08501298985581549,3
0.24999999999999997,0.3,True,0.31982768635214887,0.044788802495887736,0.8341623332579697,0.08501298985581549,3
0.24999999999999997,0.35,True,0.3274331652002442,0.044788802495887736,0.8341623332579697,0.08501298985581549,3
0.24999999999999997,0.39999999999999997,True,0.3319953062890885,0.044788802495887736,0.8341623332579697,0.08501298985581549,3
0.24999999999999997,0.44999999999999996,True,0.3347265302910943,0.044788802495887736,0.8341623332579697,0.08501298985581549,3
0.24999999999999997,0.49999999999999994,True,0.3353439441760016,0.044788802495887736,0.8341623332579697,0.08501298985581549,3
0.24999999999999997,0.5499999999999999,True,0.33357565616853924,0.044788802495887736,0.8341623332579697,0.08501298985581549,3
0.24999999999999997,0.5999999999999999,True,0.32932850775351263,0.044788802495887736,0.8341623332579697,0.08501298985581549,3
0.24999999999999997,0.6499999999999999,True,0.32342698770381706,0.044788802495887736,0.8341623332579697,0.08501298985581549,3
0.24999999999999997,0.7,True,0.31539297771340463,0.044788802495887736,0.8341623332579697,0.08501298985581549,3
0.24999999999999997,0.7499999999999998,True,0.3058344596562071,0.044788802495887736,0.8341623332579697,0.08501298985581549,3
0.24999999999999997,0.7999999999999998,True,0.2949384089854589,0.044788802495887736,0.8341623332579697,0.08501298985581549,3
0.26999999999999996,0.2,True,0.302034970390373,0.04599996196778672,0.820370789057201,0.08711518723703086,3
0.26999999999999996,0.25,True,0.31579458883442546,0.04599996196778672,0.820370789057201,0.08711518723703086,3
0.26999999999999996,0.3,True,0.32628531067192146,0.04599996196778672,0.820370789057201,0.08711518723703086,3
0.26999999999999996,0.35,True,0.3343770094712588,0.04599996196778672,0.820370789057201,0.08711518723703086,3
0.26999999999999996,0.39999999999999997,True,0.3394495981785472,0.04599996196778672,0.820370789057201,0.08711518723703086,3
0.26999999999999996,0.44999999999999996,True,0.34256105680983756,0.04599996196778672,0.820370789057201,0.08711518723703086,3
0.26999999999999996,0.49999999999999994,True,0.3435456728612758,0.04599996196778672,0.820370789057201,0.08711518723703086,3
0.26999999999999996,0.5499999999999999,True,0.34206043963139493,0.04599996196778672,0.820370789057201,0.08711518723703086,3
0.26999999999999996,0.5999999999999999,True,0.33794364548170003,0.04599996196778672,0.820370789057201,0.08711518723703086,3
0.26999999999999996,0.6499999999999999,True,0.3320939614752858,0.04599996196778672,0.820370789057201,0.08711518723703086,3
0.26999999999999996,0.7,True,0.3239813148306618,0.04599996196778672,0.820370789057201,0.08711518723703086,3
0.26999999999999996,0.7499999999999998,True,0.3139161052387259,0.04599996196778672,0.820370789057201,0.08711518723703086,3
0.26999999999999996,0.7999999999999998,True,0.302123613509991,0.04599996196778672,0.820370789057201,0.08711518723703086,3
0.29,0.2,False,0.3072678761420669,0.047240126256597965,0.8053357449694777,0.08924522392734106,3
0.29,0.25,False,0.3217801802529084,0.047240126256597965,0.8053357449694777,0.08924522392734106,3
0.29,0.3,False,0.33287816018948185,0.047240126256597965,0.8053357449694777,0.08924522392734106,3
0.29,0.35,False,0.3415186306396854,0.047240126256597965,0.8053357449694777,0.08924522392734106,3
0.29,0.39999999999999997,False,0.3471538701305516,0.047240126256597965,0.8053357449694777,0.08924522392734106,3
0.29,0.44999999999999996,False,0.35072790425960165,0.047240126256597965,0.8053357449694777,0.08924522392734106,3
0.29,0.49999999999999994,False,0.3519827881807678,0.047240126256597965,0.8053357449694777,0.08924522392734106,3
0.29,0.5499999999999999,False,0.35077274758941956,0.047240126256597965,0.8053357449694777,0.08924522392734106,3
0.29,0.5999999999999999,False,0.34685893431170206,0.047240126256597965,0.8053357449694777,0.08924522392734106,3
0.29,0.6499999999999999,False,0.34092146826377895,0.047240126256597965,0.8053357449694777,0.08924522392734106,3
0.29,0.7,False,0.33261322808588883,0.047240126256597965,0.8053357449694777,0.08924522392734106,3
0.29,0.7499999999999998,False,0.3219937067034592,0.047240126256597965,0.8053357449694777,0.08924522392734106,3
0.29,0.7999999999999998,False,0.3092692186494626,0.047240126256597965,0.8053357449694777,0.08924522392734106,3
0.30999999999999994,0.2,False,0.31202946950974625,0.04842080414360997,0.7883789283291883,0.09123793949304988,3
0.30999999999999994,0.25,False,0.3272377759001467,0.04842080414360997,0.7883789283291883,0.09123793949304988,3
0.30999999999999994,0.3,False,0.3389769357906502,0.04842080414360997,0.7883789283291883,0.09123793949304988,3
0.30999999999999994,0.35,False,0.3481640945335293,0.04842080414360997,0.7883789283291883,0.09123793949304988,3
0.30999999999999994,0.39999999999999997,False,0.35435474017343044,0.04842080414360997,0.7883789283291883,0.09123793949304988,3
0.30999999999999994,0.44999999999999996,False,0.3583589907184828,0.04842080414360997,0.7883789283291883,0.09123793949304988,3
0.30999999999999994,0.49999999999999994,False,0.36002202811349276,0.04842080414360997,0.7883789283291883,0.09123793949304988,3
0.30999999999999994,0.5499999999999999,False,0.3590993423717523,0.04842080414360997,0.7883789283291883,0.09123793949304988,3
0.30999999999999994,0.5999999999999999,False,0.35532128693292453,0.04842080414360997,0.7883789283291883,0.09123793949304988,3
0.30999999999999994,0.6499999999999999,False,0.34935998713355804,0.04842080414360997,0.7883789283291883,0.09123793949304988,3
0.30999999999999994,0.7,False,0.3408996976844511,0.04842080414360997,0.7883789283291883,0.09123793949304988,3
0.30999999999999994,0.7499999999999998,False,0.3298258463763764,0.04842080414360997,0.7883789283291883,0.09123793949304988,3
0.30999999999999994,0.7999999999999998,False,0.31599566077930674,0.04842080414360997,0.7883789283291883,0.09123793949304988,3
0.32999999999999996,0.2,False,0.31623410164696286,0.049551287183480966,0.7696133845806014,0.09310785768502246,3
0.32999999999999996,0.25,False,0.3321014225457042,0.049551287183480966,0.7696133845806014,0.09310785768502246,3
0.32999999999999996,0.3,False,0.34455218579989005,0.049551287183480966,0.7696133845806014,0.09310785768502246,3
0.32999999999999996,0.35,False,0.35428054370369044,0.049551287183480966,0.7696133845806014,0.09310785768502246,3
0.32999999999999996,0.39999999999999997,False,0.3609410825112383,0.049551287183480966,0.7696133845806014,0.09310785768502246,3
0.32999999999999996,0.44999999999999996,False,0.36533027974487103,0.049551287183480966,0.7696133845806014,0.09310785768502246,3
0.32999999999999996,0.49999999999999994,False,0.367412253381888,0.049551287183480966,0.7696133845806014,0.09310785768502246,3
0.32999999999999996,0.5499999999999999,False,0.3667861222395117,0.049551287183480966,0.7696133845806014,0.09310785768502246,3
0.32999999999999996,0.5999999999999999,False,0.36314649447333713,0.049551287183480966,0.7696133845806014,0.09310785768502246,3
0.32999999999999996,0.6499999999999999,False,0.3573661524537768,0.049551287183480966,0.7696133845806014,0.09310785768502246,3
0.32999999999999996,0.7,False,0.34881486024645053,0.049551287183480966,0.7696133845806014,0.09310785768502246,3
0.32999999999999996,0.7499999999999998,False,0.33743894621148535,0.049551287183480966,0.7696133845806014,0.09310785768502246,3
0.32999999999999996,0.7999999999999998,False,0.3228213357652922,0.049551287183480966,0.7696133845806014,0.09310785768502246,3
0.35,0.2,False,0.3205705668784032,0.050771429226431096,0.7510739317205517,0.09511334435640305,3
0.35,0.25,False,0.3369854481913419,0.050771429226431096,0.7510739317205517,0.09511334435640305,3
0.35,0.3,False,0.3500504532473332,0.050771429226431096,0.7510739317205517,0.09511334435640305,3
0.35,0.35,False,0.36027557248332326,0.050771429226431096,0.7510739317205517,0.09511334435640305,3
0.35,0.39999999999999997,False,0.3674365490549176,0.050771429226431096,0.7510739317205517,0.09511334435640305,3
0.35,0.44999999999999996,False,0.37224511882633676,0.050771429226431096,0.7510739317205517,0.09511334435640305,3
0.35,0.49999999999999994,False,0.3746411620689742,0.050771429226431096,0.7510739317205517,0.09511334435640305,3
0.35,0.5499999999999999,False,0.3743014719808728,0.050771429226431096,0.7510739317205517,0.09511334435640305,3
0.35,0.5999999999999999,False,0.3708715260425462,0.050771429226431096,0.7510739317205517,0.09511334435640305,3
0.35,0.6499999999999999,False,0.3651792334377008,0.050771429226431096,0.7510739317205517,0.09511334435640305,3
0.35,0.7,False,0.35663618929285196,0.050771429226431096,0.7510739317205517,0.09511334435640305,3
0.35,0.7499999999999998,False,0.34495597237434433,0.050771429226431096,0.7510739317205517,0.09511334435640305,3
0.35,0.7999999999999998,False,0.32974395277154567,0.050771429226431096,0.7510739317205517,0.09511334435640305,3
0.36999999999999994,0.2,False,0.32473078882856116,0.051954104261747125,0.7309518426407415,0.09701279800753176,3
0.36999999999999994,0.25,False,0.34169066834657813,0.051954104261747125,0.7309518426407415,0.09701279800753176,3
0.36999999999999994,0.3,False,0.3552632501181033,0.051954104261747125,0.7309518426407415,0.09701279800753176,3
0.36999999999999994,0.35,False,0.36604099585812205,0.051954104261747125,0.7309518426407415,0.09701279800753176,3
0.36999999999999994,0.39999999999999997,False,0.37363253667303375,0.051954104261747125,0.7309518426407415,0.09701279800753176,3
0.36999999999999994,0.44999999999999996,False,0.3788436896693412,0.051954104261747125,0.7309518426407415,0.09701279800753176,3
0.36999999999999994,0.49999999999999994,False,0.38148317510556123,0.051954104261747125,0.7309518426407415,0.09701279800753176,3
0.36999999999999994,0.5499999999999999,False,0.381509468258082,0.051954104261747125,0.7309518426407415,0.09701279800753176,3
0.36999999999999994,0.5999999999999999,False,0.3783784311825777,0.051954104261747125,0.7309518426407415,0.09701279800753176,3
0.36999999999999994,0.6499999999999999,False,0.3728969342190233,0.051954104261747125,0.7309518426407415,0.09701279800753176,3
0.36999999999999994,0.7,False,0.3645062143572329,0.051954104261747125,0.7309518426407415,0.09701279800753176,3
0.36999999999999994,0.7499999999999998,False,0.35249554499224356,0.051954104261747125,0.7309518426407415,0.09701279800753176,3
0.36999999999999994,0.7999999999999998,False,0.3367743113700621,0.051954104261747125,0.7309518426407415,0.09701279800753176,3
0.38999999999999996,0.2,False,0.32885145224638607,0.053389220542783354,0.7127515261134977,0.09933748749419022,3
0.38999999999999996,0.25,False,0.3462060043730442,0.053389220542783354,0.7127515261134977,0.09933748749419022,3
0.38999999999999996,0.3,False,0.36032455809122327,0.053389220542783354,0.7127515261134977,0.09933748749419022,3
0.38999999999999996,0.35,False,0.3716324731855089,0.053389220542783354,0.7127515261134977,0.09933748749419022,3
0.38999999999999996,0.39999999999999997,False,0.37980311859871324,0.053389220542783354,0.7127515261134977,0.09933748749419022,3
0.38999999999999996,0.44999999999999996,False,0.38537480846906597,0.053389220542783354,0.7127515261134977,0.09933748749419022,3
0.38999999999999996,0.49999999999999994,False,0.388467133209641,0.053389220542783354,0.7127515261134977,0.09933748749419022,3
0.38999999999999996,0.5499999999999999,False,0.3888605159013175,0.053389220542783354,0.7127515261134977,0.09933748749419022,3
0.38999999999999996,0.5999999999999999,False,0.3861035552822092,0.053389220542783354,0.7127515261134977,0.09933748749419022,3
0.38999999999999996,0.6499999999999999,False,0.38079091433255946,0.053389220542783354,0.7127515261134977,0.09933748749419022,3
0.38999999999999996,0.7,False,0.37252601910696326,0.053389220542783354,0.7127515261134977,0.09933748749419022,3
0.38999999999999996,0.7499999999999998,False,0.3602628987240893,0.053389220542783354,0.7127515261134977,0.09933748749419022,3
0.38999999999999996,0.7999999999999998,False,0.34394318030099563,0.053389220542783354,0.7127515261134977,0.09933748749419022,3
0.4099999999999999,0.2,False,0.33309546993070527,0.054899856938483545,0.6940990278091793,0.1017516530500638,3
0.4099999999999999,0.25,False,0.35090419288688834,0.054899856938483545,0.6940990278091793,0.1017516530500638,3
0.4099999999999999,0.3,False,0.36550774732170904,0.054899856938483545,0.6940990278091793,0.1017516530500638,3
0.4099999999999999,0.35,False,0.37731828328787853,0.054899856938483545,0.6940990278091793,0.1017516530500638,3
0.4099999999999999,0.39999999999999997,False,0.3859194769701826,0.054899856938483545,0.6940990278091793,0.1017516530500638,3
0.4099999999999999,0.44999999999999996,False,0.39191930434380695,0.054899856938483545,0.6940990278091793,0.1017516530500638,3
0.4099999999999999,0.49999999999999994,False,0.3953890558843573,0.054899856938483545,0.6940990278091793,0.1017516530500638,3
0.4099999999999999,0.5499999999999999,False,0.3960977701275221,0.054899856938483545,0.6940990278091793,0.1017516530500638,3
0.4099999999999999,0.5999999999999999,False,0.3936290489878283,0.054899856938483545,0.6940990278091793,0.1017516530500638,3
0.4099999999999999,0.6499999999999999,False,0.38846188260529546,0.054899856938483545,0.6940990278091793,0.1017516530500638,3
0.4099999999999999,0.7,False,0.380386332069314,0.054899856938483545,0.6940990278091793,0.1017516530500638,3
0.4099999999999999,0.7499999999999998,False,0.36778942341409065,0.054899856938483545,0.6940990278091793,0.1017516530500638,3
0.4099999999999999,0.7999999999999998,False,0.3508566569169275,0.054899856938483545,0.6940990278091793,0.1017516530500638,3
0.42999999999999994,0.2,False,0.33713793844011475,0.05642710394516346,0.6737508478408321,0.1041329967065319,3
0.42999999999999994,0.25,False,0.35537075514814914,0.05642710394516346,0.6737508478408321,0.1041329967065319,3
0.42999999999999994,0.3,False,0.37043795274695374,0.05642710394516346,0.6737508478408321,0.1041329967065319,3
0.42999999999999994,0.35,False,0.3827105370731914,0.05642710394516346,0.6737508478408321,0.1041329967065319,3
0.42999999999999994,0.39999999999999997,False,0.39175825683054266,0.05642710394516346,0.6737508478408321,0.1041329967065319,3
0.42999999999999994,0.44999999999999996,False,0.3982101641459761,0.05642710394516346,0.6737508478408321,0.1041329967065319,3
0.42999999999999994,0.49999999999999994,False,0.40206325867203613,0.05642710394516346,0.6737508478408321,0.1041329967065319,3
0.42999999999999994,0.5499999999999999,False,0.40313897943912536,0.05642710394516346,0.6737508478408321,0.1041329967065319,3
0.42999999999999994,0.5999999999999999,False,0.4011242657613734,0.05642710394516346,0.6737508478408321,0.1041329967065319,3
0.42999999999999994,0.6499999999999999,False,0.39618048803123224,0.05642710394516346,0.6737508478408321,0.1041329967065319,3
0.42999999999999994,0.7,False,0.3883212067170107,0.05642710394516346,0.6737508478408321,0.1041329967065319,3
0.42999999999999994,0.7499999999999998,False,0.37559717183048863,0.05642710394516346,0.6737508478408321,0.1041329967065319,3
0.42999999999999994,0.7999999999999998,False,0.3580243845948629,0.05642710394516346,0.6737508478408321,0.1041329967065319,3
0.44999999999999996,0.2,False,0.34098713848945833,0.05784849491259322,0.6497852136558897,0.10623885259081962,3
0.44999999999999996,0.25,False,0.3595714667544346,0.05784849491259322,0.6497852136558897,0.10623885259081962,3
0.44999999999999996,0.3,False,0.3750181638364843,0.05784849491259322,0.6497852136558897,0.10623885259081962,3
0.44999999999999996,0.35,False,0.38778245448324733,0.05784849491259322,0.6497852136558897,0.10623885259081962,3
0.44999999999999996,0.39999999999999997,False,0.3972981444662311,0.05784849491259322,0.6497852136558897,0.10623885259081962,3
0.44999999999999996,0.44999999999999996,False,0.4042138642923126,0.05784849491259322,0.6497852136558897,0.10623885259081962,3
0.44999999999999996,0.49999999999999994,False,0.4085023386828508,0.05784849491259322,0.6497852136558897,0.10623885259081962,3
0.44999999999999996,0.5499999999999999,False,0.40992793433691793,0.05784849491259322,0.6497852136558897,0.10623885259081962,3
0.44999999999999996,0.5999999999999999,False,0.4082275319858828,0.05784849491259322,0.6497852136558897,0.10623885259081962,3
0.44999999999999996,0.6499999999999999,False,0.4035083113129754,0.05784849491259322,0.6497852136558897,0.10623885259081962,3
0.44999999999999996,0.7,False,0.39574302045534554,0.05784849491259322,0.6497852136558897,0.10623885259081962,3
0.44999999999999996,0.7499999999999998,False,0.38294010695873565,0.05784849491259322,0.6497852136558897,0.10623885259081962,3
0.44999999999999996,0.7999999999999998,False,0.3651113482447559,0.05784849491259322,0.6497852136558897,0.10623885259081962,3
0.4699999999999999,0.2,False,0.3446346880892251,0.059398609203296704,0.6257065340266788,0.10849750073507791,3
0.4699999999999999,0.25,False,0.36347435760482966,0.059398609203296704,0.6257065340266788,0.10849750073507791,3
0.4699999999999999,0.3,False,0.37928552700582,0.059398609203296704,0.6257065340266788,0.10849750073507791,3
0.4699999999999999,0.35,False,0.3925077793989169,0.059398609203296704,0.6257065340266788,0.10849750073507791,3
0.4699999999999999,0.39999999999999997,False,0.40251704609311645,0.059398609203296704,0.6257065340266788,0.10849750073507791,3
0.4699999999999999,0.44999999999999996,False,0.4098117650254247,0.059398609203296704,0.6257065340266788,0.10849750073507791,3
0.4699999999999999,0.49999999999999994,False,0.41460803174979927,0.059398609203296704,0.6257065340266788,0.10849750073507791,3
0.4699999999999999,0.5499999999999999,False,0.4164065218165402,0.059398609203296704,0.6257065340266788,0.10849750073507791,3
0.4699999999999999,0.5999999999999999,False,0.41510869853118143,0.059398609203296704,0.6257065340266788,0.10849750073507791,3
0.4699999999999999,0.6499999999999999,False,0.4106826987659797,0.059398609203296704,0.6257065340266788,0.10849750073507791,3
0.4699999999999999,0.7,False,0.4031456708272823,0.059398609203296704,0.6257065340266788,0.10849750073507791,3
0.4699999999999999,0.7499999999999998,False,0.3902276114328471,0.059398609203296704,0.6257065340266788,0.10849750073507791,3
0.4699999999999999,0.7999999999999998,False,0.3721005311985021,0.059398609203296704,0.6257065340266788,0.10849750073507791,3
0.48999999999999994,0.2,False,0.3484311001579916,0.06113552147028119,0.602419172507348,0.11100580129774093,3
0.48999999999999994,0.25,False,0.36752270176896684,0.06113552147028119,0.602419172507348,0.11100580129774093,3
0.48999999999999994,0.3,False,0.3836854417735487,0.06113552147028119,0.602419172507348,0.11100580129774093,3
0.48999999999999994,0.35,False,0.3972723546904407,0.06113552147028119,0.602419172507348,0.11100580129774093,3
0.48999999999999994,0.39999999999999997,False,0.40769521772369494,0.06113552147028119,0.602419172507348,0.11100580129774093,3
0.48999999999999994,0.44999999999999996,False,0.41539564653006883,0.06113552147028119,0.602419172507348,0.11100580129774093,3
0.48999999999999994,0.49999999999999994,False,0.420626310050133,0.06113552147028119,0.602419172507348,0.11100580129774093,3
0.48999999999999994,0.5499999999999999,False,0.4228464860974919,0.06113552147028119,0.602419172507348,0.11100580129774093,3
0.48999999999999994,0.5999999999999999,False,0.4218919553184875,0.06113552147028119,0.602419172507348,0.11100580129774093,3
0.48999999999999994,0.6499999999999999,False,0.41766120866019735,0.06113552147028119,0.602419172507348,0.11100580129774093,3
0.48999999999999994,0.7,False,0.4103415571407955,0.06113552147028119,0.602419172507348,0.11100580129774093,3
0.48999999999999994,0.7499999999999998,False,0.39728355577587116,0.06113552147028119,0.602419172507348,0.11100580129774093,3
0.48999999999999994,0.7999999999999998,False,0.3787945453688601,0.06113552147028119,0.602419172507348,0.11100580129774093,3
0.5099999999999999,0.2,False,0.3520975972930666,0.0628930043684243,0.577775265656794,0.11343787107012462,3
0.5099999999999999,0.25,False,0.37141714921788743,0.0628930043684243,0.577775265656794,0.11343787107012462,3
0.5099999999999999,0.3,False,0.3878637848269147,0.0628930043684243,0.577775265656794,0.11343787107012462,3
0.5099999999999999,0.35,False,0.4018414849929579,0.0628930043684243,0.577775265656794,0.11343787107012462,3
0.5099999999999999,0.39999999999999997,False,0.41271695247959156,0.0628930043684243,0.577775265656794,0.11343787107012462,3
0.5099999999999999,0.44999999999999996,False,0.4208650790645647,0.0628930043684243,0.577775265656794,0.11343787107012462,3
0.5099999999999999,0.49999999999999994,False,0.42650823715394703,0.0628930043684243,0.577775265656794,0.11343787107012462,3
0.5099999999999999,0.5499999999999999,False,0.4291421683965662,0.0628930043684243,0.577775265656794,0.11343787107012462,3
0.5099999999999999,0.5999999999999999,False,0.4285386258670493,0.0628930043684243,0.577775265656794,0.11343787107012462,3
0.5099999999999999,0.6499999999999999,False,0.4246224763881272,0.0628930043684243,0.577775265656794,0.11343787107012462,3
0.5099999999999999,0.7,False,0.41749834248756956,0.0628930043684243,0.577775265656794,0.11343787107012462,3
0.5099999999999999,0.7499999999999998,False,0.4046059921097864,0.0628930043684243,0.577775265656794,0.11343787107012462,3
0.5099999999999999,0.7999999999999998,False,0.3858396255107766,0.0628930043684243,0.577775265656794,0.11343787107012462,3
0.5299999999999999,0.2,False,0.3556989569398361,0.06489156052220428,0.5540357223603889,0.11617598255345375,3
0.5299999999999999,0.25,False,0.3751884798766471,0.06489156052220428,0.5540357223603889,0.11617598255345375,3
0.5299999999999999,0.3,False,0.3918944917700134,0.06489156052220428,0.5540357223603889,0.11617598255345375,3
0.5299999999999999,0.35,False,0.4061909713921246,0.06489156052220428,0.5540357223603889,0.11617598255345375,3
0.5299999999999999,0.39999999999999997,False,0.41747566952002674,0.06489156052220428,0.5540357223603889,0.11617598255345375,3
0.5299999999999999,0.44999999999999996,False,0.4259978980987596,0.06489156052220428,0.5540357223603889,0.11617598255345375,3
0.5299999999999999,0.49999999999999994,False,0.43214771051682904,0.06489156052220428,0.5540357223603889,0.11617598255345375,3
0.5299999999999999,0.5499999999999999,False,0.43529128764744934,0.06489156052220428,0.5540357223603889,0.11617598255345375,3
0.5299999999999999,0.5999999999999999,False,0.4350967949056743,0.06489156052220428,0.5540357223603889,0.11617598255345375,3
0.5299999999999999,0.6499999999999999,False,0.43157125721465267,0.06489156052220428,0.5540357223603889,0.11617598255345375,3
0.5299999999999999,0.7,False,0.4247439689035504,0.06489156052220428,0.5540357223603889,0.11617598255345375,3
0.5299999999999999,0.7499999999999998,False,0.4118955611001254,0.06489156052220428,0.5540357223603889,0.11617598255345375,3
0.5299999999999999,0.7999999999999998,False,0.3928439553132181,0.06489156052220428,0.5540357223603889,0.11617598255345375,3
0.5499999999999999,0.2,False,0.35956856562324674,0.06709944357254959,0.5316527243952068,0.11915982568156482,3
0.5499999999999999,0.25,False,0.37925297568661426,0.06709944357254959,0.5316527243952068,0.11915982568156482,3
0.5499999999999999,0.3,False,0.3962056600728101,0.06709944357254959,0.5316527243952068,0.11915982568156482,3
0.5499999999999999,0.35,False,0.41079606615727227,0.06709944357254959,0.5316527243952068,0.11915982568156482,3
0.5499999999999999,0.39999999999999997,False,0.42247344662662417,0.06709944357254959,0.5316527243952068,0.11915982568156482,3
0.5499999999999999,0.44999999999999996,False,0.4313692850090203,0.06709944357254959,0.5316527243952068,0.11915982568156482,3
0.5499999999999999,0.49999999999999994,False,0.437940224192422,0.06709944357254959,0.5316527243952068,0.11915982568156482,3
0.5499999999999999,0.5499999999999999,False,0.44142465349770643,0.06709944357254959,0.5316527243952068,0.11915982568156482,3
0.5499999999999999,0.5999999999999999,False,0.4416288104249435,0.06709944357254959,0.5316527243952068,0.11915982568156482,3
0.5499999999999999,0.6499999999999999,False,0.43836567355979944,0.06709944357254959,0.5316527243952068,0.11915982568156482,3
0.5499999999999999,0.7,False,0.43185699392194093,0.06709944357254959,0.5316527243952068,0.11915982568156482,3
0.5499999999999999,0.7499999999999998,False,0.4193062809255852,0.06709944357254959,0.5316527243952068,0.11915982568156482,3
0.5499999999999999,0.7999999999999998,False,0.40004863272715235,0.06709944357254959,0.5316527243952068,0.11915982568156482,3
0.57,0.2,False,0.36326556795633547,0.0693029511339218,0.5067827266561158,0.1219316497354929,3
0.57,0.25,False,0.38311091925188506,0.0693029511339218,0.5067827266561158,0.1219316497354929,3
0.57,0.3,False,0.4002835305355423,0.0693029511339218,0.5067827266561158,0.1219316497354929,3
0.57,0.35,False,0.41512486581191405,0.0693029511339218,0.5067827266561158,0.1219316497354929,3
0.57,0.39999999999999997,False,0.42713530679344497,0.0693029511339218,0.5067827266561158,0.1219316497354929,3
0.57,0.44999999999999996,False,0.4363563192778457,0.0693029511339218,0.5067827266561158,0.1219316497354929,3
0.57,0.49999999999999994,False,0.44325045872261537,0.0693029511339218,0.5067827266561158,0.1219316497354929,3
0.57,0.5499999999999999,False,0.4471759617658187,0.0693029511339218,0.5067827266561158,0.1219316497354929,3
0.57,0.5999999999999999,False,0.44776882941682244,0.0693029511339218,0.5067827266561158,0.1219316497354929,3
0.57,0.6499999999999999,False,0.4448166340680852,0.0693029511339218,0.5067827266561158,0.1219316497354929,3
0.57,0.7,False,0.4385898933320756,0.0693029511339218,0.5067827266561158,0.1219316497354929,3
0.57,0.7499999999999998,False,0.42615199549243116,0.0693029511339218,0.5067827266561158,0.1219316497354929,3
0.57,0.7999999999999998,False,0.40708042950908224,0.0693029511339218,0.5067827266561158,0.1219316497354929,3
0.59,0.2,False,0.3666481692742545,0.07149823440390113,0.4806692290300701,0.12448035599273963,3
0.59,0.25,False,0.38661610398030827,0.07149823440390113,0.4806692290300701,0.12448035599273963,3
0.59,0.3,False,0.4039957435777113,0.07149823440390113,0.4806692290300701,0.12448035599273963,3
0.59,0.35,False,0.41908727020822173,0.07149823440390113,0.4806692290300701,0.12448035599273963,3
0.59,0.39999999999999997,False,0.4313226997524866,0.07149823440390113,0.4806692290300701,0.12448035599273963,3
0.59,0.44999999999999996,False,0.44077369976022535,0.07149823440390113,0.4806692290300701,0.12448035599273963,3
0.59,0.49999999999999994,False,0.44803006790353117,0.07149823440390113,0.4806692290300701,0.12448035599273963,3
0.59,0.5499999999999999,False,0.45229761472463975,0.07149823440390113,0.4806692290300701,0.12448035599273963,3
0.59,0.5999999999999999,False,0.45325357344508316,0.07149823440390113,0.4806692290300701,0.12448035599273963,3
0.59,0.6499999999999999,False,0.45063801561999867,0.07149823440390113,0.4806692290300701,0.12448035599273963,3
0.59,0.7,False,0.44484038613752813,0.07149823440390113,0.4806692290300701,0.12448035599273963,3
0.59,0.7499999999999998,False,0.43265148811367543,0.07149823440390113,0.4806692290300701,0.12448035599273963,3
0.59,0.7999999999999998,False,0.413548036456838,0.07149823440390113,0.4806692290300701,0.12448035599273963,3
0.6099999999999999,0.2,False,0.3703839503797571,0.0742109909512249,0.45613836762378474,0.12765351640355596,3
0.6099999999999999,0.25,False,0.3904638820996735,0.0742109909512249,0.45613836762378474,0.12765351640355596,3
0.6099999999999999,0.3,False,0.40803209404442325,0.0742109909512249,0.45613836762378474,0.12765351640355596,3
0.6099999999999999,0.35,False,0.4233514015889102,0.0742109909512249,0.45613836762378474,0.12765351640355596,3
0.6099999999999999,0.39999999999999997,False,0.4358235737413645,0.0742109909512249,0.45613836762378474,0.12765351640355596,3
0.6099999999999999,0.44999999999999996,False,0.4456046289425905,0.0742109909512249,0.45613836762378474,0.12765351640355596,3
0.6099999999999999,0.49999999999999994,False,0.4532280887337867,0.0742109909512249,0.45613836762378474,0.12765351640355596,3
0.6099999999999999,0.5499999999999999,False,0.4578324092019877,0.0742109909512249,0.45613836762378474,0.12765351640355596,3
0.6099999999999999,0.5999999999999999,False,0.45914617603011826,0.0742109909512249,0.45613836762378474,0.12765351640355596,3
0.6099999999999999,0.6499999999999999,False,0.4568833722707118,0.0742109909512249,0.45613836762378474,0.12765351640355596,3
0.6099999999999999,0.7,False,0.451483953974261,0.0742109909512249,0.45613836762378474,0.12765351640355596,3
0.6099999999999999,0.7499999999999998,False,0.439658521859049,0.0742109909512249,0.45613836762378474,0.12765351640355596,3
0.6099999999999999,0.7999999999999998,False,0.4204775361835362,0.0742109909512249,0.45613836762378474,0.12765351640355596,3
0.01,0.2,True,0.13770463197694047,0.028721602636822552,0.9979670205556811,0.05583623225496608,4
0.01,0.25,True,0.13836720451845128,0.028721602636822552,0.9979670205556811,0.05583623225496608,4
0.01,0.3,True,0.138609562548014,0.028721602636822552,0.9979670205556811,0.05583623225496608,4
0.01,0.35,True,0.13880363298141637,0.028721602636822552,0.9979670205556811,0.05583623225496608,4
0.01,0.39999999999999997,True,0.13892778054792979,0.028721602636822552,0.9979670205556811,0.05583623225496608,4
0.01,0.44999999999999996,True,0.13891731765206694,0.028721602636822552,0.9979670205556811,0.05583623225496608,4
0.01,0.49999999999999994,True,0.13896552117800245,0.028721602636822552,0.9979670205556811,0.05583623225496608,4
0.01,0.5499999999999999,True,0.138884086113189,0.028721602636822552,0.9979670205556811,0.05583623225496608,4
0.01,0.5999999999999999,True,0.13867559645610414,0.028721602636822552,0.9979670205556811,0.05583623225496608,4
0.01,0.6499999999999999,True,0.13866551815915099,0.028721602636822552,0.9979670205556811,0.05583623225496608,4
0.01,0.7,True,0.13863659119199154,0.028721602636822552,0.9979670205556811,0.05583623225496608,4
0.01,0.7499999999999998,True,0.1386187941366791,0.028721602636822552,0.9979670205556811,0.05583623225496608,4
0.01,0.7999999999999998,True,0.1386187941366791,0.028721602636822552,0.9979670205556811,0.05583623225496608,4
0.03,0.2,True,0.17240315973394535,0.030764197439658903,0.9876891800316241,0.05966982017174264,4
0.03,0.25,True,0.17409769066044914,0.030764197439658903,0.9876891800316241,0.05966982017174264,4
0.03,0.3,True,0.1748115602463165,0.030764197439658903,0.9876891800316241,0.05966982017174264,4
0.03,0.35,True,0.17534605409190274,0.030764197439658903,0.9876891800316241,0.05966982017174264,4
0.03,0.39999999999999997,True,0.17541888676456152,0.030764197439658903,0.9876891800316241,0.05966982017174264,4
0.03,0.44999999999999996,True,0.1752075377362576,0.030764197439658903,0.9876891800316241,0.05966982017174264,4
0.03,0.49999999999999994,True,0.17461132155567646,0.030764197439658903,0.9876891800316241,0.05966982017174264,4
0.03,0.5499999999999999,True,0.17398426647607998,0.030764197439658903,0.9876891800316241,0.05966982017174264,4
0.03,0.5999999999999999,True,0.17305964154256792,0.030764197439658903,0.9876891800316241,0.05966982017174264,4
0.03,0.6499999999999999,True,0.17236341582020542,0.030764197439658903,0.9876891800316241,0.05966982017174264,4
0.03,0.7,True,0.17197044253044944,0.030764197439658903,0.9876891800316241,0.05966982017174264,4
0.03,0.7499999999999998,True,0.17188459016786475,0.030764197439658903,0.9876891800316241,0.05966982017174264,4
0.03,0.7999999999999998,True,0.17182182978489216,0.030764197439658903,0.9876891800316241,0.05966982017174264,4
0.049999999999999996,0.2,True,0.1964560143359031,0.03251464623704371,0.9778631127174159,0.06293660543589669,4
0.049999999999999996,0.25,True,0.19933863994625964,0.03251464623704371,0.9778631127174159,0.06293660543589669,4
0.049999999999999996,0.3,True,0.20074845968343782,0.03251464623704371,0.9778631127174159,0.06293660543589669,4
0.049999999999999996,0.35,True,0.20143687163571813,0.03251464623704371,0.9778631127174159,0.06293660543589669,4
0.049999999999999996,0.39999999999999997,True,0.20177532767237794,0.03251464623704371,0.9778631127174159,0.06293660543589669,4
0.049999999999999996,0.44999999999999996,True,0.20145837229353156,0.03251464623704371,0.9778631127174159,0.06293660543589669,4
0.049999999999999996,0.49999999999999994,True,0.20060694065434145,0.03251464623704371,0.9778631127174159,0.06293660543589669,4
0.049999999999999996,0.5499999999999999,True,0.199263196426868,0.03251464623704371,0.9778631127174159,0.06293660543589669,4
0.049999999999999996,0.5999999999999999,True,0.1975967184233894,0.03251464623704371,0.9778631127174159,0.06293660543589669,4
0.049999999999999996,0.6499999999999999,True,0.1958296217836233,0.03251464623704371,0.9778631127174159,0.06293660543589669,4
0.049999999999999996,0.7,True,0.1947477228629063,0.03251464623704371,0.9778631127174159,0.06293660543589669,4
0.049999999999999996,0.7499999999999998,True,0.1942505834486754,0.03251464623704371,0.9778631127174159,0.06293660543589669,4
0.049999999999999996,0.7999999999999998,True,0.1939667573394334,0.03251464623704371,0.9778631127174159,0.06293660543589669,4
0.06999999999999999,0.2,True,0.21441306721993958,0.03397153338924374,0.9653264061441157,0.06563331503146513,4
0.06999999999999999,0.25,True,0.21869237465859107,0.03397153338924374,0.9653264061441157,0.06563331503146513,4
0.06999999999999999,0.3,True,0.2207705581783889,0.03397153338924374,0.9653264061441157,0.06563331503146513,4
0.06999999999999999,0.35,True,0.22177265218062922,0.03397153338924374,0.9653264061441157,0.06563331503146513,4
0.06999999999999999,0.39999999999999997,True,0.22227802621820728,0.03397153338924374,0.9653264061441157,0.06563331503146513,4
0.06999999999999999,0.44999999999999996,True,0.22195272611087483,0.03397153338924374,0.9653264061441157,0.06563331503146513,4
0.06999999999999999,0.49999999999999994,True,0.2210099928002652,0.03397153338924374,0.9653264061441157,0.06563331503146513,4
0.06999999999999999,0.5499999999999999,True,0.2193095312584966,0.03397153338924374,0.9653264061441157,0.06563331503146513,4
0.06999999999999999,0.5999999999999999,True,0.2171308619212644,0.03397153338924374,0.9653264061441157,0.06563331503146513,4
0.06999999999999999,0.6499999999999999,True,0.214458278674685,0.03397153338924374,0.9653264061441157,0.06563331503146513,4
0.06999999999999999,0.7,True,0.21235561931906966,0.03397153338924374,0.9653264061441157,0.06563331503146513,4
0.06999999999999999,0.7499999999999998,True,0.21089916065706302,0.03397153338924374,0.9653264061441157,0.06563331503146513,4
0.06999999999999999,0.7999999999999998,True,0.2100301478421854,0.03397153338924374,0.9653264061441157,0.06563331503146513,4
0.08999999999999998,0.2,True,0.22805788929657558,0.03520399416263501,0.9508696634289586,0.06789433998782272,4
0.08999999999999998,0.25,True,0.23362821495695554,0.03520399416263501,0.9508696634289586,0.06789433998782272,4
0.08999999999999998,0.3,True,0.23657260945241085,0.03520399416263501,0.9508696634289586,0.06789433998782272,4
0.08999999999999998,0.35,True,0.23802662875094002,0.03520399416263501,0.9508696634289586,0.06789433998782272,4
0.08999999999999998,0.39999999999999997,True,0.2388160404613567,0.03520399416263501,0.9508696634289586,0.06789433998782272,4
0.08999999999999998,0.44999999999999996,True,0.23871822228287867,0.03520399416263501,0.9508696634289586,0.06789433998782272,4
0.08999999999999998,0.49999999999999994,True,0.23778843296578003,0.03520399416263501,0.9508696634289586,0.06789433998782272,4
0.08999999999999998,0.5499999999999999,True,0.23573318894691384,0.03520399416263501,0.9508696634289586,0.06789433998782272,4
0.08999999999999998,0.5999999999999999,True,0.2332306321190011,0.03520399416263501,0.9508696634289586,0.06789433998782272,4
0.08999999999999998,0.6499999999999999,True,0.22974257835743253,0.03520399416263501,0.9508696634289586,0.06789433998782272,4
0.08999999999999998,0.7,True,0.22667782391734684,0.03520399416263501,0.9508696634289586,0.06789433998782272,4
0.08999999999999998,0.7499999999999998,True,0.22428547054911943,0.03520399416263501,0.9508696634289586,0.06789433998782272,4
0.08999999999999998,0.7999999999999998,True,0.22268284668779684,0.03520399416263501,0.9508696634289586,0.06789433998782272,4
0.10999999999999997,0.2,True,0.2393716960380412,0.03632162945361923,0.9357352608990287,0.06992888945158364,4
0.10999999999999997,0.25,True,0.24611920184414268,0.03632162945361923,0.9357352608990287,0.06992888945158364,4
0.10999999999999997,0.3,True,0.2501522468894577,0.03632162945361923,0.9357352608990287,0.06992888945158364,4
0.10999999999999997,0.35,True,0.25211198716981625,0.03632162945361923,0.9357352608990287,0.06992888945158364,4
0.10999999999999997,0.39999999999999997,True,0.25334433002892043,0.03632162945361923,0.9357352608990287,0.06992888945158364,4
0.10999999999999997,0.44999999999999996,True,0.2535596766417354,0.03632162945361923,0.9357352608990287,0.06992888945158364,4
0.10999999999999997,0.49999999999999994,True,0.2524142275775547,0.03632162945361923,0.9357352608990287,0.06992888945158364,4
0.10999999999999997,0.5499999999999999,True,0.25025589450189295,0.03632162945361923,0.9357352608990287,0.06992888945158364,4
0.10999999999999997,0.5999999999999999,True,0.24726119129535018,0.03632162945361923,0.9357352608990287,0.06992888945158364,4
0.10999999999999997,0.6499999999999999,True,0.24332302879648024,0.03632162945361923,0.9357352608990287,0.06992888945158364,4
0.10999999999999997,0.7,True,0.2392412930767687,0.03632162945361923,0.9357352608990287,0.06992888945158364,4
0.10999999999999997,0.7499999999999998,True,0.23601038701345464,0.03632162945361923,0.9357352608990287,0.06992888945158364,4
0.10999999999999997,0.7999999999999998,True,0.23334425833605452,0.03632162945361923,0.9357352608990287,0.06992888945158364,4
0.12999999999999998,0.2,True,0.24829217235665912,0.03729633634514231,0.9193584820420149,0.07168458781362007,4
0.12999999999999998,0.25,True,0.25634322952607036,0.03729633634514231,0.9193584820420149,0.07168458781362007,4
0.12999999999999998,0.3,True,0.26120663022661045,0.03729633634514231,0.9193584820420149,0.07168458781362007,4
0.12999999999999998,0.35,True,0.2637909651334895,0.03729633634514231,0.9193584820420149,0.07168458781362007,4
0.12999999999999998,0.39999999999999997,True,0.26561945423193617,0.03729633634514231,0.9193584820420149,0.07168458781362007,4
0.12999999999999998,0.44999999999999996,True,0.2660395855293431,0.03729633634514231,0.9193584820420149,0.07168458781362007,4
0.12999999999999998,0.49999999999999994,True,0.2650651746303692,0.03729633634514231,0.9193584820420149,0.07168458781362007,4
0.12999999999999998,0.5499999999999999,True,0.26292463954847184,0.03729633634514231,0.9193584820420149,0.07168458781362007,4
0.12999999999999998,0.5999999999999999,True,0.25967210180494676,0.03729633634514231,0.9193584820420149,0.07168458781362007,4
0.12999999999999998,0.6499999999999999,True,0.2552887445593139,0.03729633634514231,0.9193584820420149,0.07168458781362007,4
0.12999999999999998,0.7,True,0.2504716689625513,0.03729633634514231,0.9193584820420149,0.07168458781362007,4
0.12999999999999998,0.7499999999999998,True,0.24623107304094918,0.03729633634514231,0.9193584820420149,0.07168458781362007,4
0.12999999999999998,0.7999999999999998,True,0.2426406977652499,0.03729633634514231,0.9193584820420149,0.07168458781362007,4
0.15,0.2,True,0.2562456690418176,0.038395692260606754,0.9068217754687147,0.07367204059348706,4
0.15,0.25,True,0.26539961696473197,0.038395692260606754,0.9068217754687147,0.07367204059348706,4
0.15,0.3,True,0.2710917177967972,0.038395692260606754,0.9068217754687147,0.07367204059348706,4
0.15,0.35,True,0.27428090335040056,0.038395692260606754,0.9068217754687147,0.07367204059348706,4
0.15,0.39999999999999997,True,0.2766187374987598,0.038395692260606754,0.9068217754687147,0.07367204059348706,4
0.15,0.44999999999999996,True,0.27739265536709673,0.038395692260606754,0.9068217754687147,0.07367204059348706,4
0.15,0.49999999999999994,True,0.27666705596376673,0.038395692260606754,0.9068217754687147,0.07367204059348706,4
0.15,0.5499999999999999,True,0.2746394280937632,0.038395692260606754,0.9068217754687147,0.07367204059348706,4
0.15,0.5999999999999999,True,0.2712159809446721,0.038395692260606754,0.9068217754687147,0.07367204059348706,4
0.15,0.6499999999999999,True,0.2664182614024125,0.038395692260606754,0.9068217754687147,0.07367204059348706,4
0.15,0.7,True,0.2607826433347515,0.038395692260606754,0.9068217754687147,0.07367204059348706,4
0.15,0.7499999999999998,True,0.25563354522267756,0.038395692260606754,0.9068217754687147,0.07367204059348706,4
0.15,0.7999999999999998,True,0.2511000922232964,0.038395692260606754,0.9068217754687147,0.07367204059348706,4
0.16999999999999998,0.2,True,0.2633987336317754,0.03933284786577154,0.8906708832166252,0.07533867053900682,4
0.16999999999999998,0.25,True,0.2736001452633096,0.03933284786577154,0.8906708832166252,0.07533867053900682,4
0.16999999999999998,0.3,True,0.28018627319611517,0.03933284786577154,0.8906708832166252,0.07533867053900682,4
0.16999999999999998,0.35,True,0.2839677977708751,0.03933284786577154,0.8906708832166252,0.07533867053900682,4
0.16999999999999998,0.39999999999999997,True,0.28684557061936755,0.03933284786577154,0.8906708832166252,0.07533867053900682,4
0.16999999999999998,0.44999999999999996,True,0.2880145195917951,0.03933284786577154,0.8906708832166252,0.07533867053900682,4
0.16999999999999998,0.49999999999999994,True,0.2876164785836264,0.03933284786577154,0.8906708832166252,0.07533867053900682,4
0.16999999999999998,0.5499999999999999,True,0.28568003591903884,0.03933284786577154,0.8906708832166252,0.07533867053900682,4
0.16999999999999998,0.5999999999999999,True,0.2822120112596232,0.03933284786577154,0.8906708832166252,0.07533867053900682,4
0.16999999999999998,0.6499999999999999,True,0.27705776561004936,0.03933284786577154,0.8906708832166252,0.07533867053900682,4
0.16999999999999998,0.7,True,0.27084220045004387,0.03933284786577154,0.8906708832166252,0.07533867053900682,4
0.16999999999999998,0.7499999999999998,True,0.26482598645687344,0.03933284786577154,0.8906708832166252,0.07533867053900682,4
0.16999999999999998,0.7999999999999998,True,0.25892223646257645,0.03933284786577154,0.8906708832166252,0.07533867053900682,4
0.18999999999999997,0.2,True,0.2702186539597555,0.04035825431685003,0.8758753105940817,0.07716110801560137,4
0.18999999999999997,0.25,True,0.28151074807883525,0.04035825431685003,0.8758753105940817,0.07716110801560137,4
0.18999999999999997,0.3,True,0.2888388578317663,0.04035825431685003,0.8758753105940817,0.07716110801560137,4
0.18999999999999997,0.35,True,0.293354697923692,0.04035825431685003,0.8758753105940817,0.07716110801560137,4
0.18999999999999997,0.39999999999999997,True,0.29682625001462715,0.04035825431685003,0.8758753105940817,0.07716110801560137,4
0.18999999999999997,0.44999999999999996,True,0.29836739833955234,0.04035825431685003,0.8758753105940817,0.07716110801560137,4
0.18999999999999997,0.49999999999999994,True,0.2982168823541811,0.04035825431685003,0.8758753105940817,0.07716110801560137,4
0.18999999999999997,0.5499999999999999,True,0.29640883499920906,0.04035825431685003,0.8758753105940817,0.07716110801560137,4
0.18999999999999997,0.5999999999999999,True,0.29293257499642694,0.04035825431685003,0.8758753105940817,0.07716110801560137,4
0.18999999999999997,0.6499999999999999,True,0.28755205651380683,0.04035825431685003,0.8758753105940817,0.07716110801560137,4
0.18999999999999997,0.7,True,0.28071480589941794,0.04035825431685003,0.8758753105940817,0.07716110801560137,4
0.18999999999999997,0.7499999999999998,True,0.2736614316876957,0.04035825431685003,0.8758753105940817,0.07716110801560137,4
0.18999999999999997,0.7999999999999998,True,0.2664775865825623,0.04035825431685003,0.8758753105940817,0.07716110801560137,4
0.20999999999999996,0.2,True,0.27641725178802795,0.0414041795194856,0.8610797379715383,0.07900927509197368,4
0.20999999999999996,0.25,True,0.2885570046807248,0.0414041795194856,0.8610797379715383,0.07900927509197368,4
0.20999999999999996,0.3,True,0.29660221032520606,0.0414041795194856,0.8610797379715383,0.07900927509197368,4
0.20999999999999996,0.35,True,0.30181871802981697,0.0414041795194856,0.8610797379715383,0.07900927509197368,4
0.20999999999999996,0.39999999999999997,True,0.3058640097071014,0.0414041795194856,0.8610797379715383,0.07900927509197368,4
0.20999999999999996,0.44999999999999996,True,0.30772326676562106,0.0414041795194856,0.8610797379715383,0.07900927509197368,4
0.20999999999999996,0.49999999999999994,True,0.30789547481707913,0.0414041795194856,0.8610797379715383,0.07900927509197368,4
0.20999999999999996,0.5499999999999999,True,0.30636150820670915,0.0414041795194856,0.8610797379715383,0.07900927509197368,4
0.20999999999999996,0.5999999999999999,True,0.30305350112530755,0.0414041795194856,0.8610797379715383,0.07900927509197368,4
0.20999999999999996,0.6499999999999999,True,0.29748141773561115,0.0414041795194856,0.8610797379715383,0.07900927509197368,4
0.20999999999999996,0.7,True,0.29008168034134807,0.0414041795194856,0.8610797379715383,0.07900927509197368,4
0.20999999999999996,0.7499999999999998,True,0.2821509634052345,0.0414041795194856,0.8610797379715383,0.07900927509197368,4
0.20999999999999996,0.7999999999999998,True,0.27380003838960726,0.0414041795194856,0.8610797379715383,0.07900927509197368,4
0.22999999999999998,0.2,True,0.2815137796907509,0.04238541991440152,0.8444770725096001,0.08071942523710049,4
0.22999999999999998,0.25,True,0.2943398114870471,0.04238541991440152,0.8444770725096001,0.08071942523710049,4
0.22999999999999998,0.3,True,0.30314321414977263,0.04238541991440152,0.8444770725096001,0.08071942523710049,4
0.22999999999999998,0.35,True,0.3090628961696749,0.04238541991440152,0.8444770725096001,0.08071942523710049,4
0.22999999999999998,0.39999999999999997,True,0.31369033667050905,0.04238541991440152,0.8444770725096001,0.08071942523710049,4
0.22999999999999998,0.44999999999999996,True,0.31613023265002627,0.04238541991440152,0.8444770725096001,0.08071942523710049,4
0.22999999999999998,0.49999999999999994,True,0.316650068574936,0.04238541991440152,0.8444770725096001,0.08071942523710049,4
0.22999999999999998,0.5499999999999999,True,0.31539897563280705,0.04238541991440152,0.8444770725096001,0.08071942523710049,4
0.22999999999999998,0.5999999999999999,True,0.31209045837016725,0.04238541991440152,0.8444770725096001,0.08071942523710049,4
0.22999999999999998,0.6499999999999999,True,0.306451405605956,0.04238541991440152,0.8444770725096001,0.08071942523710049,4
0.22999999999999998,0.7,True,0.29878340990928326,0.04238541991440152,0.8444770725096001,0.08071942523710049,4
0.22999999999999998,0.7499999999999998,True,0.2901436305954531,0.04238541991440152,0.8444770725096001,0.08071942523710049,4
0.22999999999999998,0.7999999999999998,True,0.2809186868852609,0.04238541991440152,0.8444770725096001,0.08071942523710049,4
0.24999999999999997,0.2,True,0.2864864044273456,0.04338462812753294,0.8282132369550486,0.08245023246400603,4
0.24999999999999997,0.25,True,0.3000124037968486,0.04338462812753294,0.8282132369550486,0.08245023246400603,4
0.24999999999999997,0.3,True,0.3095171765895815,0.04338462812753294,0.8282132369550486,0.08245023246400603,4
0.24999999999999997,0.35,True,0.3161169181213253,0.04338462812753294,0.8282132369550486,0.08245023246400603,4
0.24999999999999997,0.39999999999999997,True,0.3214385927415756,0.04338462812753294,0.8282132369550486,0.08245023246400603,4
0.24999999999999997,0.44999999999999996,True,0.32429563830122415,0.04338462812753294,0.8282132369550486,0.08245023246400603,4
0.24999999999999997,0.49999999999999994,True,0.32512726269804365,0.04338462812753294,0.8282132369550486,0.08245023246400603,4
0.24999999999999997,0.5499999999999999,True,0.32414026257283296,0.04338462812753294,0.8282132369550486,0.08245023246400603,4
0.24999999999999997,0.5999999999999999,True,0.32095846036273923,0.04338462812753294,0.8282132369550486,0.08245023246400603,4
0.24999999999999997,0.6499999999999999,True,0.31525967336058236,0.04338462812753294,0.8282132369550486,0.08245023246400603,4
0.24999999999999997,0.7,True,0.30715934311749493,0.04338462812753294,0.8282132369550486,0.08245023246400603,4
0.24999999999999997,0.7499999999999998,True,0.297842713220616,0.04338462812753294,0.8282132369550486,0.08245023246400603,4
0.24999999999999997,0.7999999999999998,True,0.2875395339103768,0.04338462812753294,0.8282132369550486,0.08245023246400603,4
0.26999999999999996,0.2,False,0.29128671219146135,0.04447355250881995,0.8129658911226564,0.08433360866534273,4
0.26999999999999996,0.25,False,0.3054361236240766,0.04447355250881995,0.8129658911226564,0.08433360866534273,4
0.26999999999999996,0.3,False,0.3154851386453789,0.04447355250881995,0.8129658911226564,0.08433360866534273,4
0.26999999999999996,0.35,False,0.3227156417248043,0.04447355250881995,0.8129658911226564,0.08433360866534273,4
0.26999999999999996,0.39999999999999997,False,0.32865522516707,0.04447355250881995,0.8129658911226564,0.08433360866534273,4
0.26999999999999996,0.44999999999999996,False,0.3319545076284894,0.04447355250881995,0.8129658911226564,0.08433360866534273,4
0.26999999999999996,0.49999999999999994,False,0.33314458411051767,0.04447355250881995,0.8129658911226564,0.08433360866534273,4
0.26999999999999996,0.5499999999999999,False,0.332439530400829,0.04447355250881995,0.8129658911226564,0.08433360866534273,4
0.26999999999999996,0.5999999999999999,False,0.32937087091077005,0.04447355250881995,0.8129658911226564,0.08433360866534273,4
0.26999999999999996,0.6499999999999999,False,0.3235617445663274,0.04447355250881995,0.8129658911226564,0.08433360866534273,4
0.26999999999999996,0.7,False,0.31524137904542576,0.04447355250881995,0.8129658911226564,0.08433360866534273,4
0.26999999999999996,0.7499999999999998,False,0.30534028057666435,0.04447355250881995,0.8129658911226564,0.08433360866534273,4
0.26999999999999996,0.7999999999999998,False,0.2939789257761632,0.04447355250881995,0.8129658911226564,0.08433360866534273,4
0.29,0.2,False,0.2955293801070359,0.04546862697009203,0.7956855658459453,0.08602163667000415,4
0.29,0.25,False,0.3102260440654261,0.04546862697009203,0.7956855658459453,0.08602163667000415,4
0.29,0.3,False,0.32095562521728344,0.04546862697009203,0.7956855658459453,0.08602163667000415,4
0.29,0.35,False,0.3287208432835948,0.04546862697009203,0.7956855658459453,0.08602163667000415,4
0.29,0.39999999999999997,False,0.33523920361467757,0.04546862697009203,0.7956855658459453,0.08602163667000415,4
0.29,0.44999999999999996,False,0.33899996812316496,0.04546862697009203,0.7956855658459453,0.08602163667000415,4
0.29,0.49999999999999994,False,0.34057639005394047,0.04546862697009203,0.7956855658459453,0.08602163667000415,4
0.29,0.5499999999999999,False,0.34012306881140514,0.04546862697009203,0.7956855658459453,0.08602163667000415,4
0.29,0.5999999999999999,False,0.3373233522696481,0.04546862697009203,0.7956855658459453,0.08602163667000415,4
0.29,0.6499999999999999,False,0.3314308424615144,0.04546862697009203,0.7956855658459453,0.08602163667000415,4
0.29,0.7,False,0.3227134688018551,0.04546862697009203,0.7956855658459453,0.08602163667000415,4
0.29,0.7499999999999998,False,0.31237428871589057,0.04546862697009203,0.7956855658459453,0.08602163667000415,4
0.29,0.7999999999999998,False,0.3001954434375061,0.04546862697009203,0.7956855658459453,0.08602163667000415,4
0.30999999999999994,0.2,False,0.29976845037733557,0.04653517476003402,0.7786311271741586,0.08782165605095542,4
0.30999999999999994,0.25,False,0.31492641002285227,0.04653517476003402,0.7786311271741586,0.08782165605095542,4
0.30999999999999994,0.3,False,0.32626661316144223,0.04653517476003402,0.7786311271741586,0.08782165605095542,4
0.30999999999999994,0.35,False,0.3347104807885632,0.04653517476003402,0.7786311271741586,0.08782165605095542,4
0.30999999999999994,0.39999999999999997,False,0.3418329510455338,0.04653517476003402,0.7786311271741586,0.08782165605095542,4
0.30999999999999994,0.44999999999999996,False,0.3460652042569003,0.04653517476003402,0.7786311271741586,0.08782165605095542,4
0.30999999999999994,0.49999999999999994,False,0.3480966646933212,0.04653517476003402,0.7786311271741586,0.08782165605095542,4
0.30999999999999994,0.5499999999999999,False,0.34795854470361703,0.04653517476003402,0.7786311271741586,0.08782165605095542,4
0.30999999999999994,0.5999999999999999,False,0.3454525593256274,0.04653517476003402,0.7786311271741586,0.08782165605095542,4
0.30999999999999994,0.6499999999999999,False,0.3395134009361083,0.04653517476003402,0.7786311271741586,0.08782165605095542,4
0.30999999999999994,0.7,False,0.33053774640581335,0.04653517476003402,0.7786311271741586,0.08782165605095542,4
0.30999999999999994,0.7499999999999998,False,0.3197229911157538,0.04653517476003402,0.7786311271741586,0.08782165605095542,4
0.30999999999999994,0.7999999999999998,False,0.30668977917766965,0.04653517476003402,0.7786311271741586,0.08782165605095542,4
0.32999999999999996,0.2,False,0.3038939170746588,0.047570198586477444,0.7594307657555907,0.08953216646804657,4
0.32999999999999996,0.25,False,0.3195909616714488,0.047570198586477444,0.7594307657555907,0.08953216646804657,4
0.32999999999999996,0.3,False,0.3315225967523732,0.047570198586477444,0.7594307657555907,0.08953216646804657,4
0.32999999999999996,0.35,False,0.34050491527894583,0.047570198586477444,0.7594307657555907,0.08953216646804657,4
0.32999999999999996,0.39999999999999997,False,0.34818929186580383,0.047570198586477444,0.7594307657555907,0.08953216646804657,4
0.32999999999999996,0.44999999999999996,False,0.35283690078519697,0.047570198586477444,0.7594307657555907,0.08953216646804657,4
0.32999999999999996,0.49999999999999994,False,0.3551378550111028,0.047570198586477444,0.7594307657555907,0.08953216646804657,4
0.32999999999999996,0.5499999999999999,False,0.3552956227483283,0.047570198586477444,0.7594307657555907,0.08953216646804657,4
0.32999999999999996,0.5999999999999999,False,0.3529404078709156,0.047570198586477444,0.7594307657555907,0.08953216646804657,4
0.32999999999999996,0.6499999999999999,False,0.34704855941464835,0.047570198586477444,0.7594307657555907,0.08953216646804657,4
0.32999999999999996,0.7,False,0.33794548364065097,0.047570198586477444,0.7594307657555907,0.08953216646804657,4
0.32999999999999996,0.7499999999999998,False,0.3268232265845161,0.047570198586477444,0.7594307657555907,0.08953216646804657,4
0.32999999999999996,0.7999999999999998,False,0.31301683127611124,0.047570198586477444,0.7594307657555907,0.08953216646804657,4
0.35,0.2,False,0.30801807918123764,0.04876600041578807,0.7418116105714931,0.09151583552787415,4
0.35,0.25,False,0.3241416153572259,0.04876600041578807,0.7418116105714931,0.09151583552787415,4
0.35,0.3,False,0.33658445936814013,0.04876600041578807,0.7418116105714931,0.09151583552787415,4
0.35,0.35,False,0.3462158305010706,0.04876600041578807,0.7418116105714931,0.09151583552787415,4
0.35,0.39999999999999997,False,0.3544574035599708,0.04876600041578807,0.7418116105714931,0.09151583552787415,4
0.35,0.44999999999999996,False,0.35956946423654107,0.04876600041578807,0.7418116105714931,0.09151583552787415,4
0.35,0.49999999999999994,False,0.3622842851139057,0.04876600041578807,0.7418116105714931,0.09151583552787415,4
0.35,0.5499999999999999,False,0.36267804448452096,0.04876600041578807,0.7418116105714931,0.09151583552787415,4
0.35,0.5999999999999999,False,0.36053737605790165,0.04876600041578807,0.7418116105714931,0.09151583552787415,4
0.35,0.6499999999999999,False,0.35480633653530735,0.04876600041578807,0.7418116105714931,0.09151583552787415,4
0.35,0.7,False,0.34563802130207555,0.04876600041578807,0.7418116105714931,0.09151583552787415,4
0.35,0.7499999999999998,False,0.3340142228958527,0.04876600041578807,0.7418116105714931,0.09151583552787415,4
0.35,0.7999999999999998,False,0.3194265511359051,0.04876600041578807,0.7418116105714931,0.09151583552787415,4
0.36999999999999994,0.2,False,0.3122635368054353,0.04998322972161338,0.7237406821775468,0.09350854024238091,4
0.36999999999999994,0.25,False,0.32876470126786284,0.04998322972161338,0.7237406821775468,0.09350854024238091,4
0.36999999999999994,0.3,False,0.34174412217946987,0.04998322972161338,0.7237406821775468,0.09350854024238091,4
0.36999999999999994,0.35,False,0.3519693100649122,0.04998322972161338,0.7237406821775468,0.09350854024238091,4
0.36999999999999994,0.39999999999999997,False,0.3607333343045638,0.04998322972161338,0.7237406821775468,0.09350854024238091,4
0.36999999999999994,0.44999999999999996,False,0.3662454620919175,0.04998322972161338,0.7237406821775468,0.09350854024238091,4
0.36999999999999994,0.49999999999999994,False,0.369200520805336,0.04998322972161338,0.7237406821775468,0.09350854024238091,4
0.36999999999999994,0.5499999999999999,False,0.36992837689526975,0.04998322972161338,0.7237406821775468,0.09350854024238091,4
0.36999999999999994,0.5999999999999999,False,0.3678912915497479,0.04998322972161338,0.7237406821775468,0.09350854024238091,4
0.36999999999999994,0.6499999999999999,False,0.3622410613389906,0.04998322972161338,0.7237406821775468,0.09350854024238091,4
0.36999999999999994,0.7,False,0.35316143513662673,0.04998322972161338,0.7237406821775468,0.09350854024238091,4
0.36999999999999994,0.7499999999999998,False,0.34114525501256066,0.04998322972161338,0.7237406821775468,0.09350854024238091,4
0.36999999999999994,0.7999999999999998,False,0.32591341206927316,0.04998322972161338,0.7237406821775468,0.09350854024238091,4
0.38999999999999996,0.2,False,0.3162854040065826,0.05125466287611129,0.704540320758979,0.09555759803921568,4
0.38999999999999996,0.25,False,0.3331193610334526,0.05125466287611129,0.704540320758979,0.09555759803921568,4
0.38999999999999996,0.3,False,0.346573841939261,0.05125466287611129,0.704540320758979,0.09555759803921568,4
0.38999999999999996,0.35,False,0.3573230783400911,0.05125466287611129,0.704540320758979,0.09555759803921568,4
0.38999999999999996,0.39999999999999997,False,0.3666261424028167,0.05125466287611129,0.704540320758979,0.09555759803921568,4
0.38999999999999996,0.44999999999999996,False,0.3725741266226048,0.05125466287611129,0.704540320758979,0.09555759803921568,4
0.38999999999999996,0.49999999999999994,False,0.3759697689412436,0.05125466287611129,0.704540320758979,0.09555759803921568,4
0.38999999999999996,0.5499999999999999,False,0.37699021841554853,0.05125466287611129,0.704540320758979,0.09555759803921568,4
0.38999999999999996,0.5999999999999999,False,0.37514172267988793,0.05125466287611129,0.704540320758979,0.09555759803921568,4
0.38999999999999996,0.6499999999999999,False,0.3696094368534122,0.05125466287611129,0.704540320758979,0.09555759803921568,4
0.38999999999999996,0.7,False,0.3604843232200252,0.05125466287611129,0.704540320758979,0.09555759803921568,4
0.38999999999999996,0.7499999999999998,False,0.3482428311976558,0.05125466287611129,0.704540320758979,0.09555759803921568,4
0.38999999999999996,0.7999999999999998,False,0.3322704470248767,0.05125466287611129,0.704540320758979,0.09555759803921568,4
0.4099999999999999,0.2,False,0.3205682587220688,0.05265028388159321,0.6860176191551841,0.09779502330561347,4
0.4099999999999999,0.25,False,0.337693136199179,0.05265028388159321,0.6860176191551841,0.09779502330561347,4
0.4099999999999999,0.3,False,0.35155288694149994,0.05265028388159321,0.6860176191551841,0.09779502330561347,4
0.4099999999999999,0.35,False,0.3628355377966408,0.05265028388159321,0.6860176191551841,0.09779502330561347,4
0.4099999999999999,0.39999999999999997,False,0.3726199395608787,0.05265028388159321,0.6860176191551841,0.09779502330561347,4
0.4099999999999999,0.44999999999999996,False,0.379073006789253,0.05265028388159321,0.6860176191551841,0.09779502330561347,4
0.4099999999999999,0.49999999999999994,False,0.38283325912199534,0.05265028388159321,0.6860176191551841,0.09779502330561347,4
0.4099999999999999,0.5499999999999999,False,0.38416158984806326,0.05265028388159321,0.6860176191551841,0.09779502330561347,4
0.4099999999999999,0.5999999999999999,False,0.3825043558428942,0.05265028388159321,0.6860176191551841,0.09779502330561347,4
0.4099999999999999,0.6499999999999999,False,0.37712154793092734,0.05265028388159321,0.6860176191551841,0.09779502330561347,4
0.4099999999999999,0.7,False,0.36813081230336814,0.05265028388159321,0.6860176191551841,0.09779502330561347,4
0.4099999999999999,0.7499999999999998,False,0.35564041748334646,0.05265028388159321,0.6860176191551841,0.09779502330561347,4
0.4099999999999999,0.7999999999999998,False,0.3388192916275237,0.05265028388159321,0.6860176191551841,0.09779502330561347,4
0.42999999999999994,0.2,False,0.32471980091552494,0.054162883061372374,0.6669302010390784,0.10018918024720684,4
0.42999999999999994,0.25,False,0.3421022679413228,0.054162883061372374,0.6669302010390784,0.10018918024720684,4
0.42999999999999994,0.3,False,0.3563602001290876,0.054162883061372374,0.6669302010390784,0.10018918024720684,4
0.42999999999999994,0.35,False,0.3680678810260305,0.054162883061372374,0.6669302010390784,0.10018918024720684,4
0.42999999999999994,0.39999999999999997,False,0.37833307061961524,0.054162883061372374,0.6669302010390784,0.10018918024720684,4
0.42999999999999994,0.44999999999999996,False,0.3853067822043095,0.054162883061372374,0.6669302010390784,0.10018918024720684,4
0.42999999999999994,0.49999999999999994,False,0.3895141756659184,0.054162883061372374,0.6669302010390784,0.10018918024720684,4
0.42999999999999994,0.5499999999999999,False,0.39119206949054,0.054162883061372374,0.6669302010390784,0.10018918024720684,4
0.42999999999999994,0.5999999999999999,False,0.3897675207240388,0.054162883061372374,0.6669302010390784,0.10018918024720684,4
0.42999999999999994,0.6499999999999999,False,0.3845811733781419,0.054162883061372374,0.6669302010390784,0.10018918024720684,4
0.42999999999999994,0.7,False,0.37560801007605255,0.054162883061372374,0.6669302010390784,0.10018918024720684,4
0.42999999999999994,0.7499999999999998,False,0.36302286268444406,0.054162883061372374,0.6669302010390784,0.10018918024720684,4
0.42999999999999994,0.7999999999999998,False,0.34533565400815047,0.054162883061372374,0.6669302010390784,0.10018918024720684,4
0.44999999999999996,0.2,False,0.3287615382983877,0.05568318990693509,0.6460356900835781,0.10252917241750166,4
0.44999999999999996,0.25,False,0.34639079738310147,0.05568318990693509,0.6460356900835781,0.10252917241750166,4
0.44999999999999996,0.3,False,0.3610002721825978,0.05568318990693509,0.6460356900835781,0.10252917241750166,4
0.44999999999999996,0.35,False,0.37316533167021343,0.05568318990693509,0.6460356900835781,0.10252917241750166,4
0.44999999999999996,0.39999999999999997,False,0.3839137483649125,0.05568318990693509,0.6460356900835781,0.10252917241750166,4
0.44999999999999996,0.44999999999999996,False,0.39135971687017634,0.05568318990693509,0.6460356900835781,0.10252917241750166,4
0.44999999999999996,0.49999999999999994,False,0.39590407462730237,0.05568318990693509,0.6460356900835781,0.10252917241750166,4
0.44999999999999996,0.5499999999999999,False,0.3979690769434532,0.05568318990693509,0.6460356900835781,0.10252917241750166,4
0.44999999999999996,0.5999999999999999,False,0.3968752956449453,0.05568318990693509,0.6460356900835781,0.10252917241750166,4
0.44999999999999996,0.6499999999999999,False,0.39196613629192384,0.05568318990693509,0.6460356900835781,0.10252917241750166,4
0.44999999999999996,0.7,False,0.3831967890022199,0.05568318990693509,0.6460356900835781,0.10252917241750166,4
0.44999999999999996,0.7499999999999998,False,0.3704554222425103,0.05568318990693509,0.6460356900835781,0.10252917241750166,4
0.44999999999999996,0.7999999999999998,False,0.35210556648180896,0.05568318990693509,0.6460356900835781,0.10252917241750166,4
0.4699999999999999,0.2,False,0.3326227593584965,0.05717153530148284,0.6240117461034561,0.10474628648346336,4
0.4699999999999999,0.25,False,0.35046268521252794,0.05717153530148284,0.6240117461034561,0.10474628648346336,4
0.4699999999999999,0.3,False,0.3653511241181397,0.05717153530148284,0.6240117461034561,0.10474628648346336,4
0.4699999999999999,0.35,False,0.37789613408255635,0.05717153530148284,0.6240117461034561,0.10474628648346336,4
0.4699999999999999,0.39999999999999997,False,0.38908814954421667,0.05717153530148284,0.6240117461034561,0.10474628648346336,4
0.4699999999999999,0.44999999999999996,False,0.3970384244454015,0.05717153530148284,0.6240117461034561,0.10474628648346336,4
0.4699999999999999,0.49999999999999994,False,0.4019998391760387,0.05717153530148284,0.6240117461034561,0.10474628648346336,4
0.4699999999999999,0.5499999999999999,False,0.40444605307960796,0.05717153530148284,0.6240117461034561,0.10474628648346336,4
0.4699999999999999,0.5999999999999999,False,0.40359129344622335,0.05717153530148284,0.6240117461034561,0.10474628648346336,4
0.4699999999999999,0.6499999999999999,False,0.3989597483712474,0.05717153530148284,0.6240117461034561,0.10474628648346336,4
0.4699999999999999,0.7,False,0.3902863832386701,0.05717153530148284,0.6240117461034561,0.10474628648346336,4
0.4699999999999999,0.7499999999999998,False,0.3774234841854405,0.05717153530148284,0.6240117461034561,0.10474628648346336,4
0.4699999999999999,0.7999999999999998,False,0.3585572868610509,0.05717153530148284,0.6240117461034561,0.10474628648346336,4
0.48999999999999994,0.2,False,0.3362727509594785,0.05868189399043506,0.6000677659814773,0.10690893724910205,4
0.48999999999999994,0.25,False,0.3543272263747556,0.05868189399043506,0.6000677659814773,0.10690893724910205,4
0.48999999999999994,0.3,False,0.3695039864409971,0.05868189399043506,0.6000677659814773,0.10690893724910205,4
0.48999999999999994,0.35,False,0.3824010991751538,0.05868189399043506,0.6000677659814773,0.10690893724910205,4
0.48999999999999994,0.39999999999999997,False,0.3940853682675504,0.05868189399043506,0.6000677659814773,0.10690893724910205,4
0.48999999999999994,0.44999999999999996,False,0.4024696310538684,0.05868189399043506,0.6000677659814773,0.10690893724910205,4
0.48999999999999994,0.49999999999999994,False,0.4078043123281064,0.05868189399043506,0.6000677659814773,0.10690893724910205,4
0.48999999999999994,0.5499999999999999,False,0.41069393367587465,0.05868189399043506,0.6000677659814773,0.10690893724910205,4
0.48999999999999994,0.5999999999999999,False,0.4102227300085053,0.05868189399043506,0.6000677659814773,0.10690893724910205,4
0.48999999999999994,0.6499999999999999,False,0.4058107532439288,0.05868189399043506,0.6000677659814773,0.10690893724910205,4
0.48999999999999994,0.7,False,0.3972970592316058,0.05868189399043506,0.6000677659814773,0.10690893724910205,4
0.48999999999999994,0.7499999999999998,False,0.38418069002977706,0.05868189399043506,0.6000677659814773,0.10690893724910205,4
0.48999999999999994,0.7999999999999998,False,0.36489446548914334,0.05868189399043506,0.6000677659814773,0.10690893724910205,4
0.5099999999999999,0.2,False,0.3400573801725293,0.06032046354874948,0.5761237858594985,0.10920690651794603,4
0.5099999999999999,0.25,False,0.3583142977212707,0.06032046354874948,0.5761237858594985,0.10920690651794603,4
0.5099999999999999,0.3,False,0.3737328656685491,0.06032046354874948,0.5761237858594985,0.10920690651794603,4
0.5099999999999999,0.35,False,0.38696860482592205,0.06032046354874948,0.5761237858594985,0.10920690651794603,4
0.5099999999999999,0.39999999999999997,False,0.39909091540760855,0.06032046354874948,0.5761237858594985,0.10920690651794603,4
0.5099999999999999,0.44999999999999996,False,0.40790657324602386,0.06032046354874948,0.5761237858594985,0.10920690651794603,4
0.5099999999999999,0.49999999999999994,False,0.41362878125106906,0.06032046354874948,0.5761237858594985,0.10920690651794603,4
0.5099999999999999,0.5499999999999999,False,0.41684155673336704,0.06032046354874948,0.5761237858594985,0.10920690651794603,4
0.5099999999999999,0.5999999999999999,False,0.4167710579072275,0.06032046354874948,0.5761237858594985,0.10920690651794603,4
0.5099999999999999,0.6499999999999999,False,0.41267970450165664,0.06032046354874948,0.5761237858594985,0.10920690651794603,4
0.5099999999999999,0.7,False,0.4044630345749834,0.06032046354874948,0.5761237858594985,0.10920690651794603,4
0.5099999999999999,0.7499999999999998,False,0.3913954249228613,0.06032046354874948,0.5761237858594985,0.10920690651794603,4
0.5099999999999999,0.7999999999999998,False,0.3715932426016672,0.06032046354874948,0.5761237858594985,0.10920690651794603,4
0.5299999999999999,0.2,False,0.34369820409049723,0.06218551461245235,0.5527445222498306,0.11179386435799621,4
0.5299999999999999,0.25,False,0.362123234140795,0.06218551461245235,0.5527445222498306,0.11179386435799621,4
0.5299999999999999,0.3,False,0.3777622135269539,0.06218551461245235,0.5527445222498306,0.11179386435799621,4
0.5299999999999999,0.35,False,0.39135810531982623,0.06218551461245235,0.5527445222498306,0.11179386435799621,4
0.5299999999999999,0.39999999999999997,False,0.40388462759853977,0.06218551461245235,0.5527445222498306,0.11179386435799621,4
0.5299999999999999,0.44999999999999996,False,0.41315272589425484,0.06218551461245235,0.5527445222498306,0.11179386435799621,4
0.5299999999999999,0.49999999999999994,False,0.4192588796433137,0.06218551461245235,0.5527445222498306,0.11179386435799621,4
0.5299999999999999,0.5499999999999999,False,0.4227958305492831,0.06218551461245235,0.5527445222498306,0.11179386435799621,4
0.5299999999999999,0.5999999999999999,False,0.4230321593249681,0.06218551461245235,0.5527445222498306,0.11179386435799621,4
0.5299999999999999,0.6499999999999999,False,0.41925281760692384,0.06218551461245235,0.5527445222498306,0.11179386435799621,4
0.5299999999999999,0.7,False,0.4111633994038059,0.06218551461245235,0.5527445222498306,0.11179386435799621,4
0.5299999999999999,0.7499999999999998,False,0.39806586638117275,0.06218551461245235,0.5527445222498306,0.11179386435799621,4
0.5299999999999999,0.7999999999999998,False,0.3778666795085048,0.06218551461245235,0.5527445222498306,0.11179386435799621,4
0.5499999999999999,0.2,False,0.34727362121308675,0.06401095140314852,0.5281228823130788,0.11418245751123267,4
0.5499999999999999,0.25,False,0.36583649039481236,0.06401095140314852,0.5281228823130788,0.11418245751123267,4
0.5499999999999999,0.3,False,0.38169831606524113,0.06401095140314852,0.5281228823130788,0.11418245751123267,4
0.5499999999999999,0.35,False,0.39558987038772025,0.06401095140314852,0.5281228823130788,0.11418245751123267,4
0.5499999999999999,0.39999999999999997,False,0.4084986835756094,0.06401095140314852,0.5281228823130788,0.11418245751123267,4
0.5499999999999999,0.44999999999999996,False,0.41815205836136343,0.06401095140314852,0.5281228823130788,0.11418245751123267,4
0.5499999999999999,0.49999999999999994,False,0.42473032391271337,0.06401095140314852,0.5281228823130788,0.11418245751123267,4
0.5499999999999999,0.5499999999999999,False,0.42860597484563107,0.06401095140314852,0.5281228823130788,0.11418245751123267,4
0.5499999999999999,0.5999999999999999,False,0.42914898717062583,0.06401095140314852,0.5281228823130788,0.11418245751123267,4
0.5499999999999999,0.6499999999999999,False,0.42563891390402236,0.06401095140314852,0.5281228823130788,0.11418245751123267,4
0.5499999999999999,0.7,False,0.4177725673923796,0.06401095140314852,0.5281228823130788,0.11418245751123267,4
0.5499999999999999,0.7499999999999998,False,0.4045856192505332,0.06401095140314852,0.5281228823130788,0.11418245751123267,4
0.5499999999999999,0.7999999999999998,False,0.3839501538050208,0.06401095140314852,0.5281228823130788,0.11418245751123267,4
0.57,0.2,False,0.3510391490027365,0.06617123531505874,0.5038400722837135,0.11697915300904681,4
0.57,0.25,False,0.36973957573011446,0.06617123531505874,0.5038400722837135,0.11697915300904681,4
0.57,0.3,False,0.3858022789564426,0.06617123531505874,0.5038400722837135,0.11697915300904681,4
0.57,0.35,False,0.39995171390799666,0.06617123531505874,0.5038400722837135,0.11697915300904681,4
0.57,0.39999999999999997,False,0.4131562448053241,0.06617123531505874,0.5038400722837135,0.11697915300904681,4
0.57,0.44999999999999996,False,0.42323195641834893,0.06617123531505874,0.5038400722837135,0.11697915300904681,4
0.57,0.49999999999999994,False,0.43024712035360557,0.06617123531505874,0.5038400722837135,0.11697915300904681,4
0.57,0.5499999999999999,False,0.43446941572534975,0.06617123531505874,0.5038400722837135,0.11697915300904681,4
0.57,0.5999999999999999,False,0.4354237380948916,0.06617123531505874,0.5038400722837135,0.11697915300904681,4
0.57,0.6499999999999999,False,0.43230762766819386,0.06617123531505874,0.5038400722837135,0.11697915300904681,4
0.57,0.7,False,0.42477423135833653,0.06617123531505874,0.5038400722837135,0.11697915300904681,4
0.57,0.7499999999999998,False,0.41157325619558827,0.06617123531505874,0.5038400722837135,0.11697915300904681,4
0.57,0.7999999999999998,False,0.39060081834687427,0.06617123531505874,0.5038400722837135,0.11697915300904681,4
0.59,0.2,False,0.35413384422416755,0.06792684304831394,0.4752654167607861,0.11886501984379193,4
0.59,0.25,False,0.3729408736993029,0.06792684304831394,0.4752654167607861,0.11886501984379193,4
0.59,0.3,False,0.3891410099872028,0.06792684304831394,0.4752654167607861,0.11886501984379193,4
0.59,0.35,False,0.40353220030197595,0.06792684304831394,0.4752654167607861,0.11886501984379193,4
0.59,0.39999999999999997,False,0.4170310641396339,0.06792684304831394,0.4752654167607861,0.11886501984379193,4
0.59,0.44999999999999996,False,0.4274808848259363,0.06792684304831394,0.4752654167607861,0.11886501984379193,4
0.59,0.49999999999999994,False,0.43486365602220173,0.06792684304831394,0.4752654167607861,0.11886501984379193,4
0.59,0.5499999999999999,False,0.4394396980711092,0.06792684304831394,0.4752654167607861,0.11886501984379193,4
0.59,0.5999999999999999,False,0.4407419339577692,0.06792684304831394,0.4752654167607861,0.11886501984379193,4
0.59,0.6499999999999999,False,0.43793048240412985,0.06792684304831394,0.4752654167607861,0.11886501984379193,4
0.59,0.7,False,0.43076622920094443,0.06792684304831394,0.4752654167607861,0.11886501984379193,4
0.59,0.7499999999999998,False,0.4176171307161363,0.06792684304831394,0.4752654167607861,0.11886501984379193,4
0.59,0.7999999999999998,False,0.39642901278362236,0.06792684304831394,0.4752654167607861,0.11886501984379193,4
0.6099999999999999,0.2,False,0.3576316309647873,0.07043647287506627,0.45019200361418565,0.1218140700446183,4
0.6099999999999999,0.25,False,0.376543879608861,0.07043647287506627,0.45019200361418565,0.1218140700446183,4
0.6099999999999999,0.3,False,0.3928991026542789,0.07043647287506627,0.45019200361418565,0.1218140700446183,4
0.6099999999999999,0.35,False,0.4074871763789121,0.07043647287506627,0.45019200361418565,0.1218140700446183,4
0.6099999999999999,0.39999999999999997,False,0.4212653174133251,0.07043647287506627,0.45019200361418565,0.1218140700446183,4
0.6099999999999999,0.44999999999999996,False,0.43203672580874297,0.07043647287506627,0.45019200361418565,0.1218140700446183,4
0.6099999999999999,0.49999999999999994,False,0.4398178038630928,0.07043647287506627,0.45019200361418565,0.1218140700446183,4
0.6099999999999999,0.5499999999999999,False,0.44481229979808673,0.07043647287506627,0.45019200361418565,0.1218140700446183,4
0.6099999999999999,0.5999999999999999,False,0.44652905076100646,0.07043647287506627,0.45019200361418565,0.1218140700446183,4
0.6099999999999999,0.6499999999999999,False,0.44416428431897775,0.07043647287506627,0.45019200361418565,0.1218140700446183,4
0.6099999999999999,0.7,False,0.43733491427864674,0.07043647287506627,0.45019200361418565,0.1218140700446183,4
0.6099999999999999,0.7499999999999998,False,0.4244132932955071,0.07043647287506627,0.45019200361418565,0.1218140700446183,4
0.6099999999999999,0.7999999999999998,False,0.4030394421548206,0.07043647287506627,0.45019200361418565,0.1218140700446183,4
0.01,0.2,True,0.12936802704091124,0.028260320040445024,0.9975152473458324,0.05496348525252274,5
0.01,0.25,True,0.12995309342637845,0.028260320040445024,0.9975152473458324,0.05496348525252274,5
0.01,0.3,True,0.1303709255284422,0.028260320040445024,0.9975152473458324,0.05496348525252274,5
0.01,0.35,True,0.13058800163714437,0.028260320040445024,0.9975152473458324,0.05496348525252274,5
0.01,0.39999999999999997,True,0.1307580579074903,0.028260320040445024,0.9975152473458324,0.05496348525252274,5
0.01,0.44999999999999996,True,0.13079344334908224,0.028260320040445024,0.9975152473458324,0.05496348525252274,5
0.01,0.49999999999999994,True,0.13065083857123608,0.028260320040445024,0.9975152473458324,0.05496348525252274,5
0.01,0.5499999999999999,True,0.1306223013753531,0.028260320040445024,0.9975152473458324,0.05496348525252274,5
0.01,0.5999999999999999,True,0.1305659802290031,0.028260320040445024,0.9975152473458324,0.05496348525252274,5
0.01,0.6499999999999999,True,0.13054508733902995,0.028260320040445024,0.9975152473458324,0.05496348525252274,5
0.01,0.7,True,0.13050876866604444,0.028260320040445024,0.9975152473458324,0.05496348525252274,5
0.01,0.7499999999999998,True,0.13048553175175487,0.028260320040445024,0.9975152473458324,0.05496348525252274,5
0.01,0.7999999999999998,True,0.13048553175175487,0.028260320040445024,0.9975152473458324,0.05496348525252274,5
0.03,0.2,True,0.16153352465147022,0.03006049197390704,0.9883668398463971,0.05834641810599166,5
0.03,0.25,True,0.1628986478533918,0.03006049197390704,0.9883668398463971,0.05834641810599166,5
0.03,0.3,True,0.16375049262115257,0.03006049197390704,0.9883668398463971,0.05834641810599166,5
0.03,0.35,True,0.16412851057456027,0.03006049197390704,0.9883668398463971,0.05834641810599166,5
0.03,0.39999999999999997,True,0.1643901199978927,0.03006049197390704,0.9883668398463971,0.05834641810599166,5
0.03,0.44999999999999996,True,0.1643600429514944,0.03006049197390704,0.9883668398463971,0.05834641810599166,5
0.03,0.49999999999999994,True,0.16397056386173445,0.03006049197390704,0.9883668398463971,0.05834641810599166,5
0.03,0.5499999999999999,True,0.16344314389264133,0.03006049197390704,0.9883668398463971,0.05834641810599166,5
0.03,0.5999999999999999,True,0.16290885193721233,0.03006049197390704,0.9883668398463971,0.05834641810599166,5
0.03,0.6499999999999999,True,0.16256215464442425,0.03006049197390704,0.9883668398463971,0.05834641810599166,5
0.03,0.7,True,0.16240786897719206,0.03006049197390704,0.9883668398463971,0.05834641810599166,5
0.03,0.7499999999999998,True,0.16228877536300804,0.03006049197390704,0.9883668398463971,0.05834641810599166,5
0.03,0.7999999999999998,True,0.16226136713353875,0.03006049197390704,0.9883668398463971,0.05834641810599166,5
0.049999999999999996,0.2,True,0.1849759123164411,0.031702627018885585,0.9794443189518861,0.0614173005283361,5
0.049999999999999996,0.25,True,0.1877422919064993,0.031702627018885585,0.9794443189518861,0.0614173005283361,5
0.049999999999999996,0.3,True,0.18931778699801985,0.031702627018885585,0.9794443189518861,0.0614173005283361,5
0.049999999999999996,0.35,True,0.19019936094525938,0.031702627018885585,0.9794443189518861,0.0614173005283361,5
0.049999999999999996,0.39999999999999997,True,0.19051036974883462,0.031702627018885585,0.9794443189518861,0.0614173005283361,5
0.049999999999999996,0.44999999999999996,True,0.1901712059674572,0.031702627018885585,0.9794443189518861,0.0614173005283361,5
0.049999999999999996,0.49999999999999994,True,0.18934238527271074,0.031702627018885585,0.9794443189518861,0.0614173005283361,5
0.049999999999999996,0.5499999999999999,True,0.18825846411693228,0.031702627018885585,0.9794443189518861,0.0614173005283361,5
0.049999999999999996,0.5999999999999999,True,0.187121183293493,0.031702627018885585,0.9794443189518861,0.0614173005283361,5
0.049999999999999996,0.6499999999999999,True,0.18618298344781725,0.031702627018885585,0.9794443189518861,0.0614173005283361,5
0.049999999999999996,0.7,True,0.18556226809774837,0.031702627018885585,0.9794443189518861,0.0614173005283361,5
0.049999999999999996,0.7499999999999998,True,0.18500671436602986,0.031702627018885585,0.9794443189518861,0.0614173005283361,5
0.049999999999999996,0.7999999999999998,True,0.1847077797499609,0.031702627018885585,0.9794443189518861,0.0614173005283361,5
0.06999999999999999,0.2,True,0.20242377537873812,0.033056958018744115,0.9672464422859725,0.0639290539783967,5
0.06999999999999999,0.25,True,0.20674521223956757,0.033056958018744115,0.9672464422859725,0.0639290539783967,5
0.06999999999999999,0.3,True,0.20914812301616267,0.033056958018744115,0.9672464422859725,0.0639290539783967,5
0.06999999999999999,0.35,True,0.21061217469038418,0.033056958018744115,0.9672464422859725,0.0639290539783967,5
0.06999999999999999,0.39999999999999997,True,0.21119197330110287,0.033056958018744115,0.9672464422859725,0.0639290539783967,5
0.06999999999999999,0.44999999999999996,True,0.21073125013614638,0.033056958018744115,0.9672464422859725,0.0639290539783967,5
0.06999999999999999,0.49999999999999994,True,0.20969722227109536,0.033056958018744115,0.9672464422859725,0.0639290539783967,5
0.06999999999999999,0.5499999999999999,True,0.20831558177237397,0.033056958018744115,0.9672464422859725,0.0639290539783967,5
0.06999999999999999,0.5999999999999999,True,0.20648656086677486,0.033056958018744115,0.9672464422859725,0.0639290539783967,5
0.06999999999999999,0.6499999999999999,True,0.20479266343439947,0.033056958018744115,0.9672464422859725,0.0639290539783967,5
0.06999999999999999,0.7,True,0.20352260437727374,0.033056958018744115,0.9672464422859725,0.0639290539783967,5
0.06999999999999999,0.7499999999999998,True,0.20224777429236795,0.033056958018744115,0.9672464422859725,0.0639290539783967,5
0.06999999999999999,0.7999999999999998,True,0.2013550253449088,0.033056958018744115,0.9672464422859725,0.0639290539783967,5
0.08999999999999998,0.2,True,0.21683441097022396,0.0343422206345598,0.9555003388299074,0.0663014600427903,5
0.08999999999999998,0.25,True,0.222824431595574,0.0343422206345598,0.9555003388299074,0.0663014600427903,5
0.08999999999999998,0.3,True,0.22629580601874003,0.0343422206345598,0.9555003388299074,0.0663014600427903,5
0.08999999999999998,0.35,True,0.2283797245490724,0.0343422206345598,0.9555003388299074,0.0663014600427903,5
0.08999999999999998,0.39999999999999997,True,0.22934630192081928,0.0343422206345598,0.9555003388299074,0.0663014600427903,5
0.08999999999999998,0.44999999999999996,True,0.22892649486188543,0.0343422206345598,0.9555003388299074,0.0663014600427903,5
0.08999999999999998,0.49999999999999994,True,0.22782003745266377,0.0343422206345598,0.9555003388299074,0.0663014600427903,5
0.08999999999999998,0.5499999999999999,True,0.2262924954013318,0.0343422206345598,0.9555003388299074,0.0663014600427903,5
0.08999999999999998,0.5999999999999999,True,0.2239356955676992,0.0343422206345598,0.9555003388299074,0.0663014600427903,5
0.08999999999999998,0.6499999999999999,True,0.2212987635596054,0.0343422206345598,0.9555003388299074,0.0663014600427903,5
0.08999999999999998,0.7,True,0.21908862737654364,0.0343422206345598,0.9555003388299074,0.0663014600427903,5
0.08999999999999998,0.7499999999999998,True,0.21676525516742107,0.0343422206345598,0.9555003388299074,0.0663014600427903,5
0.08999999999999998,0.7999999999999998,True,0.21502321551886797,0.0343422206345598,0.9555003388299074,0.0663014600427903,5
0.10999999999999997,0.2,True,0.2290814150212187,0.03556387259582595,0.9422859724418342,0.06854086737921346,5
0.10999999999999997,0.25,True,0.23668435324088233,0.03556387259582595,0.9422859724418342,0.06854086737921346,5
0.10999999999999997,0.3,True,0.24123455009150338,0.03556387259582595,0.9422859724418342,0.06854086737921346,5
0.10999999999999997,0.35,True,0.24396893912324,0.03556387259582595,0.9422859724418342,0.06854086737921346,5
0.10999999999999997,0.39999999999999997,True,0.2455154866392806,0.03556387259582595,0.9422859724418342,0.06854086737921346,5
0.10999999999999997,0.44999999999999996,True,0.2453647959871775,0.03556387259582595,0.9422859724418342,0.06854086737921346,5
0.10999999999999997,0.49999999999999994,True,0.2443285320443227,0.03556387259582595,0.9422859724418342,0.06854086737921346,5
0.10999999999999997,0.5499999999999999,True,0.24279167704181745,0.03556387259582595,0.9422859724418342,0.06854086737921346,5
0.10999999999999997,0.5999999999999999,True,0.24021576867329553,0.03556387259582595,0.9422859724418342,0.06854086737921346,5
0.10999999999999997,0.6499999999999999,True,0.23668603474149233,0.03556387259582595,0.9422859724418342,0.06854086737921346,5
0.10999999999999997,0.7,True,0.23331475928583734,0.03556387259582595,0.9422859724418342,0.06854086737921346,5
0.10999999999999997,0.7499999999999998,True,0.2298644074625026,0.03556387259582595,0.9422859724418342,0.06854086737921346,5
0.10999999999999997,0.7999999999999998,True,0.22713192263112536,0.03556387259582595,0.9422859724418342,0.06854086737921346,5
0.12999999999999998,0.2,True,0.23897449730974799,0.03679913581845046,0.93110458549808,0.07080010820977237,5
0.12999999999999998,0.25,True,0.24788073956898085,0.03679913581845046,0.93110458549808,0.07080010820977237,5
0.12999999999999998,0.3,True,0.2535786154127711,0.03679913581845046,0.93110458549808,0.07080010820977237,5
0.12999999999999998,0.35,True,0.25715283457139326,0.03679913581845046,0.93110458549808,0.07080010820977237,5
0.12999999999999998,0.39999999999999997,True,0.25937187997840205,0.03679913581845046,0.93110458549808,0.07080010820977237,5
0.12999999999999998,0.44999999999999996,True,0.2594975766821102,0.03679913581845046,0.93110458549808,0.07080010820977237,5
0.12999999999999998,0.49999999999999994,True,0.25867765841005924,0.03679913581845046,0.93110458549808,0.07080010820977237,5
0.12999999999999998,0.5499999999999999,True,0.25741462678170995,0.03679913581845046,0.93110458549808,0.07080010820977237,5
0.12999999999999998,0.5999999999999999,True,0.25472672093976073,0.03679913581845046,0.93110458549808,0.07080010820977237,5
0.12999999999999998,0.6499999999999999,True,0.2506089357180625,0.03679913581845046,0.93110458549808,0.07080010820977237,5
0.12999999999999998,0.7,True,0.24623222090100091,0.03679913581845046,0.93110458549808,0.07080010820977237,5
0.12999999999999998,0.7499999999999998,True,0.24151608299694757,0.03679913581845046,0.93110458549808,0.07080010820977237,5
0.12999999999999998,0.7999999999999998,True,0.23763897160347047,0.03679913581845046,0.93110458549808,0.07080010820977237,5
0.15,0.2,True,0.24817371717491432,0.03808954219659661,0.9207138016715609,0.07315278450797753,5
0.15,0.25,True,0.258303068105519,0.03808954219659661,0.9207138016715609,0.07315278450797753,5
0.15,0.3,True,0.26507051919434166,0.03808954219659661,0.9207138016715609,0.07315278450797753,5
0.15,0.35,True,0.2693681831317735,0.03808954219659661,0.9207138016715609,0.07315278450797753,5
0.15,0.39999999999999997,True,0.2723074050092072,0.03808954219659661,0.9207138016715609,0.07315278450797753,5
0.15,0.44999999999999996,True,0.27291474899359475,0.03808954219659661,0.9207138016715609,0.07315278450797753,5
0.15,0.49999999999999994,True,0.2722173753535669,0.03808954219659661,0.9207138016715609,0.07315278450797753,5
0.15,0.5499999999999999,True,0.2712136143367944,0.03808954219659661,0.9207138016715609,0.07315278450797753,5
0.15,0.5999999999999999,True,0.26841342246617084,0.03808954219659661,0.9207138016715609,0.07315278450797753,5
0.15,0.6499999999999999,True,0.263896783656415,0.03808954219659661,0.9207138016715609,0.07315278450797753,5
0.15,0.7,True,0.2586154375542536,0.03808954219659661,0.9207138016715609,0.07315278450797753,5
0.15,0.7499999999999998,True,0.2525027166195133,0.03808954219659661,0.9207138016715609,0.07315278450797753,5
0.15,0.7999999999999998,True,0.24728077653771177,0.03808954219659661,0.9207138016715609,0.07315278450797753,5
0.16999999999999998,0.2,True,0.2561655525086543,0.03933934520727287,0.9095324147278067,0.07541674470874696,5
0.16999999999999998,0.25,True,0.26732554569407174,0.03933934520727287,0.9095324147278067,0.07541674470874696,5
0.16999999999999998,0.3,True,0.27510272127330404,0.03933934520727287,0.9095324147278067,0.07541674470874696,5
0.16999999999999998,0.35,True,0.2802539109828143,0.03933934520727287,0.9095324147278067,0.07541674470874696,5
0.16999999999999998,0.39999999999999997,True,0.28377158352085236,0.03933934520727287,0.9095324147278067,0.07541674470874696,5
0.16999999999999998,0.44999999999999996,True,0.2847664095884503,0.03933934520727287,0.9095324147278067,0.07541674470874696,5
0.16999999999999998,0.49999999999999994,True,0.28435813868462767,0.03933934520727287,0.9095324147278067,0.07541674470874696,5
0.16999999999999998,0.5499999999999999,True,0.28361001885877907,0.03933934520727287,0.9095324147278067,0.07541674470874696,5
0.16999999999999998,0.5999999999999999,True,0.28073326930091513,0.03933934520727287,0.9095324147278067,0.07541674470874696,5
0.16999999999999998,0.6499999999999999,True,0.27593837922525216,0.03933934520727287,0.9095324147278067,0.07541674470874696,5
0.16999999999999998,0.7,True,0.2698775333734587,0.03933934520727287,0.9095324147278067,0.07541674470874696,5
0.16999999999999998,0.7499999999999998,True,0.26260428804890645,0.03933934520727287,0.9095324147278067,0.07541674470874696,5
0.16999999999999998,0.7999999999999998,True,0.25607714800626885,0.03933934520727287,0.9095324147278067,0.07541674470874696,5
0.18999999999999997,0.2,True,0.263426454672821,0.040429506088412115,0.8947368421052632,0.07736328125,5
0.18999999999999997,0.25,True,0.27548217388579416,0.040429506088412115,0.8947368421052632,0.07736328125,5
0.18999999999999997,0.3,True,0.2841704105494263,0.040429506088412115,0.8947368421052632,0.07736328125,5
0.18999999999999997,0.35,True,0.29004271335618576,0.040429506088412115,0.8947368421052632,0.07736328125,5
0.18999999999999997,0.39999999999999997,True,0.2941503908455259,0.040429506088412115,0.8947368421052632,0.07736328125,5
0.18999999999999997,0.44999999999999996,True,0.2955784992064184,0.040429506088412115,0.8947368421052632,0.07736328125,5
0.18999999999999997,0.49999999999999994,True,0.2952837545546981,0.040429506088412115,0.8947368421052632,0.07736328125,5
0.18999999999999997,0.5499999999999999,True,0.2946932743980637,0.040429506088412115,0.8947368421052632,0.07736328125,5
0.18999999999999997,0.5999999999999999,True,0.2916020350051875,0.040429506088412115,0.8947368421052632,0.07736328125,5
0.18999999999999997,0.6499999999999999,True,0.28654473865834856,0.040429506088412115,0.8947368421052632,0.07736328125,5
0.18999999999999997,0.7,True,0.2799581206857913,0.040429506088412115,0.8947368421052632,0.07736328125,5
0.18999999999999997,0.7499999999999998,True,0.27174001188090907,0.040429506088412115,0.8947368421052632,0.07736328125,5
0.18999999999999997,0.7999999999999998,True,0.2639280423486138,0.040429506088412115,0.8947368421052632,0.07736328125,5
0.20999999999999996,0.2,True,0.2697180293601045,0.0414328758664012,0.8790377230630224,0.07913573970513472,5
0.20999999999999996,0.25,True,0.2824812399803421,0.0414328758664012,0.8790377230630224,0.07913573970513472,5
0.20999999999999996,0.3,True,0.291982832287122,0.0414328758664012,0.8790377230630224,0.07913573970513472,5
0.20999999999999996,0.35,True,0.2985668636604163,0.0414328758664012,0.8790377230630224,0.07913573970513472,5
0.20999999999999996,0.39999999999999997,True,0.3031914526002758,0.0414328758664012,0.8790377230630224,0.07913573970513472,5
0.20999999999999996,0.44999999999999996,True,0.3049625585733818,0.0414328758664012,0.8790377230630224,0.07913573970513472,5
0.20999999999999996,0.49999999999999994,True,0.30494086791259417,0.0414328758664012,0.8790377230630224,0.07913573970513472,5
0.20999999999999996,0.5499999999999999,True,0.3045206010932746,0.0414328758664012,0.8790377230630224,0.07913573970513472,5
0.20999999999999996,0.5999999999999999,True,0.3015234140479753,0.0414328758664012,0.8790377230630224,0.07913573970513472,5
0.20999999999999996,0.6499999999999999,True,0.29636210011740044,0.0414328758664012,0.8790377230630224,0.07913573970513472,5
0.20999999999999996,0.7,True,0.2893402090237877,0.0414328758664012,0.8790377230630224,0.07913573970513472,5
0.20999999999999996,0.7499999999999998,True,0.28040893524414046,0.0414328758664012,0.8790377230630224,0.07913573970513472,5
0.20999999999999996,0.7999999999999998,True,0.27146609576394426,0.0414328758664012,0.8790377230630224,0.07913573970513472,5
0.22999999999999998,0.2,True,0.2752369314375729,0.042403298034291555,0.8619832843912356,0.08083033255666172,5
0.22999999999999998,0.25,True,0.2886261670501569,0.042403298034291555,0.8619832843912356,0.08083033255666172,5
0.22999999999999998,0.3,True,0.2989193716556681,0.042403298034291555,0.8619832843912356,0.08083033255666172,5
0.22999999999999998,0.35,True,0.3063016222663686,0.042403298034291555,0.8619832843912356,0.08083033255666172,5
0.22999999999999998,0.39999999999999997,True,0.31144796787648055,0.042403298034291555,0.8619832843912356,0.08083033255666172,5
0.22999999999999998,0.44999999999999996,True,0.3135972362952692,0.042403298034291555,0.8619832843912356,0.08083033255666172,5
0.22999999999999998,0.49999999999999994,True,0.3139378593219485,0.042403298034291555,0.8619832843912356,0.08083033255666172,5
0.22999999999999998,0.5499999999999999,True,0.31382896871207094,0.042403298034291555,0.8619832843912356,0.08083033255666172,5
0.22999999999999998,0.5999999999999999,True,0.3109320588125983,0.042403298034291555,0.8619832843912356,0.08083033255666172,5
0.22999999999999998,0.6499999999999999,True,0.305718997580156,0.042403298034291555,0.8619832843912356,0.08083033255666172,5
0.22999999999999998,0.7,True,0.29825395751151107,0.042403298034291555,0.8619832843912356,0.08083033255666172,5
0.22999999999999998,0.7499999999999998,True,0.2885355760274096,0.042403298034291555,0.8619832843912356,0.08083033255666172,5
0.22999999999999998,0.7999999999999998,True,0.2783491467877501,0.042403298034291555,0.8619832843912356,0.08083033255666172,5
0.24999999999999997,0.2,True,0.2808026791353769,0.04342432481000771,0.8460582787440705,0.08260871962549832,5
0.24999999999999997,0.25,True,0.2948076719255781,0.04342432481000771,0.8460582787440705,0.08260871962549832,5
0.24999999999999997,0.3,True,0.30578264861806087,0.04342432481000771,0.8460582787440705,0.08260871962549832,5
0.24999999999999997,0.35,True,0.31389051551442215,0.04342432481000771,0.8460582787440705,0.08260871962549832,5
0.24999999999999997,0.39999999999999997,True,0.3195885871058529,0.04342432481000771,0.8460582787440705,0.08260871962549832,5
0.24999999999999997,0.44999999999999996,True,0.32220749818674815,0.04342432481000771,0.8460582787440705,0.08260871962549832,5
0.24999999999999997,0.49999999999999994,True,0.32287738046976955,0.04342432481000771,0.8460582787440705,0.08260871962549832,5
0.24999999999999997,0.5499999999999999,True,0.32287088351757715,0.04342432481000771,0.8460582787440705,0.08260871962549832,5
0.24999999999999997,0.5999999999999999,True,0.3200289682161119,0.04342432481000771,0.8460582787440705,0.08260871962549832,5
0.24999999999999997,0.6499999999999999,True,0.3147997114630128,0.04342432481000771,0.8460582787440705,0.08260871962549832,5
0.24999999999999997,0.7,True,0.30704987078052,0.04342432481000771,0.8460582787440705,0.08260871962549832,5
0.24999999999999997,0.7499999999999998,True,0.2966686473253433,0.04342432481000771,0.8460582787440705,0.08260871962549832,5
0.24999999999999997,0.7999999999999998,True,0.28508111941917746,0.04342432481000771,0.8460582787440705,0.08260871962549832,5
0.26999999999999996,0.2,True,0.2858786322432118,0.04426865996589136,0.8267449740230405,0.08403747244673035,5
0.26999999999999996,0.25,True,0.3005151150015538,0.04426865996589136,0.8267449740230405,0.08403747244673035,5
0.26999999999999996,0.3,True,0.31213506603834235,0.04426865996589136,0.8267449740230405,0.08403747244673035,5
0.26999999999999996,0.35,True,0.32087108666288294,0.04426865996589136,0.8267449740230405,0.08403747244673035,5
0.26999999999999996,0.39999999999999997,True,0.32710556481604725,0.04426865996589136,0.8267449740230405,0.08403747244673035,5
0.26999999999999996,0.44999999999999996,True,0.3300775571645167,0.04426865996589136,0.8267449740230405,0.08403747244673035,5
0.26999999999999996,0.49999999999999994,True,0.33075745469206447,0.04426865996589136,0.8267449740230405,0.08403747244673035,5
0.26999999999999996,0.5499999999999999,True,0.3308302425555725,0.04426865996589136,0.8267449740230405,0.08403747244673035,5
0.26999999999999996,0.5999999999999999,True,0.3281062764582863,0.04426865996589136,0.8267449740230405,0.08403747244673035,5
0.26999999999999996,0.6499999999999999,True,0.32284043436980375,0.04426865996589136,0.8267449740230405,0.08403747244673035,5
0.26999999999999996,0.7,True,0.3149518357610132,0.04426865996589136,0.8267449740230405,0.08403747244673035,5
0.26999999999999996,0.7499999999999998,True,0.30387459978657033,0.04426865996589136,0.8267449740230405,0.08403747244673035,5
0.26999999999999996,0.7999999999999998,True,0.29111275829370903,0.04426865996589136,0.8267449740230405,0.08403747244673035,5
0.29,0.2,False,0.2904674153473198,0.04511748357756443,0.8067540094872374,0.08545587232464379,5
0.29,0.25,False,0.3056775597811209,0.04511748357756443,0.8067540094872374,0.08545587232464379,5
0.29,0.3,False,0.31795312622463406,0.04511748357756443,0.8067540094872374,0.08545587232464379,5
0.29,0.35,False,0.32730821255816744,0.04511748357756443,0.8067540094872374,0.08545587232464379,5
0.29,0.39999999999999997,False,0.3340652448878123,0.04511748357756443,0.8067540094872374,0.08545587232464379,5
0.29,0.44999999999999996,False,0.337577737873811,0.04511748357756443,0.8067540094872374,0.08545587232464379,5
0.29,0.49999999999999994,False,0.33849372596376487,0.04511748357756443,0.8067540094872374,0.08545587232464379,5
0.29,0.5499999999999999,False,0.33867496031109395,0.04511748357756443,0.8067540094872374,0.08545587232464379,5
0.29,0.5999999999999999,False,0.33596103006964856,0.04511748357756443,0.8067540094872374,0.08545587232464379,5
0.29,0.6499999999999999,False,0.3307125583540164,0.04511748357756443,0.8067540094872374,0.08545587232464379,5
0.29,0.7,False,0.32246357968261924,0.04511748357756443,0.8067540094872374,0.08545587232464379,5
0.29,0.7499999999999998,False,0.31083589531621064,0.04511748357756443,0.8067540094872374,0.08545587232464379,5
0.29,0.7999999999999998,False,0.2971853347615537,0.04511748357756443,0.8067540094872374,0.08545587232464379,5
0.30999999999999994,0.2,False,0.2947477894857477,0.04594657068322161,0.785746555229275,0.08681653969264175,5
0.30999999999999994,0.25,False,0.31041955726337767,0.04594657068322161,0.785746555229275,0.08681653969264175,5
0.30999999999999994,0.3,False,0.3233525106062012,0.04594657068322161,0.785746555229275,0.08681653969264175,5
0.30999999999999994,0.35,False,0.3333189966448993,0.04594657068322161,0.785746555229275,0.08681653969264175,5
0.30999999999999994,0.39999999999999997,False,0.34065937163749016,0.04594657068322161,0.785746555229275,0.08681653969264175,5
0.30999999999999994,0.44999999999999996,False,0.34458910776568547,0.04594657068322161,0.785746555229275,0.08681653969264175,5
0.30999999999999994,0.49999999999999994,False,0.3458456150330105,0.04594657068322161,0.785746555229275,0.08681653969264175,5
0.30999999999999994,0.5499999999999999,False,0.34626890396062576,0.04594657068322161,0.785746555229275,0.08681653969264175,5
0.30999999999999994,0.5999999999999999,False,0.3436438025928486,0.04594657068322161,0.785746555229275,0.08681653969264175,5
0.30999999999999994,0.6499999999999999,False,0.33847870429273014,0.04594657068322161,0.785746555229275,0.08681653969264175,5
0.30999999999999994,0.7,False,0.33009874091330743,0.04594657068322161,0.785746555229275,0.08681653969264175,5
0.30999999999999994,0.7499999999999998,False,0.31792620377453,0.04594657068322161,0.785746555229275,0.08681653969264175,5
0.30999999999999994,0.7999999999999998,False,0.3032013933805116,0.04594657068322161,0.785746555229275,0.08681653969264175,5
0.32999999999999996,0.2,False,0.29889540851429036,0.04703923045560401,0.7688050598599503,0.088654167996197,5
0.32999999999999996,0.25,False,0.31498438948583635,0.04703923045560401,0.7688050598599503,0.088654167996197,5
0.32999999999999996,0.3,False,0.3284846964448141,0.04703923045560401,0.7688050598599503,0.088654167996197,5
0.32999999999999996,0.35,False,0.33907059419412394,0.04703923045560401,0.7688050598599503,0.088654167996197,5
0.32999999999999996,0.39999999999999997,False,0.34698498036675657,0.04703923045560401,0.7688050598599503,0.088654167996197,5
0.32999999999999996,0.44999999999999996,False,0.3513617015806412,0.04703923045560401,0.7688050598599503,0.088654167996197,5
0.32999999999999996,0.49999999999999994,False,0.352969435740198,0.04703923045560401,0.7688050598599503,0.088654167996197,5
0.32999999999999996,0.5499999999999999,False,0.35358359519503274,0.04703923045560401,0.7688050598599503,0.088654167996197,5
0.32999999999999996,0.5999999999999999,False,0.3511051477851428,0.04703923045560401,0.7688050598599503,0.088654167996197,5
0.32999999999999996,0.6499999999999999,False,0.3460300332420661,0.04703923045560401,0.7688050598599503,0.088654167996197,5
0.32999999999999996,0.7,False,0.33751198563232765,0.04703923045560401,0.7688050598599503,0.088654167996197,5
0.32999999999999996,0.7499999999999998,False,0.3248420891127847,0.04703923045560401,0.7688050598599503,0.088654167996197,5
0.32999999999999996,0.7999999999999998,False,0.3092770780935032,0.04703923045560401,0.7688050598599503,0.088654167996197,5
0.35,0.2,False,0.3029761059962826,0.04813140315031373,0.7502823582561554,0.09045972002832399,5
0.35,0.25,False,0.31953176076060086,0.04813140315031373,0.7502823582561554,0.09045972002832399,5
0.35,0.3,False,0.33353949586238035,0.04813140315031373,0.7502823582561554,0.09045972002832399,5
0.35,0.35,False,0.3447099953169799,0.04813140315031373,0.7502823582561554,0.09045972002832399,5
0.35,0.39999999999999997,False,0.35318955119041645,0.04813140315031373,0.7502823582561554,0.09045972002832399,5
0.35,0.44999999999999996,False,0.3580728719071536,0.04813140315031373,0.7502823582561554,0.09045972002832399,5
0.35,0.49999999999999994,False,0.36007204854053737,0.04813140315031373,0.7502823582561554,0.09045972002832399,5
0.35,0.5499999999999999,False,0.36083469110867994,0.04813140315031373,0.7502823582561554,0.09045972002832399,5
0.35,0.5999999999999999,False,0.35858139575691106,0.04813140315031373,0.7502823582561554,0.09045972002832399,5
0.35,0.6499999999999999,False,0.35356199993702714,0.04813140315031373,0.7502823582561554,0.09045972002832399,5
0.35,0.7,False,0.34494513888730105,0.04813140315031373,0.7502823582561554,0.09045972002832399,5
0.35,0.7499999999999998,False,0.33191856447388673,0.04813140315031373,0.7502823582561554,0.09045972002832399,5
0.35,0.7999999999999998,False,0.315398975522102,0.04813140315031373,0.7502823582561554,0.09045972002832399,5
0.36999999999999994,0.2,False,0.30675584180176935,0.049260671369755635,0.7310819968375876,0.09230198849255296,5
0.36999999999999994,0.25,False,0.3236885073494857,0.049260671369755635,0.7310819968375876,0.09230198849255296,5
0.36999999999999994,0.3,False,0.3382061640431055,0.049260671369755635,0.7310819968375876,0.09230198849255296,5
0.36999999999999994,0.35,False,0.3498820919862822,0.049260671369755635,0.7310819968375876,0.09230198849255296,5
0.36999999999999994,0.39999999999999997,False,0.35897326272762603,0.049260671369755635,0.7310819968375876,0.09230198849255296,5
0.36999999999999994,0.44999999999999996,False,0.3642685625759015,0.049260671369755635,0.7310819968375876,0.09230198849255296,5
0.36999999999999994,0.49999999999999994,False,0.3666063762957524,0.049260671369755635,0.7310819968375876,0.09230198849255296,5
0.36999999999999994,0.5499999999999999,False,0.36761380767743607,0.049260671369755635,0.7310819968375876,0.09230198849255296,5
0.36999999999999994,0.5999999999999999,False,0.3656451359307806,0.049260671369755635,0.7310819968375876,0.09230198849255296,5
0.36999999999999994,0.6499999999999999,False,0.36060988441418057,0.049260671369755635,0.7310819968375876,0.09230198849255296,5
0.36999999999999994,0.7,False,0.3519979650810156,0.049260671369755635,0.7310819968375876,0.09230198849255296,5
0.36999999999999994,0.7499999999999998,False,0.3387112947911604,0.049260671369755635,0.7310819968375876,0.09230198849255296,5
0.36999999999999994,0.7999999999999998,False,0.32152246828887227,0.049260671369755635,0.7310819968375876,0.09230198849255296,5
0.38999999999999996,0.2,False,0.31045285886744217,0.050417549047029206,0.7125592952337927,0.09417190963437297,5
0.38999999999999996,0.25,False,0.32766918556704555,0.050417549047029206,0.7125592952337927,0.09417190963437297,5
0.38999999999999996,0.3,False,0.34263604765907213,0.050417549047029206,0.7125592952337927,0.09417190963437297,5
0.38999999999999996,0.35,False,0.35479664016606,0.050417549047029206,0.7125592952337927,0.09417190963437297,5
0.38999999999999996,0.39999999999999997,False,0.3643931124844441,0.050417549047029206,0.7125592952337927,0.09417190963437297,5
0.38999999999999996,0.44999999999999996,False,0.3701679877462351,0.050417549047029206,0.7125592952337927,0.09417190963437297,5
0.38999999999999996,0.49999999999999994,False,0.372859580405226,0.050417549047029206,0.7125592952337927,0.09417190963437297,5
0.38999999999999996,0.5499999999999999,False,0.37405677753586825,0.050417549047029206,0.7125592952337927,0.09417190963437297,5
0.38999999999999996,0.5999999999999999,False,0.37222639905860583,0.050417549047029206,0.7125592952337927,0.09417190963437297,5
0.38999999999999996,0.6499999999999999,False,0.36734336666381434,0.050417549047029206,0.7125592952337927,0.09417190963437297,5
0.38999999999999996,0.7,False,0.3586781259461331,0.050417549047029206,0.7125592952337927,0.09417190963437297,5
0.38999999999999996,0.7499999999999998,False,0.3451368387804417,0.050417549047029206,0.7125592952337927,0.09417190963437297,5
0.38999999999999996,0.7999999999999998,False,0.3273547946412432,0.050417549047029206,0.7125592952337927,0.09417190963437297,5
0.4099999999999999,0.2,False,0.3140984319359963,0.051616433743054385,0.6924553873955275,0.09607157967312785,5
0.4099999999999999,0.25,False,0.33165660350995624,0.051616433743054385,0.6924553873955275,0.09607157967312785,5
0.4099999999999999,0.3,False,0.3469862216265482,0.051616433743054385,0.6924553873955275,0.09607157967312785,5
0.4099999999999999,0.35,False,0.3597357008656948,0.051616433743054385,0.6924553873955275,0.09607157967312785,5
0.4099999999999999,0.39999999999999997,False,0.36988905046150605,0.051616433743054385,0.6924553873955275,0.09607157967312785,5
0.4099999999999999,0.44999999999999996,False,0.3760901579730492,0.051616433743054385,0.6924553873955275,0.09607157967312785,5
0.4099999999999999,0.49999999999999994,False,0.3791102411674463,0.051616433743054385,0.6924553873955275,0.09607157967312785,5
0.4099999999999999,0.5499999999999999,False,0.38060618054201384,0.051616433743054385,0.6924553873955275,0.09607157967312785,5
0.4099999999999999,0.5999999999999999,False,0.37885056805829526,0.051616433743054385,0.6924553873955275,0.09607157967312785,5
0.4099999999999999,0.6499999999999999,False,0.3742109871906047,0.051616433743054385,0.6924553873955275,0.09607157967312785,5
0.4099999999999999,0.7,False,0.3656081946403383,0.051616433743054385,0.6924553873955275,0.09607157967312785,5
0.4099999999999999,0.7499999999999998,False,0.35184374442027044,0.051616433743054385,0.6924553873955275,0.09607157967312785,5
0.4099999999999999,0.7999999999999998,False,0.3334825186091536,0.051616433743054385,0.6924553873955275,0.09607157967312785,5
0.42999999999999994,0.2,False,0.3175757649280093,0.05285710483591941,0.6729161960695731,0.09801518429256496,5
0.42999999999999994,0.25,False,0.33537044366135077,0.05285710483591941,0.6729161960695731,0.09801518429256496,5
0.42999999999999994,0.3,False,0.35101948441129976,0.05285710483591941,0.6729161960695731,0.09801518429256496,5
0.42999999999999994,0.35,False,0.3642131960278498,0.05285710483591941,0.6729161960695731,0.09801518429256496,5
0.42999999999999994,0.39999999999999997,False,0.3748333426501696,0.05285710483591941,0.6729161960695731,0.09801518429256496,5
0.42999999999999994,0.44999999999999996,False,0.3815555821620398,0.05285710483591941,0.6729161960695731,0.09801518429256496,5
0.42999999999999994,0.49999999999999994,False,0.38495934925356684,0.05285710483591941,0.6729161960695731,0.09801518429256496,5
0.42999999999999994,0.5499999999999999,False,0.3867955478251745,0.05285710483591941,0.6729161960695731,0.09801518429256496,5
0.42999999999999994,0.5999999999999999,False,0.3852752984394771,0.05285710483591941,0.6729161960695731,0.09801518429256496,5
0.42999999999999994,0.6499999999999999,False,0.38068263126799295,0.05285710483591941,0.6729161960695731,0.09801518429256496,5
0.42999999999999994,0.7,False,0.3719824643453178,0.05285710483591941,0.6729161960695731,0.09801518429256496,5
0.42999999999999994,0.7499999999999998,False,0.358128875811389,0.05285710483591941,0.6729161960695731,0.09801518429256496,5
0.42999999999999994,0.7999999999999998,False,0.33908867125396075,0.05285710483591941,0.6729161960695731,0.09801518429256496,5
0.44999999999999996,0.2,False,0.32074730261823226,0.05403631795554472,0.6510051953919133,0.09978965227703575,5
0.44999999999999996,0.25,False,0.3387621109425821,0.05403631795554472,0.6510051953919133,0.09978965227703575,5
0.44999999999999996,0.3,False,0.35475748942487734,0.05403631795554472,0.6510051953919133,0.09978965227703575,5
0.44999999999999996,0.35,False,0.36841397363263956,0.05403631795554472,0.6510051953919133,0.09978965227703575,5
0.44999999999999996,0.39999999999999997,False,0.3795523013831921,0.05403631795554472,0.6510051953919133,0.09978965227703575,5
0.44999999999999996,0.44999999999999996,False,0.3867016397895609,0.05403631795554472,0.6510051953919133,0.09978965227703575,5
0.44999999999999996,0.49999999999999994,False,0.3905395256575665,0.05403631795554472,0.6510051953919133,0.09978965227703575,5
0.44999999999999996,0.5499999999999999,False,0.3927325539120778,0.05403631795554472,0.6510051953919133,0.09978965227703575,5
0.44999999999999996,0.5999999999999999,False,0.3914601915579469,0.05403631795554472,0.6510051953919133,0.09978965227703575,5
0.44999999999999996,0.6499999999999999,False,0.38699811136441303,0.05403631795554472,0.6510051953919133,0.09978965227703575,5
0.44999999999999996,0.7,False,0.37824674076020376,0.05403631795554472,0.6510051953919133,0.09978965227703575,5
0.44999999999999996,0.7499999999999998,False,0.36427616072834795,0.05403631795554472,0.6510051953919133,0.09978965227703575,5
0.44999999999999996,0.7999999999999998,False,0.34475817072956755,0.05403631795554472,0.6510051953919133,0.09978965227703575,5
0.4699999999999999,0.2,False,0.3241941618592427,0.05547712314330596,0.6302236277388751,0.10197741145509705,5
0.4699999999999999,0.25,False,0.34240238842847487,0.05547712314330596,0.6302236277388751,0.10197741145509705,5
0.4699999999999999,0.3,False,0.35872447171929095,0.05547712314330596,0.6302236277388751,0.10197741145509705,5
0.4699999999999999,0.35,False,0.3728072996745961,0.05547712314330596,0.6302236277388751,0.10197741145509705,5
0.4699999999999999,0.39999999999999997,False,0.38449394140789556,0.05547712314330596,0.6302236277388751,0.10197741145509705,5
0.4699999999999999,0.44999999999999996,False,0.39214810843956377,0.05547712314330596,0.6302236277388751,0.10197741145509705,5
0.4699999999999999,0.49999999999999994,False,0.3964159668166857,0.05547712314330596,0.6302236277388751,0.10197741145509705,5
0.4699999999999999,0.5499999999999999,False,0.39897898204982446,0.05547712314330596,0.6302236277388751,0.10197741145509705,5
0.4699999999999999,0.5999999999999999,False,0.39792523786679745,0.05547712314330596,0.6302236277388751,0.10197741145509705,5
0.4699999999999999,0.6499999999999999,False,0.39367734386374004,0.05547712314330596,0.6302236277388751,0.10197741145509705,5
0.4699999999999999,0.7,False,0.38498383373336603,0.05547712314330596,0.6302236277388751,0.10197741145509705,5
0.4699999999999999,0.7499999999999998,False,0.37092826618061303,0.05547712314330596,0.6302236277388751,0.10197741145509705,5
0.4699999999999999,0.7999999999999998,False,0.3510259471683245,0.05547712314330596,0.6302236277388751,0.10197741145509705,5
0.48999999999999994,0.2,False,0.3274662146082172,0.05680400820243959,0.6069573074316693,0.10388555963657452,5
0.48999999999999994,0.25,False,0.34584387031537117,0.05680400820243959,0.6069573074316693,0.10388555963657452,5
0.48999999999999994,0.3,False,0.36242633289060816,0.05680400820243959,0.6069573074316693,0.10388555963657452,5
0.48999999999999994,0.35,False,0.37686624667859725,0.05680400820243959,0.6069573074316693,0.10388555963657452,5
0.48999999999999994,0.39999999999999997,False,0.38901276538784585,0.05680400820243959,0.6069573074316693,0.10388555963657452,5
0.48999999999999994,0.44999999999999996,False,0.39715132216252397,0.05680400820243959,0.6069573074316693,0.10388555963657452,5
0.48999999999999994,0.49999999999999994,False,0.4018190040752801,0.05680400820243959,0.6069573074316693,0.10388555963657452,5
0.48999999999999994,0.5499999999999999,False,0.4047455981390254,0.05680400820243959,0.6069573074316693,0.10388555963657452,5
0.48999999999999994,0.5999999999999999,False,0.40405199266611097,0.05680400820243959,0.6069573074316693,0.10388555963657452,5
0.48999999999999994,0.6499999999999999,False,0.4000924364207534,0.05680400820243959,0.6069573074316693,0.10388555963657452,5
0.48999999999999994,0.7,False,0.3913552619906257,0.05680400820243959,0.6069573074316693,0.10388555963657452,5
0.48999999999999994,0.7499999999999998,False,0.3770894196674393,0.05680400820243959,0.6069573074316693,0.10388555963657452,5
0.48999999999999994,0.7999999999999998,False,0.3566913304946065,0.05680400820243959,0.6069573074316693,0.10388555963657452,5
0.5099999999999999,0.2,False,0.33086376491916786,0.05862652232746955,0.5871922295007906,0.10660897738224619,5
0.5099999999999999,0.25,False,0.34936997797881886,0.05862652232746955,0.5871922295007906,0.10660897738224619,5
0.5099999999999999,0.3,False,0.3662457483533852,0.05862652232746955,0.5871922295007906,0.10660897738224619,5
0.5099999999999999,0.35,False,0.38101599825395205,0.05862652232746955,0.5871922295007906,0.10660897738224619,5
0.5099999999999999,0.39999999999999997,False,0.3935946941211487,0.05862652232746955,0.5871922295007906,0.10660897738224619,5
0.5099999999999999,0.44999999999999996,False,0.4022328408679587,0.05862652232746955,0.5871922295007906,0.10660897738224619,5
0.5099999999999999,0.49999999999999994,False,0.4072849959932474,0.05862652232746955,0.5871922295007906,0.10660897738224619,5
0.5099999999999999,0.5499999999999999,False,0.41054560729364237,0.05862652232746955,0.5871922295007906,0.10660897738224619,5
0.5099999999999999,0.5999999999999999,False,0.41018602685220823,0.05862652232746955,0.5871922295007906,0.10660897738224619,5
0.5099999999999999,0.6499999999999999,False,0.4064910047161919,0.05862652232746955,0.5871922295007906,0.10660897738224619,5
0.5099999999999999,0.7,False,0.39772572458493993,0.05862652232746955,0.5871922295007906,0.10660897738224619,5
0.5099999999999999,0.7499999999999998,False,0.38359309024274874,0.05862652232746955,0.5871922295007906,0.10660897738224619,5
0.5099999999999999,0.7999999999999998,False,0.3628017219009691,0.05862652232746955,0.5871922295007906,0.10660897738224619,5
0.5299999999999999,0.2,False,0.3340595192909159,0.06038323613576267,0.5648294556132821,0.10910280883556041,5
0.5299999999999999,0.25,False,0.3526918739868696,0.06038323613576267,0.5648294556132821,0.10910280883556041,5
0.5299999999999999,0.3,False,0.36979449249883345,0.06038323613576267,0.5648294556132821,0.10910280883556041,5
0.5299999999999999,0.35,False,0.38479463768545413,0.06038323613576267,0.5648294556132821,0.10910280883556041,5
0.5299999999999999,0.39999999999999997,False,0.39779152533622386,0.06038323613576267,0.5648294556132821,0.10910280883556041,5
0.5299999999999999,0.44999999999999996,False,0.40682653203594477,0.06038323613576267,0.5648294556132821,0.10910280883556041,5
0.5299999999999999,0.49999999999999994,False,0.4122950645396963,0.06038323613576267,0.5648294556132821,0.10910280883556041,5
0.5299999999999999,0.5499999999999999,False,0.41591178293296266,0.06038323613576267,0.5648294556132821,0.10910280883556041,5
0.5299999999999999,0.5999999999999999,False,0.41590177840736214,0.06038323613576267,0.5648294556132821,0.10910280883556041,5
0.5299999999999999,0.6499999999999999,False,0.4125184465281115,0.06038323613576267,0.5648294556132821,0.10910280883556041,5
0.5299999999999999,0.7,False,0.4038849438283498,0.06038323613576267,0.5648294556132821,0.10910280883556041,5
0.5299999999999999,0.7499999999999998,False,0.3896684390596781,0.06038323613576267,0.5648294556132821,0.10910280883556041,5
0.5299999999999999,0.7999999999999998,False,0.368731920320751,0.06038323613576267,0.5648294556132821,0.10910280883556041,5
0.5499999999999999,0.2,False,0.33713866540331144,0.06214373823281179,0.5405466455839169,0.11147212614564045,5
0.5499999999999999,0.25,False,0.3559032934632244,0.06214373823281179,0.5405466455839169,0.11147212614564045,5
0.5499999999999999,0.3,False,0.37320232564420835,0.06214373823281179,0.5405466455839169,0.11147212614564045,5
0.5499999999999999,0.35,False,0.38845164122990067,0.06214373823281179,0.5405466455839169,0.11147212614564045,5
0.5499999999999999,0.39999999999999997,False,0.40183627799794513,0.06214373823281179,0.5405466455839169,0.11147212614564045,5
0.5499999999999999,0.44999999999999996,False,0.41130805495008865,0.06214373823281179,0.5405466455839169,0.11147212614564045,5
0.5499999999999999,0.49999999999999994,False,0.41724522495220834,0.06214373823281179,0.5405466455839169,0.11147212614564045,5
0.5499999999999999,0.5499999999999999,False,0.4212884530716605,0.06214373823281179,0.5405466455839169,0.11147212614564045,5
0.5499999999999999,0.5999999999999999,False,0.4216734019874188,0.06214373823281179,0.5405466455839169,0.11147212614564045,5
0.5499999999999999,0.6499999999999999,False,0.4185003417723572,0.06214373823281179,0.5405466455839169,0.11147212614564045,5
0.5499999999999999,0.7,False,0.4100218719326305,0.06214373823281179,0.5405466455839169,0.11147212614564045,5
0.5499999999999999,0.7499999999999998,False,0.39593512876607856,0.06214373823281179,0.5405466455839169,0.11147212614564045,5
0.5499999999999999,0.7999999999999998,False,0.3746357776314404,0.06214373823281179,0.5405466455839169,0.11147212614564045,5
0.57,0.2,False,0.3402340032256805,0.0639713193384402,0.5159250056471651,0.11382863408130972,5
0.57,0.25,False,0.35909195979272046,0.0639713193384402,0.5159250056471651,0.11382863408130972,5
0.57,0.3,False,0.3765659188329338,0.0639713193384402,0.5159250056471651,0.11382863408130972,5
0.57,0.35,False,0.3920675943118676,0.0639713193384402,0.5159250056471651,0.11382863408130972,5
0.57,0.39999999999999997,False,0.4058137775833181,0.0639713193384402,0.5159250056471651,0.11382863408130972,5
0.57,0.44999999999999996,False,0.41569694085385683,0.0639713193384402,0.5159250056471651,0.11382863408130972,5
0.57,0.49999999999999994,False,0.4219565514376355,0.0639713193384402,0.5159250056471651,0.11382863408130972,5
0.57,0.5499999999999999,False,0.42629572906474816,0.0639713193384402,0.5159250056471651,0.11382863408130972,5
0.57,0.5999999999999999,False,0.42707653696645503,0.0639713193384402,0.5159250056471651,0.11382863408130972,5
0.57,0.6499999999999999,False,0.4243391428496605,0.0639713193384402,0.5159250056471651,0.11382863408130972,5
0.57,0.7,False,0.4161450240179097,0.0639713193384402,0.5159250056471651,0.11382863408130972,5
0.57,0.7499999999999998,False,0.4020765074715667,0.0639713193384402,0.5159250056471651,0.11382863408130972,5
0.57,0.7999999999999998,False,0.3804678972334774,0.0639713193384402,0.5159250056471651,0.11382863408130972,5
0.59,0.2,False,0.34319990785661797,0.0657043002583194,0.4883668398463971,0.1158255651987571,5
0.59,0.25,False,0.36214470413986083,0.0657043002583194,0.4883668398463971,0.1158255651987571,5
0.59,0.3,False,0.37976199445755593,0.0657043002583194,0.4883668398463971,0.1158255651987571,5
0.59,0.35,False,0.39546426930536577,0.0657043002583194,0.4883668398463971,0.1158255651987571,5
0.59,0.39999999999999997,False,0.4095118779139482,0.0657043002583194,0.4883668398463971,0.1158255651987571,5
0.59,0.44999999999999996,False,0.4197522017136987,0.0657043002583194,0.4883668398463971,0.1158255651987571,5
0.59,0.49999999999999994,False,0.4263844035060194,0.0657043002583194,0.4883668398463971,0.1158255651987571,5
0.59,0.5499999999999999,False,0.4309859370225158,0.0657043002583194,0.4883668398463971,0.1158255651987571,5
0.59,0.5999999999999999,False,0.432115920963446,0.0657043002583194,0.4883668398463971,0.1158255651987571,5
0.59,0.6499999999999999,False,0.42971052676016247,0.0657043002583194,0.4883668398463971,0.1158255651987571,5
0.59,0.7,False,0.4218135973813832,0.0657043002583194,0.4883668398463971,0.1158255651987571,5
0.59,0.7499999999999998,False,0.4078015973995334,0.0657043002583194,0.4883668398463971,0.1158255651987571,5
0.59,0.7999999999999998,False,0.385923532903631,0.0657043002583194,0.4883668398463971,0.1158255651987571,5
0.6099999999999999,0.2,False,0.34615262941360814,0.06727157908731346,0.45719448836683985,0.11728573912035696,5
0.6099999999999999,0.25,False,0.36518104721887995,0.06727157908731346,0.45719448836683985,0.11728573912035696,5
0.6099999999999999,0.3,False,0.3829418483675995,0.06727157908731346,0.45719448836683985,0.11728573912035696,5
0.6099999999999999,0.35,False,0.3988767826041824,0.06727157908731346,0.45719448836683985,0.11728573912035696,5
0.6099999999999999,0.39999999999999997,False,0.4132093500117276,0.06727157908731346,0.45719448836683985,0.11728573912035696,5
0.6099999999999999,0.44999999999999996,False,0.4237767320977001,0.06727157908731346,0.45719448836683985,0.11728573912035696,5
0.6099999999999999,0.49999999999999994,False,0.43081023851827066,0.06727157908731346,0.45719448836683985,0.11728573912035696,5
0.6099999999999999,0.5499999999999999,False,0.4358011034677119,0.06727157908731346,0.45719448836683985,0.11728573912035696,5
0.6099999999999999,0.5999999999999999,False,0.4373452347787547,0.06727157908731346,0.45719448836683985,0.11728573912035696,5
0.6099999999999999,0.6499999999999999,False,0.4353928109778615,0.06727157908731346,0.45719448836683985,0.11728573912035696,5
0.6099999999999999,0.7,False,0.4278315445694023,0.06727157908731346,0.45719448836683985,0.11728573912035696,5
0.6099999999999999,0.7499999999999998,False,0.4138333622240238,0.06727157908731346,0.45719448836683985,0.11728573912035696,5
0.6099999999999999,0.7999999999999998,False,0.39174743267440904,0.06727157908731346,0.45719448836683985,0.11728573912035696,5
0.01,0.2,True,0.1280101187797861,0.028184641283485204,0.9984187937655297,0.05482170542635659,6
0.01,0.25,True,0.12841796295865585,0.028184641283485204,0.9984187937655297,0.05482170542635659,6
0.01,0.3,True,0.12864615954969524,0.028184641283485204,0.9984187937655297,0.05482170542635659,6
0.01,0.35,True,0.12878283704595325,0.028184641283485204,0.9984187937655297,0.05482170542635659,6
0.01,0.39999999999999997,True,0.1289226398604499,0.028184641283485204,0.9984187937655297,0.05482170542635659,6
0.01,0.44999999999999996,True,0.12890161498136102,0.028184641283485204,0.9984187937655297,0.05482170542635659,6
0.01,0.49999999999999994,True,0.12887502514649826,0.028184641283485204,0.9984187937655297,0.05482170542635659,6
0.01,0.5499999999999999,True,0.12886425645878966,0.028184641283485204,0.9984187937655297,0.05482170542635659,6
0.01,0.5999999999999999,True,0.1288488734915331,0.028184641283485204,0.9984187937655297,0.05482170542635659,6
0.01,0.6499999999999999,True,0.12882652824453347,0.028184641283485204,0.9984187937655297,0.05482170542635659,6
0.01,0.7,True,0.12879814670433873,0.028184641283485204,0.9984187937655297,0.05482170542635659,6
0.01,0.7499999999999998,True,0.12879212537204657,0.028184641283485204,0.9984187937655297,0.05482170542635659,6
0.01,0.7999999999999998,True,0.12879212537204657,0.028184641283485204,0.9984187937655297,0.05482170542635659,6
0.03,0.2,True,0.1557839657945341,0.029719491143164314,0.9897221594759431,0.0577061746199512,6
0.03,0.25,True,0.15681750142380016,0.029719491143164314,0.9897221594759431,0.0577061746199512,6
0.03,0.3,True,0.157396525664166,0.029719491143164314,0.9897221594759431,0.0577061746199512,6
0.03,0.35,True,0.15792429728860619,0.029719491143164314,0.9897221594759431,0.0577061746199512,6
0.03,0.39999999999999997,True,0.15823247443724428,0.029719491143164314,0.9897221594759431,0.0577061746199512,6
0.03,0.44999999999999996,True,0.15825558650765442,0.029719491143164314,0.9897221594759431,0.0577061746199512,6
0.03,0.49999999999999994,True,0.15792084192274453,0.029719491143164314,0.9897221594759431,0.0577061746199512,6
0.03,0.5499999999999999,True,0.15772983569067633,0.029719491143164314,0.9897221594759431,0.0577061746199512,6
0.03,0.5999999999999999,True,0.15761641126417733,0.029719491143164314,0.9897221594759431,0.0577061746199512,6
0.03,0.6499999999999999,True,0.1575296981030274,0.029719491143164314,0.9897221594759431,0.0577061746199512,6
0.03,0.7,True,0.15742930197381225,0.029719491143164314,0.9897221594759431,0.0577061746199512,6
0.03,0.7499999999999998,True,0.15740399821658352,0.029719491143164314,0.9897221594759431,0.0577061746199512,6
0.03,0.7999999999999998,True,0.15736645749176292,0.029719491143164314,0.9897221594759431,0.0577061746199512,6
0.049999999999999996,0.2,True,0.17653813237766483,0.031095723306544202,0.9788796024395753,0.0602766592251038,6
0.049999999999999996,0.25,True,0.17884686579206158,0.031095723306544202,0.9788796024395753,0.0602766592251038,6
0.049999999999999996,0.3,True,0.18000555531014717,0.031095723306544202,0.9788796024395753,0.0602766592251038,6
0.049999999999999996,0.35,True,0.18071592472625062,0.031095723306544202,0.9788796024395753,0.0602766592251038,6
0.049999999999999996,0.39999999999999997,True,0.18131949751527976,0.031095723306544202,0.9788796024395753,0.0602766592251038,6
0.049999999999999996,0.44999999999999996,True,0.18123185502258143,0.031095723306544202,0.9788796024395753,0.0602766592251038,6
0.049999999999999996,0.49999999999999994,True,0.18057217323885708,0.031095723306544202,0.9788796024395753,0.0602766592251038,6
0.049999999999999996,0.5499999999999999,True,0.1802553747284976,0.031095723306544202,0.9788796024395753,0.0602766592251038,6
0.049999999999999996,0.5999999999999999,True,0.17993176268966318,0.031095723306544202,0.9788796024395753,0.0602766592251038,6
0.049999999999999996,0.6499999999999999,True,0.17951180378644507,0.031095723306544202,0.9788796024395753,0.0602766592251038,6
0.049999999999999996,0.7,True,0.17905655562966963,0.031095723306544202,0.9788796024395753,0.0602766592251038,6
0.049999999999999996,0.7499999999999998,True,0.17882735456489388,0.031095723306544202,0.9788796024395753,0.0602766592251038,6
0.049999999999999996,0.7999999999999998,True,0.17865919879157224,0.031095723306544202,0.9788796024395753,0.0602766592251038,6
0.06999999999999999,0.2,True,0.19376114160565897,0.0324791497248331,0.9698441382426022,0.06285339940491658,6
0.06999999999999999,0.25,True,0.19771045788460442,0.0324791497248331,0.9698441382426022,0.06285339940491658,6
0.06999999999999999,0.3,True,0.19965007421435166,0.0324791497248331,0.9698441382426022,0.06285339940491658,6
0.06999999999999999,0.35,True,0.20061324852327508,0.0324791497248331,0.9698441382426022,0.06285339940491658,6
0.06999999999999999,0.39999999999999997,True,0.20148339765111625,0.0324791497248331,0.9698441382426022,0.06285339940491658,6
0.06999999999999999,0.44999999999999996,True,0.20115484443144252,0.0324791497248331,0.9698441382426022,0.06285339940491658,6
0.06999999999999999,0.49999999999999994,True,0.20034590072283684,0.0324791497248331,0.9698441382426022,0.06285339940491658,6
0.06999999999999999,0.5499999999999999,True,0.19946771309168398,0.0324791497248331,0.9698441382426022,0.06285339940491658,6
0.06999999999999999,0.5999999999999999,True,0.1987573913902386,0.0324791497248331,0.9698441382426022,0.06285339940491658,6
0.06999999999999999,0.6499999999999999,True,0.19798510041228012,0.0324791497248331,0.9698441382426022,0.06285339940491658,6
0.06999999999999999,0.7,True,0.19686408502403982,0.0324791497248331,0.9698441382426022,0.06285339940491658,6
0.06999999999999999,0.7499999999999998,True,0.19617255081805682,0.0324791497248331,0.9698441382426022,0.06285339940491658,6
0.06999999999999999,0.7999999999999998,True,0.19573883949980875,0.0324791497248331,0.9698441382426022,0.06285339940491658,6
0.08999999999999998,0.2,True,0.2094324962206828,0.033861961490787205,0.9595662977185453,0.06541548767107466,6
0.08999999999999998,0.25,True,0.21501955966537278,0.033861961490787205,0.9595662977185453,0.06541548767107466,6
0.08999999999999998,0.3,True,0.21784656062844673,0.033861961490787205,0.9595662977185453,0.06541548767107466,6
0.08999999999999998,0.35,True,0.21921864428785845,0.033861961490787205,0.9595662977185453,0.06541548767107466,6
0.08999999999999998,0.39999999999999997,True,0.22042750614387843,0.033861961490787205,0.9595662977185453,0.06541548767107466,6
0.08999999999999998,0.44999999999999996,True,0.22007481014749397,0.033861961490787205,0.9595662977185453,0.06541548767107466,6
0.08999999999999998,0.49999999999999994,True,0.2190930430444389,0.033861961490787205,0.9595662977185453,0.06541548767107466,6
0.08999999999999998,0.5499999999999999,True,0.21800257624994457,0.033861961490787205,0.9595662977185453,0.06541548767107466,6
0.08999999999999998,0.5999999999999999,True,0.21678565419166684,0.033861961490787205,0.9595662977185453,0.06541548767107466,6
0.08999999999999998,0.6499999999999999,True,0.21521624475741666,0.033861961490787205,0.9595662977185453,0.06541548767107466,6
0.08999999999999998,0.7,True,0.213020115025533,0.033861961490787205,0.9595662977185453,0.06541548767107466,6
0.08999999999999998,0.7499999999999998,True,0.2115046952998774,0.033861961490787205,0.9595662977185453,0.06541548767107466,6
0.08999999999999998,0.7999999999999998,True,0.2104875542289111,0.033861961490787205,0.9595662977185453,0.06541548767107466,6
0.10999999999999997,0.2,True,0.22252570962285498,0.035312967941915435,0.9508696634289586,0.06809698097183184,6
0.10999999999999997,0.25,True,0.22968226923991641,0.035312967941915435,0.9508696634289586,0.06809698097183184,6
0.10999999999999997,0.3,True,0.23371289347063237,0.035312967941915435,0.9508696634289586,0.06809698097183184,6
0.10999999999999997,0.35,True,0.23575474530147036,0.035312967941915435,0.9508696634289586,0.06809698097183184,6
0.10999999999999997,0.39999999999999997,True,0.2372819619526844,0.035312967941915435,0.9508696634289586,0.06809698097183184,6
0.10999999999999997,0.44999999999999996,True,0.2372208824578499,0.035312967941915435,0.9508696634289586,0.06809698097183184,6
0.10999999999999997,0.49999999999999994,True,0.23622585432520105,0.035312967941915435,0.9508696634289586,0.06809698097183184,6
0.10999999999999997,0.5499999999999999,True,0.23473879137636866,0.035312967941915435,0.9508696634289586,0.06809698097183184,6
0.10999999999999997,0.5999999999999999,True,0.2330357568833252,0.035312967941915435,0.9508696634289586,0.06809698097183184,6
0.10999999999999997,0.6499999999999999,True,0.23079261404576332,0.035312967941915435,0.9508696634289586,0.06809698097183184,6
0.10999999999999997,0.7,True,0.22776743018767706,0.035312967941915435,0.9508696634289586,0.06809698097183184,6
0.10999999999999997,0.7499999999999998,True,0.22525156099974752,0.035312967941915435,0.9508696634289586,0.06809698097183184,6
0.10999999999999997,0.7999999999999998,True,0.22332966557047487,0.035312967941915435,0.9508696634289586,0.06809698097183184,6
0.12999999999999998,0.2,True,0.2329668251355932,0.03658638586729236,0.938671786763045,0.07042772705124674,6
0.12999999999999998,0.25,True,0.2415451017824768,0.03658638586729236,0.938671786763045,0.07042772705124674,6
0.12999999999999998,0.3,True,0.24675190270586225,0.03658638586729236,0.938671786763045,0.07042772705124674,6
0.12999999999999998,0.35,True,0.24959021501617243,0.03658638586729236,0.938671786763045,0.07042772705124674,6
0.12999999999999998,0.39999999999999997,True,0.25171690127321006,0.03658638586729236,0.938671786763045,0.07042772705124674,6
0.12999999999999998,0.44999999999999996,True,0.2520693617679159,0.03658638586729236,0.938671786763045,0.07042772705124674,6
0.12999999999999998,0.49999999999999994,True,0.2512919282815668,0.03658638586729236,0.938671786763045,0.07042772705124674,6
0.12999999999999998,0.5499999999999999,True,0.24973909701150254,0.03658638586729236,0.938671786763045,0.07042772705124674,6
0.12999999999999998,0.5999999999999999,True,0.24770613739525685,0.03658638586729236,0.938671786763045,0.07042772705124674,6
0.12999999999999998,0.6499999999999999,True,0.244995991152258,0.03658638586729236,0.938671786763045,0.07042772705124674,6
0.12999999999999998,0.7,True,0.24111436957363522,0.03658638586729236,0.938671786763045,0.07042772705124674,6
0.12999999999999998,0.7499999999999998,True,0.23741237301436077,0.03658638586729236,0.938671786763045,0.07042772705124674,6
0.12999999999999998,0.7999999999999998,True,0.23441143135544906,0.03658638586729236,0.938671786763045,0.07042772705124674,6
0.15,0.2,True,0.2419785660090186,0.03777231444794487,0.924892703862661,0.07258046646842718,6
0.15,0.25,True,0.25179173090173196,0.03777231444794487,0.924892703862661,0.07258046646842718,6
0.15,0.3,True,0.25802620975309004,0.03777231444794487,0.924892703862661,0.07258046646842718,6
0.15,0.35,True,0.2616586468780164,0.03777231444794487,0.924892703862661,0.07258046646842718,6
0.15,0.39999999999999997,True,0.2643109135732759,0.03777231444794487,0.924892703862661,0.07258046646842718,6
0.15,0.44999999999999996,True,0.2650254308436441,0.03777231444794487,0.924892703862661,0.07258046646842718,6
0.15,0.49999999999999994,True,0.2645388596631886,0.03777231444794487,0.924892703862661,0.07258046646842718,6
0.15,0.5499999999999999,True,0.26291004109142824,0.03777231444794487,0.924892703862661,0.07258046646842718,6
0.15,0.5999999999999999,True,0.2607708392942785,0.03777231444794487,0.924892703862661,0.07258046646842718,6
0.15,0.6499999999999999,True,0.25753722771459797,0.03777231444794487,0.924892703862661,0.07258046646842718,6
0.15,0.7,True,0.253053426107774,0.03777231444794487,0.924892703862661,0.07258046646842718,6
0.15,0.7499999999999998,True,0.2481941114182873,0.03777231444794487,0.924892703862661,0.07258046646842718,6
0.15,0.7999999999999998,True,0.24429692684147963,0.03777231444794487,0.924892703862661,0.07258046646842718,6
0.16999999999999998,0.2,True,0.2506095590462221,0.03892538294591629,0.9095324147278067,0.07465571506046714,6
0.16999999999999998,0.25,True,0.261646549301237,0.03892538294591629,0.9095324147278067,0.07465571506046714,6
0.16999999999999998,0.3,True,0.2688609926091469,0.03892538294591629,0.9095324147278067,0.07465571506046714,6
0.16999999999999998,0.35,True,0.27317802782854717,0.03892538294591629,0.9095324147278067,0.07465571506046714,6
0.16999999999999998,0.39999999999999997,True,0.2764745786395413,0.03892538294591629,0.9095324147278067,0.07465571506046714,6
0.16999999999999998,0.44999999999999996,True,0.2776827803521074,0.03892538294591629,0.9095324147278067,0.07465571506046714,6
0.16999999999999998,0.49999999999999994,True,0.27759034609569144,0.03892538294591629,0.9095324147278067,0.07465571506046714,6
0.16999999999999998,0.5499999999999999,True,0.27609258035954837,0.03892538294591629,0.9095324147278067,0.07465571506046714,6
0.16999999999999998,0.5999999999999999,True,0.2736921303524029,0.03892538294591629,0.9095324147278067,0.07465571506046714,6
0.16999999999999998,0.6499999999999999,True,0.27001552483040636,0.03892538294591629,0.9095324147278067,0.07465571506046714,6
0.16999999999999998,0.7,True,0.2647654585596924,0.03892538294591629,0.9095324147278067,0.07465571506046714,6
0.16999999999999998,0.7499999999999998,True,0.2584198283916499,0.03892538294591629,0.9095324147278067,0.07465571506046714,6
0.16999999999999998,0.7999999999999998,True,0.25311076088892465,0.03892538294591629,0.9095324147278067,0.07465571506046714,6
0.18999999999999997,0.2,True,0.2581167478234145,0.040076895836495166,0.8947368421052632,0.07671747593500029,6
0.18999999999999997,0.25,True,0.2701960928715334,0.040076895836495166,0.8947368421052632,0.07671747593500029,6
0.18999999999999997,0.3,True,0.27826085986702054,0.040076895836495166,0.8947368421052632,0.07671747593500029,6
0.18999999999999997,0.35,True,0.283346293884016,0.040076895836495166,0.8947368421052632,0.07671747593500029,6
0.18999999999999997,0.39999999999999997,True,0.28730149705207203,0.040076895836495166,0.8947368421052632,0.07671747593500029,6
0.18999999999999997,0.44999999999999996,True,0.2890349003191465,0.040076895836495166,0.8947368421052632,0.07671747593500029,6
0.18999999999999997,0.49999999999999994,True,0.28919616808193127,0.040076895836495166,0.8947368421052632,0.07671747593500029,6
0.18999999999999997,0.5499999999999999,True,0.2879905413685249,0.040076895836495166,0.8947368421052632,0.07671747593500029,6
0.18999999999999997,0.5999999999999999,True,0.2856125625061008,0.040076895836495166,0.8947368421052632,0.07671747593500029,6
0.18999999999999997,0.6499999999999999,True,0.2816222009909286,0.040076895836495166,0.8947368421052632,0.07671747593500029,6
0.18999999999999997,0.7,True,0.27563760530140274,0.040076895836495166,0.8947368421052632,0.07671747593500029,6
0.18999999999999997,0.7499999999999998,True,0.26802312318511373,0.040076895836495166,0.8947368421052632,0.07671747593500029,6
0.18999999999999997,0.7999999999999998,True,0.2612551926887818,0.040076895836495166,0.8947368421052632,0.07671747593500029,6
0.20999999999999996,0.2,True,0.26493493221070624,0.041188200508835864,0.879489496272871,0.07869114206747409,6
0.20999999999999996,0.25,True,0.27794758627953137,0.041188200508835864,0.879489496272871,0.07869114206747409,6
0.20999999999999996,0.3,True,0.286947103206822,0.041188200508835864,0.879489496272871,0.07869114206747409,6
0.20999999999999996,0.35,True,0.29268378339823325,0.041188200508835864,0.879489496272871,0.07869114206747409,6
0.20999999999999996,0.39999999999999997,True,0.2971526680350935,0.041188200508835864,0.879489496272871,0.07869114206747409,6
0.20999999999999996,0.44999999999999996,True,0.29942317227190773,0.041188200508835864,0.879489496272871,0.07869114206747409,6
0.20999999999999996,0.49999999999999994,True,0.29981583110302407,0.041188200508835864,0.879489496272871,0.07869114206747409,6
0.20999999999999996,0.5499999999999999,True,0.2987780229828639,0.041188200508835864,0.879489496272871,0.07869114206747409,6
0.20999999999999996,0.5999999999999999,True,0.29635633729256644,0.041188200508835864,0.879489496272871,0.07869114206747409,6
0.20999999999999996,0.6499999999999999,True,0.29216716246862445,0.041188200508835864,0.879489496272871,0.07869114206747409,6
0.20999999999999996,0.7,True,0.28555635512565997,0.041188200508835864,0.879489496272871,0.07869114206747409,6
0.20999999999999996,0.7499999999999998,True,0.27673354379324117,0.041188200508835864,0.879489496272871,0.07869114206747409,6
0.20999999999999996,0.7999999999999998,True,0.26864124426267844,0.041188200508835864,0.879489496272871,0.07869114206747409,6
0.22999999999999998,0.2,True,0.27132474475679186,0.04227681856152599,0.8631127174158573,0.08060543733354429,6
0.22999999999999998,0.25,True,0.2852472837985235,0.04227681856152599,0.8631127174158573,0.08060543733354429,6
0.22999999999999998,0.3,True,0.29518438648301476,0.04227681856152599,0.8631127174158573,0.08060543733354429,6
0.22999999999999998,0.35,True,0.30152421294204257,0.04227681856152599,0.8631127174158573,0.08060543733354429,6
0.22999999999999998,0.39999999999999997,True,0.3065648539233989,0.04227681856152599,0.8631127174158573,0.08060543733354429,6
0.22999999999999998,0.44999999999999996,True,0.30928455855806286,0.04227681856152599,0.8631127174158573,0.08060543733354429,6
0.22999999999999998,0.49999999999999994,True,0.3100029169506859,0.04227681856152599,0.8631127174158573,0.08060543733354429,6
0.22999999999999998,0.5499999999999999,True,0.30904816797879603,0.04227681856152599,0.8631127174158573,0.08060543733354429,6
0.22999999999999998,0.5999999999999999,True,0.3068029543513372,0.04227681856152599,0.8631127174158573,0.08060543733354429,6
0.22999999999999998,0.6499999999999999,True,0.3024476394173618,0.04227681856152599,0.8631127174158573,0.08060543733354429,6
0.22999999999999998,0.7,True,0.2953403966041359,0.04227681856152599,0.8631127174158573,0.08060543733354429,6
0.22999999999999998,0.7499999999999998,True,0.28553877792206167,0.04227681856152599,0.8631127174158573,0.08060543733354429,6
0.22999999999999998,0.7999999999999998,True,0.27598516453880945,0.04227681856152599,0.8631127174158573,0.08060543733354429,6
0.24999999999999997,0.2,True,0.2769815619501728,0.04327953727298467,0.8459453354416083,0.08234615067476568,6
0.24999999999999997,0.25,True,0.2916423317300853,0.04327953727298467,0.8459453354416083,0.08234615067476568,6
0.24999999999999997,0.3,True,0.3023083605255115,0.04327953727298467,0.8459453354416083,0.08234615067476568,6
0.24999999999999997,0.35,True,0.3093111667368376,0.04327953727298467,0.8459453354416083,0.08234615067476568,6
0.24999999999999997,0.39999999999999997,True,0.31479642367426297,0.04327953727298467,0.8459453354416083,0.08234615067476568,6
0.24999999999999997,0.44999999999999996,True,0.3179835083918243,0.04327953727298467,0.8459453354416083,0.08234615067476568,6
0.24999999999999997,0.49999999999999994,True,0.31901557402404285,0.04327953727298467,0.8459453354416083,0.08234615067476568,6
0.24999999999999997,0.5499999999999999,True,0.3182898332047648,0.04327953727298467,0.8459453354416083,0.08234615067476568,6
0.24999999999999997,0.5999999999999999,True,0.3161725731014006,0.04327953727298467,0.8459453354416083,0.08234615067476568,6
0.24999999999999997,0.6499999999999999,True,0.31163782519050864,0.04327953727298467,0.8459453354416083,0.08234615067476568,6
0.24999999999999997,0.7,True,0.30424694717050654,0.04327953727298467,0.8459453354416083,0.08234615067476568,6
0.24999999999999997,0.7499999999999998,True,0.2935933842633101,0.04327953727298467,0.8459453354416083,0.08234615067476568,6
0.24999999999999997,0.7999999999999998,True,0.282648851203773,0.04327953727298467,0.8459453354416083,0.08234615067476568,6
0.26999999999999996,0.2,True,0.2823319195540722,0.04429080369542902,0.8284391235599728,0.0840861151870873,6
0.26999999999999996,0.25,True,0.2976349286687205,0.04429080369542902,0.8284391235599728,0.0840861151870873,6
0.26999999999999996,0.3,True,0.30905637313249934,0.04429080369542902,0.8284391235599728,0.0840861151870873,6
0.26999999999999996,0.35,True,0.3167168040945199,0.04429080369542902,0.8284391235599728,0.0840861151870873,6
0.26999999999999996,0.39999999999999997,True,0.3225872047248114,0.04429080369542902,0.8284391235599728,0.0840861151870873,6
0.26999999999999996,0.44999999999999996,True,0.32618620271824755,0.04429080369542902,0.8284391235599728,0.0840861151870873,6
0.26999999999999996,0.49999999999999994,True,0.3274943688095034,0.04429080369542902,0.8284391235599728,0.0840861151870873,6
0.26999999999999996,0.5499999999999999,True,0.32689765421776645,0.04429080369542902,0.8284391235599728,0.0840861151870873,6
0.26999999999999996,0.5999999999999999,True,0.32496844000471886,0.04429080369542902,0.8284391235599728,0.0840861151870873,6
0.26999999999999996,0.6499999999999999,True,0.3204917507649929,0.04429080369542902,0.8284391235599728,0.0840861151870873,6
0.26999999999999996,0.7,True,0.3128353317695545,0.04429080369542902,0.8284391235599728,0.0840861151870873,6
0.26999999999999996,0.7499999999999998,True,0.30158170362029507,0.04429080369542902,0.8284391235599728,0.0840861151870873,6
0.26999999999999996,0.7999999999999998,True,0.2892356222027372,0.04429080369542902,0.8284391235599728,0.0840861151870873,6
0.29,0.2,False,0.2869989120840864,0.04527934690576386,0.8093517054438671,0.0857607889130903,6
0.29,0.25,False,0.3028913568021198,0.04527934690576386,0.8093517054438671,0.0857607889130903,6
0.29,0.3,False,0.3151017686572088,0.04527934690576386,0.8093517054438671,0.0857607889130903,6
0.29,0.35,False,0.3234812550196103,0.04527934690576386,0.8093517054438671,0.0857607889130903,6
0.29,0.39999999999999997,False,0.32995978634204626,0.04527934690576386,0.8093517054438671,0.0857607889130903,6
0.29,0.44999999999999996,False,0.33394838030991975,0.04527934690576386,0.8093517054438671,0.0857607889130903,6
0.29,0.49999999999999994,False,0.33571225171357716,0.04527934690576386,0.8093517054438671,0.0857607889130903,6
0.29,0.5499999999999999,False,0.33534261360107825,0.04527934690576386,0.8093517054438671,0.0857607889130903,6
0.29,0.5999999999999999,False,0.33365626320037794,0.04527934690576386,0.8093517054438671,0.0857607889130903,6
0.29,0.6499999999999999,False,0.32903306767928514,0.04527934690576386,0.8093517054438671,0.0857607889130903,6
0.29,0.7,False,0.3210947641818824,0.04527934690576386,0.8093517054438671,0.0857607889130903,6
0.29,0.7499999999999998,False,0.30929081429299127,0.04527934690576386,0.8093517054438671,0.0857607889130903,6
0.29,0.7999999999999998,False,0.2956734130979248,0.04527934690576386,0.8093517054438671,0.0857607889130903,6
0.30999999999999994,0.2,False,0.291501959809993,0.046250495966142044,0.789925457420375,0.08738458462960881,6
0.30999999999999994,0.25,False,0.3079241571580469,0.046250495966142044,0.789925457420375,0.08738458462960881,6
0.30999999999999994,0.3,False,0.3209037285750214,0.046250495966142044,0.789925457420375,0.08738458462960881,6
0.30999999999999994,0.35,False,0.33003844626013046,0.046250495966142044,0.789925457420375,0.08738458462960881,6
0.30999999999999994,0.39999999999999997,False,0.33702047002262664,0.046250495966142044,0.789925457420375,0.08738458462960881,6
0.30999999999999994,0.44999999999999996,False,0.34143461480012666,0.046250495966142044,0.789925457420375,0.08738458462960881,6
0.30999999999999994,0.49999999999999994,False,0.34345702872889755,0.046250495966142044,0.789925457420375,0.08738458462960881,6
0.30999999999999994,0.5499999999999999,False,0.3433300003617745,0.046250495966142044,0.789925457420375,0.08738458462960881,6
0.30999999999999994,0.5999999999999999,False,0.34164485017384627,0.046250495966142044,0.789925457420375,0.08738458462960881,6
0.30999999999999994,0.6499999999999999,False,0.3371014415528826,0.046250495966142044,0.789925457420375,0.08738458462960881,6
0.30999999999999994,0.7,False,0.32884367544388526,0.046250495966142044,0.789925457420375,0.08738458462960881,6
0.30999999999999994,0.7499999999999998,False,0.31657909672322565,0.046250495966142044,0.789925457420375,0.08738458462960881,6
0.30999999999999994,0.7999999999999998,False,0.3017790331356469,0.046250495966142044,0.789925457420375,0.08738458462960881,6
0.32999999999999996,0.2,False,0.2956441384552205,0.047247528590812174,0.7708380393042693,0.089037611052405,6
0.32999999999999996,0.25,False,0.31249314969352576,0.047247528590812174,0.7708380393042693,0.089037611052405,6
0.32999999999999996,0.3,False,0.32606603074049484,0.047247528590812174,0.7708380393042693,0.089037611052405,6
0.32999999999999996,0.35,False,0.33581584607326276,0.047247528590812174,0.7708380393042693,0.089037611052405,6
0.32999999999999996,0.39999999999999997,False,0.3432623495272235,0.047247528590812174,0.7708380393042693,0.089037611052405,6
0.32999999999999996,0.44999999999999996,False,0.34808470352328175,0.047247528590812174,0.7708380393042693,0.089037611052405,6
0.32999999999999996,0.49999999999999994,False,0.3503668803743331,0.047247528590812174,0.7708380393042693,0.089037611052405,6
0.32999999999999996,0.5499999999999999,False,0.3504510148889741,0.047247528590812174,0.7708380393042693,0.089037611052405,6
0.32999999999999996,0.5999999999999999,False,0.348960180699694,0.047247528590812174,0.7708380393042693,0.089037611052405,6
0.32999999999999996,0.6499999999999999,False,0.3444115128542841,0.047247528590812174,0.7708380393042693,0.089037611052405,6
0.32999999999999996,0.7,False,0.3360174540914563,0.047247528590812174,0.7708380393042693,0.089037611052405,6
0.32999999999999996,0.7499999999999998,False,0.3234323743437012,0.047247528590812174,0.7708380393042693,0.089037611052405,6
0.32999999999999996,0.7999999999999998,False,0.30746750710500353,0.047247528590812174,0.7708380393042693,0.089037611052405,6
0.35,0.2,False,0.29944870069134244,0.04826211445761299,0.7519765077930879,0.09070288606284356,6
0.35,0.25,False,0.31665372090139193,0.04826211445761299,0.7519765077930879,0.09070288606284356,6
0.35,0.3,False,0.3307664400140829,0.04826211445761299,0.7519765077930879,0.09070288606284356,6
0.35,0.35,False,0.3411440686218468,0.04826211445761299,0.7519765077930879,0.09070288606284356,6
0.35,0.39999999999999997,False,0.34912682995785055,0.04826211445761299,0.7519765077930879,0.09070288606284356,6
0.35,0.44999999999999996,False,0.35444506098360945,0.04826211445761299,0.7519765077930879,0.09070288606284356,6
0.35,0.49999999999999994,False,0.35708083111881767,0.04826211445761299,0.7519765077930879,0.09070288606284356,6
0.35,0.5499999999999999,False,0.357494059888895,0.04826211445761299,0.7519765077930879,0.09070288606284356,6
0.35,0.5999999999999999,False,0.3561723381225053,0.04826211445761299,0.7519765077930879,0.09070288606284356,6
0.35,0.6499999999999999,False,0.3515145668583249,0.04826211445761299,0.7519765077930879,0.09070288606284356,6
0.35,0.7,False,0.34294641957079247,0.04826211445761299,0.7519765077930879,0.09070288606284356,6
0.35,0.7499999999999998,False,0.3299420571172417,0.04826211445761299,0.7519765077930879,0.09070288606284356,6
0.35,0.7999999999999998,False,0.31299349815320765,0.04826211445761299,0.7519765077930879,0.09070288606284356,6
0.36999999999999994,0.2,False,0.30316029860084776,0.04932571706738265,0.7324373164671335,0.0924269741389754,6
0.36999999999999994,0.25,False,0.3206907992565026,0.04932571706738265,0.7324373164671335,0.0924269741389754,6
0.36999999999999994,0.3,False,0.33530523766770765,0.04932571706738265,0.7324373164671335,0.0924269741389754,6
0.36999999999999994,0.35,False,0.346302983680611,0.04932571706738265,0.7324373164671335,0.0924269741389754,6
0.36999999999999994,0.39999999999999997,False,0.3548517595116594,0.04932571706738265,0.7324373164671335,0.0924269741389754,6
0.36999999999999994,0.44999999999999996,False,0.3606893046615782,0.04932571706738265,0.7324373164671335,0.0924269741389754,6
0.36999999999999994,0.49999999999999994,False,0.3637359636551735,0.04932571706738265,0.7324373164671335,0.0924269741389754,6
0.36999999999999994,0.5499999999999999,False,0.3643511015572267,0.04932571706738265,0.7324373164671335,0.0924269741389754,6
0.36999999999999994,0.5999999999999999,False,0.36324100884612426,0.04932571706738265,0.7324373164671335,0.0924269741389754,6
0.36999999999999994,0.6499999999999999,False,0.35854528906947886,0.04932571706738265,0.7324373164671335,0.0924269741389754,6
0.36999999999999994,0.7,False,0.3498527569611387,0.04932571706738265,0.7324373164671335,0.0924269741389754,6
0.36999999999999994,0.7499999999999998,False,0.3365024318467504,0.04932571706738265,0.7324373164671335,0.0924269741389754,6
0.36999999999999994,0.7999999999999998,False,0.31856400815612457,0.04932571706738265,0.7324373164671335,0.0924269741389754,6
0.38999999999999996,0.2,False,0.30657918841279014,0.05036327345309381,0.7124463519313304,0.09407623933663425,6
0.38999999999999996,0.25,False,0.3243895902448692,0.05036327345309381,0.7124463519313304,0.09407623933663425,6
0.38999999999999996,0.3,False,0.3394745180273795,0.05036327345309381,0.7124463519313304,0.09407623933663425,6
0.38999999999999996,0.35,False,0.3510176807172591,0.05036327345309381,0.7124463519313304,0.09407623933663425,6
0.38999999999999996,0.39999999999999997,False,0.36014903865233844,0.05036327345309381,0.7124463519313304,0.09407623933663425,6
0.38999999999999996,0.44999999999999996,False,0.3664553848164258,0.05036327345309381,0.7124463519313304,0.09407623933663425,6
0.38999999999999996,0.49999999999999994,False,0.3699402731889327,0.05036327345309381,0.7124463519313304,0.09407623933663425,6
0.38999999999999996,0.5499999999999999,False,0.3707151136392177,0.05036327345309381,0.7124463519313304,0.09407623933663425,6
0.38999999999999996,0.5999999999999999,False,0.36970968126857784,0.05036327345309381,0.7124463519313304,0.09407623933663425,6
0.38999999999999996,0.6499999999999999,False,0.3650810227794827,0.05036327345309381,0.7124463519313304,0.09407623933663425,6
0.38999999999999996,0.7,False,0.3563330041548223,0.05036327345309381,0.7124463519313304,0.09407623933663425,6
0.38999999999999996,0.7499999999999998,False,0.3428126298265605,0.05036327345309381,0.7124463519313304,0.09407623933663425,6
0.38999999999999996,0.7999999999999998,False,0.324033372832561,0.05036327345309381,0.7124463519313304,0.09407623933663425,6
0.4099999999999999,0.2,False,0.31005709611888,0.05150362364480723,0.6926812740004518,0.09587831130357297,6
0.4099999999999999,0.25,False,0.3281204018790983,0.05150362364480723,0.6926812740004518,0.09587831130357297,6
0.4099999999999999,0.3,False,0.34362793563466304,0.05150362364480723,0.6926812740004518,0.09587831130357297,6
0.4099999999999999,0.35,False,0.3556410068256652,0.05150362364480723,0.6926812740004518,0.09587831130357297,6
0.4099999999999999,0.39999999999999997,False,0.3653214672604941,0.05150362364480723,0.6926812740004518,0.09587831130357297,6
0.4099999999999999,0.44999999999999996,False,0.37210604643539624,0.05150362364480723,0.6926812740004518,0.09587831130357297,6
0.4099999999999999,0.49999999999999994,False,0.3759562444978095,0.05150362364480723,0.6926812740004518,0.09587831130357297,6
0.4099999999999999,0.5499999999999999,False,0.37697960906000877,0.05150362364480723,0.6926812740004518,0.09587831130357297,6
0.4099999999999999,0.5999999999999999,False,0.3761023709750877,0.05150362364480723,0.6926812740004518,0.09587831130357297,6
0.4099999999999999,0.6499999999999999,False,0.371604056746182,0.05150362364480723,0.6926812740004518,0.09587831130357297,6
0.4099999999999999,0.7,False,0.36276071564565826,0.05150362364480723,0.6926812740004518,0.09587831130357297,6
0.4099999999999999,0.7499999999999998,False,0.348956790322777,0.05150362364480723,0.6926812740004518,0.09587831130357297,6
0.4099999999999999,0.7999999999999998,False,0.3293943232798195,0.05150362364480723,0.6926812740004518,0.09587831130357297,6
0.42999999999999994,0.2,False,0.3133787033194717,0.052546218338444084,0.6696408402981703,0.09744592728946157,6
0.42999999999999994,0.25,False,0.3316764322629594,0.052546218338444084,0.6696408402981703,0.09744592728946157,6
0.42999999999999994,0.3,False,0.34753500566512563,0.052546218338444084,0.6696408402981703,0.09744592728946157,6
0.42999999999999994,0.35,False,0.36005829948378554,0.052546218338444084,0.6696408402981703,0.09744592728946157,6
0.42999999999999994,0.39999999999999997,False,0.3701521333394022,0.052546218338444084,0.6696408402981703,0.09744592728946157,6
0.42999999999999994,0.44999999999999996,False,0.3774473384780572,0.052546218338444084,0.6696408402981703,0.09744592728946157,6
0.42999999999999994,0.49999999999999994,False,0.381733244797797,0.052546218338444084,0.6696408402981703,0.09744592728946157,6
0.42999999999999994,0.5499999999999999,False,0.3830556570035919,0.052546218338444084,0.6696408402981703,0.09744592728946157,6
0.42999999999999994,0.5999999999999999,False,0.38235904094102774,0.052546218338444084,0.6696408402981703,0.09744592728946157,6
0.42999999999999994,0.6499999999999999,False,0.37807468506916037,0.052546218338444084,0.6696408402981703,0.09744592728946157,6
0.42999999999999994,0.7,False,0.36930245626991604,0.052546218338444084,0.6696408402981703,0.09744592728946157,6
0.42999999999999994,0.7499999999999998,False,0.35516245956687453,0.052546218338444084,0.6696408402981703,0.09744592728946157,6
0.42999999999999994,0.7999999999999998,False,0.33491750665297776,0.052546218338444084,0.6696408402981703,0.09744592728946157,6
0.44999999999999996,0.2,False,0.3166287922932894,0.05362583790371724,0.6460356900835781,0.09903132817977994,6
0.44999999999999996,0.25,False,0.33513006558790087,0.05362583790371724,0.6460356900835781,0.09903132817977994,6
0.44999999999999996,0.3,False,0.3513224523401614,0.05362583790371724,0.6460356900835781,0.09903132817977994,6
0.44999999999999996,0.35,False,0.36428049923761724,0.05362583790371724,0.6460356900835781,0.09903132817977994,6
0.44999999999999996,0.39999999999999997,False,0.37488222815322975,0.05362583790371724,0.6460356900835781,0.09903132817977994,6
0.44999999999999996,0.44999999999999996,False,0.3825871747757989,0.05362583790371724,0.6460356900835781,0.09903132817977994,6
0.44999999999999996,0.49999999999999994,False,0.38724078569911197,0.05362583790371724,0.6460356900835781,0.09903132817977994,6
0.44999999999999996,0.5499999999999999,False,0.3888718171614492,0.05362583790371724,0.6460356900835781,0.09903132817977994,6
0.44999999999999996,0.5999999999999999,False,0.3885159197517167,0.05362583790371724,0.6460356900835781,0.09903132817977994,6
0.44999999999999996,0.6499999999999999,False,0.38446991775571887,0.05362583790371724,0.6460356900835781,0.09903132817977994,6
0.44999999999999996,0.7,False,0.3757927721490541,0.05362583790371724,0.6460356900835781,0.09903132817977994,6
0.44999999999999996,0.7499999999999998,False,0.3614815319710283,0.05362583790371724,0.6460356900835781,0.09903132817977994,6
0.44999999999999996,0.7999999999999998,False,0.3405321240046632,0.05362583790371724,0.6460356900835781,0.09903132817977994,6
0.4699999999999999,0.2,False,0.31971758734141903,0.054731599884921774,0.6231081996837587,0.1006246865168027,6
0.4699999999999999,0.25,False,0.33838941538982525,0.054731599884921774,0.6231081996837587,0.1006246865168027,6
0.4699999999999999,0.3,False,0.354889579922722,0.054731599884921774,0.6231081996837587,0.1006246865168027,6
0.4699999999999999,0.35,False,0.36824838747861294,0.054731599884921774,0.6231081996837587,0.1006246865168027,6
0.4699999999999999,0.39999999999999997,False,0.379314240192587,0.054731599884921774,0.6231081996837587,0.1006246865168027,6
0.4699999999999999,0.44999999999999996,False,0.3874868550052613,0.054731599884921774,0.6231081996837587,0.1006246865168027,6
0.4699999999999999,0.49999999999999994,False,0.39257140257860895,0.054731599884921774,0.6231081996837587,0.1006246865168027,6
0.4699999999999999,0.5499999999999999,False,0.3944805587626501,0.054731599884921774,0.6231081996837587,0.1006246865168027,6
0.4699999999999999,0.5999999999999999,False,0.3942651532055836,0.054731599884921774,0.6231081996837587,0.1006246865168027,6
0.4699999999999999,0.6499999999999999,False,0.3903872360628275,0.054731599884921774,0.6231081996837587,0.1006246865168027,6
0.4699999999999999,0.7,False,0.38184558459737844,0.054731599884921774,0.6231081996837587,0.1006246865168027,6
0.4699999999999999,0.7499999999999998,False,0.3673643333843699,0.054731599884921774,0.6231081996837587,0.1006246865168027,6
0.4699999999999999,0.7999999999999998,False,0.3459157182756028,0.054731599884921774,0.6231081996837587,0.1006246865168027,6
0.48999999999999994,0.2,False,0.32287747163081065,0.056005234331303624,0.5993901061667043,0.10243888315172807,6
0.48999999999999994,0.25,False,0.3417135011229175,0.056005234331303624,0.5993901061667043,0.10243888315172807,6
0.48999999999999994,0.3,False,0.35850029033532765,0.056005234331303624,0.5993901061667043,0.10243888315172807,6
0.48999999999999994,0.35,False,0.37222276712628105,0.056005234331303624,0.5993901061667043,0.10243888315172807,6
0.48999999999999994,0.39999999999999997,False,0.3837081058170781,0.056005234331303624,0.5993901061667043,0.10243888315172807,6
0.48999999999999994,0.44999999999999996,False,0.3923872738912489,0.056005234331303624,0.5993901061667043,0.10243888315172807,6
0.48999999999999994,0.49999999999999994,False,0.39793150408508265,0.056005234331303624,0.5993901061667043,0.10243888315172807,6
0.48999999999999994,0.5499999999999999,False,0.40008453994539545,0.056005234331303624,0.5993901061667043,0.10243888315172807,6
0.48999999999999994,0.5999999999999999,False,0.4001512468817287,0.056005234331303624,0.5993901061667043,0.10243888315172807,6
0.48999999999999994,0.6499999999999999,False,0.3965473127728935,0.056005234331303624,0.5993901061667043,0.10243888315172807,6
0.48999999999999994,0.7,False,0.38806765959729567,0.056005234331303624,0.5993901061667043,0.10243888315172807,6
0.48999999999999994,0.7499999999999998,False,0.37348515391370496,0.056005234331303624,0.5993901061667043,0.10243888315172807,6
0.48999999999999994,0.7999999999999998,False,0.3515263109100904,0.056005234331303624,0.5993901061667043,0.10243888315172807,6
0.5099999999999999,0.2,False,0.32616306810864,0.05758714584692936,0.5780438220013553,0.10473968565815324,6
0.5099999999999999,0.25,False,0.34516495678252057,0.05758714584692936,0.5780438220013553,0.10473968565815324,6
0.5099999999999999,0.3,False,0.3621504150626836,0.05758714584692936,0.5780438220013553,0.10473968565815324,6
0.5099999999999999,0.35,False,0.3762006720691026,0.05758714584692936,0.5780438220013553,0.10473968565815324,6
0.5099999999999999,0.39999999999999997,False,0.38809351225960614,0.05758714584692936,0.5780438220013553,0.10473968565815324,6
0.5099999999999999,0.44999999999999996,False,0.39727147049965356,0.05758714584692936,0.5780438220013553,0.10473968565815324,6
0.5099999999999999,0.49999999999999994,False,0.40321713918970775,0.05758714584692936,0.5780438220013553,0.10473968565815324,6
0.5099999999999999,0.5499999999999999,False,0.4057259512959013,0.05758714584692936,0.5780438220013553,0.10473968565815324,6
0.5099999999999999,0.5999999999999999,False,0.40599832336489877,0.05758714584692936,0.5780438220013553,0.10473968565815324,6
0.5099999999999999,0.6499999999999999,False,0.4026873738550481,0.05758714584692936,0.5780438220013553,0.10473968565815324,6
0.5099999999999999,0.7,False,0.39441340806476904,0.05758714584692936,0.5780438220013553,0.10473968565815324,6
0.5099999999999999,0.7499999999999998,False,0.37974939978930994,0.05758714584692936,0.5780438220013553,0.10473968565815324,6
0.5099999999999999,0.7999999999999998,False,0.35742791201011687,0.05758714584692936,0.5780438220013553,0.10473968565815324,6
0.5299999999999999,0.2,False,0.3293074241827578,0.05917814812586487,0.5554551615089225,0.10696071075153057,6
0.5299999999999999,0.25,False,0.34840427631219056,0.05917814812586487,0.5554551615089225,0.10696071075153057,6
0.5299999999999999,0.3,False,0.36561572823884364,0.05917814812586487,0.5554551615089225,0.10696071075153057,6
0.5299999999999999,0.35,False,0.3799942009571288,0.05917814812586487,0.5554551615089225,0.10696071075153057,6
0.5299999999999999,0.39999999999999997,False,0.39226896104831566,0.05917814812586487,0.5554551615089225,0.10696071075153057,6
0.5299999999999999,0.44999999999999996,False,0.40190019469254706,0.05917814812586487,0.5554551615089225,0.10696071075153057,6
0.5299999999999999,0.49999999999999994,False,0.4082086010449692,0.05917814812586487,0.5554551615089225,0.10696071075153057,6
0.5299999999999999,0.5499999999999999,False,0.41112350146746923,0.05917814812586487,0.5554551615089225,0.10696071075153057,6
0.5299999999999999,0.5999999999999999,False,0.4116936095616057,0.05917814812586487,0.5554551615089225,0.10696071075153057,6
0.5299999999999999,0.6499999999999999,False,0.40863894897337677,0.05917814812586487,0.5554551615089225,0.10696071075153057,6
0.5299999999999999,0.7,False,0.4006421242397993,0.05917814812586487,0.5554551615089225,0.10696071075153057,6
0.5299999999999999,0.7499999999999998,False,0.3860665206617348,0.05917814812586487,0.5554551615089225,0.10696071075153057,6
0.5299999999999999,0.7999999999999998,False,0.36350688815206206,0.05917814812586487,0.5554551615089225,0.10696071075153057,6
0.5499999999999999,0.2,False,0.3325475269631107,0.060850326053203604,0.5311723514795572,0.1091917995867289,6
0.5499999999999999,0.25,False,0.35174161363208395,0.060850326053203604,0.5311723514795572,0.1091917995867289,6
0.5499999999999999,0.3,False,0.36912796810226994,0.060850326053203604,0.5311723514795572,0.1091917995867289,6
0.5499999999999999,0.35,False,0.383794787768498,0.060850326053203604,0.5311723514795572,0.1091917995867289,6
0.5499999999999999,0.39999999999999997,False,0.39643979052222583,0.060850326053203604,0.5311723514795572,0.1091917995867289,6
0.5499999999999999,0.44999999999999996,False,0.4064035213315706,0.060850326053203604,0.5311723514795572,0.1091917995867289,6
0.5499999999999999,0.49999999999999994,False,0.41307309337296777,0.060850326053203604,0.5311723514795572,0.1091917995867289,6
0.5499999999999999,0.5499999999999999,False,0.41639968685222134,0.060850326053203604,0.5311723514795572,0.1091917995867289,6
0.5499999999999999,0.5999999999999999,False,0.4172187982469979,0.060850326053203604,0.5311723514795572,0.1091917995867289,6
0.5499999999999999,0.6499999999999999,False,0.4144476057102067,0.060850326053203604,0.5311723514795572,0.1091917995867289,6
0.5499999999999999,0.7,False,0.4066542715420038,0.060850326053203604,0.5311723514795572,0.1091917995867289,6
0.5499999999999999,0.7499999999999998,False,0.39214936476476914,0.060850326053203604,0.5311723514795572,0.1091917995867289,6
0.5499999999999999,0.7999999999999998,False,0.3692488108107961,0.060850326053203604,0.5311723514795572,0.1091917995867289,6
0.57,0.2,False,0.3356475543606221,0.06252968623396943,0.505534221820646,0.11129345069371924,6
0.57,0.25,False,0.35493517816695214,0.06252968623396943,0.505534221820646,0.11129345069371924,6
0.57,0.3,False,0.37246587969193407,0.06252968623396943,0.505534221820646,0.11129345069371924,6
0.57,0.35,False,0.3874099320717681,0.06252968623396943,0.505534221820646,0.11129345069371924,6
0.57,0.39999999999999997,False,0.4004423308100553,0.06252968623396943,0.505534221820646,0.11129345069371924,6
0.57,0.44999999999999996,False,0.4108312524265038,0.06252968623396943,0.505534221820646,0.11129345069371924,6
0.57,0.49999999999999994,False,0.41788702886330026,0.06252968623396943,0.505534221820646,0.11129345069371924,6
0.57,0.5499999999999999,False,0.42163240735618923,0.06252968623396943,0.505534221820646,0.11129345069371924,6
0.57,0.5999999999999999,False,0.42280713698939626,0.06252968623396943,0.505534221820646,0.11129345069371924,6
0.57,0.6499999999999999,False,0.42026515257497565,0.06252968623396943,0.505534221820646,0.11129345069371924,6
0.57,0.7,False,0.41267353736772994,0.06252968623396943,0.505534221820646,0.11129345069371924,6
0.57,0.7499999999999998,False,0.39832001945713524,0.06252968623396943,0.505534221820646,0.11129345069371924,6
0.57,0.7999999999999998,False,0.3751975378227829,0.06252968623396943,0.505534221820646,0.11129345069371924,6
0.59,0.2,False,0.3388671133929167,0.06435207675491864,0.4787666591371132,0.1134544870593903,6
0.59,0.25,False,0.35822533142562546,0.06435207675491864,0.4787666591371132,0.1134544870593903,6
0.59,0.3,False,0.37589432032907655,0.06435207675491864,0.4787666591371132,0.1134544870593903,6
0.59,0.35,False,0.391063671413751,0.06435207675491864,0.4787666591371132,0.1134544870593903,6
0.59,0.39999999999999997,False,0.4044085716649403,0.06435207675491864,0.4787666591371132,0.1134544870593903,6
0.59,0.44999999999999996,False,0.41515287936458495,0.06435207675491864,0.4787666591371132,0.1134544870593903,6
0.59,0.49999999999999994,False,0.4226277096741628,0.06435207675491864,0.4787666591371132,0.1134544870593903,6
0.59,0.5499999999999999,False,0.4267509792438027,0.06435207675491864,0.4787666591371132,0.1134544870593903,6
0.59,0.5999999999999999,False,0.42823995691985467,0.06435207675491864,0.4787666591371132,0.1134544870593903,6
0.59,0.6499999999999999,False,0.4259422094394665,0.06435207675491864,0.4787666591371132,0.1134544870593903,6
0.59,0.7,False,0.4186718750331278,0.06435207675491864,0.4787666591371132,0.1134544870593903,6
0.59,0.7499999999999998,False,0.404553240564929,0.06435207675491864,0.4787666591371132,0.1134544870593903,6
0.59,0.7999999999999998,False,0.3811281842905255,0.06435207675491864,0.4787666591371132,0.1134544870593903,6
0.6099999999999999,0.2,False,0.34195204823375747,0.06646957214988042,0.45199909645358033,0.1158958616894964,6
0.6099999999999999,0.25,False,0.3613771087168966,0.06646957214988042,0.45199909645358033,0.1158958616894964,6
0.6099999999999999,0.3,False,0.37917332426761946,0.06646957214988042,0.45199909645358033,0.1158958616894964,6
0.6099999999999999,0.35,False,0.3945336228987217,0.06646957214988042,0.45199909645358033,0.1158958616894964,6
0.6099999999999999,0.39999999999999997,False,0.40817894348946976,0.06646957214988042,0.45199909645358033,0.1158958616894964,6
0.6099999999999999,0.44999999999999996,False,0.41925903762763655,0.06646957214988042,0.45199909645358033,0.1158958616894964,6
0.6099999999999999,0.49999999999999994,False,0.427096674766394,0.06646957214988042,0.45199909645358033,0.1158958616894964,6
0.6099999999999999,0.5499999999999999,False,0.43167087871794524,0.06646957214988042,0.45199909645358033,0.1158958616894964,6
0.6099999999999999,0.5999999999999999,False,0.4335567805790091,0.06646957214988042,0.45199909645358033,0.1158958616894964,6
0.6099999999999999,0.6499999999999999,False,0.4315856086955197,0.06646957214988042,0.45199909645358033,0.1158958616894964,6
0.6099999999999999,0.7,False,0.42467853927106064,0.06646957214988042,0.45199909645358033,0.1158958616894964,6
0.6099999999999999,0.7499999999999998,False,0.4108694718334231,0.06646957214988042,0.45199909645358033,0.1158958616894964,6
0.6099999999999999,0.7999999999999998,False,0.38728732957303763,0.06646957214988042,0.45199909645358033,0.1158958616894964,6
