rain_threshold,strong_threshold,macro_f1,moderate_or_heavy_precision,moderate_or_heavy_recall,moderate_or_heavy_f1,moderate_or_heavy_f2,horizon_h
0.2,0.01,0.2869752004757477,0.04419144284983385,0.9666515939407642,0.08451901455435025,0.18679849530109266,1
0.2,0.03,0.3152834884094275,0.04757576602447933,0.9645037304996609,0.0906786551245875,0.1986782725329384,1
0.2,0.049999999999999996,0.33804450620665666,0.050880497108994505,0.9589645037304997,0.09663382126787036,0.20986304352128565,1
0.2,0.06999999999999999,0.35756017422728487,0.05404103650900684,0.9512774135202351,0.10227210578448113,0.2201738365977844,1
0.2,0.08999999999999998,0.37477623662835174,0.05731754178903741,0.9442685959755822,0.10807488775893076,0.2305980697453566,1
0.2,0.10999999999999997,0.38993048943059455,0.060520142933348925,0.9362423694325118,0.11369111762404509,0.24043290696796749,1
0.2,0.12999999999999998,0.4023952905623245,0.06379773570840645,0.9287813701107845,0.11939430929752666,0.25023451871885777,1
0.2,0.15,0.41305822801514686,0.06689511445728548,0.918042052905268,0.1247034435103075,0.2589885382981573,1
0.2,0.16999999999999998,0.4224826838219557,0.07017681660295684,0.9089984173637803,0.13029458469715138,0.26809410132963474,1
0.2,0.18999999999999997,0.4306421624852417,0.07331633030235825,0.8969025548270405,0.13555210059626524,0.27625348189415044,1
0.2,0.20999999999999996,0.43808502962812357,0.07653830341236124,0.8839023287361519,0.14087780620518178,0.2842404501897602,1
0.2,0.22999999999999998,0.44510004641323464,0.08008601793079088,0.8714673298666064,0.14669140383426096,0.2927994652203308,1
0.2,0.24999999999999997,0.4512032855144628,0.08349771337263762,0.8565453312231517,0.15216234398690645,0.30036708449286054,1
0.2,0.26999999999999996,0.4568767593300303,0.08711151629907547,0.8425276961338458,0.15789752444307914,0.3081254495993915,1
0.2,0.29,0.46246180486927896,0.09074748579739692,0.8252317431607507,0.16351398268543718,0.3151251435330277,1
0.2,0.30999999999999994,0.46781977285416126,0.09466045131899566,0.808048835631924,0.16946821878185828,0.3222839417111528,1
0.2,0.32999999999999996,0.4726919068968725,0.09858736269958102,0.7873615193307709,0.1752333509447254,0.3284385845782405,1
0.2,0.35,0.4776717162297727,0.10296364654089954,0.7693872936920642,0.18162167932005283,0.33532049071291326,1
0.2,0.36999999999999994,0.48233303929096394,0.10758191742658611,0.7508478408320145,0.1881986257703478,0.34193754311543095,1
0.2,0.38999999999999996,0.48727684217807754,0.11284114460873958,0.7324214334162333,0.19555407995412222,0.349080290083081,1
0.2,0.4099999999999999,0.49207721473634614,0.11838620611934411,0.7125254352249605,0.20303767294280606,0.3555994358251058,1
0.2,0.42999999999999994,0.4971402269869987,0.12482454177431496,0.6936468460321049,0.2115752633484475,0.3629008410120534,1
0.2,0.44999999999999996,0.5017217063096627,0.13113342898134864,0.6716029843997287,0.219423464017285,0.36814187807507837,1
0.2,0.4699999999999999,0.5061978485763995,0.13800302354042185,0.6501243499886955,0.2276767156911261,0.3731653191793088,1
0.2,0.48999999999999994,0.5107036112442239,0.14549750590706223,0.6264978521365588,0.23615135503664564,0.3771402128644146,1
0.2,0.5099999999999999,0.5151859680118928,0.15351836922722562,0.6027583088401537,0.24471063380604893,0.3802270523133094,1
0.2,0.5299999999999999,0.5196784913861321,0.16218276530190898,0.577210038435451,0.253217287807781,0.3818026829377721,1
0.2,0.5499999999999999,0.5241570517439196,0.17215082615449795,0.551209586253674,0.26236211998923864,0.3826834934388146,1
0.2,0.57,0.5284550092251874,0.18259944021760555,0.5236264978521366,0.27077426709145647,0.3812282925383944,1
0.2,0.59,0.5329876421947062,0.19514033609719328,0.4975130002260909,0.28032739896175035,0.3798091029911801,1
0.2,0.6099999999999999,0.5370184152853567,0.20802481488893337,0.47004295726882206,0.2884095165429701,0.375460521563245,1
0.2,0.6299999999999999,0.5411555217002482,0.2236834581737092,0.44223377797874747,0.2970951205619897,0.36994307113271424,1
0.2,0.6499999999999999,0.5442400433572283,0.24006611570247935,0.410468008139272,0.30294939718826913,0.35944089172226734,1
0.2,0.6699999999999999,0.546071885353628,0.2567286188015732,0.376328283970156,0.3052308256544263,0.34425347976256954,1
0.2,0.69,0.5469188771878776,0.2752502274795268,0.3419624689125028,0.3050010082677959,0.3261525855004959,1
0.2,0.7099999999999999,0.546015634195736,0.29503173560954254,0.30477051774813474,0.2998220640569395,0.30277166344728446,1
0.2,0.7299999999999999,0.5452841850725857,0.32165689930740543,0.2730047479086593,0.2953405894582365,0.2815210295626224,1
0.2,0.7499999999999999,0.5428756508594174,0.3504343550237666,0.2416911598462582,0.2860774737405499,0.25768350006026275,1
0.25,0.01,0.2986685698359915,0.04688581027602354,0.9576079583992765,0.08939473087131106,0.196036231179735,1
0.25,0.03,0.3267355392955655,0.05029268989149058,0.9556861858467104,0.09555673610561653,0.20773540397090626,1
0.25,0.049999999999999996,0.349779810911578,0.05365041070710552,0.9502600045218178,0.10156651180774133,0.21883216619373652,1
0.25,0.06999999999999999,0.36986501288723583,0.05696159309440559,0.942912050644359,0.10743311995260114,0.22938025256303077,1
0.25,0.08999999999999998,0.38762938128747226,0.060401999051544884,0.9359032330997061,0.11348013515087965,0.2400419834269842,1
0.25,0.10999999999999997,0.4033958431957079,0.06379572933826501,0.9281030974451729,0.11938518809347234,0.25018893683415006,1
0.25,0.12999999999999998,0.4164030718061042,0.06724950673238064,0.9208681890119829,0.12534525339098457,0.26023064881960195,1
0.25,0.15,0.427521811659358,0.07051562636785433,0.9105810535835406,0.13089473171048782,0.2691927226061733,1
0.25,0.16999999999999998,0.43738150214931304,0.07395286744664677,0.9017635089305901,0.13669545548015627,0.2784293193717277,1
0.25,0.18999999999999997,0.44595111449440344,0.07724079742563378,0.8900067827266561,0.14214526874537348,0.2866828827779072,1
0.25,0.20999999999999996,0.4537237191999602,0.08062622715798003,0.8773456929685733,0.1476808905380334,0.294774503771564,1
0.25,0.22999999999999998,0.4611000357274166,0.08432500330556657,0.865136784987565,0.15367161301981888,0.3033534168384335,1
0.25,0.24999999999999997,0.4675282383661043,0.08782868618934192,0.8503278317883789,0.15921261509154408,0.3107545361403973,1
0.25,0.26999999999999996,0.4734666519556651,0.09153527484078403,0.8367623784761474,0.16501878253502916,0.318368330050151,1
0.25,0.29,0.4792725144914853,0.09527563193021178,0.8198055618358581,0.17071161225018244,0.32520179372197305,1
0.25,0.30999999999999994,0.4849204535810083,0.09933173023151773,0.8031878815283744,0.17679846716599895,0.3322826249625861,1
0.25,0.32999999999999996,0.4899713486311448,0.10335512372764992,0.7828397015600271,0.18260204619765846,0.3381810013087727,1
0.25,0.35,0.4951587932631276,0.10785610685197877,0.764978521365589,0.18905667230083675,0.3448152866242038,1
0.25,0.36999999999999994,0.4999857933692817,0.11254621977610033,0.7466651593940764,0.19560807309019293,0.3510646214029829,1
0.25,0.38999999999999996,0.5051178786337521,0.11793341995937116,0.7284648428668324,0.2030021894246066,0.35790058317134127,1
0.25,0.4099999999999999,0.5100634812225086,0.12355942554323202,0.709021026452634,0.21044508195346184,0.3640373788380057,1
0.25,0.42999999999999994,0.5152896653643607,0.13010519143137003,0.6907076644811214,0.21896502293577982,0.37099555533966433,1
0.25,0.44999999999999996,0.5199918703294705,0.13646841862609496,0.6692290300700882,0.22670700417416612,0.3758062058808592,1
0.25,0.4699999999999999,0.5245160343851278,0.14336801040312094,0.6480895319918607,0.23479542941393292,0.38031364432415227,1
0.25,0.48999999999999994,0.529036901936333,0.15080794846598974,0.6245760795839927,0.24295325623323513,0.3835740072202167,1
0.25,0.5099999999999999,0.5335146971695091,0.15876381009256493,0.6010626271761248,0.25118102796674224,0.38599471498678745,1
0.25,0.5299999999999999,0.5379985989779464,0.16736772921459087,0.5757404476599594,0.2593441287300132,0.3869237548242015,1
0.25,0.5499999999999999,0.5424186870613387,0.17722072433141442,0.5498530409224508,0.2680480546676954,0.3870762374661786,1
0.25,0.57,0.5466887728666291,0.18754816467248023,0.5227221342979878,0.2760514611504134,0.3850830293642465,1
0.25,0.59,0.5510886779458352,0.19977267560809275,0.4967216821162107,0.28494536493628614,0.38289269593405256,1
0.25,0.6099999999999999,0.5550938555140195,0.212654858195966,0.46959077549174766,0.2927413671599718,0.37820022579117957,1
0.25,0.6299999999999999,0.5591154425059076,0.22814287381813939,0.44189464164594167,0.30092378752886834,0.3721581172169542,1
0.25,0.6499999999999999,0.562026590523775,0.24422753281723325,0.4101288718064662,0.30614741994008693,0.3610740659646887,1
0.25,0.6699999999999999,0.5637060035331375,0.2605733082706767,0.3761021930816188,0.3078560192467845,0.34546851636484466,1
0.25,0.69,0.5643403808469293,0.2784635224760501,0.3417363780239656,0.30687239874124456,0.32688148788927335,1
0.25,0.7099999999999999,0.563309349809886,0.2978888029180944,0.30465747230386614,0.3012351198792824,0.3032792419706961,1
0.25,0.7299999999999999,0.5624471182582278,0.3241573788102592,0.2728917024643907,0.296323574541214,0.2818052345263945,1
0.25,0.7499999999999999,0.5598953533762526,0.3522333937695731,0.2415781144019896,0.2865955877422383,0.25777423946346284,1
0.3,0.01,0.3072897979918821,0.04927536231884058,0.949355640967669,0.09368794484482028,0.2040191629335225,1
0.3,0.03,0.334772130118572,0.05262695263448691,0.9475469138593715,0.09971567589431232,0.21530289330922242,1
0.3,0.049999999999999996,0.35799672095232976,0.055965514231422604,0.9422337779787474,0.10565545041419218,0.22610747904402786,1
0.3,0.06999999999999999,0.37853168722088143,0.059351885729863905,0.9352249604340945,0.11162006273821971,0.23667843431193608,1
0.3,0.08999999999999998,0.396803710485597,0.0628847508498974,0.9284422337779787,0.11779132305485837,0.2473974022218474,1
0.3,0.10999999999999997,0.413078092541779,0.06635600055398502,0.9207551435677143,0.12379077914478734,0.25753963485970494,1
0.3,0.12999999999999998,0.4265585631818986,0.06991470440665064,0.9136332805787927,0.1298897496062486,0.2676477990753865,1
0.3,0.15,0.43808278642461773,0.07327471600546442,0.903459190594619,0.13555527286604757,0.27662976885215257,1
0.3,0.16999999999999998,0.44829282901093315,0.07678949104526844,0.8947546913859371,0.14144031451036454,0.28582674890580534,1
0.3,0.18999999999999997,0.45717913769019686,0.08016167750671946,0.8833371015148089,0.14698468831119973,0.2940645180713823,1
0.3,0.20999999999999996,0.4652712449319038,0.08363008642028923,0.8707890572009948,0.1526041563484359,0.30209738650268253,1
0.3,0.22999999999999998,0.4729054912988709,0.0873802045582669,0.8585801492199865,0.15861744896360883,0.3104993336222333,1
0.3,0.24999999999999997,0.47957922548582294,0.09094120369806448,0.8439972869093375,0.1641907568476958,0.31775350907806366,1
0.3,0.26999999999999996,0.4857580604268252,0.09474389882295306,0.8307709699299118,0.17009014847303067,0.3253180582730565,1
0.3,0.29,0.4917943187629505,0.09854663893146486,0.8140402441781596,0.17580995629776117,0.33197794497307664,1
0.3,0.30999999999999994,0.4976432536939613,0.10270105073201967,0.7977617002034818,0.18197524497163486,0.3389594420642087,1
0.3,0.32999999999999996,0.5028637431187006,0.10679702048417132,0.7779787474564775,0.18781213328603008,0.34470668376342367,1
0.3,0.35,0.5081908556155703,0.11134286849423917,0.7603436581505766,0.1942414878562971,0.35107315851010523,1
0.3,0.36999999999999994,0.5131656421647487,0.1160857956253426,0.7421433416233326,0.2007675958347987,0.3570379716545025,1
0.3,0.38999999999999996,0.5183856195183684,0.1215231662429325,0.7240560705403573,0.20811671432284898,0.36354864343285276,1
0.3,0.4099999999999999,0.5234123237617413,0.12715666680262674,0.7048383450146959,0.21544574982722875,0.3692932786846407,1
0.3,0.42999999999999994,0.528736239055577,0.13377226785281748,0.6867510739317205,0.2239259846292781,0.37594217607089375,1
0.3,0.44999999999999996,0.5335156950171405,0.14017378883466253,0.6656115758534931,0.23157853336217576,0.38041582136996216,1
0.3,0.4699999999999999,0.5380485107427962,0.14705275643339694,0.6446981686638028,0.23948097757621567,0.38447536607070626,1
0.3,0.48999999999999994,0.5425700133764296,0.15446880269814503,0.6212977617002035,0.24742268041237114,0.3872385998534468,1
0.3,0.5099999999999999,0.5471284160883271,0.16252149349054287,0.5983495365136785,0.2556140435601487,0.38946609371320934,1
0.3,0.5299999999999999,0.5516276766208009,0.1711556635614959,0.5732534478860501,0.26360659146436555,0.39000492216821514,1
0.3,0.5499999999999999,0.5559908817932956,0.1807768366851983,0.5477051774813475,0.271832131736191,0.3895633995336496,1
0.3,0.57,0.5602185317355569,0.19102521566025216,0.5206873163011531,0.2795072516536198,0.3870848460400699,1
0.3,0.59,0.5645723306236952,0.20318373787534227,0.49491295500791316,0.28809265291349984,0.3845005357362421,1
0.3,0.6099999999999999,0.5685141351527215,0.21597787518263412,0.46789509382771877,0.2955373081042485,0.3793906284373395,1
0.3,0.6299999999999999,0.5724652243706013,0.23134018169942402,0.4404250508704499,0.3033441040214895,0.37300143609382475,1
0.3,0.6499999999999999,0.5752939416832612,0.2472993299603446,0.40888537191951163,0.3081970006816633,0.3616276744651069,1
0.3,0.6699999999999999,0.5768360325048253,0.2634045595361029,0.37485869319466425,0.3094005131793795,0.3456110728951702,1
0.3,0.69,0.577365756988759,0.28102564102564104,0.34071896902554827,0.308006744673241,0.3268342406037867,1
0.3,0.7099999999999999,0.5762874215214018,0.3003798033958892,0.3039791996382546,0.30216878300932687,0.30325243594370266,1
0.3,0.7299999999999999,0.5753110150133791,0.3260722500338249,0.2724395206873163,0.29685286690891177,0.28170660432495614,1
0.3,0.7499999999999999,0.5726824923227326,0.35402489626556016,0.24112593262491522,0.2868670566875126,0.2575527059334927,1
0.35,0.01,0.3140179025758157,0.05152942195709079,0.9413294144245987,0.09771008489641698,0.21136556317614388,1
0.35,0.03,0.3408928855978976,0.054819730089838134,0.9395206873163011,0.1035948445641064,0.2222311353548318,1
0.35,0.049999999999999996,0.3641417541606296,0.05812653385557673,0.9344336423242143,0.1094450292281517,0.2327257574989724,1
0.35,0.06999999999999999,0.38503957598490995,0.06154803776726187,0.9277639611123671,0.11543790307267088,0.24320351810913488,1
0.35,0.08999999999999998,0.4036154304573991,0.06512947570332481,0.9212073253447886,0.12165773405192362,0.2538566017046305,1
0.35,0.10999999999999997,0.4203061075613827,0.06865877075226427,0.9135202351345241,0.12771842205082817,0.2639435074012621,1
0.35,0.12999999999999998,0.43412906814491764,0.07227786141184318,0.9063983721456025,0.13387989547416493,0.27399413601973793,1
0.35,0.15,0.4460289262085461,0.0756930655261952,0.8963373276056975,0.13959752812549517,0.2829037506422333,1
0.35,0.16999999999999998,0.45656182991501576,0.07925918449737586,0.8877458738412842,0.14552563793710505,0.29201124464540695,1
0.35,0.18999999999999997,0.4657373387724711,0.08266515972192605,0.8764413294144247,0.15108053861293527,0.3001037376521228,1
0.35,0.20999999999999996,0.4741493672611963,0.08625200153356938,0.8646846032104906,0.15685751784103028,0.3082633437041575,1
0.35,0.22999999999999998,0.48204345496009243,0.09007223449346308,0.852814831562288,0.1629356054470254,0.3166049740219407,1
0.35,0.24999999999999997,0.48894683800475663,0.0937223584118881,0.8384580601401763,0.16859883615202764,0.3238242433768185,1
0.35,0.26999999999999996,0.4953472739181173,0.09758541897724388,0.8255708794935565,0.1745396317053643,0.33128895582511503,1
0.35,0.29,0.5015710857477716,0.10142134425439653,0.8090662446303414,0.18024756651933563,0.33775046955668186,1
0.35,0.30999999999999994,0.5075625514201242,0.10559109037549853,0.7931268369884694,0.18637021689179317,0.3444991112551435,1
0.35,0.32999999999999996,0.5129756566940217,0.10979989738327348,0.7741352023513453,0.19232173449040918,0.350274163188477,1
0.35,0.35,0.5183993672866736,0.11440533151059466,0.7568392493782501,0.19876495561559243,0.35648108706764353,1
0.35,0.36999999999999994,0.523500126298644,0.11920614363109028,0.7387519782952747,0.20528688331474704,0.3622304750291004,1
0.35,0.38999999999999996,0.5288033449245165,0.12469442434435687,0.720777752656568,0.2126077460444489,0.368482494769814,1
0.35,0.4099999999999999,0.5338909486729534,0.13032797211607106,0.7016730725751752,0.2198257543561411,0.3738706179978316,1
0.35,0.42999999999999994,0.5392557483391008,0.13685020481136986,0.6835858014921998,0.2280466879113005,0.37997511656256683,1
0.35,0.44999999999999996,0.5440850625145882,0.14322375656849567,0.6624463034139724,0.2355258133879946,0.3840155178966959,1
0.35,0.4699999999999999,0.54866597066428,0.15010179529890802,0.6417589871128193,0.2432982621552703,0.38774673861075065,1
0.35,0.48999999999999994,0.5532137144461152,0.1575084194467632,0.6185846710377572,0.2510840388189139,0.3901604278074866,1
0.35,0.5099999999999999,0.5577628106943173,0.16555168189955716,0.5958625367397694,0.2591126950964729,0.3920533150856106,1
0.35,0.5299999999999999,0.5622571714267736,0.17415749715428927,0.5707664481121411,0.2668816238073843,0.39215533980582523,1
0.35,0.5499999999999999,0.5666663926837506,0.1839027920618596,0.5457834049287814,0.27510755292173567,0.3916478738420105,1
0.35,0.57,0.5708863315964434,0.194202285230639,0.518765543748587,0.2826086956521739,0.3888060460229775,1
0.35,0.59,0.5752157684314982,0.20637623575043754,0.49321727334388427,0.2909927635308634,0.3859354268022999,1
0.35,0.6099999999999999,0.5791676832511685,0.2192763402582222,0.46653854849649556,0.2983337550149998,0.3806844387049165,1
0.35,0.6299999999999999,0.5831006534038486,0.23459472508902166,0.4394076418720326,0.3058823529411765,0.3740881181067503,1
0.35,0.6499999999999999,0.5858489578011473,0.2504684572142411,0.4079810083653629,0.3103848634702215,0.36240033739682287,1
0.35,0.6699999999999999,0.5872516533280044,0.2663231623862813,0.3739543296405155,0.3110923026284855,0.3459889132935885,1
0.35,0.69,0.5876395225926443,0.2836116614774979,0.3398146054713995,0.30917973772177937,0.3268599264945741,1
0.35,0.7099999999999999,0.5864224134126792,0.30246983196120447,0.3031878815283744,0.3028284310958053,0.3030439990056722,1
0.35,0.7299999999999999,0.58543550895585,0.3282828282828283,0.2718742934659733,0.297427652733119,0.28154998829313976,1
0.35,0.7499999999999999,0.5827156499618803,0.35584155106134047,0.24067375084784084,0.28714006338930476,0.25733072255662726,1
0.39999999999999997,0.01,0.32011126820540636,0.05383973288814691,0.9333031878815283,0.10180652321351501,0.21872748081895638,1
0.39999999999999997,0.03,0.34622275723877555,0.05706094579902636,0.9314944607732308,0.10753459964894652,0.22915496326289972,1
0.39999999999999997,0.049999999999999996,0.3694472712926031,0.0603416537810176,0.926407415781144,0.11330328503484127,0.23934834164748764,1
0.39999999999999997,0.06999999999999999,0.39058619692872526,0.06377742946708465,0.9199638254578341,0.11928528502118053,0.24965640799096842,1
0.39999999999999997,0.08999999999999998,0.4095594294810733,0.06738762475715608,0.9136332805787927,0.12551735919676343,0.26017757231983624,1
0.39999999999999997,0.10999999999999997,0.4265808576982997,0.07095557640893076,0.9060592358127968,0.1316048734031723,0.2701527551199256,1
0.39999999999999997,0.12999999999999998,0.44074275083302616,0.07460152167590742,0.8989373728238752,0.13776973120002772,0.2800453594596307,1
0.39999999999999997,0.15,0.45300576529840414,0.07809799988082707,0.8889893737282387,0.14358225305824357,0.28895192463146135,1
0.39999999999999997,0.16999999999999998,0.4638139428727068,0.08173051699352578,0.880510965408094,0.14957704014517942,0.29800665722921527,1
0.39999999999999997,0.18999999999999997,0.4733048426457335,0.08523602202355235,0.8697716482025775,0.15525713074975028,0.30616549012741645,1
0.39999999999999997,0.20999999999999996,0.48194961773016365,0.08889435234616465,0.8583540583314493,0.16110415649996818,0.3142798013245033,1
0.39999999999999997,0.22999999999999998,0.49009731721381034,0.09281989670163618,0.8471625593488582,0.16730852952010986,0.32268065207843544,1
0.39999999999999997,0.24999999999999997,0.49720719978954464,0.09653293515134845,0.8331449242595523,0.17301891000434308,0.329809990065425,1
0.39999999999999997,0.26999999999999996,0.5037780179639368,0.10042344735968117,0.820370789057201,0.17894217729009987,0.3370708234244947,1
0.39999999999999997,0.29,0.5102390657452105,0.10436248991861573,0.8045444268595976,0.18475876481354084,0.3435541953484779,1
0.39999999999999997,0.30999999999999994,0.5164055035955811,0.10859045574071481,0.7889441555505313,0.19090473910962183,0.35016507280262515,1
0.39999999999999997,0.32999999999999996,0.5219538134117262,0.11285406658936557,0.7701786118019444,0.1968619972260749,0.35575537314368066,1
0.39999999999999997,0.35,0.5275114213332739,0.11754432389521037,0.753221795161655,0.20335413773633854,0.361848179083079,1
0.39999999999999997,0.36999999999999994,0.5327452809421871,0.12238334367770694,0.735586705855754,0.2098524550511973,0.3674070895395977,1
0.39999999999999997,0.38999999999999996,0.538140728182458,0.1278772378516624,0.7178385711055845,0.21708288463839462,0.37334932561940715,1
0.39999999999999997,0.4099999999999999,0.5433054795578685,0.13354352473708078,0.6990730273569975,0.22424890758435626,0.3784994675056003,1
0.39999999999999997,0.42999999999999994,0.5487795009871305,0.14016279069767443,0.6813248926068279,0.2324962388612429,0.3844534598897734,1
0.39999999999999997,0.44999999999999996,0.5536808888943647,0.14657400205735505,0.6604114854171377,0.2399030860521939,0.38821918900599406,1
0.39999999999999997,0.4699999999999999,0.5583118763543744,0.1534603811434303,0.6399502600045218,0.2475565759265333,0.3916400315470508,1
0.39999999999999997,0.48999999999999994,0.5628597989734513,0.16085688186934613,0.6171150802622655,0.2551948203725779,0.3937479263138154,1
0.39999999999999997,0.5099999999999999,0.5674083291804243,0.16885577571534088,0.5943929459642776,0.26299862448418154,0.3952016595763871,1
0.39999999999999997,0.5299999999999999,0.5719101343498697,0.1774756050304717,0.5695229482251866,0.2706201487927376,0.3950071349045804,1
0.39999999999999997,0.5499999999999999,0.5762711104618611,0.18709702478054843,0.5445399050418268,0.2785037002775208,0.3939964011123835,1
0.39999999999999997,0.57,0.580530522464294,0.197508513297987,0.5179742256387068,0.285972850678733,0.3910690814741479,1
0.39999999999999997,0.59,0.5848768862017651,0.20970845761570286,0.49276509156680987,0.2942089632829374,0.38801851522164854,1
0.39999999999999997,0.6099999999999999,0.5887719354006767,0.22256410256410256,0.4660863667194212,0.30126776515289905,0.3824036802760208,1
0.39999999999999997,0.6299999999999999,0.5926877708012495,0.23791730474732006,0.43906850553922677,0.3086091136625482,0.3755632481772999,1
0.39999999999999997,0.6499999999999999,0.5953378499960469,0.25358649789029536,0.4076418720325571,0.31266799618486085,0.36347875171357147,1
0.39999999999999997,0.6699999999999999,0.5966761674047262,0.26944399152127835,0.3736151933077097,0.31309208033345964,0.34679958027282265,1
0.39999999999999997,0.69,0.5969667304466068,0.2866004962779156,0.3394754691385937,0.3108052163113227,0.32739522916575814,1
0.39999999999999997,0.7099999999999999,0.5956043362094512,0.3050557959462537,0.3028487451955686,0.3039482641252553,0.30328759679391387,1
0.39999999999999997,0.7299999999999999,0.5945549994770277,0.3307184145334434,0.2716482025774361,0.29828699106256207,0.2817116060961313,1
0.39999999999999997,0.7499999999999999,0.5917872802906005,0.35812857623695726,0.24056070540357224,0.2878009196645929,0.25746503411895655,1
0.44999999999999996,0.01,0.32597215304931293,0.056457011919469384,0.924711734117115,0.1064168862002797,0.22687812373455812,1
0.44999999999999996,0.03,0.35120664401884755,0.059616915313894306,0.9229030070088176,0.11199901225760871,0.23687799216596547,1
0.44999999999999996,0.049999999999999996,0.3741055362566828,0.06289064617815401,0.9179290074609994,0.1177161330540233,0.24681301178744902,1
0.44999999999999996,0.06999999999999999,0.3953297366083523,0.06637426659973832,0.9118245534704952,0.12374107341469215,0.2570312350628079,1
0.44999999999999996,0.08999999999999998,0.41452987337146685,0.07005211065645438,0.905720099479991,0.1300459348471814,0.26750180293277065,1
0.44999999999999996,0.10999999999999997,0.4319856388436773,0.0737116461989389,0.8983721456025322,0.13624440672735688,0.2774868013072991,1
0.44999999999999996,0.12999999999999998,0.4465208232014193,0.07745040267138087,0.8914763735021478,0.14251893083693276,0.28738229206145594,1
0.44999999999999996,0.15,0.45916647714045916,0.08103980301094037,0.8817544652950486,0.14843712831247918,0.2962782888789285,1
0.44999999999999996,0.16999999999999998,0.4703038679275425,0.08475022487439943,0.8733891024191726,0.1545076393888489,0.3052644888024908,1
0.44999999999999996,0.18999999999999997,0.4800925410096431,0.088330594579582,0.8628758761021931,0.16025614108754987,0.31334668877978294,1
0.44999999999999996,0.20999999999999996,0.488986309739428,0.09206120304059834,0.8515713316753335,0.16615934356802542,0.32134630151011007,1
0.44999999999999996,0.22999999999999998,0.4973466027549447,0.09607708901145744,0.8408320144698168,0.1724493699500365,0.32969565872642975,1
0.44999999999999996,0.24999999999999997,0.5046871655142282,0.09991129307403616,0.8276056974903911,0.17829787752219287,0.33687959579970367,1
0.44999999999999996,0.26999999999999996,0.5114808676604288,0.1038794531598888,0.8151706986208456,0.18427609470631076,0.34403297678457273,1
0.44999999999999996,0.29,0.5181489197092193,0.10791641244661379,0.7997965182003165,0.19017283552401687,0.3504418291329846,1
0.44999999999999996,0.30999999999999994,0.5244439663756533,0.11216358199304938,0.7844223377797874,0.19626366477634313,0.3567645939804008,1
0.44999999999999996,0.32999999999999996,0.5301846459323865,0.11648933427299449,0.766108975808275,0.20222908553780045,0.3621701349921442,1
0.44999999999999996,0.35,0.5358615104114336,0.12123761108876129,0.7494912955007913,0.20871371907070452,0.3680470744976129,1
0.44999999999999996,0.36999999999999994,0.5412195357660904,0.12609508235019273,0.7321953425276961,0.21513983923470403,0.373314121037464,1
0.44999999999999996,0.38999999999999996,0.5467351497740215,0.13160852551827493,0.7147863441103324,0.2222886271752505,0.37894951335283117,1
0.44999999999999996,0.4099999999999999,0.5519608489494677,0.13729206618204523,0.6960208003617454,0.22934515384042314,0.3837093356599776,1
0.44999999999999996,0.42999999999999994,0.5575338037672067,0.14395646545524285,0.6788378928329188,0.2375395569620253,0.3894394147708111,1
0.44999999999999996,0.44999999999999996,0.5625213295910473,0.15044042053057113,0.658376667420303,0.24491684013541076,0.39299836700541185,1
0.44999999999999996,0.4699999999999999,0.5671926907626589,0.15726267101340244,0.6380284874519557,0.25233039007488545,0.3959423624654497,1
0.44999999999999996,0.48999999999999994,0.5717785516580193,0.16468133994437054,0.6157585349310423,0.25986355612804735,0.39782354659655267,1
0.44999999999999996,0.5099999999999999,0.5763777751018466,0.1726656576955978,0.5932624915215917,0.2674821610601427,0.39891757122442156,1
0.44999999999999996,0.5299999999999999,0.5808833278044973,0.1812513515461688,0.5685055392267692,0.27486882378662003,0.3983050847457627,1
0.44999999999999996,0.5499999999999999,0.5852083038111114,0.1907386115846648,0.5438616323762152,0.2824268396489477,0.39690134802910554,1
0.44999999999999996,0.57,0.5894019316650395,0.20095735804312503,0.5172959529730952,0.28946452857639876,0.3934313472616284,1
0.44999999999999996,0.59,0.5937605895361485,0.2131596984235778,0.49219986434546686,0.29748565181743647,0.3900734635370005,1
0.44999999999999996,0.6099999999999999,0.5976334195900924,0.22600109709270433,0.4657472303866154,0.30432855665534053,0.3842280001492147,1
0.44999999999999996,0.6299999999999999,0.6015381583953087,0.2414329249331426,0.43884241465068957,0.3114944834503511,0.3771641762042633,1
0.44999999999999996,0.6499999999999999,0.6040619513451608,0.2568049023799344,0.4074157811440199,0.31503496503496503,0.36464446153223523,1
0.44999999999999996,0.6699999999999999,0.6053266734020257,0.2725622834515756,0.3735021478634411,0.3151468904998092,0.3477455479307877,1
0.44999999999999996,0.69,0.6055221830459929,0.28954475308641975,0.3393624236943251,0.31248048298115955,0.3280730897009967,1
0.44999999999999996,0.7099999999999999,0.6040452506637707,0.3077807148603609,0.30273569975130005,0.3052373625121103,0.30373142792332997,1
0.44999999999999996,0.7299999999999999,0.6028747963757973,0.3329636817299695,0.27153515713316756,0.2991282689912827,0.281938119160524,1
0.44999999999999996,0.7499999999999999,0.6000243633155843,0.3600812595226003,0.24044765995930364,0.2883481325832034,0.2575621806204742,1
0.49999999999999994,0.01,0.33131591314798964,0.059256166260100065,0.9144245986886729,0.11129992088335454,0.2352917221760048,1
0.49999999999999994,0.03,0.355527936381187,0.06238892237315901,0.9127289170246439,0.11679444524808331,0.2449665651282176,1
0.49999999999999994,0.049999999999999996,0.3781627162808067,0.06571790782317098,0.9083201446981687,0.1225679004812716,0.2548382799764033,1
0.49999999999999994,0.06999999999999999,0.3994713735606725,0.06927222082418584,0.9024417815962017,0.1286677895347619,0.26499585062240666,1
0.49999999999999994,0.08999999999999998,0.4188930894466913,0.07301824074841395,0.8964503730499661,0.13503733535406856,0.2753720822018655,1
0.49999999999999994,0.10999999999999997,0.4366495743190662,0.07675567006284889,0.8891024191725073,0.14131196435309126,0.2852697095435685,1
0.49999999999999994,0.12999999999999998,0.4515350313292259,0.08058271472376803,0.8823196925163916,0.1476779277787764,0.29510514893263057,1
0.49999999999999994,0.15,0.4645143129125146,0.08426911114748731,0.8729369206420982,0.15370069963475683,0.303970272164007,1
0.49999999999999994,0.16999999999999998,0.47595562652982865,0.08807920336153802,0.8649106940990278,0.15987713011043664,0.3129268951075264,1
0.49999999999999994,0.18999999999999997,0.4860377564461918,0.0917309839328188,0.854510513226317,0.16567671232876713,0.32087309403334807,1
0.49999999999999994,0.20999999999999996,0.49516042214809025,0.09557166273947341,0.8436581505765318,0.17169346860836956,0.3288476452340666,1
0.49999999999999994,0.22999999999999998,0.5037996987460918,0.09969020143670775,0.8330318788152837,0.17807044040355222,0.3370904732715479,1
0.49999999999999994,0.24999999999999997,0.51133306135146,0.10358321075106039,0.8199186072801267,0.1839299073123106,0.34405388738674636,1
0.49999999999999994,0.26999999999999996,0.5183587196472306,0.10761028359715047,0.8077096992991183,0.18991799901651982,0.35099871292284407,1
0.49999999999999994,0.29,0.5251673753528971,0.11172161172161173,0.7930137915442008,0.19585124797587805,0.3572738199523296,1
0.49999999999999994,0.30999999999999994,0.531669517296038,0.11606058561597625,0.777865702012209,0.20198432500660463,0.3634126246408653,1
0.49999999999999994,0.32999999999999996,0.5375558822816575,0.12043056973474468,0.7601175672620394,0.2079191082113205,0.36857164782880386,1
0.49999999999999994,0.35,0.5434004645431941,0.12526644336175397,0.7440651141758987,0.2144323179670956,0.3742835046856519,1
0.49999999999999994,0.36999999999999994,0.5488975825783087,0.13019104670930137,0.727221342979878,0.2208452058086443,0.3793221378366904,1
0.49999999999999994,0.38999999999999996,0.5545150831293898,0.13576244813278007,0.7101514808953199,0.22794731303748322,0.3846624865288527,1
0.49999999999999994,0.4099999999999999,0.5598609859967681,0.141473226671599,0.6917250734795388,0.23490345118814543,0.3890711633348594,1
0.49999999999999994,0.42999999999999994,0.5655233442542609,0.14812976246618184,0.6746552113949807,0.2429225602930701,0.39432822803377693,1
0.49999999999999994,0.44999999999999996,0.5705889309612209,0.15462485643313123,0.6544200768709021,0.2501458355838825,0.39747057934993063,1
0.49999999999999994,0.4699999999999999,0.5752632066592128,0.1613422664404635,0.634297987791092,0.257249616028242,0.39986602243411584,1
0.49999999999999994,0.48999999999999994,0.5798757953739176,0.16870735582764745,0.6121410807144472,0.26451408055100994,0.40122404825061875,1
0.49999999999999994,0.5099999999999999,0.5844508534608185,0.17652633003925816,0.5896450373049966,0.2717091212168568,0.40165095792521405,1
0.49999999999999994,0.5299999999999999,0.5889265536968128,0.18497687326549492,0.5651141758987113,0.2787209723732263,0.40050313256100883,1
0.49999999999999994,0.5499999999999999,0.5932644840812885,0.19449526365003864,0.5408094053809631,0.2860987351613193,0.39879295110118207,1
0.49999999999999994,0.57,0.5974183319887753,0.20469466678658152,0.5145828623106489,0.292883798738901,0.3949880254069626,1
0.49999999999999994,0.59,0.6016977227250179,0.21670835417708856,0.48971286457155777,0.3004577611319184,0.39115830534185725,1
0.49999999999999994,0.6099999999999999,0.6055448564578092,0.22941834451901566,0.46371241238978067,0.3069669984284966,0.3850630820066086,1
0.49999999999999994,0.6299999999999999,0.6093818059278463,0.2446848899012908,0.4371467329866606,0.3137525354969574,0.37772524810502467,1
0.49999999999999994,0.6499999999999999,0.6118215087628132,0.25991316931982633,0.40605923581279674,0.3169504985440748,0.3650109747175026,1
0.49999999999999994,0.6699999999999999,0.6129333830077707,0.27531989629505726,0.37214560253221796,0.31649281353650915,0.347690162860945,1
0.49999999999999994,0.69,0.6130604954507951,0.2921425085407516,0.3383450146959078,0.31355088785291496,0.32797124635648384,1
0.49999999999999994,0.7099999999999999,0.6115023936721075,0.31021261763680724,0.30183133619715125,0.30596459061479403,0.30347116455638656,1
0.49999999999999994,0.7299999999999999,0.6102904958129166,0.3351978744231576,0.27096992991182456,0.29968119022316686,0.28176795580110503,1
0.49999999999999994,0.7499999999999999,0.6074388789360351,0.3621953298108062,0.24022156907076644,0.28886019166723303,0.2575695134663402,1
0.5499999999999999,0.01,0.33638592745449275,0.062414453873528605,0.9021026452633959,0.11675115763600852,0.24442688328156875,1
0.5499999999999999,0.03,0.35923429812846464,0.06550193208912275,0.9006330544879041,0.12212207609062203,0.2537034914084094,1
0.5499999999999999,0.049999999999999996,0.3813753157573511,0.06886643401566053,0.8967895093827719,0.1279103514995163,0.2634182948372272,1
0.5499999999999999,0.06999999999999999,0.40254056302666547,0.07249760976686034,0.8914763735021478,0.13409056128955468,0.273515538290788,1
0.5499999999999999,0.08999999999999998,0.4222663769885018,0.07634145628513801,0.8857110558444494,0.1405671124985423,0.28384595877259716,1
0.5499999999999999,0.10999999999999997,0.44039848704451506,0.08023582373105356,0.8784761474112593,0.1470415712690874,0.2938307268822408,1
0.5499999999999999,0.12999999999999998,0.4556442905408573,0.08422167853554109,0.8716934207551436,0.15360251787812992,0.30372616984402073,1
0.5499999999999999,0.15,0.46903576788178597,0.08807811724512056,0.8626497852136559,0.15983662355343772,0.3126869524597822,1
0.5499999999999999,0.16999999999999998,0.48078729340689885,0.09203834829792928,0.8551887858919286,0.16619068541300527,0.3217013386858085,1
0.5499999999999999,0.18999999999999997,0.4910777176485485,0.09580331735329556,0.8449016504634863,0.17209302325581396,0.32954725832907106,1
0.5499999999999999,0.20999999999999996,0.5005494129266163,0.0997877431827707,0.8343884241465069,0.1782570369386449,0.3374911980686048,1
0.5499999999999999,0.22999999999999998,0.5094663447589051,0.10396724632305739,0.8238751978295275,0.1846348723795047,0.3454585099020695,1
0.5499999999999999,0.24999999999999997,0.5172331393006938,0.10796582636423802,0.8114401989599819,0.19057480419487588,0.3523186869281815,1
0.5499999999999999,0.26999999999999996,0.5244766309122566,0.11209014120219965,0.7995704273117793,0.1966169541468025,0.3590902167842818,1
0.5499999999999999,0.29,0.5314588235392752,0.11629970699037254,0.7852136558896676,0.20259293287249713,0.36515997434522496,1
0.5499999999999999,0.30999999999999994,0.5381720317481521,0.12069087688219664,0.7701786118019444,0.2086804704729233,0.3709410458000305,1
0.5499999999999999,0.32999999999999996,0.5442321587565441,0.12514553990610328,0.7533348406059236,0.21463540324658592,0.37592797346390777,1
0.5499999999999999,0.35,0.5501831636060517,0.12998784787935533,0.7376215238525887,0.22102535440272345,0.3812177936691555,1
0.5499999999999999,0.36999999999999994,0.5558689255666386,0.13502877454299256,0.7214560253221796,0.22748173231153093,0.3860952473139096,1
0.5499999999999999,0.38999999999999996,0.5616215656990728,0.140681064247512,0.7047252995704273,0.23454165804473373,0.3911063151687014,1
0.5499999999999999,0.4099999999999999,0.5670237922427164,0.1463367624737996,0.6866380284874519,0.24125672750382302,0.3949747044517563,1
0.5499999999999999,0.42999999999999994,0.5727901057802682,0.15310287810675346,0.6699073027356998,0.249242934051144,0.3999190174112566,1
0.5499999999999999,0.44999999999999996,0.5778835353197005,0.15956029313790807,0.6497852136558897,0.2562068197013595,0.4024759130629622,1
0.5499999999999999,0.4699999999999999,0.5825956632448818,0.16626383791364546,0.6298892154646167,0.26308458651054084,0.4043717433269953,1
0.5499999999999999,0.48999999999999994,0.5872966370389529,0.1737305916911456,0.6084105810535836,0.2702824858757062,0.4054970390127029,1
0.5499999999999999,0.5099999999999999,0.5919081169830904,0.1814747446481041,0.5864797648654759,0.277181172196399,0.4054899018320515,1
0.5499999999999999,0.5299999999999999,0.5963626099858675,0.18984539034166825,0.5621749943477278,0.28383893153734197,0.4037902531707237,1
0.5499999999999999,0.5499999999999999,0.6007216179073055,0.19935516288418056,0.5382093601627854,0.2909435345881203,0.4016636857557453,1
0.5499999999999999,0.57,0.6049094186514392,0.20964312130177515,0.5126610897580828,0.29759170549248637,0.3976953837519293,1
0.5499999999999999,0.59,0.6091200986477227,0.22144139522954603,0.4880171829075288,0.3046469778765746,0.39331984912261514,1
0.5499999999999999,0.6099999999999999,0.6128708218453941,0.23392080567635615,0.4621297761700203,0.31061469493199606,0.3866818009837306,1
0.5499999999999999,0.6299999999999999,0.6166066085484372,0.24904684975767366,0.4356771422111689,0.3169277579046914,0.37889065848719,1
0.5499999999999999,0.6499999999999999,0.6189548548114082,0.2641676505312869,0.4047026904815736,0.31967139923207427,0.36578388098741216,1
0.5499999999999999,0.6699999999999999,0.6200332111991457,0.2795607389120627,0.3712412389780692,0.3189433302578546,0.34839065583161827,1
0.5499999999999999,0.69,0.6200633661201008,0.2964544641970404,0.337440651141759,0.3156225218080888,0.3283611642795855,1
0.5499999999999999,0.7099999999999999,0.6185036987577838,0.31475796930342387,0.30137915442007684,0.3079233079233079,0.3039631504537785,1
0.5499999999999999,0.7299999999999999,0.6171959286819882,0.3396708286038593,0.27063079357901876,0.3012457531143828,0.2820984162895927,1
0.5499999999999999,0.7499999999999999,0.6141979061646378,0.36597138424409587,0.23999547818222924,0.2898887144125077,0.2577394682530047,1
0.5999999999999999,0.01,0.3411911488619137,0.06589528347072021,0.8865023739543296,0.12267213127576201,0.25396558089525945,1
0.5999999999999999,0.03,0.3624521392548718,0.06890240146428603,0.8851458286231065,0.12785239008858226,0.2627111251283359,1
0.5999999999999999,0.049999999999999996,0.3837873398903888,0.07228122856772137,0.88164141985078,0.13360857945590351,0.27215560921818516,1
0.5999999999999999,0.06999999999999999,0.40461689003081086,0.07596375214303208,0.8765543748586931,0.13981121699227378,0.2820477378709288,1
0.5999999999999999,0.08999999999999998,0.42452337729035544,0.07994979148944999,0.8712412389780692,0.14645965565732963,0.2924147455646446,1
0.5999999999999999,0.10999999999999997,0.4428570131784868,0.08398321653742229,0.8643454668776849,0.15309146243793048,0.30239033110277946,1
0.5999999999999999,0.12999999999999998,0.4584510317723407,0.08811166074455978,0.8577888311101063,0.1598079272145234,0.312258234432355,1
0.5999999999999999,0.15,0.47212236304899896,0.0920926811327694,0.849197377345693,0.16616528048133075,0.3211519058775245,1
0.5999999999999999,0.16999999999999998,0.48418333015813597,0.09612703330751356,0.8417363780239656,0.17254883785600075,0.32992449753642195,1
0.5999999999999999,0.18999999999999997,0.49475134488603323,0.10004622957060887,0.8317883789283292,0.1786095737450238,0.337739832920224,1
0.5999999999999999,0.20999999999999996,0.5044854988716455,0.10417054685597214,0.8219534252769614,0.18490685994023778,0.34563570158675827,1
0.5999999999999999,0.22999999999999998,0.5136466816343848,0.10849890458563119,0.8117793352927877,0.19141421545761086,0.35350352962025816,1
0.5999999999999999,0.24999999999999997,0.5216838719344788,0.11266574343791287,0.8001356545331223,0.19751915053928476,0.36036127770932824,1
0.5999999999999999,0.26999999999999996,0.5290921229563104,0.11687550254623426,0.7887180646619941,0.20358320445858014,0.3669015565839293,1
0.5999999999999999,0.29,0.5362822627335422,0.12119765138653084,0.7747004295726883,0.20960391497170822,0.3727373596727874,1
0.5999999999999999,0.30999999999999994,0.5431358586835354,0.12567294751009422,0.7600045218177708,0.21568124218023163,0.3782065706570657,1
0.5999999999999999,0.32999999999999996,0.5493476433161336,0.13019204117996436,0.7433868415102871,0.22157827346856257,0.38279740144829677,1
0.5999999999999999,0.35,0.5553436449319983,0.1349895178197065,0.7278996156454894,0.227743783822021,0.38749939819941265,1
0.5999999999999999,0.36999999999999994,0.561164880547378,0.1401133711237079,0.7125254352249605,0.2341773327636492,0.3921288058828653,1
0.5999999999999999,0.38999999999999996,0.5670190876654825,0.14578846472439827,0.6963599366945512,0.24110060862247792,0.39671805968803536,1
0.5999999999999999,0.4099999999999999,0.5726137782892194,0.15162755488266466,0.6792900746099932,0.24791649476029376,0.40052523528941264,1
0.5999999999999999,0.42999999999999994,0.5785405916461811,0.15854911076274394,0.663124576079584,0.2559113515400052,0.40521124036362627,1
0.5999999999999999,0.44999999999999996,0.5837476269630858,0.1650628949046432,0.6437938051096541,0.26275722063301654,0.4074492745328106,1
0.5999999999999999,0.4699999999999999,0.5885155534473347,0.17174670315999005,0.624236943251187,0.26937899409727306,0.40881900023691076,1
0.5999999999999999,0.48999999999999994,0.5932712137755237,0.1792192958882021,0.6030974451729595,0.27632464909100324,0.4094271856581532,1
0.5999999999999999,0.5099999999999999,0.5979215025105822,0.1869685296896577,0.5816188107619263,0.28297217027829724,0.4089695081237481,1
0.5999999999999999,0.5299999999999999,0.6024082061014526,0.19531311851793207,0.5577662220212526,0.28931628943356397,0.40678692741483363,1
0.5999999999999999,0.5499999999999999,0.6067806249804231,0.20476603119584055,0.5342527696133845,0.29605963791267303,0.4041803503010399,1
0.5999999999999999,0.57,0.6109601341755295,0.2150219507539607,0.5093827718742935,0.30239581236158647,0.39989350372736954,1
0.5999999999999999,0.59,0.6151574908724479,0.22679486502192403,0.48530409224508253,0.30912691269126913,0.3952092500874561,1
0.5999999999999999,0.6099999999999999,0.6188019923328456,0.23899112234699277,0.45952973095184263,0.3144459485592729,0.3879335025671368,1
0.5999999999999999,0.6299999999999999,0.6225032251154335,0.25421143387717204,0.4333031878815284,0.320431365992309,0.37979073362133886,1
0.5999999999999999,0.6499999999999999,0.6247805661901007,0.2691900876397703,0.40278091792900744,0.3227062766053799,0.36641299876593997,1
0.5999999999999999,0.6699999999999999,0.6259088113321429,0.2849181469871125,0.369884693646846,0.3218888342351205,0.34906546044209263,1
0.5999999999999999,0.69,0.6258982635074705,0.3016612641815235,0.33664933303187883,0.3181963885030452,0.32901714689764894,1
0.5999999999999999,0.7099999999999999,0.6241465082968306,0.319179560993163,0.3008139271987339,0.3097247279287668,0.3043160037510579,1
0.5999999999999999,0.7299999999999999,0.6227445811636453,0.3439343790473449,0.27017861180194436,0.30262741373852486,0.28228568728887626,1
0.5999999999999999,0.7499999999999999,0.6196361226281344,0.37013100436681223,0.23954329640515487,0.29085169171642306,0.25772945097180666,1
0.6499999999999999,0.01,0.34535853174652487,0.06946751254753541,0.8652498304318336,0.1286094751610979,0.2629066052966028,1
0.6499999999999999,0.03,0.36517776873180635,0.07241104922132545,0.8641193759891477,0.1336246831570667,0.27116383347049977,1
0.6499999999999999,0.049999999999999996,0.3855725202661177,0.07581112427449302,0.8608410581053584,0.1393501871117089,0.28031156363422194,1
0.6499999999999999,0.06999999999999999,0.4061653628698592,0.07956754257856415,0.8560931494460773,0.14560241485056188,0.29001769287919055,1
0.6499999999999999,0.08999999999999998,0.42605742049037515,0.0837020075142838,0.8512321953425277,0.15241680835559873,0.3003685797711933,1
0.6499999999999999,0.10999999999999997,0.44453117148731885,0.08788687990400791,0.8445625141306805,0.1592064185481551,0.31028066882075905,1
0.6499999999999999,0.12999999999999998,0.46027291549085997,0.09214728653270203,0.8382319692516391,0.16604153837541286,0.32001760852114314,1
0.6499999999999999,0.15,0.4741987114465147,0.09635440580356557,0.8303187881528374,0.17267117249485747,0.3290387320473422,1
0.6499999999999999,0.16999999999999998,0.48645397214545794,0.10056328694499668,0.823423016052453,0.17923669381628485,0.3377977294650144,1
0.6499999999999999,0.18999999999999997,0.49722993445132496,0.10463206546226182,0.8138141532896225,0.185424152274981,0.3454845614136121,1
0.6499999999999999,0.20999999999999996,0.5071921601994186,0.10893149511116551,0.8047705177481348,0.1918893785630534,0.3533458411507192,1
0.6499999999999999,0.22999999999999998,0.5164673056799493,0.11333956727823816,0.7947094732082297,0.19838582232757648,0.36084590904424596,1
0.6499999999999999,0.24999999999999997,0.5246768357353555,0.11758120600457976,0.7836310196699073,0.20448075987079836,0.3673984248296039,1
0.6499999999999999,0.26999999999999996,0.5322734156511784,0.12190815871600535,0.772778657020122,0.2105944147502349,0.37371937152166546,1
0.6499999999999999,0.29,0.539659883803297,0.12639719995483797,0.7593262491521592,0.21671936503839453,0.3793800691322323,1
0.6499999999999999,0.30999999999999994,0.5466650469716829,0.1310664175841647,0.7455347049513905,0.22293962544790752,0.38476348276586314,1
0.6499999999999999,0.32999999999999996,0.5529640925609165,0.13557362923733265,0.7292561609767126,0.22864130145846995,0.3887690286499451,1
0.6499999999999999,0.35,0.5590457719500693,0.14037153904270921,0.7141080714447208,0.2346233843411083,0.3929166770333142,1
0.6499999999999999,0.36999999999999994,0.5649704747960611,0.14553581931537465,0.6992991182455347,0.24093006952152832,0.39710357046566264,1
0.6499999999999999,0.38999999999999996,0.5708754525969592,0.151168896112014,0.6834727560479312,0.24757887840134313,0.40104007747515885,1
0.6499999999999999,0.4099999999999999,0.5764840959727631,0.1570078530547052,0.6667420302961791,0.2541638835620866,0.40425502748495523,1
0.6499999999999999,0.42999999999999994,0.5825351954759574,0.1640618327782048,0.6514808953199186,0.26211538898869763,0.40865964175802355,1
0.6499999999999999,0.44999999999999996,0.5878932668088062,0.17074583193635892,0.6332805787926746,0.26897131196735086,0.4107459709940903,1
0.6499999999999999,0.4699999999999999,0.5927955340805545,0.17763480192037623,0.6148541713768935,0.2756366400608134,0.4120267260579064,1
0.6499999999999999,0.48999999999999994,0.5977006646541142,0.18521647307286168,0.594845127741352,0.2824779901223964,0.4124212308367558,1
0.6499999999999999,0.5099999999999999,0.6023576405436954,0.19297712244432622,0.5740447659959304,0.2888509670079636,0.4115206327595708,1
0.6499999999999999,0.5299999999999999,0.6069005987290931,0.20134671789151898,0.5509834953651368,0.2949202795510241,0.4089543723045426,1
0.6499999999999999,0.5499999999999999,0.6113457313421072,0.2110589085652331,0.5281483156228804,0.3015944742108321,0.4061196105702365,1
0.6499999999999999,0.57,0.6155581386087993,0.22140019860973187,0.5040696359936695,0.3076657696819154,0.4015380736258195,1
0.6499999999999999,0.59,0.6197467908187456,0.23317795448313683,0.4806692290300701,0.31402090026217644,0.39650124023200733,1
0.6499999999999999,0.6099999999999999,0.6233347369188056,0.24531059683313033,0.4553470495139046,0.31884746299374656,0.38877306771677866,1
0.6499999999999999,0.6299999999999999,0.6268865686639948,0.2602739726027397,0.4295726882206647,0.3241491085899514,0.3801216389244557,1
0.6499999999999999,0.6499999999999999,0.6289852971916852,0.27487746051505485,0.3993895546009496,0.3256371261348449,0.3662126583328151,1
0.6499999999999999,0.6699999999999999,0.6300602796428209,0.290585287274029,0.3670585575401311,0.3243756243756244,0.3487048412732506,1
0.6499999999999999,0.69,0.6298400078209628,0.3067580193086266,0.33404928781370113,0.31982250121759837,0.32820934313703715,1
0.6499999999999999,0.7099999999999999,0.6279492170864399,0.32404907975460123,0.29855301831336195,0.3107790068251353,0.30332613589378415,1
0.6499999999999999,0.7299999999999999,0.6264591510183947,0.34850264239577217,0.26836988469364687,0.3032315749137821,0.28130628495592,1
0.6499999999999999,0.7499999999999999,0.6232250676416716,0.3741339491916859,0.23807370562966312,0.2909844559585492,0.2567478604344964,1
0.7,0.01,0.34922973023268594,0.07372684613484812,0.8436581505765318,0.13560338327079793,0.2731518421187477,1
0.7,0.03,0.3676622580044708,0.07664860307046859,0.8426407415781144,0.1405155756633206,0.2810009575294233,1
0.7,0.049999999999999996,0.3869320281658763,0.08004570344500496,0.8394754691385937,0.14615520872286406,0.28972502262867134,1
0.7,0.06999999999999999,0.4068211607955501,0.08384966296724995,0.8352927877006556,0.15240079201386025,0.29913526468349716,1
0.7,0.08999999999999998,0.42641699993506904,0.08810694161371538,0.8307709699299118,0.15931755116198404,0.30931696887048166,1
0.7,0.10999999999999997,0.44498931858163476,0.09247778073612009,0.824553470495139,0.16630376543280248,0.3191926971651628,1
0.7,0.12999999999999998,0.4608578703003503,0.09690498173497651,0.8186751073931721,0.17329712008997475,0.3288320604447996,1
0.7,0.15,0.4748974043358589,0.10128029586550541,0.8111010626271761,0.1800750417247048,0.3377201653063722,1
0.7,0.16999999999999998,0.487335912123317,0.10564917229604336,0.804431381415329,0.18676920250390414,0.3463144472887608,1
0.7,0.18999999999999997,0.4982718993644933,0.1098339918479534,0.7950486095410355,0.19300484364494574,0.35371214178661603,1
0.7,0.20999999999999996,0.508480431446326,0.11431669569217626,0.7865702012208908,0.19962129905898554,0.3614545454545454,1
0.7,0.22999999999999998,0.5178338549711674,0.1188089724535997,0.7771874293465973,0.20610984530519247,0.36863270777479895,1
0.7,0.24999999999999997,0.5261787296947293,0.12319038017910014,0.7666742030296179,0.2122724925272696,0.3749571524928955,1
0.7,0.26999999999999996,0.5338976314702888,0.12767865661673505,0.7563870676011757,0.21847806566423406,0.38108419050222697,1
0.7,0.29,0.5414325046342193,0.13230237094536168,0.7437259778430929,0.22464275348710155,0.38649528263091726,1
0.7,0.30999999999999994,0.5486172081205403,0.13713098065829657,0.7309518426407415,0.23093681917211328,0.39170786081225156,1
0.7,0.32999999999999996,0.5549282436922314,0.14166741291304738,0.7153515713316754,0.23649886011137272,0.39524309199020635,1
0.7,0.35,0.5610820655031405,0.1465270720582327,0.7008817544652951,0.24238159463632988,0.39898580382768967,1
0.7,0.36999999999999994,0.5671526026387824,0.1518285371702638,0.6870902102645263,0.24870084700683334,0.4029648880874085,1
0.7,0.38999999999999996,0.5731728397532114,0.157538967235712,0.6718290752882659,0.2552286879965643,0.40645346610494065,1
0.7,0.4099999999999999,0.5788821837465941,0.1634677714833291,0.6556635767578567,0.26169151984118033,0.40922881535313627,1
0.7,0.42999999999999994,0.5849583023379807,0.17055336563054796,0.640741578114402,0.2693980370255947,0.4130171823309092,1
0.7,0.44999999999999996,0.5903918382013493,0.1773597041324972,0.6234456251413069,0.2761573320647956,0.414792641285218,1
0.7,0.4699999999999999,0.5953082850711567,0.18418790192234946,0.6054713995026001,0.28245220830586687,0.415432108341219,1
0.7,0.48999999999999994,0.600352873657599,0.19201302786927718,0.5864797648654759,0.28930712393698593,0.41568514334246753,1
0.7,0.5099999999999999,0.6051054450431862,0.19988833054159688,0.5665837666742031,0.2955188679245283,0.41450262992490655,1
0.7,0.5299999999999999,0.6096762978428029,0.20832431964695194,0.5443138141532896,0.3013235708251197,0.4115595671572901,1
0.7,0.5499999999999999,0.6140571134953555,0.21792510742786986,0.5217047252995705,0.307430969589981,0.4079666201092626,1
0.7,0.57,0.6182556855243422,0.2283256464735451,0.49807822744743385,0.3131151618519703,0.40288217113805525,1
0.7,0.59,0.6224081712854255,0.24012331582553095,0.47546913859371465,0.31909566800697975,0.3975425330812855,1
0.7,0.6099999999999999,0.6260100786845115,0.25240445456846367,0.45093827718742935,0.3236511156186613,0.3896421036180355,1
0.7,0.6299999999999999,0.6296016284612893,0.2675466609892839,0.42618132489260685,0.3287265117495749,0.38100050530571,1
0.7,0.6499999999999999,0.6315890930775807,0.282082227049642,0.3963373276056975,0.32958871915393656,0.36663668876665345,1
0.7,0.6699999999999999,0.6325736126291844,0.29778393351800553,0.364571557766222,0.3278105305956495,0.3489202406197256,1
0.7,0.69,0.6322583257844993,0.31398332264271966,0.3320144698168664,0.32274725274725274,0.3282444454378828,1
0.7,0.7099999999999999,0.6302030766980022,0.33102143757881464,0.29674429120506446,0.31294706723891275,0.30301980883778923,1
0.7,0.7299999999999999,0.6284078837058537,0.35409786850795555,0.2666742030296179,0.30423007480010317,0.28052609047233984,1
0.7,0.7499999999999999,0.6251183646626536,0.3797606093579978,0.23671716029843998,0.2916434540389972,0.25600273852022104,1
0.7499999999999998,0.01,0.35274500647149165,0.07879257472744536,0.816188107619263,0.14371162133381105,0.2842139241203934,1
0.7499999999999998,0.03,0.3690601867192316,0.0816257255682911,0.8155098349536514,0.14839804577012086,0.29144413112157913,1
0.7499999999999998,0.049999999999999996,0.3868478015350701,0.08496909677495598,0.8127967442912051,0.15385438399400844,0.2995758439372349,1
0.7499999999999998,0.06999999999999999,0.4057880394193583,0.08878110501897933,0.8090662446303414,0.1600044712720769,0.30849669821893483,1
0.7499999999999998,0.08999999999999998,0.4247830892769879,0.0931464908148846,0.8047705177481348,0.16696765719914627,0.3183468679569277,1
0.7499999999999998,0.10999999999999997,0.4432443900255026,0.09768875618589477,0.7988921546461678,0.17408976696063458,0.3280080946104005,1
0.7499999999999998,0.12999999999999998,0.4590612764970361,0.10234395498673508,0.7936920642098123,0.18130874909616776,0.3375935222049122,1
0.7499999999999998,0.15,0.47304450045384167,0.10689861843217409,0.7863441103323536,0.1882111016410298,0.3462246777163905,1
0.7499999999999998,0.16999999999999998,0.48553443915741973,0.11149870801033591,0.7804657472303866,0.1951219512195122,0.35476444956014147,1
0.7499999999999998,0.18999999999999997,0.4966468416830259,0.11589578205889842,0.7718742934659734,0.20153185460663214,0.3620398943785194,1
0.7499999999999998,0.20999999999999996,0.5068079881364383,0.1204250084680798,0.7636219760343658,0.20804139269160288,0.36921849207997637,1
0.7499999999999998,0.22999999999999998,0.5163565378992933,0.1251452344364904,0.7549174768256839,0.21469907407407407,0.37624230951254145,1
0.7499999999999998,0.24999999999999997,0.5247630513165006,0.12970102281667978,0.7454216595071219,0.22095633816975505,0.3823761365745036,1
0.7499999999999998,0.26999999999999996,0.5325517990498198,0.13425256987160963,0.7352475695229482,0.22704740626963624,0.38792794942144815,1
0.7499999999999998,0.29,0.5402336063157792,0.1390228013029316,0.7237169342075515,0.2332410375983678,0.39307905788736885,1
0.7499999999999998,0.30999999999999994,0.5474778389076161,0.1439352360043908,0.7115080262265431,0.2394339407311599,0.39779047426433406,1
0.7499999999999998,0.32999999999999996,0.5539683167313042,0.14870112641404762,0.6969251639158942,0.2451048603518537,0.4011425894356025,1
0.7499999999999998,0.35,0.5602360669183185,0.15371514273367395,0.6835858014921998,0.25099097229428247,0.4046277585214726,1
0.7499999999999998,0.36999999999999994,0.5663709543032264,0.15909029956821413,0.6705855754013114,0.2571694882188455,0.4081407989431824,1
0.7499999999999998,0.38999999999999996,0.5725085363983106,0.16480113636363636,0.6557766222021253,0.26340643872315306,0.4109288223960104,1
0.7499999999999998,0.4099999999999999,0.5781958396453756,0.17060240963855422,0.6402893963373276,0.26941920753460497,0.4129242972121778,1
0.7499999999999998,0.42999999999999994,0.5843519903501565,0.17778705368610326,0.625932624915216,0.27691922980745187,0.4161405723905724,1
0.7499999999999998,0.44999999999999996,0.5898189993122332,0.18463856453104133,0.6095410354962695,0.2834240058871455,0.417421462523418,1
0.7499999999999998,0.4699999999999999,0.5947655483283669,0.19150802060876237,0.5924711734117115,0.2894540634578742,0.41760290672658607,1
0.7499999999999998,0.48999999999999994,0.5999351209415943,0.1995289499509323,0.5746099932172734,0.29620349057428397,0.4176046270888447,1
0.7499999999999998,0.5099999999999999,0.6047191315173049,0.2074396216855261,0.555392267691612,0.3020596372579158,0.4158766167806596,1
0.7499999999999998,0.5299999999999999,0.609156020535718,0.21561372253437486,0.533574496947773,0.3071217099912158,0.41204714098646883,1
0.7499999999999998,0.5499999999999999,0.6134958445834399,0.22509573780275527,0.5116436807596654,0.3126446309536145,0.4078138797282443,1
0.7499999999999998,0.57,0.6176739485483039,0.23545103162937558,0.48892154646167757,0.3178394267866985,0.4023031272673153,1
0.7499999999999998,0.59,0.6218735558631584,0.24741219410040088,0.46744291205064437,0.3235650847059744,0.3968558650210185,1
0.7499999999999998,0.6099999999999999,0.6253924779669706,0.25960965927886204,0.4435903233099706,0.32753223988982094,0.38852254500089106,1
0.7499999999999998,0.6299999999999999,0.6289875990015296,0.27492782589384857,0.41985078001356546,0.33227465891299485,0.37980897060928964,1
0.7499999999999998,0.6499999999999999,0.6309658511241152,0.2896257221803567,0.39102419172507347,0.3327721391120304,0.3654362203393412,1
0.7499999999999998,0.6699999999999999,0.631810683266627,0.3049597855227882,0.3600497399954782,0.33022291342664595,0.34749498123418,1
0.7499999999999998,0.69,0.6314010113486196,0.32129803965001663,0.32794483382319695,0.3245874125874126,0.32659356494720015,1
0.7499999999999998,0.7099999999999999,0.6291688836493071,0.3379364252214695,0.29323988243273796,0.3140055683331316,0.30120761727821643,1
0.7499999999999998,0.7299999999999999,0.6274396223199856,0.36131725417439703,0.26418720325570877,0.3052109181141439,0.27919812673229477,1
0.7499999999999998,0.7499999999999999,0.6240883028564455,0.3861441307578009,0.23502147863441103,0.2921995783555868,0.2549793956043956,1
0.7999999999999998,0.01,0.3558399688443717,0.08475681795805848,0.7785439746778204,0.15287119042862535,0.29522462277091904,1
0.7999999999999998,0.03,0.3695070041163167,0.08738825680617635,0.7779787474564775,0.1571268750428092,0.3014824419990187,1
0.7999999999999998,0.049999999999999996,0.38534303676394405,0.09058387126582446,0.7757178385711055,0.16222413976524544,0.3087180686899952,1
0.7999999999999998,0.06999999999999999,0.4027067301070235,0.09433545483412256,0.7724395206873163,0.16813691113325704,0.3168795273472643,1
0.7999999999999998,0.08999999999999998,0.4208981010457582,0.09879987214134194,0.7687090210264527,0.17509527242764444,0.3262642740619902,1
0.7999999999999998,0.10999999999999997,0.4388951580814863,0.10347787434282123,0.7631697942572915,0.18224519821291185,0.3354534161490683,1
0.7999999999999998,0.12999999999999998,0.4545731730038057,0.10833373702142776,0.7584218855980104,0.18958671847403744,0.34471242280065356,1
0.7999999999999998,0.15,0.4684906559646201,0.11303209574323406,0.7516391589418946,0.19651248706960248,0.35288935122282605,1
0.7999999999999998,0.16999999999999998,0.4808885147254737,0.11776774723020107,0.746212977617002,0.20343005069571782,0.3609668070213813,1
0.7999999999999998,0.18999999999999997,0.4919726099581753,0.1222888181307361,0.7380737056296631,0.20981425541487242,0.36773154301935246,1
0.7999999999999998,0.20999999999999996,0.5022449678404112,0.12706802373560733,0.7310648880850101,0.21650485436893205,0.37477688402605525,1
0.7999999999999998,0.22999999999999998,0.5117191596890488,0.1318919141744131,0.7233777978747457,0.22310548611474296,0.38134229627775584,1
0.7999999999999998,0.24999999999999997,0.5201317080363277,0.13658747300215981,0.714899389554601,0.22935480361222935,0.38710151314822977,1
0.7999999999999998,0.26999999999999996,0.5279441469693283,0.14122146041228248,0.7055166176803075,0.2353362619958898,0.39213591866996744,1
0.7999999999999998,0.29,0.5357270145526536,0.14614543206353736,0.6947773004747909,0.24149312377210216,0.3968335959089852,1
0.7999999999999998,0.30999999999999994,0.5429730187466286,0.1511773234014898,0.6836988469364684,0.24760501105379515,0.40111420612813375,1
0.7999999999999998,0.32999999999999996,0.5494499792477266,0.1560108355469058,0.6705855754013114,0.2531310674432994,0.4040486602095169,1
0.7999999999999998,0.35,0.5558752670472001,0.16124031007751938,0.658376667420303,0.2590401636792243,0.4072499440590736,1
0.7999999999999998,0.36999999999999994,0.5620244717658516,0.16659865928300788,0.6461677594392946,0.2648994346093243,0.41007834246850516,1
0.7999999999999998,0.38999999999999996,0.5682100778069641,0.17236594616262219,0.6319240334614515,0.27085301741890155,0.412150704121507,1
0.7999999999999998,0.4099999999999999,0.5738225417225272,0.17803796229861066,0.6171150802622655,0.27634909385440926,0.41327256760439696,1
0.7999999999999998,0.42999999999999994,0.580052381420096,0.1853496115427303,0.6041148541713769,0.2836668612983704,0.41609567708982187,1
0.7999999999999998,0.44999999999999996,0.5856163228048754,0.19242273180458624,0.5890798100836536,0.2900882344754641,0.4171135836068198,1
0.7999999999999998,0.4699999999999999,0.5905332515565782,0.19912025763883434,0.5731404024417815,0.29555788737320743,0.4166255793314268,1
0.7999999999999998,0.48999999999999994,0.5956629976127376,0.20708963078347997,0.5560705403572236,0.30178839841712934,0.4158986759558314,1
0.7999999999999998,0.5099999999999999,0.6003814396030372,0.21490851592500565,0.537757178385711,0.30709144314257125,0.41351553399746177,1
0.7999999999999998,0.5299999999999999,0.6047864864606939,0.2230945530794363,0.5171829075288266,0.31172282219875314,0.4092787747580111,1
0.7999999999999998,0.5499999999999999,0.609251721320627,0.23277595512752672,0.4972869093375537,0.3171136101499423,0.40519877675840976,1
0.7999999999999998,0.57,0.6133812089358496,0.24308083434448488,0.47558218403798325,0.3217221733644324,0.3992142870698981,1
0.7999999999999998,0.59,0.6175858969266638,0.2551938180896884,0.4554600949581732,0.3271088739141025,0.3936723208004378,1
0.7999999999999998,0.6099999999999999,0.6208608787268036,0.2668947221446523,0.43217273343884244,0.3299956840742339,0.3845457471634344,1
0.7999999999999998,0.6299999999999999,0.6242958511311768,0.281865607724052,0.40922450825231743,0.3338097653188252,0.37530843718249113,1
0.7999999999999998,0.6499999999999999,0.6262864494575902,0.2965499078219647,0.3818675107393172,0.3338439492019568,0.36109032602886154,1
0.7999999999999998,0.6699999999999999,0.626952992876269,0.31115772650084905,0.35213655889667644,0.3303812907673543,0.34309946029298377,1
0.7999999999999998,0.69,0.6265755748413284,0.327385748820076,0.32150124349988696,0.32441681400787087,0.3226611604002632,1
0.7999999999999998,0.7099999999999999,0.6242702070790602,0.34405840205488714,0.2877006556635768,0.3133657575571015,0.2974451275098759,1
0.7999999999999998,0.7299999999999999,0.6225760757237159,0.3673860911270983,0.25977843092923353,0.30435070525130786,0.2759432263022647,1
0.7999999999999998,0.7499999999999999,0.6191118879794526,0.39176245210727967,0.23117793352927876,0.29077207450590076,0.2518224805437888,1
0.2,0.01,0.23279549219781204,0.03520814138537566,0.9503730499660864,0.06790078586255079,0.15332064020075573,2
0.2,0.03,0.24244297118218391,0.03594387492714369,0.9481121410807144,0.06926196001354354,0.15605462935397438,2
0.2,0.049999999999999996,0.25433688973135243,0.036917109889915714,0.9447207777526566,0.0710574870970759,0.1596333990433839,2
0.2,0.06999999999999999,0.26839967864528,0.038028608678088105,0.936468460321049,0.07308917337944786,0.1635731774741332,2
0.2,0.08999999999999998,0.28244587264449245,0.039288638616350395,0.9275378702238299,0.07538415600523693,0.16798172162327055,2
0.2,0.10999999999999997,0.2955418378416713,0.04064044336848002,0.9184942346823423,0.07783685395411218,0.17264606388223094,2
0.2,0.12999999999999998,0.3075514843932118,0.041913696648053445,0.9070766448112141,0.08012502059544553,0.1768764465998016,2
0.2,0.15,0.3183815758301717,0.043113211656575334,0.8950938277187429,0.08226408037319093,0.18074324324324323,2
0.2,0.16999999999999998,0.32759993406501614,0.044211826847874135,0.8818675107393172,0.08420223215249444,0.18413350328093284,2
0.2,0.18999999999999997,0.3362412926393003,0.045372608585157126,0.8678498756500113,0.08623662557218681,0.1876255602860453,2
0.2,0.20999999999999996,0.3444403023009426,0.04645325999149005,0.8515713316753335,0.08810062628282722,0.19066348767635047,2
0.2,0.22999999999999998,0.3512180076015426,0.04754453073683397,0.8346145150350441,0.08996417517607778,0.19360675512665862,2
0.2,0.24999999999999997,0.3576567641226301,0.04874231866656773,0.8168663802848746,0.09199528947452179,0.19675112860978142,2
0.2,0.26999999999999996,0.3636827295797736,0.049810518859571454,0.7949355640967669,0.09374687543743876,0.19914023074439705,2
0.2,0.29,0.36914574484078977,0.050960735171261484,0.7723264752430476,0.09561262332936814,0.201595769793683,2
0.2,0.30999999999999994,0.37415383050989126,0.05199043709400903,0.747343432059688,0.09721772889032676,0.20336282314724813,2
0.2,0.32999999999999996,0.3787065464582044,0.052985982632464956,0.7187429346597333,0.09869605712511642,0.2045978195111277,2
0.2,0.35,0.38347097511796596,0.054222899626935106,0.6917250734795388,0.10056288261637701,0.20639803552515296,2
0.2,0.36999999999999994,0.387651282801704,0.0553810641035344,0.6617680307483609,0.10220864251418595,0.20745917441596734,2
0.2,0.38999999999999996,0.39164223669319753,0.05671608493723001,0.6322631697942573,0.10409454680811464,0.20869714473350348,2
0.2,0.4099999999999999,0.3951368606726473,0.057710801241421514,0.5969929911824553,0.10524742411862008,0.2080903445449674,2
0.2,0.42999999999999994,0.39869165477690643,0.059115229022576016,0.5633054487904138,0.10700136355339869,0.20818536560909784,2
0.2,0.44999999999999996,0.40146113168196096,0.06024111987361278,0.5258874067375084,0.10809931566533827,0.2065590949052901,2
0.2,0.4699999999999999,0.40456318440142797,0.06177787921147976,0.48959981912728917,0.10971223021582734,0.2052801213385155,2
0.2,0.48999999999999994,0.4072208698790518,0.06343798038065958,0.4525209134071897,0.11127635620665212,0.20322891810935675,2
0.2,0.5099999999999999,0.4097611389192757,0.06554924208688837,0.41600723490843317,0.11325341991475218,0.20103796776836927,2
0.2,0.5299999999999999,0.41177307667108026,0.06758718000403144,0.3790413746326023,0.11471876283016286,0.19724921759182995,2
0.2,0.5499999999999999,0.4137605568662924,0.07026375002899626,0.3424146506895772,0.11660090462900587,0.19294714178334374,2
0.2,0.57,0.4158034136418846,0.07365829906946549,0.30782274474338683,0.11887196053608068,0.18817724458204332,2
0.2,0.59,0.4179949402404712,0.07833157271359519,0.27662220212525435,0.12209055756517401,0.18364528766341956,2
0.2,0.6099999999999999,0.4193397618149115,0.08272981568762693,0.2440651141758987,0.12357267550010016,0.1755827003464485,2
0.2,0.6299999999999999,0.42148691650206377,0.0902379384933697,0.21693420755143566,0.1274574920297556,0.16937334510150043,2
0.2,0.6499999999999999,0.422775091973969,0.09820796981843904,0.1883337101514809,0.12909724912824486,0.15912737831435778,2
0.2,0.6699999999999999,0.4237435576556872,0.10867442733758918,0.16357675785665837,0.1305897748296557,0.1485656789667139,2
0.2,0.69,0.42419708104010767,0.12163480296527507,0.1409676690029392,0.13058959053304012,0.1366245946182838,2
0.2,0.7099999999999999,0.42283765017773306,0.13579597738924676,0.11677594392945964,0.12556980489880265,0.12014142494940802,2
0.2,0.7299999999999999,0.4203180460435778,0.15342264635712974,0.09450599140854624,0.11696397341727877,0.10236818259740897,2
0.2,0.7499999999999999,0.4167188508233622,0.17717797969000534,0.07494912955007914,0.10533841754051478,0.08472626897715076,2
0.25,0.01,0.2504097290175378,0.03726738934056007,0.9327379606601854,0.07167116909740018,0.1606603215153592,2
0.25,0.03,0.25968356560960976,0.03802251509398227,0.9304770517748134,0.07305956338234446,0.16340362342720788,2
0.25,0.049999999999999996,0.27133820864133457,0.03903971067596183,0.9274248247795613,0.07492545355745213,0.16706784127333227,2
0.25,0.06999999999999999,0.28527346509971974,0.040202868031972476,0.9193985982364911,0.07703710720121244,0.17108922388222972,2
0.25,0.08999999999999998,0.299547042850097,0.04153947694084646,0.9106940990278092,0.0794547839551834,0.1756497470783185,2
0.25,0.10999999999999997,0.31300712899233757,0.043000436580015414,0.9018765543748587,0.0820870567293792,0.18056555176831116,2
0.25,0.12999999999999998,0.3253737530161165,0.044390983204782214,0.8906850553922677,0.08456720887424397,0.18506165590135057,2
0.25,0.15,0.33657735110146175,0.045707600688994314,0.8789283291883337,0.08689626653404042,0.18918471728138522,2
0.25,0.16999999999999998,0.34609274338285495,0.04690677447017028,0.865702012208908,0.08899166792558075,0.1927568917259016,2
0.25,0.18999999999999997,0.35512988226025305,0.048184143222506394,0.8519104680081393,0.09120946951817291,0.1964710299086472,2
0.25,0.20999999999999996,0.3636974687383951,0.04936631098171717,0.83574496947773,0.09322589594209478,0.19965756014302535,2
0.25,0.22999999999999998,0.3708033786092264,0.05054317869427796,0.8189011982817093,0.09520993106348861,0.20267812676615912,2
0.25,0.24999999999999997,0.37762986956848305,0.05186447371307801,0.8017182907528827,0.09742628119268891,0.2060130718954248,2
0.25,0.26999999999999996,0.38402484235404427,0.05300719822387475,0.7800135654533122,0.0992684347957444,0.20838996104013774,2
0.25,0.29,0.3898548825875691,0.054287911287385165,0.7581957947094732,0.10132108678082347,0.21100617256762458,2
0.25,0.30999999999999994,0.3951912447384612,0.055419381837747354,0.7335518878589193,0.10305316234565451,0.2127917729696405,2
0.25,0.32999999999999996,0.40005076307824455,0.05646935283840423,0.7051774813475017,0.10456530302649335,0.21384837951059643,2
0.25,0.35,0.40511562428036924,0.0577962297592787,0.6782726656115758,0.10651612387825207,0.21552188624754842,2
0.25,0.36999999999999994,0.4096232607769516,0.05912794765216676,0.6496721682116211,0.10839101488089625,0.21673706441393875,2
0.25,0.38999999999999996,0.4138722266023512,0.06053351573187415,0.6202803527017862,0.11030254296914263,0.2176897197448186,2
0.25,0.4099999999999999,0.4176514250300942,0.061677416283885095,0.5859145376441329,0.11160637381567615,0.2170108358873872,2
0.25,0.42999999999999994,0.4214397810345571,0.06325511603239076,0.5527922224734343,0.11352028972049401,0.21696690034608218,2
0.25,0.44999999999999996,0.42443826081855995,0.0645165849315262,0.5160524530861407,0.11469416981772043,0.21504413939947806,2
0.25,0.4699999999999999,0.4277745272149425,0.06628318446117633,0.4806692290300701,0.11650113021439824,0.21359750032652486,2
0.25,0.48999999999999994,0.4306770209419688,0.06823345763593791,0.44472077775265656,0.11831401031563435,0.21141671772052584,2
0.25,0.5099999999999999,0.4334081150693893,0.07056849007630608,0.40877232647524303,0.12035881305440445,0.20871572871572866,2
0.25,0.5299999999999999,0.43560460240901827,0.07287592531212021,0.3728238751978295,0.12192011238239589,0.20449162316000943,2
0.25,0.5499999999999999,0.43778654526243926,0.07584891262876764,0.3371015148089532,0.12383463798509167,0.19960106560998137,2
0.25,0.57,0.43999358365503244,0.0796602114767732,0.3031878815283744,0.12617020275673896,0.1942014713549209,2
0.25,0.59,0.4423842159230789,0.08506363027461487,0.2727786570201221,0.1296858624674173,0.18925193330300702,2
0.25,0.6099999999999999,0.44381022951013316,0.08994976995483517,0.24089984173637802,0.13098933521836678,0.1803639441388066,2
0.25,0.6299999999999999,0.4459721880237671,0.09804327570141837,0.21410807144472077,0.13449794063343276,0.17311981280391942,2
0.25,0.6499999999999999,0.4472796849746057,0.10690192008303062,0.18629889215464618,0.13585030088203776,0.1622047244094488,2
0.25,0.6699999999999999,0.4481108680157877,0.11817131539858063,0.16188107619262943,0.13661514978057623,0.15073049555808177,2
0.25,0.69,0.44834141975844766,0.13209770730662096,0.13938503278317885,0.13564356435643565,0.13786394740373006,2
0.25,0.7099999999999999,0.44660395710052536,0.1464603038119805,0.11553244404250508,0.12917087967644084,0.12062697700769558,2
0.25,0.7299999999999999,0.4436341381497624,0.16414944356120828,0.09337553696586028,0.1190373252630062,0.10218725257323831,2
0.25,0.7499999999999999,0.4397449061335359,0.18728620296465223,0.07427085688446755,0.10636231180184555,0.08446467139771674,2
0.3,0.01,0.26545715862896907,0.03943736160831862,0.9140854623558671,0.07561249298672153,0.16816544518297297,2
0.3,0.03,0.2742421765419542,0.04021135009844728,0.9119375989147638,0.07702627219386902,0.17091174115144556,2
0.3,0.049999999999999996,0.2856108423088262,0.04125277070848042,0.9088853719195117,0.07892334422946667,0.17457008858780618,2
0.3,0.06999999999999999,0.2993860337806305,0.04245541728568614,0.9013113271535157,0.08109111435443926,0.17862183608819748,2
0.3,0.08999999999999998,0.31388751426469624,0.04386359471571126,0.8929459642776396,0.08361959910441599,0.1833012322186898,2
0.3,0.10999999999999997,0.3276576972112766,0.04542683103866768,0.8843545105132263,0.08641477545745263,0.1884197596281221,2
0.3,0.12999999999999998,0.3403173853108736,0.046917614758031696,0.8731630115306354,0.0890502954316184,0.19308744931579447,2
0.3,0.15,0.35191362016551514,0.04833614554127602,0.8614062853267014,0.09153592965427769,0.19737864580635134,2
0.3,0.16999999999999998,0.36168527057982613,0.04964205846157918,0.8481799683472756,0.09379453459009426,0.20112477617061428,2
0.3,0.18999999999999997,0.3710766492854943,0.051040939230721366,0.8345014695907755,0.09619807786284411,0.205040747057157,2
0.3,0.20999999999999996,0.37999221792545884,0.052344665037523316,0.8184490165046349,0.09839630334329981,0.20840769611624776,2
0.3,0.22999999999999998,0.3874625031568532,0.05363825363825364,0.8020574270856885,0.10055200856003005,0.2115901919968508,2
0.3,0.24999999999999997,0.3946564642674271,0.05508807271054573,0.7852136558896676,0.10295327379849557,0.21508239767639176,2
0.3,0.26999999999999996,0.40140050645102926,0.05636492515531835,0.7640741578114402,0.10498520514752138,0.2176124765774409,2
0.3,0.29,0.407559403422927,0.057787043879094974,0.7425955234004069,0.10722972200910857,0.22034751106936803,2
0.3,0.30999999999999994,0.4132365019621685,0.05910945472457411,0.7189690255482704,0.10923799627285453,0.22240717298102547,2
0.3,0.32999999999999996,0.4184293172842623,0.060279456863653845,0.6910468008139272,0.11088638363097128,0.22343652911290618,2
0.3,0.35,0.4238590867111047,0.0617881907963858,0.664820257743613,0.11306788687443524,0.22521522012193257,2
0.3,0.36999999999999994,0.42868522023877437,0.06329298854837441,0.6366719421207325,0.11513968250723201,0.22642662442609374,2
0.3,0.38999999999999996,0.4332182584474546,0.06487366580232769,0.6080714447207778,0.11723935005067512,0.2273476529810058,2
0.3,0.4099999999999999,0.43729657831463986,0.0662167971548793,0.5746099932172734,0.1187491969302293,0.22662220121804416,2
0.3,0.42999999999999994,0.4413742584957852,0.06807611593216494,0.5427311779335293,0.12097769938263828,0.2266589870453601,2
0.3,0.44999999999999996,0.44463098037314674,0.06951855068867105,0.5066696812118472,0.12226192749393056,0.224423169363884,2
0.3,0.4699999999999999,0.44825140230476235,0.07160726525017135,0.4724169115984626,0.12436389608070708,0.22289426523297493,2
0.3,0.48999999999999994,0.45133228829994393,0.07373219155875117,0.437033687542392,0.12617699374989802,0.2201168338704351,2
0.3,0.5099999999999999,0.45438160339701744,0.07645062921444831,0.4024417815962017,0.1284920233884357,0.21720561317876758,2
0.3,0.5299999999999999,0.4567848919145194,0.0790869713340147,0.3673976938729369,0.1301561874249099,0.21247940584220298,2
0.3,0.5499999999999999,0.4591928924960005,0.08258502637782018,0.33269274248247793,0.13232318690706354,0.2071951562940017,2
0.3,0.57,0.46158540520160485,0.08689519435788093,0.29945738186751075,0.13470290610459942,0.2010809333677451,2
0.3,0.59,0.4641665791983498,0.09309496857800852,0.2696133845806014,0.1384012766574786,0.1954821894005213,2
0.3,0.6099999999999999,0.46562611885877736,0.09849086576648133,0.23829979651820032,0.13937650831432444,0.18560586049624034,2
0.3,0.6299999999999999,0.4679523832585099,0.10770818995182381,0.21229934433642325,0.14291149836389924,0.17777357061719046,2
0.3,0.6499999999999999,0.46916420567230904,0.11739786027141523,0.18482930137915443,0.14359109471742854,0.16578451055545415,2
0.3,0.6699999999999999,0.4698251685273584,0.12964145607152633,0.16063757630567488,0.14348462664714495,0.1533067213291617,2
0.3,0.69,0.46970616704232304,0.14432381401935332,0.13825457834049287,0.14122401847575058,0.13942724246431668,2
0.3,0.7099999999999999,0.46752787575102994,0.1593449850417257,0.11440198959981912,0.1331841810883727,0.12124116449023602,2
0.3,0.7299999999999999,0.4641295242320667,0.17681347150259066,0.0925842188559801,0.12153138447840926,0.10233406637345062,2
0.3,0.7499999999999999,0.4599651007099894,0.2,0.07381867510739318,0.10783585170506152,0.08447825299490284,2
0.35,0.01,0.2769397957020379,0.041312832333604,0.8914763735021478,0.07896620955184723,0.17426160896985443,2
0.35,0.03,0.2853333822306992,0.04207891668716775,0.8894415555053131,0.08035623097820536,0.17691553564843543,2
0.35,0.049999999999999996,0.2962233463729106,0.04313193005216952,0.886954555731404,0.08226345064035691,0.18054130175663052,2
0.35,0.06999999999999999,0.30971367943626815,0.04432543299908842,0.8794935564096766,0.08439734007354935,0.18444410727155483,2
0.35,0.08999999999999998,0.3243050746961855,0.045800711110055854,0.8722586479764866,0.0870315540140428,0.18925402128004,2
0.35,0.10999999999999997,0.3382161146875304,0.04742845086504331,0.8640063305448791,0.08992082073484947,0.19444670587995846,2
0.35,0.12999999999999998,0.35115545723350056,0.049006940702121166,0.8532670133393624,0.092690264943358,0.19925766751318616,2
0.35,0.15,0.363124817119435,0.05050888858732528,0.8415102871354284,0.09529783774787808,0.20365060952922895,2
0.35,0.16999999999999998,0.3732403083629466,0.051898752106970356,0.8283970156002713,0.09767801444909494,0.20749566773510325,2
0.35,0.18999999999999997,0.3829271029731774,0.05338784700619204,0.8148315622880398,0.10020992923577417,0.21150731237822487,2
0.35,0.20999999999999996,0.3921515330935748,0.054757365818880674,0.7987791092018992,0.10248897656068694,0.2148686947319767,2
0.35,0.22999999999999998,0.39991691666819845,0.05614032242369198,0.7826136106714899,0.10476536372028268,0.21811594202898552,2
0.35,0.24999999999999997,0.4074617683299948,0.05771735521712111,0.7664481121410807,0.10735067094169339,0.2217817118407882,2
0.35,0.26999999999999996,0.41451839983449584,0.05908968730400502,0.7455347049513905,0.10950056452148503,0.22432888417214306,2
0.35,0.29,0.4209592016858261,0.06059230681947123,0.7243952068731631,0.1118305090661594,0.2270086438996741,2
0.35,0.30999999999999994,0.42691795824711126,0.06203813885583433,0.7013339362423694,0.11399277898740456,0.22912096434665072,2
0.35,0.32999999999999996,0.43238424244420015,0.06333750982182676,0.674316075062175,0.11579826059947197,0.23019866936293049,2
0.35,0.35,0.4380529278301543,0.06499258101419235,0.6486547592132037,0.11814728259191005,0.23198648025810417,2
0.35,0.36999999999999994,0.44311411811874235,0.0666327075146752,0.6210716708116663,0.12035312931279984,0.23312060830306527,2
0.35,0.38999999999999996,0.4479294351758609,0.06838085805139968,0.5931494460773231,0.12262497370819603,0.2339987156159692,2
0.35,0.4099999999999999,0.4522524738420172,0.06989360952582259,0.5607054035722361,0.12429364373331997,0.23319448231765227,2
0.35,0.42999999999999994,0.45656598181089,0.07192742789605366,0.5297309518426407,0.12665720656801135,0.23305780191578884,2
0.35,0.44999999999999996,0.4600034530704921,0.07350840936203101,0.4945738186751074,0.12799321270277783,0.23050336666631543,2
0.35,0.4699999999999999,0.46383492434752,0.07580516270512368,0.461112367171603,0.13020509137339398,0.22866144204141578,2
0.35,0.48999999999999994,0.46716482882621224,0.07819807143152754,0.4271987338910242,0.13219757923459036,0.2257197467447139,2
0.35,0.5099999999999999,0.47042196620253773,0.08116421597185003,0.39373728238751976,0.13458528951486698,0.22242231503122725,2
0.35,0.5299999999999999,0.47301792734763365,0.08408868687402553,0.3597106036626724,0.13631203547025939,0.21727552065551384,2
0.35,0.5499999999999999,0.47556300006396923,0.08787961862986993,0.3261361067148994,0.13845230953809237,0.21146995440751765,2
0.35,0.57,0.4780343013032158,0.09249172273843853,0.29369206420981236,0.14067957222147015,0.20465394734769116,2
0.35,0.59,0.48073127182623193,0.09919105501672949,0.26475243047705177,0.14431401546661737,0.19849139757606574,2
0.35,0.6099999999999999,0.48225471756418054,0.10510586566710567,0.23456929685733666,0.14516580383377642,0.18820520262670973,2
0.35,0.6299999999999999,0.4844834451719487,0.11471848035259792,0.20890798100836536,0.14810659186535766,0.17944186588468336,2
0.35,0.6499999999999999,0.4856234820481933,0.12520413718018508,0.1820031652724395,0.1483529140750979,0.1668635864270464,2
0.35,0.6699999999999999,0.4862375835561383,0.13839329719073434,0.15871580375310876,0.14785951240061082,0.15418744097168838,2
0.35,0.69,0.4858779530456934,0.15350431691213814,0.13667194212073253,0.14459992823824902,0.13973647711511789,2
0.35,0.7099999999999999,0.48346316802655576,0.16940260619394146,0.11315848971286457,0.1356828193832599,0.12120698423461604,2
0.35,0.7299999999999999,0.4798041524075443,0.1875434128270433,0.09156680985756274,0.1230535510824155,0.10200740498199128,2
0.35,0.7499999999999999,0.47557434375442836,0.21209150326797385,0.07336649333031879,0.10902066185116747,0.08440849027156384,2
0.39999999999999997,0.01,0.28594904748675604,0.04287174418474049,0.8629889215464617,0.08168549905838042,0.1788240805809323,2
0.39999999999999997,0.03,0.2938752725570041,0.04361866590323504,0.8611801944381642,0.08303178270915987,0.18135159069483986,2
0.39999999999999997,0.049999999999999996,0.3042017118425548,0.04463063391246614,0.858693194664255,0.0848511251487073,0.18474469916967032,2
0.39999999999999997,0.06999999999999999,0.31707584826627705,0.04579465951846921,0.8516843771196021,0.08691589324134907,0.1884432794233145,2
0.39999999999999997,0.08999999999999998,0.3315168337960665,0.04726849568044119,0.8449016504634863,0.08952828154572243,0.19312461886698848,2
0.39999999999999997,0.10999999999999997,0.34543146704772854,0.04891968478971669,0.8372145602532218,0.09243807609977721,0.19825993842859058,2
0.39999999999999997,0.12999999999999998,0.3586160674991206,0.050547779505788835,0.8267013339362423,0.09527035389295276,0.2030723262930484,2
0.39999999999999997,0.15,0.3708707954166905,0.052123524226528516,0.8155098349536514,0.09798435292839291,0.20755411828340603,2
0.39999999999999997,0.16999999999999998,0.381352382541495,0.05361643050085261,0.803300926972643,0.10052341208091668,0.2115913719791803,2
0.39999999999999997,0.18999999999999997,0.39131202668654086,0.05518488396882674,0.7900746099932173,0.10316400109230735,0.21566860662465823,2
0.39999999999999997,0.20999999999999996,0.4008426039138589,0.056607984130919914,0.7742482477956139,0.10550232601127577,0.2189942061979613,2
0.39999999999999997,0.22999999999999998,0.4088624262288742,0.05807082356401893,0.7587610219308162,0.10788481784792935,0.22230023780031397,2
0.39999999999999997,0.24999999999999997,0.4167226143298865,0.05971342643491218,0.7429346597332127,0.1105420293511627,0.2259304332281375,2
0.39999999999999997,0.26999999999999996,0.4240400375456943,0.06113741808963505,0.7224734343205969,0.112734937952567,0.228382135378326,2
0.39999999999999997,0.29,0.43079561626122537,0.06270890345252401,0.702012208907981,0.11513325608342989,0.231004441534673,2
0.39999999999999997,0.30999999999999994,0.437039499390622,0.06421048133826138,0.6795161654985304,0.11733359359750146,0.23298810834276498,2
0.39999999999999997,0.32999999999999996,0.44280914235238317,0.06561322254007175,0.6534026678724847,0.1192514803276321,0.23405358126275552,2
0.39999999999999997,0.35,0.44877724034785643,0.06737747622220876,0.6286457155776622,0.12171020233965485,0.23579745418465214,2
0.39999999999999997,0.36999999999999994,0.4540504305355095,0.06907920355130967,0.6016278543974678,0.12392883755588674,0.2366890221123228,2
0.39999999999999997,0.38999999999999996,0.45914068769459737,0.07092921033169139,0.5746099932172734,0.12627159696431456,0.23741907760142741,2
0.39999999999999997,0.4099999999999999,0.4636862560259944,0.07260865625660697,0.5435224960434094,0.1281040179047213,0.2366095155607173,2
0.39999999999999997,0.42999999999999994,0.4682386151371969,0.07477112560100112,0.5133393624236944,0.13052976515565265,0.2362249781514004,2
0.39999999999999997,0.44999999999999996,0.4718239782052127,0.07642783718959081,0.47908659281030974,0.13182574614678758,0.2332801233004899,2
0.39999999999999997,0.4699999999999999,0.47580411195128597,0.07880977089486708,0.4464164594166855,0.13396885707500764,0.2309572825527535,2
0.39999999999999997,0.48999999999999994,0.47928188552924206,0.08133226609747421,0.4135202351345241,0.1359295455389989,0.22760079641612746,2
0.39999999999999997,0.5099999999999999,0.4826140998591095,0.08435575141469277,0.38085010174089984,0.13811905542800917,0.22363983962189002,2
0.39999999999999997,0.5299999999999999,0.48532574580159676,0.08742161563998524,0.3482930137915442,0.1397627526140307,0.21811771702040297,2
0.39999999999999997,0.5499999999999999,0.488000879493931,0.09146221786064769,0.31607506217499437,0.14187132129084637,0.21196591563817208,2
0.39999999999999997,0.57,0.4905664308527607,0.09634411888298888,0.285100610445399,0.1440196442337892,0.20483747827358229,2
0.39999999999999997,0.59,0.4933520324885259,0.10340759562593584,0.25763056748813024,0.14757973126113,0.198439649617749,2
0.39999999999999997,0.6099999999999999,0.4949038701035294,0.10961351088015589,0.22891702464390684,0.14824304538799415,0.18799435552749824,2
0.39999999999999997,0.6299999999999999,0.4971364283680379,0.11973230850781871,0.20427311779335292,0.15097334781518923,0.178995958475315,2
0.39999999999999997,0.6499999999999999,0.4982053972893415,0.13078136676907748,0.17804657472303867,0.15079707022834984,0.16604465810614208,2
0.39999999999999997,0.6699999999999999,0.4986256068113412,0.1442984760903836,0.15521139498078226,0.14955612439409618,0.15289872825675405,2
0.39999999999999997,0.69,0.4980858011262503,0.1597137842581342,0.13373276056974903,0.14557312496154556,0.138230001635858,2
0.39999999999999997,0.7099999999999999,0.49553323025452206,0.1761750986724076,0.11101062627176125,0.1361997226074896,0.11987890033693051,2
0.39999999999999997,0.7299999999999999,0.4919206256206552,0.19535452322738386,0.09032330997060818,0.12353123067408782,0.10120585701981051,2
0.39999999999999997,0.7499999999999999,0.4874604966392695,0.21928620452985587,0.07223603888763283,0.1086734693877551,0.0834247219175936,2
0.44999999999999996,0.01,0.2934788607924372,0.04457399318966658,0.8375536965860276,0.08464333043915367,0.18375313736966897,2
0.44999999999999996,0.03,0.30071134897785695,0.045296700739225496,0.8360841058105358,0.08593754538852579,0.18614437514786344,2
0.44999999999999996,0.049999999999999996,0.3106128444914403,0.04631105866402199,0.8340492878137011,0.08774976213130352,0.1894729273027972,2
0.44999999999999996,0.06999999999999999,0.3228960391806144,0.04744156500771355,0.827379606601854,0.08973761647866602,0.192952577797931,2
0.44999999999999996,0.08999999999999998,0.3370532019557579,0.04892504984104747,0.8211621071670812,0.09234798306614628,0.19754590549125406,2
0.44999999999999996,0.10999999999999997,0.35078806747876773,0.0506096061276835,0.8141532896224282,0.09529543304377741,0.202657452065125,2
0.44999999999999996,0.12999999999999998,0.36413213899200975,0.052270288544928045,0.8039791996382546,0.09815883181052806,0.2074122464216138,2
0.44999999999999996,0.15,0.37654880541747643,0.053916370845050944,0.7932398824327379,0.10096983999079083,0.21195553676070802,2
0.44999999999999996,0.16999999999999998,0.3873111982819158,0.055494911227405526,0.7815962016730725,0.10363175802269287,0.2161003175555722,2
0.44999999999999996,0.18999999999999997,0.39758470529983386,0.057127252867285636,0.7685959755821841,0.10634986430576955,0.22017629647860415,2
0.44999999999999996,0.20999999999999996,0.40747698353061795,0.058605674070815926,0.7531087497173864,0.10874870430375201,0.22346855942948768,2
0.44999999999999996,0.22999999999999998,0.4157870500106389,0.06011935460104619,0.7379606601853945,0.11118112918334327,0.22671704823294064,2
0.44999999999999996,0.24999999999999997,0.4239072305952283,0.061820468175662606,0.7224734343205969,0.11389517580596296,0.23028307053702687,2
0.44999999999999996,0.26999999999999996,0.4315058428439791,0.06332711879947431,0.7026904815735926,0.11618365840210088,0.23273751132610956,2
0.44999999999999996,0.29,0.4385805076505593,0.065007421429647,0.683246665159394,0.11871930858377529,0.23543526698764392,2
0.44999999999999996,0.30999999999999994,0.4450781114886937,0.06653925349533008,0.6612028035270179,0.1209108104476532,0.2372107359251178,2
0.44999999999999996,0.32999999999999996,0.45106556168951983,0.06798839458413926,0.6357675785665837,0.12284035559050302,0.23809523809523808,2
0.44999999999999996,0.35,0.45730068714422667,0.0698634733011588,0.6120280352701786,0.12541116516099143,0.23981643898722518,2
0.44999999999999996,0.36999999999999994,0.4627771421633935,0.07163997455259591,0.5855754013113271,0.12766167192429023,0.2405051536818646,2
0.44999999999999996,0.38999999999999996,0.4680352809913848,0.07354034680705511,0.5590097219082071,0.1299810745452634,0.24092335275661136,2
0.44999999999999996,0.4099999999999999,0.47275557240544064,0.07528491404288198,0.5287135428442233,0.13180216993095675,0.23982647577634655,2
0.44999999999999996,0.42999999999999994,0.47748471067938064,0.07748358324261685,0.49886954555731405,0.1341337386018237,0.23895904178128183,2
0.44999999999999996,0.44999999999999996,0.4812233084744065,0.07924753313200869,0.4657472303866154,0.13544834388098956,0.23577077586897557,2
0.44999999999999996,0.4699999999999999,0.4853745268497805,0.0817717206132879,0.43409450599140853,0.13761961079453822,0.23316817254444766,2
0.44999999999999996,0.48999999999999994,0.48897945385531755,0.08440480144233051,0.4022156907076645,0.13952941176470587,0.22943588949934227,2
0.44999999999999996,0.5099999999999999,0.49243087242229877,0.08759280029909737,0.3707890572009948,0.14170915060917652,0.22518193052313606,2
0.44999999999999996,0.5299999999999999,0.49525531931128103,0.0908320726172466,0.3393624236943251,0.14330723696772962,0.21933541806704268,2
0.44999999999999996,0.5499999999999999,0.4980781217687189,0.09516174010039041,0.30861406285326703,0.14546810891458412,0.21304157822449749,2
0.44999999999999996,0.57,0.5006981204486117,0.10021556106885753,0.2785439746778205,0.14739927616426884,0.20543262576912172,2
0.44999999999999996,0.59,0.503591370884464,0.10769453562463796,0.25220438616323765,0.15093701373384752,0.19884135472370768,2
0.44999999999999996,0.6099999999999999,0.5051233164238855,0.11407390379863226,0.224395206873163,0.15125538156741722,0.18802690158188878,2
0.44999999999999996,0.6299999999999999,0.5073200736682532,0.12455241171101594,0.20054261813248925,0.15366624799688164,0.17873335079694522,2
0.44999999999999996,0.6499999999999999,0.5084460903973761,0.13617245005257625,0.17567262039339815,0.15342087076710437,0.1660398324643132,2
0.44999999999999996,0.6699999999999999,0.5087160171819917,0.14980114891736632,0.15328962242821614,0.1515253100905129,0.15257899000810152,2
0.44999999999999996,0.69,0.5080519370765765,0.16541778594655734,0.13226316979425728,0.14699415792449275,0.13778646630708716,2
0.44999999999999996,0.7099999999999999,0.5053239619891335,0.18181818181818182,0.1098801718290753,0.13697857948139797,0.11932236680579426,2
0.44999999999999996,0.7299999999999999,0.5017174052613264,0.20162519045200608,0.08975808274926521,0.12421777221526908,0.10096129393214993,2
0.44999999999999996,0.7499999999999999,0.4972012064063606,0.22625400213447172,0.07189690255482704,0.1091189843012782,0.08325697080769734,2
0.49999999999999994,0.01,0.30032206448082993,0.04649430239111704,0.8113271535157133,0.08794858126696445,0.18912024959551402,2
0.49999999999999994,0.03,0.30694340029131023,0.04716981132075472,0.8099706081844902,0.08914796197680784,0.19128907209448853,2
0.49999999999999994,0.049999999999999996,0.3162215043026773,0.048183110643946286,0.8083879719647298,0.09094551027286196,0.19453527533093573,2
0.49999999999999994,0.06999999999999999,0.3279059477494804,0.04933255545832118,0.8029617906398372,0.09295417070170388,0.1980029660024754,2
0.49999999999999994,0.08999999999999998,0.3415371382135976,0.050810826387338,0.7973095184264074,0.09553350716196539,0.2024478595580764,2
0.49999999999999994,0.10999999999999997,0.3551714796622912,0.05251261564339781,0.7905267917702916,0.09848324813046601,0.2074434002563007,2
0.49999999999999994,0.12999999999999998,0.36855504958658153,0.054224008667048726,0.7808048835631924,0.10140576252523399,0.2121796722842415,2
0.49999999999999994,0.15,0.38107163736685323,0.0559216735467669,0.770291657246213,0.10427330808370634,0.21668479263258988,2
0.49999999999999994,0.16999999999999998,0.39212874689630683,0.05757640704702302,0.7592132037078906,0.10703556430341618,0.22087891126035167,2
0.49999999999999994,0.18999999999999997,0.4026624750848465,0.0592845280308811,0.7465521139498078,0.10984605916451128,0.22496406161644375,2
0.49999999999999994,0.20999999999999996,0.41286968914199895,0.06086196033440224,0.7316301153063531,0.11237574336936233,0.22833273357182673,2
0.49999999999999994,0.22999999999999998,0.42149205671608186,0.06246860812101754,0.7170472529957043,0.1149250351044073,0.23162653462164864,2
0.49999999999999994,0.24999999999999997,0.42993488507403543,0.06426982566861518,0.7022382997965182,0.11776191694865451,0.23523352948749993,2
0.49999999999999994,0.26999999999999996,0.43777680265785696,0.06587224578350032,0.6830205742708569,0.12015631059272738,0.237673770917416,2
0.49999999999999994,0.29,0.4450473594586657,0.06755123882297433,0.6635767578566584,0.12261993043877882,0.24002093538652772,2
0.49999999999999994,0.30999999999999994,0.45178598432380473,0.06915482842152673,0.6422111688898937,0.12486400351667674,0.24167680566309038,2
0.49999999999999994,0.32999999999999996,0.45800830043252017,0.07069766238470394,0.617793352927877,0.12687615355148757,0.2424901273461419,2
0.49999999999999994,0.35,0.46448447538245885,0.07262407821691938,0.5945059914085462,0.12943637706128477,0.243928458784022,2
0.49999999999999994,0.36999999999999994,0.4702710032979624,0.07456854444806252,0.5695229482251866,0.1318710082713852,0.24469139160336487,2
0.49999999999999994,0.38999999999999996,0.4757634103572718,0.0765924251349243,0.5438616323762152,0.13427482940035446,0.24496675051172645,2
0.49999999999999994,0.4099999999999999,0.4806785847764981,0.07846548724397513,0.5149219986434547,0.13617949982809394,0.24375234119976452,2
0.49999999999999994,0.42999999999999994,0.48551323463730856,0.08067908653846154,0.48564322857788833,0.13837085708764132,0.24235039263471436,2
0.49999999999999994,0.44999999999999996,0.48937232561519917,0.08244390976206634,0.45319918607280124,0.13950898682859778,0.23859970718120244,2
0.49999999999999994,0.4699999999999999,0.4936678998460206,0.0850351751929513,0.42222473434320595,0.14156038583259112,0.23547732230446242,2
0.49999999999999994,0.48999999999999994,0.49746617358091855,0.08786663960215163,0.39147637350214787,0.1435202453479216,0.2314963367024975,2
0.49999999999999994,0.5099999999999999,0.5009892578311643,0.09113497458159593,0.3607280126610898,0.14550843593251253,0.22663996136253867,2
0.49999999999999994,0.5299999999999999,0.5039380873903365,0.09463395689041362,0.33054487904137464,0.1471417069243156,0.22057270450499383,2
0.49999999999999994,0.5499999999999999,0.5068838039514149,0.09907696888491886,0.3009269726430025,0.1490731925855407,0.2138083916982587,2
0.49999999999999994,0.57,0.5095656415457134,0.10437915021049433,0.2718742934659733,0.15084517201367328,0.20581942661531877,2
0.49999999999999994,0.59,0.5125838820988927,0.11230001543289264,0.246778204838345,0.1543574332685169,0.19909527023329623,2
0.49999999999999994,0.6099999999999999,0.5140264089594868,0.1187393110188126,0.2197603436581506,0.15417558886509636,0.18780431254347324,2
0.49999999999999994,0.6299999999999999,0.5162639710705427,0.1297124124571599,0.19681211847162558,0.15636788216274475,0.17835921812891856,2
0.49999999999999994,0.6499999999999999,0.5174538726818461,0.14203543928008164,0.17307257517522043,0.15602547770700637,0.16582544462015034,2
0.49999999999999994,0.6699999999999999,0.5175914306282633,0.15595474163070103,0.15114175898711282,0.15351053447385038,0.15208044225038106,2
0.49999999999999994,0.69,0.5167589753936447,0.1717773146769872,0.13045444268595977,0.14829092778206115,0.13704812122939528,2
0.49999999999999994,0.7099999999999999,0.5138151637643417,0.18795369825387484,0.10829753560931495,0.13741662482966363,0.1183271164249895,2
0.49999999999999994,0.7299999999999999,0.5101570936522576,0.20834440605899548,0.08862762830657925,0.12435561900229994,0.10013538713055918,2
0.49999999999999994,0.7499999999999999,0.5055678744578992,0.23389199255121043,0.07099253900067827,0.10892377070505593,0.08248180934618718,2
0.5499999999999999,0.01,0.30697703453599595,0.048861543671989104,0.7828397015600271,0.09198196223758576,0.19549886794157334,2
0.5499999999999999,0.03,0.3128624005207012,0.049482130458745804,0.7814831562288039,0.0930711597880891,0.1974116316658195,2
0.5499999999999999,0.049999999999999996,0.32141265354078546,0.05046663350984465,0.7800135654533122,0.09479975269629731,0.20045552792432658,2
0.5499999999999999,0.06999999999999999,0.33211372731539607,0.051568022862299764,0.7751526113497627,0.09670276978620183,0.20364826496548938,2
0.5499999999999999,0.08999999999999998,0.34507283027412883,0.05302847537296591,0.770291657246213,0.0992260253525844,0.20789475289997014,2
0.5499999999999999,0.10999999999999997,0.3585000543089814,0.05477410943484845,0.7646393850327832,0.1022254127781766,0.21287443429657651,2
0.5499999999999999,0.12999999999999998,0.37184287532421556,0.05653387465110378,0.7555957494912955,0.10519689005004879,0.21755829546786098,2
0.5499999999999999,0.15,0.3845121215717879,0.058286330604522874,0.7453086140628533,0.10811741554608069,0.22198952174440062,2
0.5499999999999999,0.16999999999999998,0.3958505029169889,0.06004414195609815,0.735021478634411,0.11101909794848591,0.2262808778389515,2
0.5499999999999999,0.18999999999999997,0.4066885869952421,0.06182964689497761,0.722699525209134,0.11391356253842111,0.23032691794986343,2
0.5499999999999999,0.20999999999999996,0.41712522251528666,0.0634613436011754,0.7080036174542166,0.11648192233298617,0.2335650461685338,2
0.5499999999999999,0.22999999999999998,0.4260258046748168,0.06514357265646555,0.6939859823649107,0.11910674789492065,0.23680393760318463,2
0.5499999999999999,0.24999999999999997,0.4347440142165448,0.0670091604074264,0.6797422563870676,0.12199229052546155,0.24029316325388833,2
0.5499999999999999,0.26999999999999996,0.44292710797933554,0.06869350862777321,0.6615419398598237,0.12446297162788719,0.242672549637567,2
0.5499999999999999,0.29,0.45048440085705943,0.07041311670299187,0.6427763961112367,0.12692247594812384,0.24479920093683266,2
0.5499999999999999,0.30999999999999994,0.45748681740051506,0.07207514049543472,0.6219760343658151,0.1291807050702605,0.24623839743647122,2
0.5499999999999999,0.32999999999999996,0.4639984520229514,0.07369095187046654,0.5983495365136785,0.13122110247542548,0.2468496702763709,2
0.5499999999999999,0.35,0.47077955414514144,0.0757890982583368,0.5765317657698394,0.133967269957183,0.2483540457361019,2
0.5499999999999999,0.36999999999999994,0.4769352467389098,0.07792331962902763,0.5527922224734343,0.13659217877094973,0.24913896757627016,2
0.5499999999999999,0.38999999999999996,0.4827264356251826,0.08016942758171279,0.5284874519556861,0.13921977367480642,0.2494717069734679,2
0.5499999999999999,0.4099999999999999,0.4878210767955576,0.08217474430605312,0.5004521817770744,0.14116934262344744,0.247991754148134,2
0.5499999999999999,0.42999999999999994,0.4928596987005985,0.0845563675378044,0.4721908207099254,0.14342862048244484,0.24633476050623357,2
0.5499999999999999,0.44999999999999996,0.4967909807348799,0.08630464632147761,0.4405380963147185,0.14433333333333334,0.24193548387096772,2
0.5499999999999999,0.4699999999999999,0.5012885614479494,0.08913075452272393,0.411033235360615,0.14649476228847705,0.23865157919609334,2
0.5499999999999999,0.48999999999999994,0.5052679590473209,0.09210023475459955,0.38141532896224284,0.14837291116974494,0.2342469938071038,2
0.5499999999999999,0.5099999999999999,0.5088658088733167,0.09548664415105926,0.3515713316753335,0.1501835039598223,0.22883126821084854,2
0.5499999999999999,0.5299999999999999,0.5119872542234062,0.09922469839724646,0.3226316979425729,0.15177218219043315,0.22245779225840645,2
0.5499999999999999,0.5499999999999999,0.514900917471259,0.10362859766077202,0.29346597332127516,0.1531698970410361,0.21477620584098617,2
0.5499999999999999,0.57,0.5177246046923863,0.10931399888455103,0.2658828849197377,0.15493050523680918,0.20667838312829526,2
0.5499999999999999,0.59,0.520717659419934,0.1173786354390016,0.24135202351345242,0.15794340669502496,0.199260821682564,2
0.5499999999999999,0.6099999999999999,0.522104242393841,0.12389207507820646,0.21489938955460094,0.15717238528317487,0.18737186563633493,2
0.5499999999999999,0.6299999999999999,0.5242634372324919,0.13504314097997308,0.19285552792222474,0.1588528329996741,0.177645417248058,2
0.5499999999999999,0.6499999999999999,0.5253842275117848,0.1474767270945615,0.17013339362423693,0.1579969555403916,0.16506174735133475,2
0.5499999999999999,0.6699999999999999,0.5253323520375153,0.16129032258064516,0.1486547592132037,0.1547149832343079,0.15102097066862666,2
0.5499999999999999,0.69,0.5243710918270358,0.17719544532834192,0.12841962468912502,0.14891525201546832,0.13590142361526497,2
0.5499999999999999,0.7099999999999999,0.5213316749970697,0.19333060556464812,0.1068279448338232,0.13761467889908258,0.11732717520858164,2
0.5499999999999999,0.7299999999999999,0.5175279679881435,0.21353591160220994,0.08738412841962469,0.12401732712979303,0.09909240077940723,2
0.5499999999999999,0.7499999999999999,0.5127989219893465,0.2382420971472629,0.06986208455799231,0.10804195804195804,0.08136289430723051,2
0.5999999999999999,0.01,0.312916920163255,0.051218241346325834,0.7445172959529731,0.09584306534820604,0.2008281952296443,2
0.5999999999999999,0.03,0.3178965982311029,0.05177165354330709,0.7432737960660185,0.09680078912886651,0.2024522120405951,2
0.5999999999999999,0.049999999999999996,0.325612448763795,0.05269876442110841,0.742030296179064,0.0984085815161578,0.20520066774623144,2
0.5999999999999999,0.06999999999999999,0.33530477191348873,0.05381365354680898,0.7386389328510061,0.100318581353395,0.20835060553688386,2
0.5999999999999999,0.08999999999999998,0.3475193717506899,0.055235326123920285,0.734456251413068,0.10274373369178462,0.21230916030534347,2
0.5999999999999999,0.10999999999999997,0.3605884428171069,0.056982697740113,0.729708342753787,0.10571049571753763,0.21710030673195932,2
0.5999999999999999,0.12999999999999998,0.3737788569401021,0.058796441268028514,0.7216821162107168,0.108734159967298,0.22172517747738985,2
0.5999999999999999,0.15,0.38655291453768165,0.060596437541499466,0.7118471625593489,0.11168557062156913,0.22602134945190633,2
0.5999999999999999,0.16999999999999998,0.3980389643696902,0.06239948536506915,0.7017861180194438,0.11460852548599701,0.23014413666291003,2
0.5999999999999999,0.18999999999999997,0.4091386430268564,0.0642899996842338,0.6904815735925842,0.11762780083387095,0.23421861938323962,2
0.5999999999999999,0.20999999999999996,0.41989165561049036,0.0660259734527921,0.6764639385032784,0.12030921720598732,0.23743205173987225,2
0.5999999999999999,0.22999999999999998,0.4290295661148686,0.06776743003720564,0.6630115306353154,0.12296628648104663,0.24050684819158533,2
0.5999999999999999,0.24999999999999997,0.4380717805864441,0.0697171986891613,0.6493330318788153,0.1259152089087641,0.243856878428176,2
0.5999999999999999,0.26999999999999996,0.4465247445580895,0.07151987728492906,0.6324892606827944,0.12850842941797969,0.24622845776048724,2
0.5999999999999999,0.29,0.4542998029695704,0.07335589746355803,0.6149672168211621,0.13107644117824227,0.24830431885195767,2
0.5999999999999999,0.30999999999999994,0.46158868176511986,0.07518260671079662,0.5957494912955008,0.13351574573737682,0.24981039059537352,2
0.5999999999999999,0.32999999999999996,0.46841499234898065,0.07690559175632672,0.5737056296631245,0.13562991073814742,0.2503107305620771,2
0.5999999999999999,0.35,0.4754339247411943,0.07915076644460255,0.5533574496947773,0.13849200735606168,0.25172789731353107,2
0.5999999999999999,0.36999999999999994,0.481744861004223,0.0813626907073509,0.5305222699525209,0.14108769503652707,0.2521383134187226,2
0.5999999999999999,0.38999999999999996,0.4877289979858734,0.0837312541968216,0.5074609993217273,0.1437445963687598,0.25220234617286164,2
0.5999999999999999,0.4099999999999999,0.493033459931192,0.0858676568522592,0.4810083653628759,0.1457216733163239,0.2504797673569822,2
0.5999999999999999,0.42999999999999994,0.4983270334279242,0.08848447505666439,0.45455573140402444,0.14813313930998914,0.24874113848095314,2
0.5999999999999999,0.44999999999999996,0.5024707916791781,0.09040173201828242,0.4248247795613837,0.14907965725166614,0.24417184291914654,2
0.5999999999999999,0.4699999999999999,0.507215034283249,0.09353379457158063,0.39735473660411486,0.15142377116271055,0.24087221095334685,2
0.5999999999999999,0.48999999999999994,0.5112838096659417,0.09667673716012085,0.36898033009269726,0.1532106646639129,0.23602232956353225,2
0.5999999999999999,0.5099999999999999,0.5150099555709456,0.10029655792875945,0.34026678724847387,0.15492704017294182,0.23013991895404845,2
0.5999999999999999,0.5299999999999999,0.518182040805588,0.10414940884102719,0.3126836988469365,0.15625353067450007,0.22327338477930966,2
0.5999999999999999,0.5499999999999999,0.5210822212074744,0.10855021796365834,0.2843092923355189,0.15711385288146182,0.21476269362799513,2
0.5999999999999999,0.57,0.5239497742745584,0.11448351979130086,0.25796970382093604,0.158587859202891,0.20626570493699953,2
0.5999999999999999,0.59,0.5269143354862563,0.12267108298337967,0.23445625141306806,0.16106861336543316,0.19831328526897557,2
0.5999999999999999,0.6099999999999999,0.5282037971563752,0.1291832599734507,0.20902102645263396,0.15967874260546655,0.18602732559309415,2
0.5999999999999999,0.6299999999999999,0.5302110846325522,0.1403464300802704,0.18776848293013793,0.1606305304385668,0.17588258963552808,2
0.5999999999999999,0.6499999999999999,0.5311824003961583,0.15267810712428498,0.1659507121862989,0.1590379719408483,0.1631147358830196,2
0.5999999999999999,0.6699999999999999,0.5308668218642935,0.16597617814603832,0.14492425955234003,0.1547374773687387,0.14869629767096595,2
0.5999999999999999,0.69,0.5298341964871759,0.18199704869650762,0.12548044313814152,0.1485446637671462,0.1337897451968276,2
0.5999999999999999,0.7099999999999999,0.5266671702245643,0.19735155916275096,0.10445399050418268,0.13660555884092254,0.11530973893076422,2
0.5999999999999999,0.7299999999999999,0.5227383472856285,0.2172036823935558,0.08534931042278997,0.12254504138938484,0.09714359238291305,2
0.5999999999999999,0.7499999999999999,0.5180553312658904,0.24161341853035143,0.06839249378250056,0.1066079295154185,0.07984058277027027,2
0.6499999999999999,0.01,0.31846799573052026,0.05406019108836527,0.6997513000226091,0.10036644290949184,0.20649026593544426,2
0.6499999999999999,0.03,0.32239221169614396,0.054548181874332705,0.6988469364684603,0.10119744305392996,0.2078472245570386,2
0.6499999999999999,0.049999999999999996,0.3286222031614268,0.05540506601607348,0.6982817092471173,0.10266425116758356,0.21028514624979575,2
0.6499999999999999,0.06999999999999999,0.33696795099602556,0.05639083958268395,0.6953425276961338,0.10432142735999457,0.21289335603826612,2
0.6499999999999999,0.08999999999999998,0.3480278379083143,0.05777505189658426,0.6921772552566131,0.10664832006688381,0.2165685747432161,2
0.6499999999999999,0.10999999999999997,0.3603551635059518,0.059507864970817975,0.6881076192629437,0.10954244837359968,0.2210673116733128,2
0.6499999999999999,0.12999999999999998,0.3733576632152937,0.06138162115919298,0.6813248926068279,0.11261736815060494,0.22560697146878483,2
0.6499999999999999,0.15,0.3860610963285145,0.06322480521275126,0.6723943025096089,0.11558155125676477,0.229721692247086,2
0.6499999999999999,0.16999999999999998,0.39769336627133695,0.06513197327235998,0.6633506669681212,0.11861734384475439,0.233825849949792,2
0.6499999999999999,0.18999999999999997,0.40903965853907076,0.06709272600511271,0.6527243952068732,0.12167829220491855,0.23772273640525676,2
0.6499999999999999,0.20999999999999996,0.42015514740321724,0.06899070951087949,0.6405154872258648,0.12456443120486298,0.24108381343023205,2
0.6499999999999999,0.22999999999999998,0.4295390745159939,0.07084374840585625,0.6279674429120506,0.1273235691856334,0.24407712046117616,2
0.6499999999999999,0.24999999999999997,0.4388589100619797,0.07286240374958151,0.6150802622654307,0.13029058560122603,0.24718560045066737,2
0.6499999999999999,0.26999999999999996,0.44763993896261,0.07480287193375933,0.5994799909563645,0.13300894167220556,0.24948954148122363,2
0.6499999999999999,0.29,0.45569805085436865,0.07671926168502531,0.5826362197603436,0.13558519453871043,0.2512577512577513,2
0.6499999999999999,0.30999999999999994,0.4632681923255564,0.07869379014989293,0.5650011304544427,0.13814643854169545,0.25268969422423554,2
0.6499999999999999,0.32999999999999996,0.47042590401608986,0.08064327387619319,0.545331223151707,0.14050826476370787,0.2533533607134229,2
0.6499999999999999,0.35,0.47766610781537366,0.08305399044290707,0.52656567940312,0.14347759125211768,0.2546245681549832,2
0.6499999999999999,0.36999999999999994,0.4841629870348469,0.08540966065423418,0.505313135880624,0.14612140825733058,0.25478796169630646,2
0.6499999999999999,0.38999999999999996,0.49030679831223817,0.08783825433027184,0.4832692742482478,0.14865687212031645,0.25430383210593316,2
0.6499999999999999,0.4099999999999999,0.49586809531243653,0.09019250838199702,0.45919059461903683,0.15077111519403152,0.2525459767971052,2
0.6499999999999999,0.42999999999999994,0.5013785812735135,0.09298776795446288,0.43398146054713993,0.153158724142746,0.2503619455060063,2
0.6499999999999999,0.44999999999999996,0.505749209644053,0.09509827262386583,0.40639837214560254,0.15412977770155845,0.24560372743793296,2
0.6499999999999999,0.4699999999999999,0.5108034406621302,0.09864841144461997,0.38118923807370564,0.15673514920516873,0.24235977345254867,2
0.6499999999999999,0.48999999999999994,0.5149919771696782,0.10197582217600416,0.3547366041148542,0.15841284264728153,0.2371666968982405,2
0.6499999999999999,0.5099999999999999,0.5189102849701596,0.10584460568053378,0.3281709247117341,0.1600639594188515,0.231090095683877,2
0.6499999999999999,0.5299999999999999,0.522128597575474,0.10974004606778545,0.30160524530861405,0.16092647324929127,0.22346555883141245,2
0.6499999999999999,0.5499999999999999,0.5251168939011596,0.1143099068585944,0.2747004295726882,0.16144034015413233,0.21450513753045444,2
0.6499999999999999,0.57,0.5281266188929526,0.12055809897536517,0.2500565227221343,0.16268294476722805,0.20583637311099529,2
0.6499999999999999,0.59,0.5310545824521888,0.12888775118392423,0.2276735247569523,0.16459627329192547,0.19741227210350915,2
0.6499999999999999,0.6099999999999999,0.5323113211409984,0.1355460224279371,0.20359484512774134,0.162743414810464,0.18501777239012968,2
0.6499999999999999,0.6299999999999999,0.5342508470400417,0.14669197396963124,0.18347275604793126,0.1630336514314415,0.17471150533930419,2
0.6499999999999999,0.6499999999999999,0.5350897853328713,0.1589352772255357,0.1626723943025096,0.16078212290502794,0.1619109770916783,2
0.6499999999999999,0.6699999999999999,0.5345796091345555,0.1716703056768559,0.14221116888989374,0.15555830344998145,0.1472654055066492,2
0.6499999999999999,0.69,0.5335106572585512,0.1875750815170757,0.1235586705855754,0.14898112178831868,0.13261022542525056,2
0.6499999999999999,0.7099999999999999,0.5304036912863632,0.20393120393120392,0.10321049061722813,0.1370562185693913,0.11452296731140714,2
0.6499999999999999,0.7299999999999999,0.5263138939335426,0.22315285671552498,0.0843319014243726,0.1224054475346624,0.0963152322668939,2
0.6499999999999999,0.7499999999999999,0.5215957015320957,0.2461981093300452,0.06771422111688899,0.10621508999024737,0.0791971864505381,2
0.7,0.01,0.32328630402785363,0.05741150442477876,0.6453764413294144,0.10544299355410672,0.21172046519907434,2
0.7,0.03,0.3259971515047611,0.05782836985829262,0.64492425955234,0.10613953488372092,0.21281278443426493,2
0.7,0.049999999999999996,0.33083134309371437,0.058576331093438544,0.6444720777752656,0.10739177937686019,0.21479165096827668,2
0.7,0.06999999999999999,0.3375052865591343,0.05942944387509673,0.6424372597784309,0.10879470097250939,0.216891840317533,2
0.7,0.08999999999999998,0.3470752000562624,0.06074385483248252,0.6402893963373276,0.11096091683808404,0.22016979195820507,2
0.7,0.10999999999999997,0.35844088157463144,0.06247714048212801,0.6372371693420755,0.11379717576283675,0.2243867875709543,2
0.7,0.12999999999999998,0.37070472069268234,0.06433704966368746,0.6314718516843771,0.11677641894010661,0.22854477611940296,2
0.7,0.15,0.38303662153369644,0.06626354245401865,0.6243499886954555,0.11981126959162644,0.23258066417929305,2
0.7,0.16999999999999998,0.3945962252833568,0.06826716066690032,0.6165498530409225,0.12292366291780298,0.23656268434019223,2
0.7,0.18999999999999997,0.4060037886570986,0.07030134761711435,0.6068279448338232,0.1260049528772461,0.24019831574802447,2
0.7,0.20999999999999996,0.4172218146449787,0.07235198858178025,0.595975582184038,0.12903857450558057,0.24351039260969978,2
0.7,0.22999999999999998,0.4268313347380237,0.07428119608970672,0.5841058105358354,0.1318011376680356,0.246178914468669,2
0.7,0.24999999999999997,0.4362711353267004,0.07642514409874158,0.5725751752204387,0.13485090521831736,0.24911959708040687,2
0.7,0.26999999999999996,0.44522616308218327,0.07846564545859022,0.5582184037983269,0.13759090529131487,0.25112901257170755,2
0.7,0.29,0.45351910284729247,0.08058565055512695,0.5431833597106036,0.14034933987615375,0.2528681191453531,2
0.7,0.30999999999999994,0.46128634012365816,0.08265327845586148,0.5266787248473886,0.1428834299383568,0.2538909233586189,2
0.7,0.32999999999999996,0.4686237169730351,0.08468288641156975,0.5083653628758761,0.145181598062954,0.25410225115269863,2
0.7,0.35,0.4761078337359312,0.0872236612252274,0.4910694099027809,0.14813551808214973,0.25496848110627207,2
0.7,0.36999999999999994,0.48278862924416566,0.08972043010752688,0.4716255934885824,0.15076066924438983,0.2547506228322994,2
0.7,0.38999999999999996,0.48911796114008316,0.0924051218046503,0.4519556861858467,0.15343874731347867,0.25416401780038145,2
0.7,0.4099999999999999,0.49492282871416576,0.09494697442295695,0.4301379154420077,0.15555691829684593,0.2521236698074451,2
0.7,0.42999999999999994,0.5005614882247618,0.09788345394199902,0.40673750847840834,0.15779317603718973,0.24936929943722108,2
0.7,0.44999999999999996,0.5051413040605859,0.10016615238547354,0.38164141985078004,0.15868390129259693,0.24432607688744787,2
0.7,0.4699999999999999,0.5102908447261988,0.1037948986608166,0.35835405833144923,0.1609668164622845,0.2404247250663633,2
0.7,0.48999999999999994,0.5146184041869032,0.10740082029690393,0.3345014695907755,0.1625958183366761,0.23508381663621197,2
0.7,0.5099999999999999,0.5185749768461495,0.11139559457042998,0.3098575627402216,0.16387659930646897,0.2284547424570762,2
0.7,0.5299999999999999,0.5221319817110867,0.11586648376771834,0.28645715577662223,0.1649954421148587,0.2212945820379362,2
0.7,0.5499999999999999,0.5252731702934429,0.1208900005210776,0.2622654307031427,0.16549559510646644,0.21255153458543288,2
0.7,0.57,0.5281132710362194,0.12704523580365737,0.2387519782952747,0.1658421672555948,0.2030456852791878,2
0.7,0.59,0.5310251462791953,0.135577734045544,0.21806466199412164,0.16720117881598337,0.19440861081996288,2
0.7,0.6099999999999999,0.5322427728438924,0.14227007479247145,0.19568166402893963,0.16475515157283585,0.18201509957729595,2
0.7,0.6299999999999999,0.5340002706977551,0.15311613345073868,0.1769161202803527,0.16415796926627158,0.17158206337024448,2
0.7,0.6499999999999999,0.5346090984597821,0.16471006759160442,0.1570201220890798,0.16077319289310724,0.15850012552205767,2
0.7,0.6699999999999999,0.5340335629775527,0.17719680464778503,0.1379154420076871,0.15510774903057656,0.1443137997113724,2
0.7,0.69,0.5329232664417346,0.1929219600725953,0.12016730725751752,0.14809139035943159,0.12997016677263168,2
0.7,0.7099999999999999,0.5295687025793979,0.20748538011695905,0.10027130906624462,0.13520310951909154,0.11182833656925287,2
0.7,0.7299999999999999,0.5257035673533597,0.2273152478952292,0.08241012887180646,0.12096573467186593,0.09445207431784612,2
0.7,0.7499999999999999,0.5210273143661293,0.24936170212765957,0.06624463034139724,0.10468024294390854,0.07764880479143477,2
0.7499999999999998,0.01,0.32737083040074993,0.06142840109693573,0.5824101288718064,0.1111350791664869,0.21600952588592412,2
0.7499999999999998,0.03,0.3289665563652539,0.06176051019551901,0.5824101288718064,0.11167831788869019,0.2168295413415486,2
0.7499999999999998,0.049999999999999996,0.33251346899069395,0.0623917231018984,0.5821840379832692,0.11270503014586,0.21835542327032822,2
0.7499999999999998,0.06999999999999999,0.3378875964754531,0.0631998131783041,0.5812796744291205,0.11400445641690778,0.22022356417833738,2
0.7499999999999998,0.08999999999999998,0.3457222531297594,0.06439579486793022,0.5795839927650915,0.11591286752653651,0.22291110512082507,2
0.7499999999999998,0.10999999999999997,0.3555431949088066,0.0661070440023799,0.577775265656794,0.1186397400185701,0.2267564641786012,2
0.7499999999999998,0.12999999999999998,0.36638453575118923,0.06793787771182012,0.5731404024417815,0.12147640554430773,0.23043150230431506,2
0.7499999999999998,0.15,0.377800009520097,0.06991351336295142,0.5674881302283518,0.12449007427246463,0.23417018854898453,2
0.7499999999999998,0.16999999999999998,0.3888461734121553,0.0719458918126533,0.5603662672394303,0.1275194546273072,0.2376705695079735,2
0.7499999999999998,0.18999999999999997,0.3999903402083777,0.07411172133385927,0.5522269952520913,0.1306848582129481,0.24112025903769072,2
0.7499999999999998,0.20999999999999996,0.4110864218016222,0.07630228605016919,0.5429572688220665,0.13380134553508002,0.2442261341794551,2
0.7499999999999998,0.22999999999999998,0.4205512288754647,0.07833618726205716,0.5326701333936242,0.13658564865139064,0.24661118961637093,2
0.7499999999999998,0.24999999999999997,0.429994368904671,0.08063700266871326,0.5226090888537192,0.1397162156036085,0.2493124089953082,2
0.7499999999999998,0.26999999999999996,0.43901253142337276,0.08291106704854226,0.5105132263169794,0.14265407334870644,0.25130214129902506,2
0.7499999999999998,0.29,0.4474200242213404,0.08523827973653622,0.4973999547818223,0.14553633446895775,0.2528619373821893,2
0.7499999999999998,0.30999999999999994,0.45528678616668866,0.0874918059652573,0.48281709247117344,0.14813915576983108,0.2536223277909739,2
0.7499999999999998,0.32999999999999996,0.4628503776117123,0.08983533813325213,0.46687768482930136,0.15067768474434046,0.2538195852846098,2
0.7499999999999998,0.35,0.47028098597047957,0.09240137062418967,0.45116436807596655,0.1533879088358507,0.2539579515373651,2
0.7499999999999998,0.36999999999999994,0.4771663625233498,0.09516616314199396,0.43443364232421433,0.1561306573494759,0.2536097985903968,2
0.7499999999999998,0.38999999999999996,0.4835758988685117,0.09798974958175106,0.41713768935111917,0.15869943874588735,0.25259785599868567,2
0.7499999999999998,0.4099999999999999,0.48953090260959625,0.10073527308099448,0.39803300926972646,0.16077992648233977,0.25029500831710194,2
0.7499999999999998,0.42999999999999994,0.49513643990217227,0.10369794903666874,0.37723264752430474,0.16267732657339248,0.24695103901485999,2
0.7499999999999998,0.44999999999999996,0.4999318819142373,0.10629734848484848,0.35530183133619714,0.16363825688551048,0.2419478999876832,2
0.7499999999999998,0.4699999999999999,0.5051542122904024,0.1100804649083594,0.33404928781370113,0.16559260297001963,0.23743330976409333,2
0.7499999999999998,0.48999999999999994,0.5097578459414424,0.11411992263056092,0.3134750169568166,0.16732538844471262,0.2323107082418779,2
0.7499999999999998,0.5099999999999999,0.5138620777416962,0.11841863033873343,0.29086592810309747,0.16831294564008634,0.2252591399355652,2
0.7499999999999998,0.5299999999999999,0.5175877086189601,0.12320783909231563,0.2700655663576758,0.16921660291826038,0.21807792018110786,2
0.7499999999999998,0.5499999999999999,0.5207883941707633,0.12857728097383977,0.24836084105810535,0.1694366251494235,0.20935373825541725,2
0.7499999999999998,0.57,0.5236680789775802,0.13504066680110238,0.22710829753560932,0.16937149601652404,0.19985674777660611,2
0.7499999999999998,0.59,0.526496187791865,0.14367098486030905,0.20811666289848518,0.16999076638965835,0.19098302834142497,2
0.7499999999999998,0.6099999999999999,0.527677778579147,0.1504722121322194,0.18731630115306352,0.16688488266693524,0.17857142857142858,2
0.7499999999999998,0.6299999999999999,0.5295417399462722,0.16187821612349915,0.17069862084557993,0.16617145372510178,0.16885847199856863,2
0.7499999999999998,0.6499999999999999,0.5299270365369124,0.1732283464566929,0.1517069862084558,0.16175495690954017,0.15557255802091305,2
0.7499999999999998,0.6699999999999999,0.5295621483007944,0.18613366645846346,0.1347501695681664,0.15632786885245903,0.14262467694074854,2
0.7499999999999998,0.69,0.5284125874164277,0.20193798449612402,0.117793352927877,0.1487933742681708,0.1285023677979479,2
0.7499999999999998,0.7099999999999999,0.5250987890888931,0.21639019559296854,0.09880171829075288,0.1356616220411331,0.11084899677853027,2
0.7499999999999998,0.7299999999999999,0.5211714600590655,0.23567921440261866,0.0813927198733891,0.12099823544239979,0.09365488176071177,2
0.7499999999999998,0.7499999999999999,0.5164542706503404,0.2565352237483385,0.06545331223151707,0.10429613617941097,0.07691081533434287,2
0.7999999999999998,0.01,0.33045700011214213,0.06586694141889902,0.505878363101967,0.11655770583179226,0.21655181758352365,2
0.7999999999999998,0.03,0.3313677728669821,0.06608287309134941,0.505878363101967,0.11689566898281177,0.21701809858198673,2
0.7999999999999998,0.049999999999999996,0.3336429892910296,0.06657938196479847,0.505878363101967,0.11767180741266649,0.2180862988196536,2
0.7999999999999998,0.06999999999999999,0.3375311695633094,0.06724547834722681,0.5052000904363554,0.11869223414426856,0.21940849551265684,2
0.7999999999999998,0.08999999999999998,0.3433512043292339,0.06829111403804332,0.5040696359936695,0.12028594550849744,0.22144857863684222,2
0.7999999999999998,0.10999999999999997,0.35122179790347174,0.0698503431272476,0.5028261361067149,0.12266115132712857,0.22450359872000644,2
0.7999999999999998,0.12999999999999998,0.36033559947271154,0.07160345694225999,0.49920868189011985,0.12524284235454275,0.2274951832428367,2
0.7999999999999998,0.15,0.37026438409288703,0.07349804329935,0.494686864119376,0.12798128244498064,0.23050261791135973,2
0.7999999999999998,0.16999999999999998,0.38019018341192284,0.07557378479797539,0.48948677368302057,0.1309324019896887,0.23360200261116323,2
0.7999999999999998,0.18999999999999997,0.39049714471466146,0.07782086997687587,0.4831562288039792,0.1340505277024166,0.23664248934167542,2
0.7999999999999998,0.20999999999999996,0.4009114769044993,0.0801020796830959,0.47546913859371465,0.13710597516054374,0.23927092340599826,2
0.7999999999999998,0.22999999999999998,0.41000186192114424,0.08221469826727744,0.46665159394076416,0.13979951232728258,0.24113839755123026,2
0.7999999999999998,0.24999999999999997,0.4190854765544239,0.08459145106391865,0.4579470947320823,0.14280426544461092,0.2432361029385275,2
0.7999999999999998,0.26999999999999996,0.42793381058557195,0.08713984539704848,0.44856432285778886,0.14593063881431356,0.24518042511122096,2
0.7999999999999998,0.29,0.43634945859051744,0.08978930307941653,0.43839023287361517,0.14905065723729727,0.24677374195026341,2
0.7999999999999998,0.30999999999999994,0.4440633841370755,0.0922817149569303,0.42629437033687545,0.15171997585998792,0.24728517469310668,2
0.7999999999999998,0.32999999999999996,0.4514809688893444,0.09487232717458999,0.41329414424598687,0.1543202059853953,0.2472943722943723,2
0.7999999999999998,0.35,0.45891457366992205,0.09763362568260797,0.40018087271082975,0.15697055693508336,0.2470617794031434,2
0.7999999999999998,0.36999999999999994,0.4658448045894537,0.10077131417804992,0.386954555731404,0.1599009669734199,0.2467845195524282,2
0.7999999999999998,0.38999999999999996,0.47225850615747444,0.1038568187547265,0.37259778430929236,0.16243654822335024,0.24553039332538737,2
0.7999999999999998,0.4099999999999999,0.4782111406764922,0.10683095254214339,0.3567714221116889,0.164426383244764,0.24304592921171794,2
0.7999999999999998,0.42999999999999994,0.4839154784604873,0.11007661009493787,0.3394754691385937,0.16624685138539042,0.23960743636798856,2
0.7999999999999998,0.44999999999999996,0.4888787797823723,0.11310257123554425,0.32172733438842416,0.16736746155429444,0.23502403091812976,2
0.7999999999999998,0.4699999999999999,0.4942780416223225,0.11732111692844677,0.3039791996382546,0.16930050997922308,0.23060167398463224,2
0.7999999999999998,0.48999999999999994,0.4988154625438764,0.121453602803514,0.28600497399954783,0.1705024092731745,0.22502890687538918,2
0.7999999999999998,0.5099999999999999,0.5031504252805613,0.12629045199251138,0.2669002939181551,0.1714534693729349,0.21829175835351988,2
0.7999999999999998,0.5299999999999999,0.5070678816459325,0.1316464760995405,0.24937825005652273,0.17232355583330078,0.2115417809401431,2
0.7999999999999998,0.5499999999999999,0.5102349961705386,0.13707774256624639,0.22982138819805562,0.17172783714152975,0.20242955292243353,2
0.7999999999999998,0.57,0.5131451859489345,0.1439120067687101,0.21150802622654308,0.17128209822858972,0.19334504495194793,2
0.7999999999999998,0.59,0.515828702544939,0.152555910543131,0.1943251186977165,0.17092572337675252,0.18423647432050075,2
0.7999999999999998,0.6099999999999999,0.5172731903286336,0.16026232195921714,0.1768030748360841,0.1681268476216071,0.17322729991360789,2
0.7999999999999998,0.6299999999999999,0.5190373668071172,0.17177177177177178,0.16165498530409225,0.16655989750160155,0.16358187101054703,2
0.7999999999999998,0.6499999999999999,0.519409194616632,0.18309254756115004,0.14469816866380286,0.1616467765359601,0.15103244837758115,2
0.7999999999999998,0.6699999999999999,0.5189127475430761,0.19560741249142072,0.12887180646619942,0.15537685702603243,0.13830923032126563,2
0.7999999999999998,0.69,0.517820493536351,0.2113804004214963,0.11338458060140176,0.14759767493194026,0.12497196541154776,2
0.7999999999999998,0.7099999999999999,0.5147466625931765,0.22594364699627859,0.09608862762830658,0.13483502538071065,0.1085679252030859,2
0.7999999999999998,0.7299999999999999,0.5111118206184437,0.2454861111111111,0.07992312909789735,0.12058673034282791,0.09238448672381351,2
0.7999999999999998,0.7499999999999999,0.5064461644801713,0.26588785046728974,0.06432285778883111,0.10358638266885127,0.07581814305511139,2
0.2,0.01,0.21567641032869064,0.03326642952246577,0.9461903685281483,0.0642731262310377,0.1458244044196816,3
0.2,0.03,0.2227544036262131,0.03377376706158936,0.9451729595297309,0.0652171369513075,0.1477506070127199,3
0.2,0.049999999999999996,0.23128234161468042,0.034318901795142555,0.9405380963147185,0.0662214758156305,0.14973939585912976,3
0.2,0.06999999999999999,0.24283797635391927,0.03505138890067642,0.9337553696586027,0.06756646216768916,0.1523771574465573,3
0.2,0.08999999999999998,0.25653235066586844,0.036090079852715125,0.9262943703368755,0.06947335399276779,0.15611960659535792,3
0.2,0.10999999999999997,0.26953015808009106,0.037084428300839745,0.9140854623558671,0.0712771443304876,0.15953311999116115,3
0.2,0.12999999999999998,0.28156878110108957,0.038157102297169405,0.9024417815962017,0.07321838026231313,0.16318612580642522,3
0.2,0.15,0.2925830548364769,0.03915218431122449,0.8883111010626272,0.0749988069673109,0.16642099556097728,3
0.2,0.16999999999999998,0.3018255321694331,0.040176091617478336,0.8748586931946642,0.07682418984181504,0.1697067246755639,3
0.2,0.18999999999999997,0.310512634761954,0.04118535848320905,0.8597106036626724,0.07860505739047748,0.17281184528056642,3
0.2,0.20999999999999996,0.3184081401048365,0.042179400941716454,0.8435451051322632,0.08034152145006648,0.17574601380154975,3
0.2,0.22999999999999998,0.32523163510302117,0.043025688919363037,0.8228577888311102,0.08177549094504112,0.17791671962534586,3
0.2,0.24999999999999997,0.3315001794546896,0.04392274949348501,0.8013791544200769,0.0832809572199738,0.18012409734679669,3
0.2,0.26999999999999996,0.3373011447808781,0.04483627532051491,0.7784309292335518,0.0847888589951178,0.18220305347551136,3
0.2,0.29,0.34240481032350106,0.045778802096194476,0.7544652950486095,0.08631995550784433,0.1841896098734904,3
0.2,0.30999999999999994,0.3466848618724349,0.04625935071800479,0.722134297987791,0.08694882840945439,0.18411874909929385,3
0.2,0.32999999999999996,0.35180940339329037,0.04742521408548059,0.6980556183585801,0.08881633357545074,0.18645562205218946,3
0.2,0.35,0.3563488162913874,0.04850182524969579,0.6713768935111915,0.0904680300087589,0.18814189681498797,3
0.2,0.36999999999999994,0.36071955787980187,0.04941748927412885,0.6406285326701334,0.09175693398746781,0.18882447021191523,3
0.2,0.38999999999999996,0.3647622715438321,0.050180116959064325,0.6062627176124802,0.09268844894185152,0.18849422532142077,3
0.2,0.4099999999999999,0.3681943326532518,0.05105635579961036,0.5717838571105585,0.09374218120152344,0.18809826628288373,3
0.2,0.42999999999999994,0.3719236366672897,0.052280847892325566,0.5392267691612028,0.09531993125774349,0.18835589392048777,3
0.2,0.44999999999999996,0.3752152737160573,0.05350909810601063,0.5042957268822067,0.09675215528926964,0.18782683384840806,3
0.2,0.4699999999999999,0.37823718928027783,0.05466041470185832,0.4651820031652724,0.0978259577553519,0.18591811470447378,3
0.2,0.48999999999999994,0.38121426291140287,0.05633446824960228,0.42832918833371014,0.09957295841271926,0.18457176816733728,3
0.2,0.5099999999999999,0.3837467621463469,0.058105362150906004,0.39113723716934207,0.10117994531604112,0.18223762522253006,3
0.2,0.5299999999999999,0.3859797442177561,0.05997030409379278,0.3515713316753335,0.1024627295939379,0.1782377955824536,3
0.2,0.5499999999999999,0.388563152832184,0.06282227376100516,0.31539678950938277,0.10477495916029818,0.17482298389623407,3
0.2,0.57,0.3904967586367552,0.06573333333333334,0.2786570201220891,0.10637379709144262,0.1691043301684869,3
0.2,0.59,0.3921438193244533,0.06936193442728236,0.2441781596201673,0.10803511141120864,0.16234498308906425,3
0.2,0.6099999999999999,0.3931874240120627,0.0731486582198788,0.21015148089531993,0.10852305896088733,0.1528833185302148,3
0.2,0.6299999999999999,0.39433786315281755,0.07896042059319512,0.1799683472756048,0.10976282404853833,0.14330464839952473,3
0.2,0.6499999999999999,0.39468599602833465,0.08545197740112995,0.15046348632150125,0.10900008189337483,0.13059262166405025,3
0.2,0.6699999999999999,0.3941425533022498,0.09292186698580954,0.12288039791996383,0.10582165109034268,0.11543689732806592,3
0.2,0.69,0.39253267489798177,0.10199268954132767,0.09778430929233552,0.09984417383274657,0.0985979710475322,3
0.2,0.7099999999999999,0.38955902524685077,0.11207042491958694,0.07483608410581054,0.0897444587541517,0.08016274732992662,3
0.2,0.7299999999999999,0.3854919393322604,0.1252561475409836,0.05527922224734343,0.07670588235294118,0.0622327428222358,3
0.2,0.7499999999999999,0.3790218105400985,0.13008130081300814,0.036174542165950715,0.056607111268353084,0.042278828876440126,3
0.25,0.01,0.23219734328848793,0.03469264058254814,0.925276961338458,0.06687774486773568,0.1508405421045066,3
0.25,0.03,0.23895938268077985,0.03519017412185948,0.9243725977843092,0.06779928030114588,0.1526984126984127,3
0.25,0.049999999999999996,0.24734555602897776,0.035728087124538906,0.9197377345692969,0.0687841870767566,0.15461566528825102,3
0.25,0.06999999999999999,0.2587007578932881,0.036450694309684235,0.9130680533574497,0.07010280645567259,0.15715781158185166,3
0.25,0.08999999999999998,0.27247466698310324,0.03749818617561565,0.9056070540357224,0.07201449099481758,0.1608498881620426,3
0.25,0.10999999999999997,0.28564120320031744,0.038532226376829966,0.8935111914989826,0.07387847999513958,0.16431680879460817,3
0.25,0.12999999999999998,0.2979277893650379,0.03966168375360249,0.8820936016278544,0.07591020745676971,0.1680789926030596,3
0.25,0.15,0.3092205037579956,0.04072230263123015,0.8683020574270857,0.07779606512546527,0.17144859667058032,3
0.25,0.16999999999999998,0.31878290126839315,0.04179168807917378,0.8549626950033914,0.07968811737744647,0.17478380239700855,3
0.25,0.18999999999999997,0.3278253605909548,0.04284075118345413,0.8399276509156681,0.0815233789959348,0.1779069711757184,3
0.25,0.20999999999999996,0.3360691810953438,0.043854792311118065,0.8237621523852589,0.08327619308831596,0.1807775892352118,3
0.25,0.22999999999999998,0.34322218841714797,0.04472680587546728,0.8034139724169116,0.08473626478443343,0.18290423199267045,3
0.25,0.24999999999999997,0.34980299309088564,0.045645835806915475,0.7822744743386841,0.08625847626645393,0.18504059127421305,3
0.25,0.26999999999999996,0.3559334932360787,0.04659287036202702,0.7598914763735022,0.0878021382341608,0.18708079374356407,3
0.25,0.29,0.36128269160218585,0.04753978683019419,0.736151933077097,0.08931191968510417,0.18890255505790074,3
0.25,0.30999999999999994,0.36576543475289114,0.04802133596435784,0.7042731177933529,0.08991196420839948,0.18865296333531173,3
0.25,0.32999999999999996,0.3711105690453529,0.04920632325775286,0.6805335744969477,0.09177668689209378,0.190837274767635,3
0.25,0.35,0.37584576848955026,0.05030555386527813,0.6541939859823649,0.09342686244278876,0.1923601092932503,3
0.25,0.36999999999999994,0.3803896242273572,0.05122517170967143,0.6238978069183811,0.09467689087883623,0.19280484055783798,3
0.25,0.38999999999999996,0.384583418660984,0.05200135482457014,0.590097219082071,0.09557988794082103,0.19224253494984017,3
0.25,0.4099999999999999,0.388221652324394,0.052890092646331766,0.5562966312457608,0.09659626256281408,0.1915889305903789,3
0.25,0.42999999999999994,0.3921297885400834,0.05415052960664458,0.5247569522948226,0.09817066723062282,0.1916471248802722,3
0.25,0.44999999999999996,0.3956370087944186,0.055458342380544874,0.4908433190142437,0.0996568700581829,0.19097970565725697,3
0.25,0.4699999999999999,0.3988488445882166,0.05669745795079996,0.4530861406285327,0.10078328325181991,0.18892293188781523,3
0.25,0.48999999999999994,0.40193614214514617,0.05839566430020284,0.41657246212977617,0.10243224461431549,0.1870786288684916,3
0.25,0.5099999999999999,0.40457880451690625,0.06027829014523379,0.38051096540809404,0.10407036962604542,0.184488901068786,3
0.25,0.5299999999999999,0.4068630562075995,0.0621268887150562,0.34117115080262267,0.10511284480356645,0.17972416092994453,3
0.25,0.5499999999999999,0.4095871098695451,0.06522052811312587,0.3065792448564323,0.10755929245657174,0.1761816906166359,3
0.25,0.57,0.41154025038255676,0.06821811544604152,0.27040470269048156,0.10895012525620587,0.1697706109470815,3
0.25,0.59,0.4131559491782976,0.07193428649986253,0.23660411485417138,0.11032628749143429,0.1622983870967742,3
0.25,0.6099999999999999,0.41418394511895323,0.07588532883642496,0.20348179968347277,0.11054473991279248,0.1522739577693557,3
0.25,0.6299999999999999,0.4152511613643965,0.08186076218863104,0.1738638932851006,0.11131215169718463,0.141955253636565,3
0.25,0.6499999999999999,0.41539253959663996,0.08837113117805198,0.14492425955234003,0.10979317432449792,0.1284800865887635,3
0.25,0.6699999999999999,0.4146046787338049,0.09569202566452796,0.1180194438164142,0.10568941081190525,0.11275759277660172,3
0.25,0.69,0.4127625258902548,0.10468493496653618,0.09371467329866606,0.09889651058753356,0.0957208507493707,3
0.25,0.7099999999999999,0.4097416239111153,0.11477477477477477,0.07200994799909563,0.08849680466796332,0.07780817901988565,3
0.25,0.7299999999999999,0.40561694993021763,0.12764227642276424,0.053244404250508706,0.07514358647096363,0.0602702564365051,3
0.25,0.7499999999999999,0.3993516798320694,0.13307659392383397,0.03515713316753335,0.055620137709022625,0.0412237215344238,3
0.3,0.01,0.2471156552619421,0.036385583721331265,0.9063983721456025,0.06996265400858609,0.156757094930126,3
0.3,0.03,0.25345363816285077,0.03686640186679308,0.9054940085914538,0.07084827766156458,0.15851655419445487,3
0.3,0.049999999999999996,0.2614360805862824,0.037400494420182104,0.9013113271535157,0.07182074090755546,0.1603818750176012,3
0.3,0.06999999999999999,0.2725500720150096,0.03811582550587601,0.8949807822744743,0.07311768372930665,0.16283891350223986,3
0.3,0.08999999999999998,0.28630925731053164,0.03918184085806935,0.8878589192855528,0.07505160155951379,0.16651543034507327,3
0.3,0.10999999999999997,0.29956690391131763,0.04027305881986223,0.876328283970156,0.0770071324975662,0.17009698512309654,3
0.3,0.12999999999999998,0.312068984874052,0.04146481559753335,0.8650237395432964,0.07913624423438889,0.17396760728608712,3
0.3,0.15,0.32369486587812396,0.042590613212082136,0.8513452407867963,0.08112285842009166,0.1774446648791039,3
0.3,0.16999999999999998,0.33357216621527935,0.04373444374977882,0.8382319692516391,0.08313153056190861,0.18091543453862294,3
0.3,0.18999999999999997,0.34290671013335544,0.04484321501588787,0.8231969251639158,0.08505320205099455,0.18410088384604492,3
0.3,0.20999999999999996,0.3514852563028715,0.04591764539408519,0.8070314266335067,0.08689143135345667,0.18702386067128443,3
0.3,0.22999999999999998,0.3589532855711503,0.046844931300380845,0.7870223829979652,0.08842656099171874,0.1891827262747144,3
0.3,0.24999999999999997,0.3658001148785098,0.047816915815984594,0.7662220212525436,0.09001626880042499,0.1913251624485556,3
0.3,0.26999999999999996,0.3722112361154121,0.04883003647795012,0.7445172959529731,0.09164915600951838,0.19341007870315988,3
0.3,0.29,0.3778726578053961,0.049835988753514526,0.721342979877911,0.093230863638356,0.19522836303113372,3
0.3,0.30999999999999994,0.38262136479715664,0.05032239977572189,0.6899163463712412,0.0938028342196674,0.1947823977735507,3
0.3,0.32999999999999996,0.38825855734964304,0.05159840509251163,0.6670811666289849,0.09578767957146335,0.19703101210032858,3
0.3,0.35,0.3932403048475324,0.0527906976744186,0.6415328962242821,0.09755384800508828,0.1985876655188824,3
0.3,0.36999999999999994,0.3979840999624782,0.05372147071092307,0.6114628080488357,0.09876565752474163,0.198757992209892,3
0.3,0.38999999999999996,0.40241435645717144,0.054563492063492064,0.5782274474338684,0.09971732137635247,0.19805929000681496,3
0.3,0.4099999999999999,0.4062370595920827,0.05548391553641743,0.544765995930364,0.1007105538140021,0.19711546327655882,3
0.3,0.42999999999999994,0.4103874368142824,0.05685681431856814,0.5142437259778431,0.10239268913048372,0.19711071824736548,3
0.3,0.44999999999999996,0.41406705258702403,0.058255485850478045,0.4807822744743387,0.10391926892440013,0.19618968539533166,3
0.3,0.4699999999999999,0.4174187796412773,0.059544233075743545,0.4433642324214334,0.10498842236290873,0.19367709948543718,3
0.3,0.48999999999999994,0.4207417802734726,0.06146221836202933,0.4079810083653629,0.10683045955746319,0.1917579673336663,3
0.3,0.5099999999999999,0.4234912611225372,0.06344742569871141,0.37237169342075516,0.10842124319075754,0.18865763278771153,3
0.3,0.5299999999999999,0.4258720754505603,0.0654313325649437,0.33371015148089533,0.10941032578481154,0.18335403726708074,3
0.3,0.5499999999999999,0.4287571901325591,0.06882958582950803,0.3000226090888537,0.11197131104313891,0.17946255899814723,3
0.3,0.57,0.4308326820391992,0.07213892053326765,0.26486547592132037,0.11339382940108893,0.1726272048096901,3
0.3,0.59,0.43247367176575785,0.07611646153274086,0.23140402441781596,0.11455272951117826,0.16434638791207026,3
0.3,0.6099999999999999,0.4335659822124685,0.08042516308562565,0.1992991182455347,0.11460330873988364,0.15382601867201812,3
0.3,0.6299999999999999,0.43461923000191965,0.08678114555722023,0.17024643906850553,0.1149618320610687,0.1427812962190451,3
0.3,0.6499999999999999,0.4346855767576401,0.09380134428678118,0.14198507800135654,0.1129699586256521,0.12875712469758477,3
0.3,0.6699999999999999,0.43381065940441377,0.10167642098998116,0.11587158037531088,0.10831087863898135,0.11272407346310348,3
0.3,0.69,0.43171128561954153,0.11068806091922763,0.09201899163463713,0.10049382716049382,0.09523140998642894,3
0.3,0.7099999999999999,0.4286675792274264,0.12197013767694397,0.07110558444494687,0.08983789188031137,0.07757578747440862,3
0.3,0.7299999999999999,0.4242422556653422,0.13453174833285012,0.05245308614062853,0.07547783651891013,0.05974300208585481,3
0.3,0.7499999999999999,0.41789845806513903,0.13999088007295943,0.03470495139045896,0.05562098016124649,0.040849455784123266,3
0.35,0.01,0.2602893409444107,0.0379662771562648,0.8789283291883337,0.0727883800723671,0.161863838681606,3
0.35,0.03,0.26604705729107725,0.03843014656780059,0.8782500565227221,0.07363806544868605,0.16352828751005077,3
0.35,0.049999999999999996,0.27361076569545,0.03896928090419611,0.874632602306127,0.07461412721144527,0.1653735171529336,3
0.35,0.06999999999999999,0.28443139890071584,0.03967913941640126,0.8689803300926973,0.07589287918055042,0.1677556489592472,3
0.35,0.08999999999999998,0.29804497099655464,0.04075920020085792,0.8625367397693873,0.07784006569987197,0.17139827748100694,3
0.35,0.10999999999999997,0.3114873209025458,0.04191696702709918,0.8519104680081393,0.0799024545406351,0.17511897679952407,3
0.35,0.12999999999999998,0.32428293622600257,0.04317193911009744,0.8409450599140854,0.08212765722550053,0.17908471556850186,3
0.35,0.15,0.33618230598422466,0.04435933485237795,0.8274926520461225,0.08420471408358353,0.18263473053892215,3
0.35,0.16999999999999998,0.3464174875623051,0.04558536107122752,0.8147185168437712,0.08633981251310312,0.1862437526811141,3
0.35,0.18999999999999997,0.3560895938815842,0.046773383387088245,0.8000226090888537,0.08837964408367156,0.18954083818992115,3
0.35,0.20999999999999996,0.36496363570435575,0.04795263459691738,0.7846484286683246,0.09038172312540285,0.19266533800400817,3
0.35,0.22999999999999998,0.37276007924884164,0.04895691675588091,0.7650915668098576,0.09202529063838466,0.19489944018245905,3
0.35,0.24999999999999997,0.3799169350185514,0.05005350678132044,0.7455347049513905,0.09380889726538885,0.19728615616567852,3
0.35,0.26999999999999996,0.38660020526664146,0.05114026268332775,0.7245082523174317,0.09553693876334149,0.19940139136062127,3
0.35,0.29,0.39252706922104813,0.05221683990984627,0.7018991634637124,0.09720243593155596,0.20120939517278927,3
0.35,0.30999999999999994,0.3974808144358765,0.05272694972464025,0.6710377571783858,0.09777148221962348,0.20058933254034764,3
0.35,0.32999999999999996,0.4033672782184994,0.05407188224429409,0.6486547592132037,0.09982255314707213,0.20275331797430424,3
0.35,0.35,0.40868248098935395,0.05537393955195443,0.624236943251187,0.10172426497678874,0.20435805959764924,3
0.35,0.36999999999999994,0.4136822340592809,0.05644020574367767,0.595410354962695,0.10310670868977938,0.20461679512680261,3
0.35,0.38999999999999996,0.4183185489575132,0.05737988247493951,0.562966312457608,0.10414488268016228,0.20380768412264477,3
0.35,0.4099999999999999,0.42232582840418026,0.05835989640402431,0.5298439972869093,0.10513919109894794,0.20255670031807493,3
0.35,0.42999999999999994,0.4266991726176536,0.059837851738559614,0.4997739091114628,0.10687908713993884,0.20230261652649015,3
0.35,0.44999999999999996,0.43058084006969294,0.06138122613901392,0.46710377571783857,0.1085041293016294,0.20116649302343698,3
0.35,0.4699999999999999,0.43409552954516806,0.06279779078394197,0.4305900972190821,0.10960993367001913,0.19830485531919329,3
0.35,0.48999999999999994,0.4376379384544329,0.06494035711639623,0.3963373276056975,0.11159563293758157,0.19614644407644452,3
0.35,0.5099999999999999,0.44059962221627114,0.06717576469600973,0.3619715125480443,0.11332106455266139,0.19277543648404574,3
0.35,0.5299999999999999,0.44319171497425963,0.06950087057457922,0.32489260682794485,0.11450655404597793,0.18726542952460382,3
0.35,0.5499999999999999,0.4462624693984878,0.07326194118646949,0.2923355188785892,0.11716201522290685,0.18293200531960047,3
0.35,0.57,0.44847270859425264,0.07692825867295386,0.2581957947094732,0.1185385094457131,0.17549251621231213,3
0.35,0.59,0.45015973616038024,0.0813090968373003,0.22552566131584897,0.11952549278054041,0.16647196261682243,3
0.35,0.6099999999999999,0.45126201123958126,0.08601290193529029,0.1944381641419851,0.1192663731234615,0.15528791462776043,3
0.35,0.6299999999999999,0.4523056303258992,0.09302472649086195,0.1662898485191047,0.11930735228516971,0.1436607613727367,3
0.35,0.6499999999999999,0.45219679630335624,0.10052519284424749,0.13848066922903007,0.11648915937618866,0.1287576203489594,3
0.35,0.6699999999999999,0.45120408596089634,0.10905528950805399,0.11327153515713317,0.11112343351447267,0.11240240509737055,3
0.35,0.69,0.4488654731056633,0.11840736889020947,0.090097219082071,0.10233035886242538,0.09462186869286476,3
0.35,0.7099999999999999,0.4455272801275807,0.13033326257694758,0.06940990278091792,0.09058051191266504,0.07656815064222469,3
0.35,0.7299999999999999,0.4408891005536513,0.14408670704494742,0.05109654080940538,0.0754402069598598,0.058669297266426106,3
0.35,0.7499999999999999,0.43438989376982545,0.1495983935742972,0.0336875423920416,0.054991695884849603,0.03986515410958904,3
0.39999999999999997,0.01,0.2721329636639467,0.039758972461546596,0.8503278317883789,0.07596598598234665,0.1674726370817637,3
0.39999999999999997,0.03,0.27738463426396087,0.04020732150880421,0.8497626045670359,0.07678164676561015,0.16904290725915266,3
0.39999999999999997,0.049999999999999996,0.2843506588496285,0.040747269008138576,0.8467103775717839,0.0777527483364649,0.1708485401459854,3
0.39999999999999997,0.06999999999999999,0.29464599071948067,0.04145066179623247,0.8415102871354284,0.0790095153184421,0.17313963278767835,3
0.39999999999999997,0.08999999999999998,0.30799101569928755,0.04253029657847188,0.8355188785891928,0.0809404910528506,0.17667785395331936,3
0.39999999999999997,0.10999999999999997,0.3214528774521645,0.04373218008002492,0.8253447886050193,0.08306313070980807,0.1804212877844335,3
0.39999999999999997,0.12999999999999998,0.3344044479200788,0.04506075607560756,0.8149446077323084,0.0853995143043298,0.1844979730559764,3
0.39999999999999997,0.15,0.3466032177913741,0.04630451815095325,0.8017182907528827,0.08755231287730084,0.18807281059063138,3
0.39999999999999997,0.16999999999999998,0.3571956197315506,0.047603136720081825,0.7891702464390685,0.08979009106343572,0.1917498928771548,3
0.39999999999999997,0.18999999999999997,0.36709747315252755,0.0488698752228164,0.7748134750169569,0.09194076299833664,0.1951216734800779,3
0.39999999999999997,0.20999999999999996,0.37630074199438823,0.05013576415826222,0.7597784309292336,0.09406446375837987,0.19832979225684605,3
0.39999999999999997,0.22999999999999998,0.38440795897392327,0.05123516126259192,0.7411259326249152,0.09584445012974672,0.2006820004530344,3
0.39999999999999997,0.24999999999999997,0.39188711556614586,0.05238372617709555,0.7217951616549853,0.09767850996290206,0.2029909774722934,3
0.39999999999999997,0.26999999999999996,0.3989252075456595,0.05354337505394907,0.7012208907981008,0.0994899595817027,0.2050795456048243,3
0.39999999999999997,0.29,0.405142799707028,0.054747250345982955,0.6797422563870676,0.1013330187566356,0.207036414720141,3
0.39999999999999997,0.30999999999999994,0.4104104443989785,0.055363088707970055,0.6503504408772326,0.10203973040085136,0.2064997343824032,3
0.39999999999999997,0.32999999999999996,0.41658190264986167,0.056814698248554084,0.6285326701333936,0.10420961877272557,0.20863665701034176,3
0.39999999999999997,0.35,0.42220512908297975,0.05823900740095777,0.6049061722812571,0.10624863491054941,0.21023227307015338,3
0.39999999999999997,0.36999999999999994,0.4274242575114342,0.05937838435829655,0.5764187203255708,0.10766583262069912,0.21025590275200606,3
0.39999999999999997,0.38999999999999996,0.4322437840921161,0.06036373663562413,0.5444268595975582,0.1086777465615092,0.2090876726840154,3
0.39999999999999997,0.4099999999999999,0.4364812835603946,0.06145122563316467,0.5120958625367398,0.1097343846517205,0.2076057964638271,3
0.39999999999999997,0.42999999999999994,0.4410412651751225,0.0630342038056716,0.48270404702690484,0.11150717484690613,0.207030303030303,3
0.39999999999999997,0.44999999999999996,0.4452570390152688,0.06486889927310488,0.4519556861858467,0.1134538437526604,0.2060484868475303,3
0.39999999999999997,0.4699999999999999,0.4489590711838101,0.06644308613259768,0.41657246212977617,0.1146064969598955,0.20281798668060982,3
0.39999999999999997,0.48999999999999994,0.4527023953269813,0.06871466493748607,0.38333710151480893,0.1165392215826102,0.2000991349297204,3
0.39999999999999997,0.5099999999999999,0.4558635491166936,0.07116603877607278,0.35021478634411035,0.1182939402039024,0.19628465710375587,3
0.39999999999999997,0.5299999999999999,0.4586321931952853,0.07370623444038349,0.3146054713995026,0.11943180842846107,0.1902463700746493,3
0.39999999999999997,0.5499999999999999,0.4617780686013957,0.07771393073458611,0.28283970156002713,0.1219268536341707,0.1851166782580387,3
0.39999999999999997,0.57,0.464079774236782,0.08168618613071267,0.2499434772778657,0.12313089967421267,0.1770187827256569,3
0.39999999999999997,0.59,0.4658494781814841,0.08645120915470922,0.2186298892154646,0.12390684562898421,0.16743139122153927,3
0.39999999999999997,0.6099999999999999,0.4669044408445815,0.09143264589732339,0.1884467555957495,0.12312578476992392,0.15545732617129213,3
0.39999999999999997,0.6299999999999999,0.46790141555108833,0.09891861915985027,0.16131584897128645,0.12263664489515297,0.1432443284481028,3
0.39999999999999997,0.6499999999999999,0.46769773644783036,0.10688324508660145,0.1346371241238978,0.11916554104757617,0.12799019923915148,3
0.39999999999999997,0.6699999999999999,0.4665995754504179,0.1160332541567696,0.11044539905041827,0.11317039267925402,0.11151949593644414,3
0.39999999999999997,0.69,0.4639823226427254,0.12540348612007746,0.08783631019669907,0.10331072995612285,0.09343434343434344,3
0.39999999999999997,0.7099999999999999,0.4605557030149207,0.13863216266173753,0.06782726656115759,0.09108850766661607,0.07554391619661563,3
0.39999999999999997,0.7299999999999999,0.45571314270367624,0.1532314107018763,0.049853040922450825,0.0752302968270215,0.05762897914379803,3
0.39999999999999997,0.7499999999999999,0.44918103007989535,0.15980230642504117,0.03289622428216143,0.05456079497515703,0.039107646821663754,3
0.44999999999999996,0.01,0.28189714953714345,0.041403907784554946,0.8149446077323084,0.07880411018801924,0.17205414848829104,3
0.44999999999999996,0.03,0.28646255229420564,0.04181443538323128,0.8143793805109654,0.0795446389629605,0.17344909447245377,3
0.44999999999999996,0.049999999999999996,0.2928535007274175,0.04233450093762162,0.8115532444042505,0.08047123705331122,0.17513002410202866,3
0.44999999999999996,0.06999999999999999,0.3025547591635955,0.043031811361458776,0.8072575175220439,0.08170807755459315,0.1773447705519766,3
0.44999999999999996,0.08999999999999998,0.31542810692081114,0.04408537305638277,0.8016052453086141,0.08357445504528767,0.18067991295972605,3
0.44999999999999996,0.10999999999999997,0.32882288553365385,0.04531374286213163,0.792109427990052,0.08572354859033882,0.18437823984169838,3
0.44999999999999996,0.12999999999999998,0.3418791110392256,0.04671787049660516,0.7825005652272213,0.08817160471811072,0.1885589757559248,3
0.44999999999999996,0.15,0.35432654681671777,0.048026742644362325,0.7698394754691386,0.09041303222208946,0.19217744666440906,3
0.44999999999999996,0.16999999999999998,0.36515236609812524,0.04938480807485449,0.7577436129323988,0.0927263169544046,0.1958635763292308,3
0.44999999999999996,0.18999999999999997,0.3752640083243164,0.05068850993658157,0.7436129323988243,0.09490762449592047,0.1991438449475348,3
0.44999999999999996,0.20999999999999996,0.3846664523321163,0.05199948379603491,0.7288039791996382,0.0970729063149336,0.20227024584917735,3
0.44999999999999996,0.22999999999999998,0.39310538727173633,0.05313825920854675,0.7107167081166629,0.09888329663416169,0.2045244570521412,3
0.44999999999999996,0.24999999999999997,0.4008325052164907,0.05434985220887812,0.6921772552566131,0.10078597588576602,0.2067980248981715,3
0.44999999999999996,0.26999999999999996,0.4080764590633284,0.055563341461819474,0.6722812570653403,0.10264332007214547,0.2087912087912088,3
0.44999999999999996,0.29,0.4145838834543143,0.056831064362535856,0.6517069862084558,0.1045454133306736,0.2106705645898045,3
0.44999999999999996,0.30999999999999994,0.4201372019290444,0.05748504242323167,0.6234456251413069,0.1052641624675523,0.20998004903976483,3
0.44999999999999996,0.32999999999999996,0.42658332368039104,0.05903331561226298,0.6025322179516166,0.10753122036839026,0.2120599656248011,3
0.44999999999999996,0.35,0.43248740641368966,0.06058745024860932,0.5799231290978973,0.10971267256220794,0.21365207613177292,3
0.44999999999999996,0.36999999999999994,0.4378982003025276,0.061776794182737904,0.5522269952520913,0.11112248495808738,0.2133951895438541,3
0.44999999999999996,0.38999999999999996,0.44291890747331686,0.06279804888682998,0.5210264526339589,0.11208657587548639,0.2118534997885602,3
0.44999999999999996,0.4099999999999999,0.4473006941729443,0.06387970723645378,0.48937372823875197,0.11300806641083876,0.2098359702187064,3
0.44999999999999996,0.42999999999999994,0.4520701759045722,0.0655534841861661,0.461112367171603,0.11478823694948642,0.20894803704614376,3
0.44999999999999996,0.44999999999999996,0.45640883540731353,0.06744214824897908,0.43126836988469364,0.11664348065369269,0.20744744483474897,3
0.44999999999999996,0.4699999999999999,0.4602430240940509,0.06917299146643596,0.39769387293692066,0.11784805038188396,0.20396094710233997,3
0.44999999999999996,0.48999999999999994,0.4641964911750241,0.07168442931057356,0.36649333031878817,0.11991418848942151,0.20109167597072325,3
0.44999999999999996,0.5099999999999999,0.4675439137711955,0.07434449880817966,0.3349536513678499,0.12168127964518183,0.19690585999282287,3
0.44999999999999996,0.5299999999999999,0.4704155319549203,0.0768830718557684,0.3008139271987339,0.12246588581816509,0.19008500607186227,3
0.44999999999999996,0.5499999999999999,0.47380279770406813,0.08130521612564737,0.27153515713316756,0.12514001406652947,0.1849769741401882,3
0.44999999999999996,0.57,0.4761578870039562,0.08543501870399421,0.24010852362649784,0.12602723469902394,0.17628018922732178,3
0.44999999999999996,0.59,0.47796352295204786,0.09043613555696017,0.2102645263395885,0.12647468806310136,0.1662168683312184,3
0.44999999999999996,0.6099999999999999,0.4789520811973977,0.09561016342598115,0.18121184716255934,0.12517569889114477,0.15369127516778525,3
0.44999999999999996,0.6299999999999999,0.47985960535269395,0.10334964245389537,0.15521139498078226,0.12407934571415662,0.14105488093036636,3
0.44999999999999996,0.6499999999999999,0.4796079905025111,0.11165095714702167,0.12988921546461676,0.12008151747922872,0.1257799671592775,3
0.44999999999999996,0.6699999999999999,0.4785012120463687,0.12170333204682876,0.1069409902780918,0.11384559841145676,0.10959983316727301,3
0.44999999999999996,0.69,0.47576318165202314,0.1315651718722736,0.08523626497852137,0.1034506414214173,0.09169402894320808,3
0.44999999999999996,0.7099999999999999,0.4722662137529212,0.14483783114632334,0.06613158489712864,0.09080325960419092,0.07419526672247165,3
0.44999999999999996,0.7299999999999999,0.467536623495046,0.16115855922762717,0.04906172281257065,0.0752231562527082,0.05698978385902251,3
0.44999999999999996,0.7499999999999999,0.46104660910336887,0.16832261835184104,0.03255708794935564,0.05456095481670929,0.03881924787707238,3
0.49999999999999994,0.01,0.2902660641005093,0.04303778375524774,0.7741352023513453,0.08154225360498207,0.17604113110539846,3
0.49999999999999994,0.03,0.2941022660227573,0.043400785069724085,0.7736830205742709,0.08219095827403791,0.17723498914940672,3
0.49999999999999994,0.049999999999999996,0.2998555758547844,0.04388938562579201,0.7713090662446304,0.08305285901220291,0.1787595038853927,3
0.49999999999999994,0.06999999999999999,0.3086466834965165,0.04454695179165491,0.7674655211394981,0.08420621779009842,0.1807652368400032,3
0.49999999999999994,0.08999999999999998,0.32086497734415076,0.04558015715897651,0.7626045670359485,0.08601903741815377,0.183927977446602,3
0.49999999999999994,0.10999999999999997,0.3339309218264948,0.04679450285666157,0.7536739769387294,0.08811789584985462,0.1874247995591989,3
0.49999999999999994,0.12999999999999998,0.34685200920197384,0.048200180091802894,0.7442912050644359,0.09053718638916965,0.19141649368244168,3
0.49999999999999994,0.15,0.3595082890116665,0.049549273787477616,0.7319692516391589,0.09281557294802328,0.19495730510291337,3
0.49999999999999994,0.16999999999999998,0.3706740485543998,0.05096279947541823,0.7204386163237622,0.09519186246247144,0.19861502405943804,3
0.49999999999999994,0.18999999999999997,0.38109339350867266,0.05232159290554673,0.7069862084557992,0.09743254190814482,0.20185393185896694,3
0.49999999999999994,0.20999999999999996,0.39076772476831617,0.05367370172519485,0.6928555279222247,0.09962937676777528,0.2048818644951663,3
0.49999999999999994,0.22999999999999998,0.39935327867686016,0.054831869130566493,0.6752204386163237,0.10142724933986534,0.20694027730620781,3
0.49999999999999994,0.24999999999999997,0.407361026657634,0.05604350047723263,0.6571331675333484,0.10327887784381135,0.20893988081117412,3
0.49999999999999994,0.26999999999999996,0.4148702208328507,0.05729621136792549,0.6383676237847615,0.1051543704145097,0.21080019710023742,3
0.49999999999999994,0.29,0.42159573388094174,0.05857538998511793,0.6184716255934886,0.10701536475397812,0.21240827736149395,3
0.49999999999999994,0.30999999999999994,0.4274379188785175,0.05930495811636858,0.5922450825231743,0.107813882657996,0.21172125052536292,3
0.49999999999999994,0.32999999999999996,0.43418895715506506,0.060924395027856994,0.5723490843319015,0.11012626564726098,0.21365213061348504,3
0.49999999999999994,0.35,0.44028717842933224,0.062516852201379,0.5504182681437938,0.11228078266785044,0.21493462350022513,3
0.49999999999999994,0.36999999999999994,0.4458753362855139,0.06376859458641236,0.5238525887406738,0.11369686560755689,0.21443180661342118,3
0.49999999999999994,0.38999999999999996,0.45108158464403636,0.06476879941847528,0.49355640967669,0.11451052390007213,0.21236854649635675,3
0.49999999999999994,0.4099999999999999,0.4556310235871273,0.06585863781767912,0.4631471851684377,0.11531911899232988,0.20990234955375897,3
0.49999999999999994,0.42999999999999994,0.46055484035447575,0.06758816418773322,0.4361293239882433,0.11703854263048523,0.20861947764018818,3
0.49999999999999994,0.44999999999999996,0.4650001058418247,0.06949129672109026,0.4075288265882885,0.11873589908271989,0.2065642153997777,3
0.49999999999999994,0.4699999999999999,0.4689476594149112,0.07124780165572857,0.37553696586027585,0.11977213729449092,0.20253627606389463,3
0.49999999999999994,0.48999999999999994,0.47310314280133653,0.07392761555710944,0.34659733212751526,0.1218625171406427,0.19946133728873103,3
0.49999999999999994,0.5099999999999999,0.4767559885138868,0.07689572163256374,0.31777074383902326,0.12382714417867054,0.19537114261884905,3
0.49999999999999994,0.5299999999999999,0.47976629986801705,0.0796005796005796,0.28566583766674203,0.1245072920772566,0.18821689259645466,3
0.49999999999999994,0.5499999999999999,0.4832002626849483,0.08411387270447673,0.25785665837666744,0.12684907129351575,0.18247416082685353,3
0.49999999999999994,0.57,0.48566488474024516,0.08855991590749825,0.22857788831110107,0.1276595744680851,0.1736635976363886,3
0.49999999999999994,0.59,0.48756254854515974,0.09394163670966378,0.20088175446529505,0.12801671349326418,0.1636279926335175,3
0.49999999999999994,0.6099999999999999,0.48862134720139355,0.099501198419382,0.17363780239656343,0.12650825680517233,0.15111863206154938,3
0.49999999999999994,0.6299999999999999,0.48941909892009233,0.10727065712426806,0.1491069409902781,0.12477532872954308,0.13831795302013425,3
0.49999999999999994,0.6499999999999999,0.4891178140581594,0.1160012574662056,0.12514130680533575,0.12039806406003589,0.12319985754668684,3
0.49999999999999994,0.6699999999999999,0.487898928507757,0.12633328715888628,0.10309744517295953,0.11353874883286648,0.10703471586507993,3
0.49999999999999994,0.69,0.4850692330982758,0.1361344537815126,0.08241012887180646,0.1026688261390043,0.08947200471292864,3
0.49999999999999994,0.7099999999999999,0.4817035870783429,0.15027682573161086,0.06443590323309971,0.09019700925706148,0.07274676468336014,3
0.49999999999999994,0.7299999999999999,0.4769813986201781,0.16758893280632411,0.04793126836988469,0.07454289732770746,0.055916020467373526,3
0.49999999999999994,0.7499999999999999,0.47052415769198225,0.17461300309597524,0.03187881528374407,0.05391453971895612,0.03810913808481311,3
0.5499999999999999,0.01,0.297701435938401,0.04501759475835838,0.7332127515261135,0.08482700444014307,0.18070778609280008,3
0.5499999999999999,0.03,0.30054757449345465,0.04531538332494548,0.7328736151933077,0.08535316963991837,0.18164955617322695,3
0.5499999999999999,0.049999999999999996,0.3054790757869051,0.04576490649609781,0.7311779335292787,0.08613835673904792,0.1830065359477124,3
0.5499999999999999,0.06999999999999999,0.31332484887757234,0.04637292823648897,0.7277865702012208,0.08719028690994535,0.1847716901529719,3
0.5499999999999999,0.08999999999999998,0.32471817132313124,0.04736982366788564,0.7233777978747457,0.08891698857793959,0.1876869830468704,3
0.5499999999999999,0.10999999999999997,0.3372416183723634,0.04855322741576483,0.7151254804431382,0.09093261269549217,0.1909171022610669,3
0.5499999999999999,0.12999999999999998,0.3500425336310802,0.05000280015680878,0.7065340266787249,0.09339579644199374,0.19485337673107742,3
0.5499999999999999,0.15,0.3627132810022746,0.051376990262860966,0.6948903459190595,0.0956798530636387,0.1982532300408311,3
0.5499999999999999,0.16999999999999998,0.3741044869308088,0.05285728010340882,0.6841510287135428,0.09813284904696659,0.20189350217839486,3
0.5499999999999999,0.18999999999999997,0.38472225279144295,0.05428148527154448,0.6716029843997287,0.10044465484301825,0.20509970172337608,3
0.5499999999999999,0.20999999999999996,0.3946261494576369,0.05570748312329082,0.6586027583088402,0.10272595831717037,0.2081219724790306,3
0.5499999999999999,0.22999999999999998,0.4034146172004882,0.05687626530898595,0.6415328962242821,0.10448887906908234,0.20993326526686495,3
0.5499999999999999,0.24999999999999997,0.4116886451839883,0.058121421353991246,0.624236943251187,0.10634159493134593,0.21174611939382787,3
0.5499999999999999,0.26999999999999996,0.41952149915179443,0.05950969857429296,0.6072801266108976,0.10839714680629962,0.213759898133779,3
0.5499999999999999,0.29,0.426466095412715,0.06082178970132679,0.5881754465295048,0.11024356135648526,0.21512623109427848,3
0.5499999999999999,0.30999999999999994,0.43257146227594884,0.061590574738221514,0.5631924033461452,0.11103805649969355,0.21423718318096205,3
0.5499999999999999,0.32999999999999996,0.4394828497870255,0.06321295274141828,0.5437485869319466,0.11325908309590525,0.21574150489791522,3
0.5499999999999999,0.35,0.44578798837185857,0.0648227328165085,0.5227221342979878,0.11534192244852143,0.21664776933384564,3
0.5499999999999999,0.36999999999999994,0.4516524505859185,0.06618873709364714,0.49785213655889665,0.11684332011196158,0.21604968554076198,3
0.5499999999999999,0.38999999999999996,0.4571581845852768,0.06735726096683202,0.46970382093601626,0.11781886236034708,0.21402080972494075,3
0.5499999999999999,0.4099999999999999,0.46187115400993556,0.06850157202325541,0.4408772326475243,0.11857887775733897,0.21122870110597183,3
0.5499999999999999,0.42999999999999994,0.46700058682867845,0.07034377094704587,0.415215916798553,0.1203059235846121,0.20964851196931472,3
0.5499999999999999,0.44999999999999996,0.4716790545982595,0.07241517471162565,0.3881980556183586,0.12206088826487994,0.20735462834369903,3
0.5499999999999999,0.4699999999999999,0.47574861251898976,0.0742295604859515,0.3577888311101063,0.12295081967213115,0.2028274076542514,3
0.5499999999999999,0.48999999999999994,0.4800488888021066,0.07704861933717655,0.33088401537418044,0.12499199316750294,0.19946029193299986,3
0.5499999999999999,0.5099999999999999,0.48386996824204687,0.08017066475713092,0.3037531087497174,0.12685897738539256,0.19499274310595066,3
0.5499999999999999,0.5299999999999999,0.48702271003398406,0.08310734269335072,0.27368302057427085,0.1274982226084209,0.1876307835387119,3
0.5499999999999999,0.5499999999999999,0.4905953966093671,0.08789931460178765,0.24790865928103098,0.12978251220594764,0.18174133558748945,3
0.5499999999999999,0.57,0.4931372555017175,0.09263398164439583,0.22021252543522496,0.1304100418410042,0.17265523904064664,3
0.5499999999999999,0.59,0.49497323468621884,0.0980347218243282,0.1934207551435677,0.1301190159321647,0.16191305335276418,3
0.5499999999999999,0.6099999999999999,0.4961240051060596,0.10396697684181068,0.1679855301831336,0.1284411599464108,0.14956619763673332,3
0.5499999999999999,0.6299999999999999,0.49684490272527304,0.11204629142556549,0.14447207777526566,0.12620975706103102,0.13656764265868776,3
0.5499999999999999,0.6499999999999999,0.4964465112853773,0.12101408450704225,0.12141080714447208,0.12121212121212122,0.12133125466006914,3
0.5499999999999999,0.6699999999999999,0.49522409200296114,0.13186813186813187,0.10038435451051322,0.11399229781771501,0.10541811102141603,3
0.5499999999999999,0.69,0.49223464254517507,0.1415752741774676,0.08026226543070314,0.10244571098766322,0.08787346221441125,3
0.5499999999999999,0.7099999999999999,0.4889071469660335,0.15625875105012602,0.06307935790187655,0.08987678183136023,0.07162110127069694,3
0.5499999999999999,0.7299999999999999,0.4839638523834911,0.17194004995836804,0.04668776848293014,0.0734352773826458,0.05464987032234161,3
0.5499999999999999,0.7499999999999999,0.47765733308147446,0.1786407766990291,0.03120054261813249,0.05312289481281879,0.037369005388718894,3
0.5999999999999999,0.01,0.3043259198649357,0.04736086872212527,0.690255482704047,0.08863984437944125,0.18580844628109236,3
0.5999999999999999,0.03,0.3064547070266922,0.047591568736012224,0.6899163463712412,0.08904094599622127,0.18649806565171953,3
0.5999999999999999,0.049999999999999996,0.3105991079586224,0.04798562794985541,0.6884467555957495,0.08971780876405984,0.18761899480581895,3
0.5999999999999999,0.06999999999999999,0.3173232611687293,0.04853001208647835,0.6853945286004974,0.09064202901800732,0.18909410729991202,3
0.5999999999999999,0.08999999999999998,0.32775603760267474,0.04949974966964601,0.6817770743839023,0.09229827447679535,0.19179763775020192,3
0.5999999999999999,0.10999999999999997,0.3393841263530586,0.05065021051201956,0.6745421659507121,0.09422521199488369,0.19475560081466395,3
0.5999999999999999,0.12999999999999998,0.3517525910812453,0.0521273025909115,0.6673072575175221,0.09670074044951182,0.1985857117866322,3
0.5999999999999999,0.15,0.36457857890507456,0.053598930234702816,0.6570201220890798,0.09911238819587145,0.20205953316321204,3
0.5999999999999999,0.16999999999999998,0.3760865302952836,0.05515633729554781,0.6472982138819806,0.10165098526540033,0.20567824250348427,3
0.5999999999999999,0.18999999999999997,0.38683232760714154,0.05663265819980058,0.6356545331223151,0.10399963009201461,0.20876493432239573,3
0.5999999999999999,0.20999999999999996,0.3968937950166472,0.05810265434505432,0.6233325796970383,0.1062970495532401,0.21161300226426683,3
0.5999999999999999,0.22999999999999998,0.4059264531178755,0.05934963838127312,0.6076192629437034,0.10813692649706773,0.2133800188965375,3
0.5999999999999999,0.24999999999999997,0.41435405800247543,0.0606598043306904,0.5915668098575627,0.11003637739975188,0.21508072205964554,3
0.5999999999999999,0.26999999999999996,0.42241263196180195,0.062110513542848085,0.5757404476599594,0.11212504815895206,0.2169394205293782,3
0.5999999999999999,0.29,0.4295792585975078,0.06346000463117812,0.557653176576984,0.11395241395241396,0.21804664156014075,3
0.5999999999999999,0.30999999999999994,0.4359165119810094,0.06432748538011696,0.5347049513904589,0.11483927357482762,0.21714380153148355,3
0.5999999999999999,0.32999999999999996,0.4430179487714523,0.06592278896324454,0.5156002713090663,0.11689926056924635,0.2180814948695145,3
0.5999999999999999,0.35,0.4495046772266862,0.06758297636290794,0.49581731856206196,0.11895205033629855,0.21868331305717875,3
0.5999999999999999,0.36999999999999994,0.4555321820565505,0.06896209893269008,0.4718516843771196,0.12033673528224643,0.21759983317693668,3
0.5999999999999999,0.38999999999999996,0.461294202638654,0.07031709534249506,0.4459642776396111,0.12147993040693467,0.21560440281132842,3
0.5999999999999999,0.4099999999999999,0.4662063157135175,0.07159959836255503,0.41917250734795386,0.1223076161889369,0.21268297159638416,3
0.5999999999999999,0.42999999999999994,0.4715428614567571,0.07353219796644422,0.39486773683020576,0.1239773554100339,0.2107085550206908,3
0.5999999999999999,0.44999999999999996,0.4764126980939493,0.07571197036351007,0.36965860275830886,0.1256822200015374,0.20808409906584877,3
0.5999999999999999,0.4699999999999999,0.48056748309579195,0.07762568826223434,0.34105810535835407,0.12646713615023475,0.20316498316498321,3
0.5999999999999999,0.48999999999999994,0.4849851775618262,0.08047466804919497,0.31584897128645717,0.12826810513026513,0.19927820492703593,3
0.5999999999999999,0.5099999999999999,0.48881537496266886,0.08355584500162813,0.29007460999321727,0.1297401152796036,0.19411746905921867,3
0.5999999999999999,0.5299999999999999,0.49197948948437076,0.08647193028387627,0.2613610671489939,0.1299496950791108,0.18608844030199126,3
0.5999999999999999,0.5499999999999999,0.49566446109992507,0.09143977346983229,0.23728238751978295,0.13200842740794314,0.1798968100241691,3
0.5999999999999999,0.57,0.4982673849857868,0.0962985874832457,0.21116888989373728,0.13227588160317236,0.17049395786937316,3
0.5999999999999999,0.59,0.5001431996182427,0.10194837428642343,0.18573366493330318,0.13164009294127074,0.1595145631067961,3
0.5999999999999999,0.6099999999999999,0.5011134956461722,0.10759827963479966,0.16120280352701785,0.12905561337617086,0.14659621275983303,3
0.5999999999999999,0.6299999999999999,0.5019115611805143,0.1161193187164769,0.13949807822744745,0.12673958814769168,0.13409836778161743,3
0.5999999999999999,0.6499999999999999,0.5013677160225812,0.12486466979429808,0.11734117115080263,0.12098607144938517,0.118772455774996,3
0.5999999999999999,0.6699999999999999,0.500149809454831,0.13594833018273472,0.09755821840379833,0.1135974726865868,0.10339787213648997,3
0.5999999999999999,0.69,0.4972643045767444,0.14638261970048513,0.0784535383224056,0.10215647309928608,0.0864797507788162,3
0.5999999999999999,0.7099999999999999,0.4939286554239622,0.1611667648791986,0.061835858014922,0.08937908496732026,0.07052968177832793,3
0.5999999999999999,0.7299999999999999,0.48879711494831696,0.17491319444444445,0.04555731404024418,0.07228699551569506,0.053465293992782846,3
0.5999999999999999,0.7499999999999999,0.48272692743786516,0.18181818181818182,0.030748360841058104,0.05260104428543802,0.0368763557483731,3
0.6499999999999999,0.01,0.3101344119706887,0.05013510777815919,0.6439068505539227,0.09302705395275153,0.19114478815009703,3
0.6499999999999999,0.03,0.31164840872755034,0.05032480445446109,0.6436807596653855,0.09335114885524341,0.1916797393101684,3
0.6499999999999999,0.049999999999999996,0.3148928802836128,0.050665288261873144,0.6426633506669681,0.09392580109538796,0.1925930442913186,3
0.6499999999999999,0.06999999999999999,0.32038573918953833,0.05119934950535303,0.6406285326701334,0.0948205904744376,0.19398366525409227,3
0.6499999999999999,0.08999999999999998,0.32940320668352946,0.05215792440103854,0.6381415328962243,0.09643390988682468,0.19653513261334282,3
0.6499999999999999,0.10999999999999997,0.339846812827105,0.053250661942587194,0.6320370789057201,0.09822557976106816,0.19914089102280982,3
0.6499999999999999,0.12999999999999998,0.35177317729518326,0.0547587489366753,0.6258195794709474,0.1007058138688787,0.20281062704239386,3
0.6499999999999999,0.15,0.3643439712000445,0.056367819887119905,0.6175672620393398,0.10330644932537844,0.20646102448205228,3
0.6499999999999999,0.16999999999999998,0.37574959670553926,0.05797959996984156,0.6085236264978522,0.10587182487781373,0.20990119085683984,3
0.6499999999999999,0.18999999999999997,0.38647837688066483,0.05948469846984698,0.5976712638480669,0.10820047888995764,0.2127325693684414,3
0.6499999999999999,0.20999999999999996,0.39653088959582855,0.060991105463786534,0.5860275830884015,0.1104835787813559,0.2153181591626516,3
0.6499999999999999,0.22999999999999998,0.4056832709358596,0.06229281938163132,0.5714447207777527,0.11233957442080116,0.21689135266405224,3
0.6499999999999999,0.24999999999999997,0.41426006960423595,0.06364294767336592,0.5562966312457608,0.11421873549345464,0.21831135875641047,3
0.6499999999999999,0.26999999999999996,0.4224597830673151,0.06512425021422451,0.5412615871580375,0.11626015273106949,0.21982461778614387,3
0.6499999999999999,0.29,0.4297937446349615,0.06652139006766832,0.5245308614062854,0.1180691620651925,0.22066656521077463,3
0.6499999999999999,0.30999999999999994,0.436323195592232,0.06739308338132331,0.5027130906624463,0.11885289715629677,0.21934497385814347,3
0.6499999999999999,0.32999999999999996,0.4435567363006004,0.06899105015774902,0.48451277413520233,0.12078342961814852,0.21977683882348117,3
0.6499999999999999,0.35,0.4502480061901473,0.070700483920788,0.4657472303866154,0.12276519666269368,0.21994917679215867,3
0.6499999999999999,0.36999999999999994,0.45652906801242227,0.07218258055024275,0.4437033687542392,0.12416563854354497,0.21863859180035647,3
0.6499999999999999,0.38999999999999996,0.462473684388684,0.0736737729300942,0.41996382545783406,0.1253564137605237,0.21646913493922548,3
0.6499999999999999,0.4099999999999999,0.46768368224081386,0.07526512386758834,0.3963373276056975,0.12650645882947248,0.21386916526364588,3
0.6499999999999999,0.42999999999999994,0.4733111441214186,0.0775045047153254,0.37440651141758985,0.12842435875065433,0.2119897077460732,3
0.6499999999999999,0.44999999999999996,0.478196888285693,0.07962282572390227,0.35032783178837895,0.12975485167584316,0.20853240024224484,3
0.6499999999999999,0.4699999999999999,0.4825514132365612,0.08170241859670113,0.32421433416233325,0.13051491501513118,0.2034417694042873,3
0.6499999999999999,0.48999999999999994,0.48715362121641537,0.08485099337748345,0.3012661089758083,0.1324092015700303,0.19949994011258834,3
0.6499999999999999,0.5099999999999999,0.4911891174136191,0.08829236739974126,0.2777526565679403,0.13399138354147352,0.19434601025121812,3
0.6499999999999999,0.5299999999999999,0.4944090007992233,0.09118966297683223,0.2505087044992087,0.1337074245029716,0.18564128340454053,3
0.6499999999999999,0.5499999999999999,0.49810985580474715,0.09626409325434741,0.2277865702012209,0.13533481093424676,0.17890120036934443,3
0.6499999999999999,0.57,0.5007491212504459,0.1012451405712998,0.20314266335066697,0.13513818386914833,0.16910394669979106,3
0.6499999999999999,0.59,0.502672064324955,0.1071790369419869,0.17940312005426182,0.13419016615228513,0.15809607300113568,3
0.6499999999999999,0.6099999999999999,0.5034731960245526,0.11261040235525024,0.15566357675785666,0.13068235740723166,0.14460640174745862,3
0.6499999999999999,0.6299999999999999,0.5041278967820881,0.12116283797519821,0.1347501695681664,0.12759580389638192,0.13179425943125028,3
0.6499999999999999,0.6499999999999999,0.503470525363203,0.12983318246476142,0.11349762604567036,0.12111707581880693,0.11642739522694064,3
0.6499999999999999,0.6699999999999999,0.5023250439081287,0.1414872139973082,0.09507121862988921,0.11372549019607843,0.10174699961285326,3
0.6499999999999999,0.69,0.4995368227858486,0.15253858197271303,0.07709699299118246,0.10242547120222273,0.0855601555639192,3
0.6499999999999999,0.7099999999999999,0.4961645328891175,0.1670792079207921,0.06104453990504183,0.08941877794336811,0.06991920447482909,3
0.6499999999999999,0.7299999999999999,0.49105878565406297,0.17985611510791366,0.04521817770743839,0.07226738934056007,0.05318017443097214,3
0.6499999999999999,0.7499999999999999,0.4850479774545944,0.18651066758430832,0.03063531539678951,0.05262646858918341,0.036783668594076606,3
0.7,0.01,0.31541917989581875,0.05333428969587671,0.588401537418042,0.09780341607320693,0.19571200818192755,3
0.7,0.03,0.3165251048099133,0.053491766544004275,0.5882884919737734,0.09806655862510835,0.1961257254842843,3
0.7,0.049999999999999996,0.3189654093856499,0.053796257021963355,0.587836310196699,0.09857165875249983,0.19690257109318793,3
0.7,0.06999999999999999,0.323271536253109,0.05433429244049176,0.5870449920868189,0.09946275174533858,0.1982681602638994,3
0.7,0.08999999999999998,0.3307219553139396,0.055253806835764516,0.5853493104227899,0.10097602355717197,0.20054687560516515,3
0.7,0.10999999999999997,0.3399521069777111,0.0563329312424608,0.5807144472077775,0.10270302691031229,0.2029247712800417,3
0.7,0.12999999999999998,0.35073372502054584,0.05784757946376861,0.575853493104228,0.10513389401991641,0.20633004706625727,3
0.7,0.15,0.3626045656006062,0.05952732818651502,0.5691838118923808,0.10778238020314891,0.20984937524485903,3
0.7,0.16999999999999998,0.37342850561840796,0.06118803587267173,0.5614967216821162,0.11035080313701096,0.21306623198352784,3
0.7,0.18999999999999997,0.3839613996636205,0.06287044060736188,0.5527922224734343,0.1129004329004329,0.2160600196177196,3
0.7,0.20999999999999996,0.3936350217439502,0.06441907320349227,0.5421659507121863,0.11515558970418747,0.21832947903199373,3
0.7,0.22999999999999998,0.4026160760612166,0.0657730191515969,0.5291657246212977,0.1170030619258889,0.21965594586731488,3
0.7,0.24999999999999997,0.4113009446887869,0.06720473658629984,0.5158263621976035,0.11891638325319573,0.22090219885554943,3
0.7,0.26999999999999996,0.4196474825490691,0.06881876847366873,0.5027130906624463,0.12106445246035527,0.222343329700109,3
0.7,0.29,0.4270783767844198,0.07036306428210437,0.4879041374632602,0.12298924271567999,0.22311135924237255,3
0.7,0.30999999999999994,0.43370057016098323,0.07127604615119683,0.46789509382771877,0.12370733456871301,0.22144584501465958,3
0.7,0.32999999999999996,0.4411105416314241,0.0730293945598128,0.45161654985304095,0.12572777340676633,0.22172764408134268,3
0.7,0.35,0.44788603640908264,0.07481073506801861,0.43454668776848293,0.12764615052549436,0.22151278711952702,3
0.7,0.36999999999999994,0.4542784803109911,0.07634780434963753,0.4143115532444043,0.1289357959542656,0.21975584016884925,3
0.7,0.38999999999999996,0.4604990942400817,0.07804220925011227,0.3929459642776396,0.1302214063612183,0.21745658375456686,3
0.7,0.4099999999999999,0.46597878260486353,0.07990379476215927,0.37180646619941216,0.13153895376739722,0.21483813654534525,3
0.7,0.42999999999999994,0.47174746056909916,0.08228819389321056,0.3515713316753335,0.13336192109777015,0.21249555877449505,3
0.7,0.44999999999999996,0.4768375419141326,0.0846321288637353,0.32964051548722584,0.1346851111983557,0.20876587580005437,3
0.7,0.4699999999999999,0.4813722352940984,0.08685038864264148,0.30567488130228354,0.13526763381690846,0.20325325475811057,3
0.7,0.48999999999999994,0.48596269820636045,0.08996527404861633,0.2840832014469817,0.13665406889801246,0.19844591499913133,3
0.7,0.5099999999999999,0.4900432416101002,0.09344024498347973,0.2621523852588741,0.13777328897338403,0.192601574698515,3
0.7,0.5299999999999999,0.49309149380490647,0.09591180523656408,0.2360388876328284,0.13639926835641494,0.18266438044581307,3
0.7,0.5499999999999999,0.4969071167122698,0.1012113484220593,0.21535157133167535,0.13770420702616742,0.17571855514149726,3
0.7,0.57,0.49943058401050733,0.10598301274044467,0.19183811892380737,0.13653552176361736,0.16509066853451632,3
0.7,0.59,0.5012209108197688,0.11171520071497729,0.16956816640289396,0.1346922282584295,0.15365388949212266,3
0.7,0.6099999999999999,0.5019508229750421,0.11706616392853937,0.14741125932624916,0.13049787340505378,0.14014573436794703,3
0.7,0.6299999999999999,0.5026106792264928,0.12577639751552794,0.12819353380058784,0.1269734632180047,0.1277027027027027,3
0.7,0.6499999999999999,0.5019731837699615,0.13439731205375893,0.10852362649785213,0.12008255675777096,0.11286947115949866,3
0.7,0.6699999999999999,0.5007901336241004,0.14623069936421434,0.09100158263621975,0.11218730402062574,0.09843723250752036,3
0.7,0.69,0.4980725884324266,0.15761653051417587,0.07415781144019896,0.1008610086100861,0.08294138471653266,3
0.7,0.7099999999999999,0.49475493538782195,0.17205009887936717,0.0590097219082071,0.08787878787878788,0.06793690457598002,3
0.7,0.7299999999999999,0.489657044952736,0.1828922495274102,0.043748586931946644,0.07060755336617405,0.05160000000000001,3
0.7,0.7499999999999999,0.48395315997963,0.1896921975662133,0.029957042731177934,0.05174265351947672,0.03602403414806558,3
0.7499999999999998,0.01,0.31964244948944703,0.05682523139531998,0.5177481347501696,0.1024104467599839,0.1974444310324016,3
0.7499999999999998,0.03,0.32024984876281604,0.05692441571357534,0.517635089305901,0.1025692717783303,0.1976706036745407,3
0.7499999999999998,0.049999999999999996,0.321842655355664,0.05715320355131551,0.5174089984173638,0.10293605010738904,0.19819515532576404,3
0.7499999999999998,0.06999999999999999,0.32507030472946524,0.05762177830991241,0.5168437711960208,0.10368404939279519,0.19925215072039326,3
0.7499999999999998,0.08999999999999998,0.3307479054094481,0.05845810971782819,0.5159394076418721,0.10501731497141016,0.20113346906757626,3
0.7499999999999998,0.10999999999999997,0.3382778679634981,0.059548793284365166,0.5132263169794258,0.1067155583762311,0.20336128431161757,3
0.7499999999999998,0.12999999999999998,0.34754234128696376,0.060998051526304393,0.5096088627628307,0.10895468277945619,0.20624405241197571,3
0.7499999999999998,0.15,0.35804189160646155,0.0627414076435805,0.5049739995478182,0.1116150069337731,0.20955892701325754,3
0.7499999999999998,0.16999999999999998,0.36789916100461034,0.06454439252336448,0.4996608636671942,0.11432118562967178,0.21277824847877994,3
0.7499999999999998,0.18999999999999997,0.3775472799446371,0.06618687521872099,0.4917476825683925,0.11667046627955316,0.21511863669182155,3
0.7499999999999998,0.20999999999999996,0.38659841768524883,0.06780360117395098,0.4831562288039792,0.11891876852019309,0.2171328706855384,3
0.7499999999999998,0.22999999999999998,0.39501441969827283,0.0691351888667992,0.471738638932851,0.12059648007398202,0.21792488302139035,3
0.7499999999999998,0.24999999999999997,0.403483550944598,0.07075946292891094,0.461112367171603,0.12269145160320039,0.21923035579920458,3
0.7499999999999998,0.26999999999999996,0.4115245685777547,0.07247799839988363,0.45059914085462355,0.12487077472510259,0.2205133879176809,3
0.7499999999999998,0.29,0.41878623542943494,0.07407478207677015,0.4380510965408094,0.1267209522875176,0.22093367998540414,3
0.7499999999999998,0.30999999999999994,0.4254211940303292,0.0751169920929482,0.4209812344562514,0.12748622094416487,0.21916195856873827,3
0.7499999999999998,0.32999999999999996,0.4328871938666912,0.07704321780059906,0.4070766448112141,0.12956499838088728,0.21924163460133458,3
0.7499999999999998,0.35,0.43989725898363474,0.07903067847951352,0.392267691612028,0.13155649915644607,0.21881424121274798,3
0.7499999999999998,0.36999999999999994,0.4463804374952535,0.08064869603331142,0.37440651141758985,0.1327109169955723,0.21660933146721428,3
0.7499999999999998,0.38999999999999996,0.4527553220456803,0.08242881862513764,0.35541487678046574,0.13382140120881927,0.21380192040910698,3
0.7499999999999998,0.4099999999999999,0.458307943605371,0.0843035608056429,0.3364232421433416,0.13482229823091038,0.21051142392303882,3
0.7499999999999998,0.42999999999999994,0.464095217606022,0.08673437980917205,0.31856206194890346,0.1363460421908264,0.2075905354038365,3
0.7499999999999998,0.44999999999999996,0.46920843118602384,0.08918163134665275,0.29923129097897355,0.13741012796220833,0.20341197264274186,3
0.7499999999999998,0.4699999999999999,0.473811108148557,0.0914400505933559,0.2778657020122089,0.13759901475074873,0.19738215690998154,3
0.7499999999999998,0.48999999999999994,0.47847884882415087,0.09463253509496285,0.259100158263622,0.13863182725458176,0.1922689752365613,3
0.7499999999999998,0.5099999999999999,0.4826226290870663,0.09813170551239364,0.23988243273796067,0.1392845421726288,0.18611422958181306,3
0.7499999999999998,0.5299999999999999,0.4857323703929786,0.10058270775368786,0.2165950712186299,0.13737228894067038,0.1759961787886025,3
0.7499999999999998,0.5499999999999999,0.4894769131663435,0.10572207084468666,0.19737734569296858,0.13769173139860416,0.1682113335517062,3
0.7499999999999998,0.57,0.4919765985432323,0.11032531824611033,0.17635089305900972,0.1357347950926651,0.1574993942330991,3
0.7499999999999998,0.59,0.49380774936292965,0.11603552278820375,0.15656794031200544,0.1332884226734674,0.14634404057480982,3
0.7499999999999998,0.6099999999999999,0.4945067477748699,0.12129109863672814,0.13678498756500113,0.12857294655190735,0.13337742504409167,3
0.7499999999999998,0.6299999999999999,0.4952549624118892,0.13006632277081798,0.11971512548044314,0.12467624205321404,0.12165142673344666,3
0.7499999999999998,0.6499999999999999,0.49454624208811593,0.13849475632325725,0.10151480895319918,0.11715590345727332,0.10724180758574567,3
0.7499999999999998,0.6699999999999999,0.4931912353858341,0.14925668979187315,0.08512321953425277,0.1084155208408322,0.09312622127680625,3
0.7499999999999998,0.69,0.49049811721843856,0.15989583333333332,0.06940990278091792,0.09679962163014347,0.07826840709769528,3
0.7499999999999998,0.7099999999999999,0.48758380044363697,0.1751954513148543,0.05573140402441781,0.08456260720411664,0.06453217445939578,3
0.7499999999999998,0.7299999999999999,0.48291511152837147,0.1869631126831733,0.04182681437938051,0.06836027713625865,0.049514225303107354,3
0.7499999999999998,0.7499999999999999,0.4775044187079942,0.19376899696048633,0.028826588288491974,0.05018697106868727,0.03474114441416894,3
0.7999999999999998,0.01,0.32278090520337815,0.06106651376146789,0.433416233325797,0.10705011866536368,0.19527748349767743,3
0.7999999999999998,0.03,0.3229982971424616,0.061115184748302354,0.433416233325797,0.10712489522212909,0.19537699504678044,3
0.7999999999999998,0.049999999999999996,0.3238621800732721,0.06128810524801381,0.433416233325797,0.10739044577958909,0.19573008239654488,3
0.7999999999999998,0.06999999999999999,0.32586446068337654,0.06164096951749445,0.4329640515487226,0.10791772330233869,0.19637400274821057,3
0.7999999999999998,0.08999999999999998,0.3298014951813815,0.06239809561077415,0.4326249152159168,0.10906551910855254,0.1978473055130485,3
0.7999999999999998,0.10999999999999997,0.3354188125303874,0.06345114345114346,0.43126836988469364,0.11062620521668527,0.1997193981719,3
0.7999999999999998,0.12999999999999998,0.34240462028977187,0.06473370558202278,0.42855527922224734,0.11247756234330727,0.20176269598816352,3
0.7999999999999998,0.15,0.35089106960494965,0.06639839034205232,0.42527696133845805,0.11486321446018563,0.20436322548401814,3
0.7999999999999998,0.16999999999999998,0.35918523389259666,0.06822587133818528,0.4217725525661316,0.11745262230057293,0.20711668702120573,3
0.7999999999999998,0.18999999999999997,0.36743804975028876,0.06979970354604538,0.415215916798553,0.1195093381922301,0.20867895370770173,3
0.7999999999999998,0.20999999999999996,0.3754975555312626,0.0713296946685651,0.4077549174768257,0.12141919412932979,0.20982641474311242,3
0.7999999999999998,0.22999999999999998,0.383099952486965,0.07277672463529218,0.399276509156681,0.12311338840670641,0.21044854378187713,3
0.7999999999999998,0.24999999999999997,0.39081012619509675,0.07443511943189154,0.39102419172507347,0.12506327283245353,0.21129083490116546,3
0.7999999999999998,0.26999999999999996,0.3982172443505485,0.0762168365624789,0.3828849197377346,0.12712770948672233,0.21215689713491095,3
0.7999999999999998,0.29,0.40509379309030735,0.07792361078324914,0.3731630115306353,0.128925167942509,0.21229388007100042,3
0.7999999999999998,0.30999999999999994,0.41132043950190317,0.07891332470892626,0.35858014921998643,0.1293585090330737,0.2098438740407515,3
0.7999999999999998,0.32999999999999996,0.41853508196679196,0.08116575400168492,0.3485191046800814,0.13166773435831733,0.21010522298549775,3
0.7999999999999998,0.35,0.42528342448975875,0.08329602686066033,0.33653628758761023,0.1335396761315211,0.20928238006861258,3
0.7999999999999998,0.36999999999999994,0.43152606704687074,0.08496478452906768,0.32184037983269276,0.13443830570902393,0.20662776519770076,3
0.7999999999999998,0.38999999999999996,0.43767065394270305,0.08682826728228805,0.3061270630793579,0.1352850077434181,0.20338881211320073,3
0.7999999999999998,0.4099999999999999,0.4431669708911037,0.08875310687655344,0.29063983721456027,0.135981382556725,0.19976069119840875,3
0.7999999999999998,0.42999999999999994,0.4488365158540233,0.09119485087752123,0.2754917476825684,0.13702943574460907,0.19619366577036407,3
0.7999999999999998,0.44999999999999996,0.454001698230522,0.09392986896354656,0.26011756726203933,0.13801997420747983,0.1921310599355388,3
0.7999999999999998,0.4699999999999999,0.4584390227123107,0.09610634571338753,0.2419172507347954,0.13756307652749655,0.18559955594872596,3
0.7999999999999998,0.48999999999999994,0.4630187800980703,0.09934990819314178,0.22631697942572915,0.13808324999137842,0.18024669127577206,3
0.7999999999999998,0.5099999999999999,0.46691832488675195,0.10267758353618057,0.20981234456251413,0.13787980090632196,0.1735877291432847,3
0.7999999999999998,0.5299999999999999,0.4698433554978057,0.10489248987223435,0.19025548270404702,0.13522960106062432,0.16362363646969608,3
0.7999999999999998,0.5499999999999999,0.47372434276729897,0.11054773977004928,0.17499434772778658,0.13549827125913608,0.15672140441816673,3
0.7999999999999998,0.57,0.47631432149428776,0.11547707867031419,0.15747230386615418,0.13324405758285907,0.14679537167787216,3
0.7999999999999998,0.59,0.47810164784785253,0.12098813460416262,0.1406285326701334,0.1300710999581765,0.13620636797617483,3
0.7999999999999998,0.6099999999999999,0.478900724821442,0.1262538913870633,0.12378476147411259,0.1250071351104515,0.12427083096897203,3
0.7999999999999998,0.6299999999999999,0.4798060257278916,0.13503700600474794,0.1093149446077323,0.1208221403136128,0.11364437654248442,3
0.7999999999999998,0.6499999999999999,0.47936955024624855,0.14377496093071715,0.09360162785439746,0.11338582677165354,0.10062465060885205,3
0.7999999999999998,0.6699999999999999,0.4782108455193282,0.1542705804458177,0.07901876554374859,0.10450773716079839,0.08756106726794438,3
0.7999999999999998,0.69,0.4757812651632234,0.1648036686729722,0.06500113045444268,0.09323064450749899,0.07395878887659814,3
0.7999999999999998,0.7099999999999999,0.47324698548127114,0.18104118104118105,0.052679177029165726,0.08161120840630473,0.061383634543442755,3
0.7999999999999998,0.7299999999999999,0.4691305027076102,0.19379422972237342,0.04024417815962017,0.06664794533370776,0.047822465812310255,3
0.7999999999999998,0.7499999999999999,0.46386466615632965,0.19886363636363635,0.027696133845806013,0.04862075808692201,0.033455320078654135,3
0.2,0.01,0.20568497865836732,0.032382730239052124,0.9482719674723289,0.06262680510800811,0.14245478299229702,4
0.2,0.03,0.21322362393935226,0.032889603387770305,0.9473684210526315,0.06357218375908052,0.1443961287790367,4
0.2,0.049999999999999996,0.22195584983760627,0.03346802073466582,0.9457872148181613,0.06464836738553942,0.14659080962800874,4
0.2,0.06999999999999999,0.23289293710331693,0.034141958670260555,0.9399141630901288,0.06589047549297113,0.14905270397581338,4
0.2,0.08999999999999998,0.24446465298998263,0.03497042723744641,0.9322340185227016,0.06741205968588954,0.1520387262197728,4
0.2,0.10999999999999997,0.2564328643796992,0.03583160594455961,0.921504404788796,0.06898096872648568,0.15504332623897843,4
0.2,0.12999999999999998,0.2678851017528141,0.036719996353525686,0.9098712446351931,0.07059112178195265,0.15808104989678423,4
0.2,0.15,0.2781602583523103,0.037493132258492316,0.8940591822904902,0.07196821615921013,0.1605366906241381,4
0.2,0.16999999999999998,0.28719162823717587,0.03826504219648338,0.8772306302236278,0.07333135063941879,0.16290190649971684,4
0.2,0.18999999999999997,0.2951219064841552,0.03910978103237113,0.8619832843912356,0.07482462977396727,0.1655107803208723,4
0.2,0.20999999999999996,0.3024573934246711,0.03987271484708697,0.8434605827874407,0.07614580678052511,0.1676604763102123,4
0.2,0.22999999999999998,0.30956133353902116,0.04071744778599226,0.8248249378811836,0.07760397849233842,0.17001592371516103,4
0.2,0.24999999999999997,0.3159202682931443,0.04161051900853444,0.8056245764626158,0.07913377746467935,0.17242879727710925,4
0.2,0.26999999999999996,0.3215145824378037,0.04252521360464334,0.7852947820194263,0.08068137644540112,0.17476962984933567,4
0.2,0.29,0.32648409944619056,0.043227924969637,0.7597695956629772,0.08180165500300965,0.17606905613166315,4
0.2,0.30999999999999994,0.33146348203828463,0.0443263011750364,0.7392139146148633,0.08363736270757592,0.17875578327534125,4
0.2,0.32999999999999996,0.33611763490877267,0.045458779025197564,0.7166252541224305,0.08549427006487863,0.1812929660043545,4
0.2,0.35,0.3404957793969799,0.04619468084297307,0.6860176191551841,0.086560591701641,0.18196197791531607,4
0.2,0.36999999999999994,0.34452764303163774,0.04714217313326246,0.6560876440027107,0.0879638392755741,0.18308864781043754,4
0.2,0.38999999999999996,0.34865534172865337,0.04821217185432769,0.6255929523379263,0.0895249793926072,0.18425989993612943,4
0.2,0.4099999999999999,0.352366213667642,0.04962338138629503,0.5960018070928393,0.0916185598333261,0.1861283746128939,4
0.2,0.42999999999999994,0.35596011862168986,0.05088389137399814,0.5614411565394172,0.09331093320318733,0.1867266676182677,4
0.2,0.44999999999999996,0.3591328732172425,0.05234488424701473,0.5252992997515248,0.09520300490241232,0.1871343617474994,4
0.2,0.4699999999999999,0.36224568389259626,0.05343177672838118,0.4830585046306754,0.09622047244094488,0.1852124508496302,4
0.2,0.48999999999999994,0.3652411595212981,0.05498841536193218,0.4422859724418342,0.0978156340156615,0.1836238992413088,4
0.2,0.5099999999999999,0.36830687549285135,0.05687400982572933,0.4014004969505308,0.09963135836732405,0.1815024768908636,4
0.2,0.5299999999999999,0.3713741379223185,0.059503948392837284,0.36254800090354644,0.10222929936305733,0.17960654416866229,4
0.2,0.5499999999999999,0.3739745429413371,0.06193261173184358,0.3205330923876214,0.10380774717436629,0.1746676514032496,4
0.2,0.57,0.3762303854398142,0.06495515812660618,0.2797605601987802,0.1054311739167447,0.16838885112168592,4
0.2,0.59,0.3773561164087526,0.06725863739102357,0.2352608990286876,0.10461028525512255,0.15688548790407617,4
0.2,0.6099999999999999,0.3777246815791957,0.06914311204833935,0.19256833069798962,0.10175155909647003,0.14190595089471494,4
0.2,0.6299999999999999,0.3774474675198299,0.07163172864215737,0.15360289134854302,0.09770114942528736,0.12499540458071394,4
0.2,0.6499999999999999,0.3758125862476323,0.07294960995150748,0.11723514795572623,0.08993631676991726,0.10454224997482124,4
0.2,0.6699999999999999,0.3737610783684413,0.07591495971264926,0.08832166252541224,0.08164969981728008,0.08552617188354442,4
0.2,0.69,0.3707208179910071,0.07849595169479896,0.0646035690083578,0.07087541044544948,0.06697421726810762,4
0.2,0.7099999999999999,0.36683514283342933,0.08014282880380877,0.045629094194714254,0.05815041381792012,0.0499295548359987,4
0.2,0.7299999999999999,0.3637502472924083,0.08784596871239471,0.03297944431895189,0.047955329282312366,0.03768714506969541,4
0.2,0.7499999999999999,0.35918825576633046,0.0856353591160221,0.021007454257962504,0.03373843642300018,0.024741938916675536,4
0.25,0.01,0.221737496284655,0.03362513294608525,0.9283939462389881,0.06489968971316232,0.14685074818848345,4
0.25,0.03,0.22900947561629437,0.03412338417572193,0.9278292297266773,0.06582584796352535,0.14873623986095016,4
0.25,0.049999999999999996,0.2374279156605532,0.03469986164059558,0.9262480234922069,0.06689369685352474,0.15088847757371474,4
0.25,0.06999999999999999,0.2482971937555641,0.03538378735003559,0.9207138016715609,0.06814856923115506,0.15334607455117302,4
0.25,0.08999999999999998,0.2598826562887549,0.036217177622766106,0.9130336571041338,0.06967073596394083,0.15628806186563557,4
0.25,0.10999999999999997,0.27196796369519466,0.03709859377248734,0.9025299299751525,0.07126771994131628,0.15930067978390447,4
0.25,0.12999999999999998,0.2835898333312729,0.0380184720341882,0.8912355997289361,0.07292605274223583,0.16238429784379335,4
0.25,0.15,0.2940891385720019,0.03881347108761813,0.8757623672916196,0.07433255044816182,0.1648440423143644,4
0.25,0.16999999999999998,0.3033826510102541,0.03961504611426756,0.8591597018296815,0.07573788935517754,0.16723165332242929,4
0.25,0.18999999999999997,0.31154333067625123,0.040489820677105055,0.844364129207138,0.07727411327541565,0.16986662425302768,4
0.25,0.20999999999999996,0.3191905515858255,0.04126031507876969,0.8261802575107297,0.07859548841482086,0.1719517641804377,4
0.25,0.22999999999999998,0.3265731623980909,0.04210334189020513,0.8076575559069347,0.08003447156655363,0.17419370554418784,4
0.25,0.24999999999999997,0.3331729436769347,0.04300221076810336,0.7886830810932912,0.08155757090883609,0.17651400635986308,4
0.25,0.26999999999999996,0.33902302288056463,0.043922013909497945,0.7689180031624124,0.08309735377404551,0.17876461258914603,4
0.25,0.29,0.3442272298318425,0.044638985255854295,0.7440704766207364,0.08422506040731792,0.18,4
0.25,0.30999999999999994,0.3494370571545211,0.04575718434893064,0.7241924553873955,0.08607577944088331,0.18262915344608566,4
0.25,0.32999999999999996,0.35429662609123064,0.04688018586126784,0.7019426248023493,0.08789048689774158,0.18498345119889514,4
0.25,0.35,0.35885870500066774,0.04765182866794208,0.6723514795572623,0.08899619527436632,0.18563329861609176,4
0.25,0.36999999999999994,0.3630517634660677,0.048607672739068825,0.6430991642195618,0.09038382170862568,0.18661754873556285,4
0.25,0.38999999999999996,0.36736196411558564,0.0497427258244676,0.613620962276937,0.09202547511772079,0.1878137142383053,4
0.25,0.4099999999999999,0.37126244337191466,0.051149504813489635,0.5844815902416987,0.09406696477260333,0.1894355370085658,4
0.25,0.42999999999999994,0.3750260144403648,0.05247816546917351,0.5510503727128981,0.09583014161412606,0.19000996977910709,4
0.25,0.44999999999999996,0.37838535969004666,0.05401444324937653,0.5161508922520894,0.097794802109971,0.1903801771327162,4
0.25,0.4699999999999999,0.3817220585044206,0.0552278328351948,0.4758301332730969,0.09896873311564754,0.188585496866607,4
0.25,0.48999999999999994,0.3848524447823008,0.05687357337456741,0.4361870341088773,0.10062663661590172,0.18689327435855246,4
0.25,0.5099999999999999,0.3880131542799117,0.05876828122903529,0.3957533318274226,0.10233943748357137,0.18434343434343436,4
0.25,0.5299999999999999,0.3911992894942576,0.061507088755098076,0.35769143889767335,0.10496486808961951,0.18220836305893723,4
0.25,0.5499999999999999,0.39388549126806777,0.06401498709191017,0.31646713349898353,0.10648931116389548,0.17692297978203494,4
0.25,0.57,0.3962012753287951,0.06713509359389581,0.2762593178224531,0.10801978449037272,0.17021572720946415,4
0.25,0.59,0.3972630769022181,0.06937177193397022,0.23209848655974702,0.1068170595420641,0.15798213379664508,4
0.25,0.6099999999999999,0.3976124632063416,0.07134676564156946,0.18997063474135983,0.10373431188134077,0.14256411995050092,4
0.25,0.6299999999999999,0.39724372538362496,0.0738799382034871,0.15123108199683757,0.09926606864852842,0.12504669406051552,4
0.25,0.6499999999999999,0.39550425397397776,0.07526564344746163,0.11520216851140727,0.09104704097116843,0.10414964875020422,4
0.25,0.6699999999999999,0.3933416321547802,0.07833724849351445,0.08662751298847979,0.08227406811477608,0.08483199504501515,4
0.25,0.69,0.3902706349406147,0.0813314037626628,0.06347413598373616,0.07130170007612281,0.0663894532911213,4
0.25,0.7099999999999999,0.3861745161120181,0.08273834523309534,0.044499661170092616,0.057873090481786134,0.049031808452386874,4
0.25,0.7299999999999999,0.38300531010858646,0.0906479412703479,0.03207589789925457,0.047384666722282476,0.036836234402967655,4
0.25,0.7499999999999999,0.3784825525360321,0.08898721730580138,0.020442737745651682,0.033247612049963265,0.024165554072096123,4
0.3,0.01,0.23605508992703886,0.03492959706991574,0.9069347187711768,0.0672684244696224,0.1513341148179279,4
0.3,0.03,0.24289635783339605,0.03540982738536482,0.9063700022588661,0.06815691803334381,0.15312080229576264,4
0.3,0.049999999999999996,0.25099660677880326,0.035998724277801986,0.9051276259317822,0.06924349708173308,0.1552890111806538,4
0.3,0.06999999999999999,0.26170725317841265,0.0366803901522478,0.8995934041111362,0.07048672566371682,0.15768405381648865,4
0.3,0.08999999999999998,0.27332042708133,0.037519771622911806,0.8921391461486334,0.07201104916971689,0.16058468356746428,4
0.3,0.10999999999999997,0.28558136709304005,0.038427474906514464,0.8820871922295008,0.07364659066263073,0.16362463126843657,4
0.3,0.12999999999999998,0.2973963017250333,0.0393696766682326,0.8707928619832844,0.07533343104206361,0.16670126096206736,4
0.3,0.15,0.3081313879999244,0.040207563988284734,0.8558843460582788,0.07680690836483789,0.16923640391624384,4
0.3,0.16999999999999998,0.31759106964145695,0.04103342626073035,0.839507567201265,0.0782425170658793,0.17161446428488972,4
0.3,0.18999999999999997,0.3259140491310833,0.041944670930993695,0.825050824486108,0.07983083076519573,0.1742821151478714,4
0.3,0.20999999999999996,0.33378632756471743,0.042739234449760764,0.807092839394624,0.08117963806559352,0.17634342796225372,4
0.3,0.22999999999999998,0.3414197684623815,0.043637612387612386,0.7893607409080642,0.08270320801827068,0.1786773428232503,4
0.3,0.24999999999999997,0.3482785585159483,0.04457155543366831,0.7709509826067314,0.08427108474639046,0.18100051441693227,4
0.3,0.26999999999999996,0.35439075051897645,0.04549090933955104,0.7514117912807771,0.0857881536785233,0.18311177166762999,4
0.3,0.29,0.3598255452617811,0.04621978447997358,0.7271289812514118,0.08691484694049749,0.1842513465402073,4
0.3,0.30999999999999994,0.3652683918969217,0.04738684387592328,0.7079286198328439,0.08882779340593933,0.1868935946901705,4
0.3,0.32999999999999996,0.3703322287204771,0.04857859665382956,0.6866952789699571,0.09073814285287884,0.18932081158842656,4
0.3,0.35,0.37512549838584913,0.049381564780983225,0.6578947368421053,0.09186755301112662,0.18989405052974737,4
0.3,0.36999999999999994,0.3795115121784461,0.05035210312689272,0.6290941947142534,0.09324126386273279,0.19070509528407184,4
0.3,0.38999999999999996,0.38396088996757133,0.051523997013101626,0.6000677659814773,0.09489957221066168,0.19175936419481282,4
0.3,0.4099999999999999,0.38805436809115035,0.05303165146740098,0.5720578269708606,0.09706505179038548,0.19343135382852777,4
0.3,0.42999999999999994,0.3919987273051591,0.05442052848076025,0.5394172125592952,0.09886663561558764,0.19386736160159765,4
0.3,0.44999999999999996,0.39551989374474267,0.05594956658786446,0.5051953919132596,0.10074210876003649,0.19386631762350146,4
0.3,0.4699999999999999,0.39901240792375253,0.05721972596660565,0.46600406595888866,0.10192435957609743,0.1918641419590045,4
0.3,0.48999999999999994,0.40235018660035077,0.058988283255792244,0.4281680596340637,0.10369114207956674,0.1901527843263144,4
0.3,0.5099999999999999,0.40569357104800213,0.06097863444708217,0.3887508470747685,0.10542113323124043,0.18734623674642398,4
0.3,0.5299999999999999,0.408987143713506,0.06380141552979793,0.35125367065733004,0.10798798590253303,0.1847649148655553,4
0.3,0.5499999999999999,0.4118128432895483,0.06646889998311747,0.31127174158572396,0.10954548164636206,0.17924270607057843,4
0.3,0.57,0.41417078116179185,0.06967783057132924,0.2716286424215044,0.11090615632925986,0.17195275410398675,4
0.3,0.59,0.41526303120263913,0.07201624105139438,0.22837135757849558,0.10950150280252363,0.1592301513552675,4
0.3,0.6099999999999999,0.41557314544587015,0.0740309730552323,0.18680822227241925,0.10603923579946146,0.14318362824197514,4
0.3,0.6299999999999999,0.4151514150484892,0.07672559659256666,0.14852044273774564,0.10118108721578886,0.12510703072971174,4
0.3,0.6499999999999999,0.4132948925868644,0.07811768378336195,0.11305624576462615,0.09239431419604947,0.10377358490566037,4
0.3,0.6699999999999999,0.4109892170468636,0.08138274815778067,0.08482042014908515,0.0830660325185267,0.08410984678792224,4
0.3,0.69,0.407858810306593,0.08476923076923076,0.06223175965665236,0.07177282792757587,0.06572669147819449,4
0.3,0.7099999999999999,0.4036656266714463,0.08646953405017921,0.0435961147503953,0.057966661660910045,0.04839518555667001,4
0.3,0.7299999999999999,0.4004308114169151,0.09527073337902674,0.03139823808448159,0.0472307169554876,0.03626023895236605,4
0.3,0.7499999999999999,0.396014011240583,0.09521276595744681,0.020216851140727354,0.03335196571641513,0.0239972114972115,4
0.35,0.01,0.24955352614573498,0.036521722923228896,0.8852496046984414,0.07014937395397958,0.15674244484617722,4
0.35,0.03,0.2558129454238007,0.036980209238206746,0.8846848881861306,0.07099288530384737,0.15841395935801192,4
0.35,0.049999999999999996,0.26349107784326914,0.03756957551134099,0.8835554551615089,0.07207447911148374,0.16054226881133465,4
0.35,0.06999999999999999,0.2738333965907644,0.038248489738090086,0.878134176643325,0.07330410597275255,0.16286679067585005,4
0.35,0.08999999999999998,0.28537889164294966,0.03909458760534242,0.8707928619832844,0.07482966787662325,0.16571379443751882,4
0.35,0.10999999999999997,0.29773678429456446,0.04003318160101225,0.8611926812740005,0.07650975060329819,0.16878206859303266,4
0.35,0.12999999999999998,0.3097095283460811,0.04102170134632254,0.8503501242376327,0.07826769443477086,0.17193187579069483,4
0.35,0.15,0.3206975910964966,0.041913726023208,0.8358933815224757,0.07982484050671139,0.1745576504884595,4
0.35,0.16999999999999998,0.3303885182799457,0.04277816415781594,0.8197424892703863,0.08131301814922698,0.17695360880038227,4
0.35,0.18999999999999997,0.338911533156095,0.04371628249141736,0.8053986898576915,0.08293114075383488,0.17958959584156023,4
0.35,0.20999999999999996,0.34702725066191425,0.04454876413105959,0.7877795346735939,0.08432875519876197,0.18165387059473087,4
0.35,0.22999999999999998,0.35490735819499947,0.04548485616356143,0.7703862660944206,0.08589814628249043,0.1839754447669087,4
0.35,0.24999999999999997,0.36200529451646246,0.04645275571331934,0.7523153377004743,0.08750254520614528,0.18626019943067743,4
0.35,0.26999999999999996,0.368333126594334,0.04741111784506868,0.7333408628868308,0.08906416103700147,0.18834811767913812,4
0.35,0.29,0.37403820206365523,0.048176793886108064,0.7098486559747007,0.0902297736718565,0.18945217123944222,4
0.35,0.30999999999999994,0.3797069295671986,0.04941161277825308,0.691438897673368,0.0922321320959383,0.19213628431901777,4
0.35,0.32999999999999996,0.3850169079544246,0.050643923240938166,0.6706573300203298,0.0941762354881685,0.19447683177655797,4
0.35,0.35,0.38997503347577206,0.051447701773434676,0.6421956177998644,0.09526362524502822,0.19481142418594452,4
0.35,0.36999999999999994,0.3945151788615553,0.05244724883498799,0.6139597921843235,0.09663914098541346,0.19545098264815228,4
0.35,0.38999999999999996,0.3991853274973159,0.05364924592946827,0.585385136661396,0.09829039568379432,0.19628858170800983,4
0.35,0.4099999999999999,0.40343707850499194,0.05518243280996815,0.5577140275581658,0.10042811092242142,0.19767655983538962,4
0.35,0.42999999999999994,0.40761608589483944,0.05664323759029112,0.5260899028687599,0.10227472334445811,0.19796005099872502,4
0.35,0.44999999999999996,0.4113220884432683,0.058211725123165865,0.49243279873503504,0.10411567346841308,0.19761591805284867,4
0.35,0.4699999999999999,0.41495292950464524,0.05951746595618709,0.45414501920036143,0.10524249483079016,0.19523966749533872,4
0.35,0.48999999999999994,0.4184372611261489,0.06131190543389836,0.4170996159927716,0.10690868035954666,0.19304958755449614,4
0.35,0.5099999999999999,0.4218989552336305,0.06333037249825185,0.37847300655071153,0.10850454125989606,0.18968855075909383,4
0.35,0.5299999999999999,0.4253270548295854,0.06623660616663023,0.34210526315789475,0.1109849040011725,0.18663889778917014,4
0.35,0.5499999999999999,0.4283044526043846,0.06902486642005755,0.30347865371583466,0.11246913063496715,0.1807139782632089,4
0.35,0.57,0.43073558318729926,0.0723680148193887,0.2647391009713124,0.11366501794200369,0.17284606082057635,4
0.35,0.59,0.43189275685541023,0.07491448118586089,0.22261124915292524,0.11210328745307702,0.15965719469915435,4
0.35,0.6099999999999999,0.43207107494408153,0.07680183407364952,0.1816128303591597,0.10795206606021952,0.14267208489343955,4
0.35,0.6299999999999999,0.4315967222762133,0.079678043301928,0.1442285972441834,0.10264860737108637,0.12411795579573508,4
0.35,0.6499999999999999,0.42955995146744513,0.08095914445651266,0.10944206008583691,0.09307016280074917,0.10224754669199114,4
0.35,0.6699999999999999,0.42708884316040646,0.08424355101092261,0.0818838942850689,0.08304696449026346,0.08234519104084323,4
0.35,0.69,0.4238509218172286,0.08784119106699752,0.05997289360740908,0.07127995167460903,0.06403608210125177,4
0.35,0.7099999999999999,0.4195963197657866,0.08978702807357213,0.041901965213462844,0.05713845679963037,0.04690502680287246,4
0.35,0.7299999999999999,0.41634531358278976,0.09921962095875139,0.030155861757397786,0.04625378951927241,0.03503293358175663,4
0.35,0.7499999999999999,0.41206996508228483,0.1,0.019539191325954372,0.03269085411942555,0.023286491143057125,4
0.39999999999999997,0.01,0.26256218266312853,0.03835832038580278,0.8588208719222951,0.07343667004683954,0.16272062725763103,4
0.39999999999999997,0.03,0.2681948098237654,0.03879609588761384,0.8583690987124464,0.07423687423687424,0.16428027944940168,4
0.39999999999999997,0.049999999999999996,0.2754119563996143,0.03937477627968023,0.8572396656878247,0.07529127008139194,0.16631679514766914,4
0.39999999999999997,0.06999999999999999,0.28538319028158826,0.040045019457112065,0.851931330472103,0.07649441985224398,0.16853681534013465,4
0.39999999999999997,0.08999999999999998,0.29664393998861427,0.04091048235448463,0.8452676756268354,0.07804369362323374,0.17137466109767716,4
0.39999999999999997,0.10999999999999997,0.3089665580963962,0.041868492530556814,0.8356674949175514,0.07974177417095067,0.17439284232756344,4
0.39999999999999997,0.12999999999999998,0.3210475247683578,0.04289816603733697,0.825050824486108,0.08155586939896506,0.1775618245723203,4
0.39999999999999997,0.15,0.3322547787427122,0.043829711892449615,0.8108199683758753,0.08316391249196337,0.18018764212460278,4
0.39999999999999997,0.16999999999999998,0.3422364729571848,0.0447488004067495,0.7952337926360967,0.08472975168322312,0.18263549161915532,4
0.39999999999999997,0.18999999999999997,0.35099668683743873,0.04571628795641912,0.781002936525864,0.08637649659927676,0.18521494576134998,4
0.39999999999999997,0.20999999999999996,0.35940137973382497,0.04658789486375693,0.763722611249153,0.08781875206981864,0.18724973831558306,4
0.39999999999999997,0.22999999999999998,0.36752879474445277,0.04755566747005288,0.746555229274904,0.089415552354091,0.18949492864555564,4
0.39999999999999997,0.24999999999999997,0.37486535475670735,0.04858555527961529,0.7291619606957307,0.0911008727678099,0.19180605484417246,4
0.39999999999999997,0.26999999999999996,0.38146297748705055,0.049586255812120734,0.7106392590919358,0.0927039132484677,0.19383140487720724,4
0.39999999999999997,0.29,0.38744374113927876,0.05037983482564009,0.6875988253896544,0.09388107574636072,0.1948060259314723,4
0.39999999999999997,0.30999999999999994,0.39343766637933725,0.05171331962212849,0.6702055568104811,0.09601786378861184,0.19758397485415943,4
0.39999999999999997,0.32999999999999996,0.3989946514406799,0.05305130164927758,0.6506663654845267,0.09810382555535689,0.20002222083342017,4
0.39999999999999997,0.35,0.4041667004623864,0.05395346111013422,0.6237858594985317,0.09931666966372954,0.2004253095469655,4
0.39999999999999997,0.36999999999999994,0.4089203141200437,0.05501766526664652,0.5962276936977637,0.10073946853680645,0.20092565103869311,4
0.39999999999999997,0.38999999999999996,0.4137843770213283,0.05633220005368167,0.56889541450192,0.102513483260405,0.2017511535503717,4
0.39999999999999997,0.4099999999999999,0.4181768199704061,0.05792797034783344,0.5419019652134628,0.10466727020865828,0.20288727451096467,4
0.39999999999999997,0.42999999999999994,0.4225264609443318,0.05943417300692501,0.5108425570363677,0.10647990112412453,0.20279419281365174,4
0.39999999999999997,0.44999999999999996,0.4264260025086635,0.061115840198525485,0.47842782922972665,0.10838610631356746,0.20224011000028644,4
0.39999999999999997,0.4699999999999999,0.430276731903026,0.06256400409626216,0.44160831262706124,0.10960056061667835,0.19966909061197813,4
0.39999999999999997,0.48999999999999994,0.43395403415477407,0.0645068601393578,0.4056923424440931,0.11131426446434659,0.19714599341383096,4
0.39999999999999997,0.5099999999999999,0.4375547403267019,0.06666257819207654,0.3683081093291168,0.11289205843661289,0.19333839258187682,4
0.39999999999999997,0.5299999999999999,0.4411399809151488,0.06969374482677072,0.3328439123559973,0.11525450243454115,0.1896371990064478,4
0.39999999999999997,0.5499999999999999,0.4441910538654347,0.07262321498027449,0.29523379263609667,0.11657153050303247,0.18302758717266487,4
0.39999999999999997,0.57,0.44669849971662595,0.07602202569664608,0.2572848430088096,0.11736520775908704,0.1742096327679295,4
0.39999999999999997,0.59,0.4479205532285208,0.07870845828369552,0.2163993675175062,0.1154321173600024,0.16031058083301264,4
0.39999999999999997,0.6099999999999999,0.44803258687224895,0.08058853897780072,0.176304495143438,0.11061507936507936,0.1424634030591757,4
0.39999999999999997,0.6299999999999999,0.4474962654654126,0.08374484204829873,0.13982380844815903,0.10475102593391716,0.1233092292675153,4
0.39999999999999997,0.6499999999999999,0.445404525587088,0.08531278331822303,0.10627964761689632,0.09464896399114867,0.10130043491366317,4
0.39999999999999997,0.6699999999999999,0.44263785011538515,0.08832807570977919,0.0790603117235148,0.08343763037129745,0.08075494335617545,4
0.39999999999999997,0.69,0.4391910470833737,0.09195816804904436,0.057601084255703636,0.07083333333333333,0.062252819686538736,4
0.39999999999999997,0.7099999999999999,0.43478554723865637,0.09365079365079365,0.039981929071606054,0.05603925914199778,0.04515766914991326,4
0.39999999999999997,0.7299999999999999,0.4314541470319717,0.10301302931596092,0.02857465552292749,0.04473916887709991,0.03340198563582594,4
0.39999999999999997,0.7499999999999999,0.42743690073198687,0.10553083280356007,0.018748588208719223,0.031840414309005464,0.022439103517261885,4
0.44999999999999996,0.01,0.27413985797711005,0.04007019596373208,0.8200813191777727,0.07640704826345227,0.16759531536355787,4
0.44999999999999996,0.03,0.2790084167582298,0.040476482594777874,0.8197424892703863,0.07714382891883849,0.16900293391701204,4
0.44999999999999996,0.049999999999999996,0.2855160326317008,0.041024567201851735,0.8187259995482268,0.07813401022888339,0.17087428988991818,4
0.44999999999999996,0.06999999999999999,0.2949391115050996,0.041669558377865686,0.8137564942398916,0.07927949736468569,0.1729277471630729,4
0.44999999999999996,0.08999999999999998,0.30578485184077364,0.042526102864622065,0.8073187259995482,0.08079620660227536,0.17562567260111744,4
0.44999999999999996,0.10999999999999997,0.3179596574137766,0.043506365583983846,0.798170318500113,0.08251503298499621,0.1785930897842832,4
0.44999999999999996,0.12999999999999998,0.33005764478769206,0.0445616971261027,0.787892477976056,0.08435257344272405,0.18170168209498705,4
0.44999999999999996,0.15,0.34144517027454163,0.04553002125398512,0.7742263383781341,0.08600248409800895,0.18429797393212027,4
0.44999999999999996,0.16999999999999998,0.35157323570812854,0.04650278325208312,0.7595437090580529,0.08763984909004424,0.18677338902744528,4
0.44999999999999996,0.18999999999999997,0.36057279762826955,0.0475100913074449,0.7457646261576688,0.08932931984983258,0.1893094491304323,4
0.44999999999999996,0.20999999999999996,0.3692335502200163,0.048398587187197695,0.7289360740908064,0.0907703667240955,0.1912103669556252,4
0.44999999999999996,0.22999999999999998,0.3776139859051995,0.04940437496573492,0.7124463519313304,0.09240121580547113,0.19338185251721368,4
0.44999999999999996,0.24999999999999997,0.3852740310198141,0.05050058169067165,0.6961825163767789,0.0941701295526766,0.1957148481654114,4
0.44999999999999996,0.26999999999999996,0.3922259088578722,0.05158028464007966,0.6786763044951435,0.09587401876316293,0.19777637347446586,4
0.44999999999999996,0.29,0.39848544717755646,0.052409068373371795,0.6566523605150214,0.09707068261693477,0.19863205581102966,4
0.44999999999999996,0.30999999999999994,0.4047318169017384,0.05382183444255618,0.6402755816580077,0.09929674294772427,0.20139258943479343,4
0.44999999999999996,0.32999999999999996,0.4106248776560044,0.05524900678197359,0.6219787666591371,0.10148346079425044,0.20382406064015637,4
0.44999999999999996,0.35,0.4160170492004081,0.056198910081743866,0.5963406370002259,0.10271774020971539,0.20406901242965805,4
0.44999999999999996,0.36999999999999994,0.4209931753477471,0.05731160202169345,0.5699119042240796,0.10414968162726138,0.20435603145932724,4
0.44999999999999996,0.38999999999999996,0.42598320805708756,0.058627078153186095,0.5432572848430088,0.10583291161521706,0.204750553379874,4
0.44999999999999996,0.4099999999999999,0.4304894906826326,0.06021004421983576,0.5167156087644003,0.10785261321577595,0.2053411131059246,4
0.44999999999999996,0.42999999999999994,0.4351086259910009,0.061830693140276685,0.4871244635193133,0.109732982228498,0.20504701866484107,4
0.44999999999999996,0.44999999999999996,0.4392764965305234,0.06366929133858268,0.456629771854529,0.11175608812228764,0.20436532006955396,4
0.44999999999999996,0.4699999999999999,0.443394842022455,0.06523029646960227,0.42195617799864465,0.11299298330510525,0.2015319883482576,4
0.44999999999999996,0.48999999999999994,0.4471774464520369,0.0671477878882962,0.3867178676304495,0.11442702937539685,0.1981298027960374,4
0.44999999999999996,0.5099999999999999,0.45093135110037474,0.06941901487071853,0.35114072735486784,0.11592095451155854,0.1938230966808808,4
0.44999999999999996,0.5299999999999999,0.45453462841890896,0.0724499277307454,0.3170318500112943,0.11794613219042817,0.18925296655879179,4
0.44999999999999996,0.5499999999999999,0.457760654858651,0.07556148273876277,0.2815676530381748,0.11914832604487777,0.18221286672806208,4
0.44999999999999996,0.57,0.46041465892462646,0.07917621802568861,0.24576462615766886,0.119767729862124,0.1729757229844672,4
0.44999999999999996,0.59,0.46169974179544604,0.0820561082728332,0.20679918680822226,0.11749229979466119,0.15858305906807554,4
0.44999999999999996,0.6099999999999999,0.46188942258043403,0.08416732261329135,0.1690761237858595,0.11238738738738739,0.14069019961655574,4
0.44999999999999996,0.6299999999999999,0.46122382351904223,0.08727005150846211,0.1339507567201265,0.1056852610942791,0.12100559115210381,4
0.44999999999999996,0.6499999999999999,0.45911287668305273,0.08909718796250617,0.10198780212333408,0.09510769392806362,0.0991196680643674,4
0.44999999999999996,0.6699999999999999,0.45632618639425754,0.09256970196401593,0.07612378585949853,0.08354508831732259,0.0789282619387779,4
0.44999999999999996,0.69,0.4528614562368866,0.09676153091265947,0.055681048113846845,0.07068607068607069,0.060847671002937476,4
0.44999999999999996,0.7099999999999999,0.44823325215279025,0.0978072706289671,0.03828777953467359,0.05503246753246753,0.043593436551617716,4
0.44999999999999996,0.7299999999999999,0.4447818782183612,0.10685663401602849,0.02710639259091936,0.043243243243243246,0.03186235462800702,4
0.44999999999999996,0.7499999999999999,0.4409344475408769,0.11087719298245614,0.01784504178902191,0.030742290106041445,0.021443500447870578,4
0.49999999999999994,0.01,0.2841356805459799,0.042106543420092436,0.7820194262480235,0.0799104412155066,0.17322472179969578,4
0.49999999999999994,0.03,0.28810180889077847,0.04247720271480995,0.7817935396430992,0.08057644402020814,0.17446842832225998,4
0.49999999999999994,0.049999999999999996,0.2938600022246838,0.04298334504174619,0.7808899932234018,0.08148161242612267,0.17613581360275948,4
0.49999999999999994,0.06999999999999999,0.302697330300014,0.043586668950684256,0.7759204879150666,0.08253689831862607,0.17794884812441397,4
0.49999999999999994,0.08999999999999998,0.3131669992214628,0.04443256562864649,0.7698215495821098,0.08401590089673662,0.18049222262825915,4
0.49999999999999994,0.10999999999999997,0.3250424680860811,0.045423600860075894,0.7611249152925231,0.08573082378683697,0.18334920418990613,4
0.49999999999999994,0.12999999999999998,0.3371472930566058,0.046507725651961124,0.7512988479783149,0.0875931632034974,0.18638691817132355,4
0.49999999999999994,0.15,0.3485356581518071,0.04750065427898456,0.7379715382877795,0.08925619834710743,0.18887449991906205,4
0.49999999999999994,0.16999999999999998,0.3588022431836519,0.0484882884928293,0.7236277388750847,0.09088652306208286,0.19119551658897888,4
0.49999999999999994,0.18999999999999997,0.367935841280627,0.04953731049419177,0.7104133724870115,0.09261645156778008,0.1936683683209045,4
0.49999999999999994,0.20999999999999996,0.3768240975612573,0.05042892911382014,0.6938107070250734,0.09402383120709579,0.19534951758877067,4
0.49999999999999994,0.22999999999999998,0.38541790111532687,0.05149335002615399,0.6782245312852948,0.09571932956619458,0.19749001861437976,4
0.49999999999999994,0.24999999999999997,0.3933217825560273,0.052620244077530506,0.6622995256381297,0.0974944718772341,0.19965135915454593,4
0.49999999999999994,0.26999999999999996,0.4005017804191662,0.05375312682202035,0.6455839168737294,0.0992430029863185,0.20161688559053012,4
0.49999999999999994,0.29,0.4069462737784191,0.05460811518066103,0.6245764626157669,0.1004349760717756,0.2022928967025892,4
0.49999999999999994,0.30999999999999994,0.41341917821460633,0.056055420909743386,0.6086514569686018,0.10265641816917641,0.20482239097550034,4
0.49999999999999994,0.32999999999999996,0.41958017337383424,0.057586616250439676,0.5917099615992771,0.10495842932986077,0.20725204126843472,4
0.49999999999999994,0.35,0.42518149820645523,0.05859639299129745,0.5673142082674497,0.10622145153104381,0.20732552956132674,4
0.49999999999999994,0.36999999999999994,0.43031166794236797,0.05970557857667277,0.5419019652134628,0.10756038782715911,0.2072086856629555,4
0.49999999999999994,0.38999999999999996,0.43545472737529267,0.061056876911366034,0.5163767788570138,0.10920164805636831,0.20725858364234745,4
0.49999999999999994,0.4099999999999999,0.440125247644579,0.06270265596402992,0.49141630901287553,0.1112147741069717,0.20757201331972103,4
0.49999999999999994,0.42999999999999994,0.4450120091660259,0.06455006516243503,0.4643099164219562,0.11334279924456514,0.20741047193324114,4
0.49999999999999994,0.44999999999999996,0.449323016176743,0.0664228287498706,0.4348317144793314,0.11524185823754789,0.20615134185782513,4
0.49999999999999994,0.4699999999999999,0.45352861077316287,0.06794335187202569,0.401513440252993,0.11622014809487226,0.20258949839865967,4
0.49999999999999994,0.48999999999999994,0.45746918842788337,0.0699480753551045,0.36819516602665464,0.11756220699603318,0.19872717075906465,4
0.49999999999999994,0.5099999999999999,0.4613897308559993,0.07231621865768208,0.33453806189292973,0.11892477867223415,0.19391162029459902,4
0.49999999999999994,0.5299999999999999,0.4651587266151642,0.07554890782863916,0.302349220691213,0.12089053468208093,0.18892025405786872,4
0.49999999999999994,0.5499999999999999,0.46844482570197404,0.0787469368832373,0.268579173255026,0.12178633616716174,0.18121132685097693,4
0.49999999999999994,0.57,0.471172215273619,0.0825487625630636,0.23469618251637678,0.12213830193669734,0.17148327254122034,4
0.49999999999999994,0.59,0.4725058185670811,0.08559263971811687,0.19753783600632482,0.11943458071565147,0.1565801253357207,4
0.49999999999999994,0.6099999999999999,0.47264033175549275,0.0877128506676467,0.16173480912581883,0.11374106433677522,0.1383788798268331,4
0.49999999999999994,0.6299999999999999,0.4719088588439067,0.09090909090909091,0.1279647616896318,0.10630013604165689,0.11831909605463775,4
0.49999999999999994,0.6499999999999999,0.46978129878250635,0.09310085028522226,0.09769595662977186,0.09534306971617526,0.0967410025275684,4
0.49999999999999994,0.6699999999999999,0.46697072323904787,0.09694793536804308,0.07318725999548227,0.08340841807182392,0.07695961995249406,4
0.49999999999999994,0.69,0.46320121305817535,0.1006006006006006,0.052970408854754916,0.06939923054158034,0.058510903737711464,4
0.49999999999999994,0.7099999999999999,0.4585298633418707,0.10161443494776828,0.036254800090354644,0.05344210438691418,0.041607258587167864,4
0.49999999999999994,0.7299999999999999,0.45508156865028576,0.1111111111111111,0.025525186356449063,0.04151359294636297,0.030173564753004006,4
0.49999999999999994,0.7499999999999999,0.4512094303437229,0.11468970934799685,0.016489722159475945,0.02883381060531253,0.01989697184442203,4
0.5499999999999999,0.01,0.29295654151906,0.04440951070937316,0.7402304043370228,0.08379199028350433,0.17907397389028235,4
0.5499999999999999,0.03,0.2959113487235456,0.044713283659488526,0.7401174610345607,0.08433176758252364,0.18005517332336843,4
0.5499999999999999,0.049999999999999996,0.30070444077950986,0.04517384374417818,0.7394398012197877,0.08514595241346573,0.18151321079042942,4
0.5499999999999999,0.06999999999999999,0.30865938874034254,0.04574942892286066,0.7351479557262255,0.08613833215332596,0.18315502754782179,4
0.5499999999999999,0.08999999999999998,0.31862886612496333,0.04657216197508076,0.7295007906031172,0.08755473017852544,0.1854925791480954,4
0.5499999999999999,0.10999999999999997,0.33003986896479653,0.04754707428392736,0.7212559295233792,0.08921299497775263,0.18812785388127853,4
0.5499999999999999,0.12999999999999998,0.34178393152024816,0.04862257890269311,0.7116557488140953,0.09102597440120193,0.1909324509411779,4
0.5499999999999999,0.15,0.3530628480360786,0.04960778966618008,0.6985543257284843,0.09263697091333913,0.193167763938686,4
0.5499999999999999,0.16999999999999998,0.36331901745833345,0.05058209889422074,0.6845493562231759,0.0942034053730601,0.19521260491751533,4
0.5499999999999999,0.18999999999999997,0.3724675789799174,0.051604558909056186,0.6714479331375649,0.09584303989295244,0.1973522596750742,4
0.5499999999999999,0.20999999999999996,0.38136292281075934,0.052511601400309374,0.655635870792862,0.09723536653796869,0.19885176380315558,4
0.5499999999999999,0.22999999999999998,0.390195865743254,0.05358762185445477,0.6407273548678564,0.09890339789745288,0.20077151755379388,4
0.5499999999999999,0.24999999999999997,0.3983031167540471,0.054739837559038,0.6257058956403885,0.10067236053061966,0.20274919119907484,4
0.5499999999999999,0.26999999999999996,0.4057413483560268,0.05588853348239703,0.6097808899932234,0.10239244431379614,0.20447814329755568,4
0.5499999999999999,0.29,0.4124507720254358,0.05676125063846898,0.5899028687598825,0.10355800973520635,0.20493121875809248,4
0.5499999999999999,0.30999999999999994,0.4191813050916536,0.05824620804831736,0.575107296137339,0.10577921808134945,0.20726485289568375,4
0.5499999999999999,0.32999999999999996,0.42553570849758965,0.05981945401152884,0.5590693471877117,0.10807506304378678,0.20945288367960058,4
0.5499999999999999,0.35,0.43134484493191305,0.06091884752977984,0.5365936299977412,0.10941584238223,0.20947048190115078,4
0.5499999999999999,0.36999999999999994,0.43662792876228385,0.06203436632810685,0.5125367065733002,0.11067347909324814,0.20899151691550996,4
0.5499999999999999,0.38999999999999996,0.4419595823494194,0.06336334574889287,0.48802800993901063,0.11216384591423528,0.20852234340314643,4
0.5499999999999999,0.4099999999999999,0.44683797054513413,0.06500720016457519,0.4639710865145697,0.11403667050675254,0.20829741707146404,4
0.5499999999999999,0.42999999999999994,0.45185572311182054,0.06683210974390791,0.43799412694827194,0.1159688995215311,0.20750840093319922,4
0.5499999999999999,0.44999999999999996,0.45646698538715214,0.06880890200976496,0.41066184775242826,0.11786825726141079,0.2059869926805502,4
0.5499999999999999,0.4699999999999999,0.46084007838151747,0.07036796582127375,0.37948949627287104,0.11872162252884123,0.20200805627367285,4
0.5499999999999999,0.48999999999999994,0.46491730882567367,0.07238001268588343,0.3479783148859273,0.11983430893992726,0.19754305425541463,4
0.5499999999999999,0.5099999999999999,0.4691247318208098,0.07497529314351345,0.3170318500112943,0.12127103449765624,0.19264292087022167,4
0.5499999999999999,0.5299999999999999,0.4730690900754897,0.07837812818218286,0.28687598825389654,0.12311868350258114,0.18725211211535908,4
0.5499999999999999,0.5499999999999999,0.47657500582408074,0.0818639342481625,0.2553648068669528,0.12398212376278343,0.17934480843975573,4
0.5499999999999999,0.57,0.47933816932335066,0.08567221067221067,0.22340185227016038,0.12384947717738401,0.16904827020374674,4
0.5499999999999999,0.59,0.4806070119671388,0.0887952642525732,0.18805059859950304,0.12063032059409527,0.1536913618993114,4
0.5499999999999999,0.6099999999999999,0.48070461691085925,0.09095149253731344,0.15416760786085384,0.11440784510937893,0.1353522132317944,4
0.5499999999999999,0.6299999999999999,0.48012527858697274,0.09466991813272949,0.12276936977637226,0.10690401258851298,0.11588980340313022,4
0.5499999999999999,0.6499999999999999,0.47791073795198,0.09689832089552239,0.09385588434605828,0.09535283993115319,0.09444899072558646,4
0.5499999999999999,0.6699999999999999,0.4751322934076078,0.10132944228274968,0.0705895640388525,0.08321129010784183,0.07514909580607926,4
0.5499999999999999,0.69,0.4712823534593411,0.1046189376443418,0.05116331601536029,0.06871966019417476,0.0569868666029286,4
0.5499999999999999,0.7099999999999999,0.46644738345934494,0.10499316005471956,0.034673593855884345,0.052131091866191206,0.04003651538862806,4
0.5499999999999999,0.7299999999999999,0.4630903667648823,0.11550802139037433,0.024395753331827422,0.04028347631480791,0.028965295285093597,4
0.5499999999999999,0.7499999999999999,0.4593115271358296,0.12034632034632034,0.015699119042240795,0.027775002497752024,0.019004128954636185,4
0.5999999999999999,0.01,0.3003197304730714,0.04673804229043918,0.690761237858595,0.08755216124714589,0.18391440582656232,4
0.5999999999999999,0.03,0.302606179896941,0.04698362947769507,0.690761237858595,0.08798290979450035,0.18467410274837096,4
0.5999999999999999,0.049999999999999996,0.30648389260905995,0.047374256627356115,0.690083578043822,0.08866187321787458,0.1858396851370834,4
0.5999999999999999,0.06999999999999999,0.3135777464054453,0.047911789973124,0.6865823356674949,0.08957291152483184,0.18728241781940294,4
0.5999999999999999,0.08999999999999998,0.32272713946861253,0.04871159603915651,0.6817257736616219,0.09092620907303772,0.18941937751445126,4
0.5999999999999999,0.10999999999999997,0.33351674346806154,0.04970463432897912,0.6747232889089677,0.09258857443972598,0.19195917895196843,4
0.5999999999999999,0.12999999999999998,0.34469303910326915,0.05076076567383948,0.6658007680144568,0.09432981030027122,0.19449155058759873,4
0.5999999999999999,0.15,0.3557281616499446,0.05176977696696536,0.6538287779534674,0.0959428552487653,0.19658647903394508,4
0.5999999999999999,0.16999999999999998,0.36584886890231294,0.05276372563606606,0.6408402981703185,0.09749978520491451,0.198458223739437,4
0.5999999999999999,0.18999999999999997,0.37496326088687476,0.05379743775682862,0.6284165348994805,0.09911025213975899,0.20037308864096337,4
0.5999999999999999,0.20999999999999996,0.3838613793496714,0.05467144756456226,0.6130562457646261,0.10039024209805988,0.20148478099480321,4
0.5999999999999999,0.22999999999999998,0.3927489483188689,0.05572491800521403,0.5987124463519313,0.10195995460752823,0.2030349920333374,4
0.5999999999999999,0.24999999999999997,0.4010145975828763,0.056870266764857826,0.5843686469392365,0.10365310067813248,0.20467581787254244,4
0.5999999999999999,0.26999999999999996,0.40878613109860956,0.05811355522284924,0.5699119042240796,0.10547217925672003,0.20638712105099552,4
0.5999999999999999,0.29,0.41558101229418837,0.05902182055433391,0.5517280325276711,0.10663610565378738,0.2066727589649862,4
0.5999999999999999,0.30999999999999994,0.4225133906273793,0.0605706148603977,0.5380618929297493,0.10888396224258907,0.2088228074481888,4
0.5999999999999999,0.32999999999999996,0.4290362212453882,0.06224417215787849,0.5238310368195166,0.11126704811256252,0.21095434325792098,4
0.5999999999999999,0.35,0.4350197489660886,0.0633554335144979,0.5029365258640163,0.11253474854687895,0.21063934457247735,4
0.5999999999999999,0.36999999999999994,0.4403838340757102,0.06447701471724995,0.4804608086740456,0.1136961954270289,0.20977779531131344,4
0.5999999999999999,0.38999999999999996,0.44574876012883574,0.0658208930979029,0.45764626157668853,0.11508911453525528,0.20891551605019748,4
0.5999999999999999,0.4099999999999999,0.45077898311591763,0.06751476283095902,0.4351705443867179,0.11689395203494987,0.20830404930529278,4
0.5999999999999999,0.42999999999999994,0.45601560064155033,0.06951433363830437,0.4119042240795121,0.11895365145634235,0.20749886208466095,4
0.5999999999999999,0.44999999999999996,0.46073502973395525,0.07147036696480816,0.38626609442060084,0.12062215638556767,0.20536100302637267,4
0.5999999999999999,0.4699999999999999,0.46526657150915035,0.0731729858367413,0.35769143889767335,0.12149227965857869,0.20121478582411018,4
0.5999999999999999,0.48999999999999994,0.46938098611904683,0.07506466632177962,0.32776146374519993,0.12215347055604664,0.19587990712241482,4
0.5999999999999999,0.5099999999999999,0.47374262279678986,0.07771381578947369,0.2988479783148859,0.12335089273227355,0.19045836692387422,4
0.5999999999999999,0.5299999999999999,0.47767302527373806,0.08093835685995734,0.2700474361870341,0.12454746711811433,0.184044829656542,4
0.5999999999999999,0.5499999999999999,0.4811920470330147,0.0843622216046687,0.2400045177320985,0.12484211144728725,0.17531556802244042,4
0.5999999999999999,0.57,0.48408913869416953,0.08834408194233688,0.21041337248701153,0.12444058513125376,0.16485558544527826,4
0.5999999999999999,0.59,0.4853392711024062,0.09134811194507476,0.17732098486559747,0.1205790868246227,0.1492310324506207,4
0.5999999999999999,0.6099999999999999,0.48534808915883043,0.09334880684702981,0.14535803026880506,0.11368755797005432,0.130784708249497,4
0.5999999999999999,0.6299999999999999,0.4846828690960506,0.09696051510273648,0.11565394172125593,0.10548544939479784,0.11136002784000695,4
0.5999999999999999,0.6499999999999999,0.48269405751469613,0.09991158267020336,0.08933815224757172,0.09432949734661022,0.09126993284563728,4
0.5999999999999999,0.6699999999999999,0.48010814675128516,0.10506993006993007,0.06787892477976055,0.08247564155345136,0.07305036950602878,4
0.5999999999999999,0.69,0.4764446580929631,0.10934393638170974,0.049695053083352154,0.06833359217269762,0.055780933062880324,4
0.5999999999999999,0.7099999999999999,0.47163681721267886,0.10956394283620374,0.033770047436187035,0.051627384960718295,0.03919255472538996,4
0.5999999999999999,0.7299999999999999,0.46837756440210415,0.12004530011325028,0.023943980121978767,0.03992467043314501,0.028508418051745466,4
0.5999999999999999,0.7499999999999999,0.46460300281639993,0.12420091324200913,0.015360289134854304,0.027339431098602873,0.01862452411601983,4
0.6499999999999999,0.01,0.3066449872879991,0.049237243556023144,0.634289586627513,0.09138096555315098,0.18785624448071936,4
0.6499999999999999,0.03,0.30827952029155736,0.049430092857457204,0.634289586627513,0.09171300492369498,0.18841717495017818,4
0.6499999999999999,0.049999999999999996,0.31137698483032694,0.049772953029658014,0.6338378134176643,0.09229807739749683,0.18937962313050052,4
0.6499999999999999,0.06999999999999999,0.3173918828180643,0.0502851591313891,0.6313530607634967,0.09315114147642059,0.1906782551745781,4
0.6499999999999999,0.08999999999999998,0.32534729805741064,0.05102603200264545,0.627400045177321,0.09437648657832144,0.19250495557311378,4
0.6499999999999999,0.10999999999999997,0.3349954847432232,0.051949279059659466,0.6209622769369776,0.09587751116071429,0.1946194690265487,4
0.6499999999999999,0.12999999999999998,0.3453382696871356,0.052928598627234646,0.612265642647391,0.09743428443046506,0.19664531294209825,4
0.6499999999999999,0.15,0.3559429531944471,0.05396040607079897,0.6015360289134855,0.0990367808397486,0.1985564950267675,4
0.6499999999999999,0.16999999999999998,0.3658437034016273,0.05496819847521166,0.5895640388524961,0.10056059642836503,0.20018407731247123,4
0.6499999999999999,0.18999999999999997,0.3747683617282966,0.05603089850759333,0.5783826519087418,0.10216458852867831,0.20191306816389618,4
0.6499999999999999,0.20999999999999996,0.3835806944455291,0.0569606559243865,0.5649423989157443,0.10348715720655019,0.20295217924061315,4
0.6499999999999999,0.22999999999999998,0.392179394888932,0.05797411233820211,0.5513892026202846,0.10491704633370584,0.20405263069901186,4
0.6499999999999999,0.24999999999999997,0.400491846798778,0.05910883965564294,0.5381748362322114,0.10651853176554746,0.20533482719986207,4
0.6499999999999999,0.26999999999999996,0.4084851057595488,0.06035412255290404,0.524734583239214,0.10825673109410133,0.20668179189465724,4
0.6499999999999999,0.29,0.4152772098517239,0.06127947960752827,0.5085836909871244,0.10937974422191725,0.20675120983663758,4
0.6499999999999999,0.30999999999999994,0.42225436267483357,0.06283793448719782,0.4961599277162864,0.11154842313747397,0.208542999829102,4
0.6499999999999999,0.32999999999999996,0.4288731032963989,0.06457110966982911,0.4835102778405241,0.11392758772104906,0.21044093791476182,4
0.6499999999999999,0.35,0.43499631189589927,0.0656776954522228,0.4645358030268805,0.11508436162175774,0.20976132190942476,4
0.6499999999999999,0.36999999999999994,0.4404175010426103,0.06669044222539229,0.443528348768918,0.11594673595323157,0.20821845174973486,4
0.6499999999999999,0.38999999999999996,0.4457853880714329,0.06793117857597064,0.4222950079060312,0.11703576179669771,0.2066727837536067,4
0.6499999999999999,0.4099999999999999,0.4509296510678276,0.06965144936040371,0.402191100067766,0.11873957985995331,0.20573825425804812,4
0.6499999999999999,0.42999999999999994,0.4563077301463712,0.07171830866268822,0.3814095324147278,0.12073434511360183,0.20465922451304802,4
0.6499999999999999,0.44999999999999996,0.46119264886901373,0.0737116157976708,0.35814321210752204,0.12226013533051877,0.2021419009370817,4
0.6499999999999999,0.4699999999999999,0.4658734871699341,0.07544701264718709,0.3321662525412243,0.12296435664262569,0.19765581945508556,4
0.6499999999999999,0.48999999999999994,0.4700604443781353,0.07727585416188948,0.3044951434379941,0.12326825476658589,0.19173873463814292,4
0.6499999999999999,0.5099999999999999,0.4745810067243421,0.07997010463378176,0.2779534673593856,0.12420510749974766,0.18590421513823838,4
0.6499999999999999,0.5299999999999999,0.4787836858342714,0.08349529077590073,0.2523153377004744,0.12547037349059253,0.1796628707456733,4
0.6499999999999999,0.5499999999999999,0.4823514306987753,0.0867873382301504,0.22419245538739552,0.12513395952846246,0.1702751852868515,4
0.6499999999999999,0.57,0.4855368599676784,0.09114108640174991,0.197650779308787,0.12475494564248797,0.16020652910266034,4
0.6499999999999999,0.59,0.4869369492897073,0.09443099273607748,0.16738197424892703,0.12074303405572756,0.1449814126394052,4
0.6499999999999999,0.6099999999999999,0.4871689881151746,0.09691734685791267,0.13812965891122655,0.11391049224607647,0.12730300822317062,4
0.6499999999999999,0.6299999999999999,0.48634251229295744,0.10008228759514504,0.10989383329568557,0.1047588285960379,0.10778058398688467,4
0.6499999999999999,0.6499999999999999,0.48449414398936946,0.10344356381525006,0.08549807996385814,0.09361860004946822,0.08857116113633172,4
0.6499999999999999,0.6699999999999999,0.4818715601493253,0.10867924528301887,0.06505534221820646,0.08139041966935143,0.07073386383731212,4
0.6499999999999999,0.69,0.4780308701719414,0.11176313683648972,0.047323243731646716,0.06649210505435214,0.05349163794204009,4
0.6499999999999999,0.7099999999999999,0.4733029011721921,0.11124167645906777,0.03207589789925457,0.04979398614885597,0.03739893070662909,4
0.6499999999999999,0.7299999999999999,0.4701433340313485,0.12079326923076923,0.022701603794894963,0.03822019395322305,0.02710355987055016,4
0.6499999999999999,0.7499999999999999,0.4666329672029175,0.12572533849129594,0.01468262932008132,0.026294498381877023,0.01783264746227709,4
0.7,0.01,0.31214296322501456,0.05239717869312591,0.5713801671560876,0.0959916512499407,0.19167670705555176,4
0.7,0.03,0.3132080685994725,0.05253320318584438,0.5713801671560876,0.09621986591222481,0.19204051109575832,4
0.7,0.049999999999999996,0.31551589657695484,0.052816276227975814,0.5711542805511634,0.09669123622145104,0.19277540159953646,4
0.7,0.06999999999999999,0.3205432589166041,0.0533299499899557,0.5696860176191552,0.09752984966404021,0.19400447702639292,4
0.7,0.08999999999999998,0.32702930678765346,0.05400721244415738,0.5666365484526767,0.09861521980560005,0.19550155481603293,4
0.7,0.10999999999999997,0.3351559272542262,0.05489083644230557,0.5616670431443416,0.100008044081567,0.197319345469551,4
0.7,0.12999999999999998,0.34414193624786565,0.05586026399635867,0.5544386717867631,0.10149482084892592,0.1990737736828445,4
0.7,0.15,0.3537491250585206,0.056884215985572674,0.5450643776824035,0.10301730118578763,0.20065693734148268,4
0.7,0.16999999999999998,0.36321594334010193,0.057911609240407204,0.5345606505534222,0.10450199818948577,0.20201632179198253,4
0.7,0.18999999999999997,0.3717691047357929,0.05896696681441217,0.5243957533318274,0.10601303757149544,0.20336384740046426,4
0.7,0.20999999999999996,0.3801933817567232,0.05987802624283866,0.5123108199683759,0.10722390317700455,0.2040118737069353,4
0.7,0.22999999999999998,0.38857458579952225,0.06090748995652413,0.5,0.10858740709853075,0.20476410730804812,4
0.7,0.24999999999999997,0.39666632772396815,0.06203798067951828,0.4881409532414728,0.11008520013754282,0.20564696478022132,4
0.7,0.26999999999999996,0.40465091251626756,0.06330425381762489,0.4761689631804834,0.1117516864803255,0.20663627897858158,4
0.7,0.29,0.4114180985049178,0.06418573964404091,0.46148633386040205,0.11269703363534815,0.2062074186222559,4
0.7,0.30999999999999994,0.4182477819073542,0.06575586281909722,0.45064377682403434,0.11476565084204622,0.207607055517977,4
0.7,0.32999999999999996,0.4248658493967534,0.06754927817878956,0.4396882764852044,0.11710736094816954,0.20919310463416727,4
0.7,0.35,0.4307304426401524,0.0685577028860611,0.4222950079060312,0.11796441191317517,0.20782844564999892,4
0.7,0.36999999999999994,0.43617870936288555,0.06951798785235945,0.40332053309238763,0.11859453355916443,0.2057406895280236,4
0.7,0.38999999999999996,0.44154240143813733,0.07059728168253045,0.3836683984639711,0.11925156217089096,0.20333038044389112,4
0.7,0.4099999999999999,0.446631674184701,0.07210486356125229,0.36469392365032754,0.12040420613021105,0.20131424723808578,4
0.7,0.42999999999999994,0.45195208428552064,0.07405707106096117,0.34617122204653267,0.12201190262932665,0.1995364764397224,4
0.7,0.44999999999999996,0.45703622402075345,0.07605916005378187,0.3258414276033431,0.12333012717751415,0.19666789371071758,4
0.7,0.4699999999999999,0.4616222297387385,0.07752499637733662,0.30212333408628866,0.12338845453077793,0.19128730996410234,4
0.7,0.48999999999999994,0.4659621257428408,0.07929074349202248,0.2772758075446126,0.12331725939320876,0.18492572840398924,4
0.7,0.5099999999999999,0.4707850404917393,0.08220778272614442,0.25434831714479333,0.12425513131758993,0.17927081674892534,4
0.7,0.5299999999999999,0.4751535320692181,0.08580388877273677,0.2317596566523605,0.12524031859379292,0.17292814885978663,4
0.7,0.5499999999999999,0.47869705022778053,0.08883038369655306,0.2057826970860628,0.12409330836029286,0.1628909113666029,4
0.7,0.57,0.48219676577299514,0.09355473270076371,0.18262932008131919,0.12372790573111944,0.153415559772296,4
0.7,0.59,0.4834606191322297,0.0963855421686747,0.15450643776824036,0.11871393239901072,0.13787820758330144,4
0.7,0.6099999999999999,0.48376699908182613,0.09879454926624738,0.12773887508470746,0.1114175943256822,0.12066831683168318,4
0.7,0.6299999999999999,0.4828053121552434,0.1013285296104481,0.1016489722159476,0.10148849797023005,0.10158472165786266,4
0.7,0.6499999999999999,0.48122401176771956,0.1050983899821109,0.07962502823582561,0.09060532065287238,0.08368151172728136,4
0.7,0.6699999999999999,0.47895151260262553,0.11136177194421656,0.061328213236955045,0.07909686817188638,0.06738310334557727,4
0.7,0.69,0.4752214767879855,0.11431870669745958,0.044725547775016944,0.06429615197272284,0.05092592592592593,4
0.7,0.7099999999999999,0.4707318671060838,0.11402027027027027,0.030494691664784277,0.04811976474781679,0.035729409273766666,4
0.7,0.7299999999999999,0.4678488736583058,0.12483912483912483,0.021911000677659814,0.03727901614142967,0.026237489856640518,4
0.7,0.7499999999999999,0.4646167310841846,0.131551901336074,0.01445674271515699,0.026050676707031647,0.01758773255654181,4
0.7499999999999998,0.01,0.3169953607856057,0.05639674663665661,0.49807996385814324,0.10132107983917289,0.19408161109741925,4
0.7499999999999998,0.03,0.3175797963381674,0.05647980942867023,0.49807996385814324,0.1014551101397596,0.19427826286157346,4
0.7499999999999998,0.049999999999999996,0.31913587988312386,0.0567195277231161,0.49807996385814324,0.10184169505224872,0.19484478690784415,4
0.7499999999999998,0.06999999999999999,0.32270802480373323,0.05719257691258782,0.4974023040433702,0.10258918900031448,0.19587436287460305,4
0.7499999999999998,0.08999999999999998,0.3277541965234927,0.057916941331575475,0.4961599277162864,0.10372591613146959,0.19740981072385097,4
0.7499999999999998,0.10999999999999997,0.3343130467578299,0.05886155213509474,0.49367517506211883,0.10518210147630334,0.19927057214497382,4
0.7499999999999998,0.12999999999999998,0.3417917674099902,0.0598072876287518,0.48791506663654843,0.10655353575216436,0.20065398335315104,4
0.7499999999999998,0.15,0.35023481058732514,0.06081854607899256,0.480009035464197,0.10795844235019178,0.2018120346451907,4
0.7499999999999998,0.16999999999999998,0.35859896516447165,0.06178459166123006,0.47063474135983735,0.10922959972738473,0.20255687342018278,4
0.7499999999999998,0.18999999999999997,0.3663084294832011,0.06279584434745189,0.46148633386040205,0.11054895700873894,0.20331595079813702,4
0.7499999999999998,0.20999999999999996,0.373895724155239,0.06363433383305157,0.45064377682403434,0.11152104645312762,0.20332660673882466,4
0.7499999999999998,0.22999999999999998,0.3816196382202368,0.06463556367258841,0.4396882764852044,0.11270337560071797,0.20351086297388282,4
0.7499999999999998,0.24999999999999997,0.38922276222895064,0.06577831617201696,0.42929749265868533,0.11407734209697025,0.20391412109312132,4
0.7499999999999998,0.26999999999999996,0.39688034146073936,0.06705233661755401,0.41890670883216624,0.11560099113278997,0.20439541060938377,4
0.7499999999999998,0.29,0.40329416209536,0.06783630148627977,0.4056923424440931,0.11623655044090284,0.2032432921792072,4
0.7499999999999998,0.30999999999999994,0.40965448627965945,0.06925038044230124,0.3957533318274226,0.11787462365229677,0.20368540370865548,4
0.7499999999999998,0.32999999999999996,0.41597278382230246,0.07096894719362339,0.3861531511181387,0.1199018060669823,0.20450521581012537,4
0.7499999999999998,0.35,0.42169047728727455,0.07199282260005689,0.37158346510051954,0.1206166480303558,0.20279849596252236,4
0.7499999999999998,0.36999999999999994,0.4270685935202951,0.07291135721236272,0.3554325728484301,0.12100123039064903,0.20024688844205757,4
0.7499999999999998,0.38999999999999996,0.4323860810617645,0.0740905057675244,0.33950756720126496,0.12163638570792701,0.19779438858767176,4
0.7499999999999998,0.4099999999999999,0.4373932079480937,0.07553491808036303,0.3233566749491755,0.12246294672455461,0.1952427065290034,4
0.7499999999999998,0.42999999999999994,0.44275875483520194,0.07744816405472284,0.3075446126044726,0.12373616885920069,0.19291533829259652,4
0.7499999999999998,0.44999999999999996,0.4478528533982735,0.07927036636265265,0.28958662751298847,0.124469040510692,0.1891943743451248,4
0.7499999999999998,0.4699999999999999,0.45232648053767455,0.08056615883525318,0.2693697763722611,0.12403463608705827,0.18340792691367136,4
0.7499999999999998,0.48999999999999994,0.4566135483721201,0.0822143257901627,0.24824937881183645,0.12352131276518025,0.17682740422519347,4
0.7499999999999998,0.5099999999999999,0.4613715057311672,0.08498488411152166,0.22859724418341992,0.12390572390572391,0.17085359265262023,4
0.7499999999999998,0.5299999999999999,0.4657078704813064,0.08823248255424912,0.20849333634515474,0.1239924771628157,0.16383258191629094,4
0.7499999999999998,0.5499999999999999,0.4693110442535451,0.09110556940980881,0.1856787892477976,0.12223502732443585,0.15375694431454703,4
0.7499999999999998,0.57,0.47308539702295777,0.09614003004375939,0.1662525412243054,0.1218290916614939,0.14509038579060463,4
0.7499999999999998,0.59,0.4747991091141257,0.0994789199431549,0.14230856110232662,0.1171003717472119,0.13102616363711989,4
0.7499999999999998,0.6099999999999999,0.47534815167561156,0.10201706749418153,0.11881635419019652,0.10977773139935303,0.11502799160251925,4
0.7499999999999998,0.6299999999999999,0.4745286399655318,0.10450539903189773,0.09509826067314209,0.0995801549287446,0.09684171784785958,4
0.7499999999999998,0.6499999999999999,0.47320008360866267,0.10868502525664005,0.07533318274226339,0.08898672536855447,0.08025894640579502,4
0.7499999999999998,0.6699999999999999,0.47127214549902524,0.11570064401510105,0.058843460582787444,0.07801152953507524,0.06525714572008318,4
0.7499999999999998,0.69,0.4677452010992415,0.11894409937888199,0.04325728484300881,0.06344210700679145,0.04956517237809298,4
0.7499999999999998,0.7099999999999999,0.4633244224690158,0.11788617886178862,0.029478201942624804,0.04716299241055295,0.03467977677385065,4
0.7499999999999998,0.7299999999999999,0.46056476792363116,0.1296551724137931,0.02123334086288683,0.036490683229813664,0.02549774860304888,4
0.7499999999999998,0.7499999999999999,0.4574755003217717,0.13616557734204793,0.0141179128077705,0.025583299222267705,0.017201519238179117,4
0.7999999999999998,0.01,0.32041312218847645,0.060938410391746925,0.40162638355545516,0.10582073562671111,0.1896128825850485,4
0.7999999999999998,0.03,0.3206614434442814,0.06097602798449878,0.40162638355545516,0.10587744893705711,0.1896857063605522,4
0.7999999999999998,0.049999999999999996,0.3213834728244135,0.061119609494508516,0.40162638355545516,0.10609383158051763,0.18996335352628824,4
0.7999999999999998,0.06999999999999999,0.3236225042108829,0.06151583318913307,0.401513440252993,0.10668627333293319,0.19070660687080232,4
0.7999999999999998,0.08999999999999998,0.32669172856766077,0.06208344266596694,0.40083578043822,0.10751450340053621,0.19166999708363486,4
0.7999999999999998,0.10999999999999997,0.33096890587426325,0.06290572145054867,0.39948046080867405,0.10869531814200765,0.19297709590476086,4
0.7999999999999998,0.12999999999999998,0.3360427218915474,0.06377022359570987,0.3962051050372713,0.10985844920455969,0.19397076062194502,4
0.7999999999999998,0.15,0.34251252562174095,0.06478050971146289,0.3910097131240117,0.11114678310003853,0.19480519480519476,4
0.7999999999999998,0.16999999999999998,0.3494092670350862,0.06571064125855204,0.3840072283713576,0.11221862829229652,0.19504807361343768,4
0.7999999999999998,0.18999999999999997,0.3560287719619317,0.06674536323803046,0.37677885701377906,0.11340188663210674,0.19532302071501345,4
0.7999999999999998,0.20999999999999996,0.3626341815449558,0.0676999045603552,0.3685339959340411,0.11438687513145902,0.19512282632095101,4
0.7999999999999998,0.22999999999999998,0.36913200116266004,0.0684816347646146,0.358820871922295,0.11501285160916627,0.19417416389595152,4
0.7999999999999998,0.24999999999999997,0.37583392860752873,0.06966680120184762,0.3509148407499435,0.11625383521664297,0.19415352313345166,4
0.7999999999999998,0.26999999999999996,0.3824939209872254,0.07102624628976091,0.3432346961825164,0.1176971785984005,0.19430200887433985,4
0.7999999999999998,0.29,0.38815901571730294,0.071766484588373,0.3323921391461486,0.11804580642573503,0.19254422694441536,4
0.7999999999999998,0.30999999999999994,0.3938837797198996,0.07315581602751943,0.32426022136887284,0.11937878126364374,0.19226905613372441,4
0.7999999999999998,0.32999999999999996,0.39968604502293764,0.07501669114701562,0.31725773661621864,0.1213417136439232,0.1927643046348526,4
0.7999999999999998,0.35,0.4048792919423219,0.07597178110683268,0.3052857465552293,0.12166632907973804,0.19036551869849988,4
0.7999999999999998,0.36999999999999994,0.40995348375188373,0.07699377408834865,0.2933137564942399,0.12197069321811009,0.18779105082000402,4
0.7999999999999998,0.38999999999999996,0.4146033379457094,0.07790492957746478,0.27987350350124235,0.12188283901431311,0.1843091752945376,4
0.7999999999999998,0.4099999999999999,0.419209496227602,0.07924174425614576,0.26722385362548,0.12223599917338293,0.18123602046756748,4
0.7999999999999998,0.42999999999999994,0.4241662025605408,0.08109273903666427,0.25480009035464196,0.12302993946665212,0.17837940413688402,4
0.7999999999999998,0.44999999999999996,0.42919259858107117,0.08301930771920282,0.24135983736164446,0.12354386472033531,0.1747142600192946,4
0.7999999999999998,0.4699999999999999,0.433449873124969,0.08419454169654532,0.22543483171447934,0.12260065722797212,0.16880063596231584,4
0.7999999999999998,0.48999999999999994,0.43771216236808325,0.08581639283393669,0.20883216625254122,0.12164473684210526,0.16230118324497037,4
0.7999999999999998,0.5099999999999999,0.44258355386216425,0.08902015648479196,0.19403659362999773,0.12204738393776862,0.15699533948642966,4
0.7999999999999998,0.5299999999999999,0.4470871410202382,0.09251565334425654,0.17856336119268126,0.12188258875226458,0.15055708980097135,4
0.7999999999999998,0.5499999999999999,0.450980124070911,0.09606575047157101,0.16105714931104587,0.12034770866739809,0.14186231595702348,4
0.7999999999999998,0.57,0.4544832093574127,0.10071490297745306,0.14479331375649424,0.11879720150118149,0.13313947450410218,4
0.7999999999999998,0.59,0.45667838152031487,0.10484399887566757,0.1263835554551615,0.11461053925334153,0.12139556076287183,4
0.7999999999999998,0.6099999999999999,0.4575753882021148,0.10808046368905558,0.10740908064151795,0.10774372627881947,0.10754268913264728,4
0.7999999999999998,0.6299999999999999,0.45697289074680714,0.11069740799083488,0.08730517280325277,0.09761949864241964,0.09115781032571524,4
0.7999999999999998,0.6499999999999999,0.45565560644094777,0.11398485128394606,0.06968601761915519,0.08649330623116282,0.07555903891841585,4
0.7999999999999998,0.6699999999999999,0.4539836215465636,0.12062160828811051,0.05522927490399819,0.07576696622249768,0.06194578160628325,4
0.7999999999999998,0.69,0.45032321302534467,0.12059620596205962,0.04020781567653038,0.060308317804506184,0.04639282735613011,4
0.7999999999999998,0.7099999999999999,0.4463621039199857,0.11916342412451363,0.027671109103230177,0.044912923923006415,0.03269107600341588,4
0.7999999999999998,0.7299999999999999,0.4441948888146026,0.13284671532846715,0.020555681048113845,0.03560250391236307,0.02473767194041211,4
0.7999999999999998,0.7499999999999999,0.441413667598843,0.14121699196326062,0.01389202620284617,0.025295629820051412,0.01694821837021523,4
0.2,0.01,0.19711051154418288,0.03163191948238677,0.9491755138920263,0.06122352341231537,0.13955635559304808,5
0.2,0.03,0.20321314994349504,0.031986519149974454,0.9475943076575559,0.0618841092818788,0.14090704501635798,5
0.2,0.049999999999999996,0.21354170064388447,0.032574786865708846,0.9446577817935397,0.0629778967460667,0.1431314365508815,5
0.2,0.06999999999999999,0.22520732685106373,0.03328833466192912,0.9385588434605828,0.06429624242236674,0.14576236699841785,5
0.2,0.08999999999999998,0.23756800014513088,0.034147310728522874,0.9316693020103908,0.06588000399321155,0.1489059053312971,5
0.2,0.10999999999999997,0.249333345689098,0.0349557692884923,0.9207138016715609,0.06735436642526946,0.15173569101907866,5
0.2,0.12999999999999998,0.2602666759402103,0.0358251020208576,0.9102100745425796,0.0689369054951071,0.1547605330875293,5
0.2,0.15,0.27031871055333107,0.03673895085628845,0.8991416309012875,0.07059345141767719,0.15788930890455244,5
0.2,0.16999999999999998,0.27931477182134384,0.03753959873284055,0.8833295685565846,0.07201856404873062,0.16042682026288585,5
0.2,0.18999999999999997,0.28799625022056813,0.03846269343957078,0.8679692794217303,0.07366120637598367,0.16335770767791855,5
0.2,0.20999999999999996,0.29523812278087175,0.039458007608377574,0.8528348768918003,0.07542627683271569,0.16647999858896573,5
0.2,0.22999999999999998,0.30163210553967856,0.04037930751783128,0.8344251185904676,0.07703095105281542,0.16915390990974488,5
0.2,0.24999999999999997,0.3076293862430622,0.04137417265980917,0.8154506437768241,0.07875261099809663,0.17196945517599477,5
0.2,0.26999999999999996,0.3128532889075198,0.04200910488709337,0.7868759882538966,0.07976004441925827,0.17308370722594044,5
0.2,0.29,0.31786069829403923,0.04296782983491542,0.7622543483171448,0.08135000753352419,0.17531054045208247,5
0.2,0.30999999999999994,0.32272301181979696,0.04385687037049518,0.7349220691213011,0.0827741488204652,0.17702750496504066,5
0.2,0.32999999999999996,0.3274821762012175,0.04478050107762479,0.7063474135983736,0.08422158329573842,0.178609167499643,5
0.2,0.35,0.33176194268462705,0.04587191004369481,0.6782245312852948,0.08593179834289721,0.1805211514874582,5
0.2,0.36999999999999994,0.3355682231345934,0.046889443331015586,0.647391009713124,0.08744536571598563,0.18178243192672888,5
0.2,0.38999999999999996,0.3393588191349759,0.048004153613291564,0.6161057149311046,0.08906849538737856,0.182989829052948,5
0.2,0.4099999999999999,0.3430342020013266,0.0492,0.5834651005195391,0.09074779981379662,0.18395339562443025,5
0.2,0.42999999999999994,0.34673323519960236,0.050857824081273,0.5540998418793766,0.09316457619232997,0.1860010160675154,5
0.2,0.44999999999999996,0.3497527874900719,0.05207573824279985,0.5162638355545516,0.09460829969988617,0.18552341061107863,5
0.2,0.4699999999999999,0.35258546160218107,0.05323860840157987,0.4765077930878699,0.09577643840592048,0.1839739061423476,5
0.2,0.48999999999999994,0.355393082188763,0.05499787925915453,0.43934944657781794,0.09775834338560514,0.18323818137282613,5
0.2,0.5099999999999999,0.35793061314815405,0.056935668001222,0.3999322340185227,0.0996804931946458,0.18138696226782366,5
0.2,0.5299999999999999,0.3605612244065435,0.059275053304904055,0.3610797379715383,0.10183312363630573,0.1789011874517353,5
0.2,0.5499999999999999,0.36327085533753545,0.0621234611018947,0.3214366388073187,0.10412322101489042,0.17518589648889546,5
0.2,0.57,0.3656038246302628,0.06518615284128021,0.28179353964309917,0.10587960703600756,0.1692879727510822,5
0.2,0.59,0.3675242215947782,0.06854825732951438,0.24056923424440932,0.10669471786009467,0.1601768713621802,5
0.2,0.6099999999999999,0.368719987676136,0.07217125382262997,0.19990964535803027,0.10605470505407591,0.1476451844313575,5
0.2,0.6299999999999999,0.36862564549050036,0.07501194457716197,0.15958888637903773,0.10205481925535373,0.13022321346284998,5
0.2,0.6499999999999999,0.36700114045889903,0.07671486573117743,0.12163993675175062,0.094089896474905,0.10888686684865029,5
0.2,0.6699999999999999,0.36424151969849916,0.07827044339905916,0.08832166252541224,0.08299283629609976,0.08611007113440658,5
0.2,0.69,0.36080497845985643,0.08095930232558139,0.06290941947142535,0.07080208465742976,0.06584547002080576,5
0.2,0.7099999999999999,0.3553446079872767,0.07744180987600609,0.04020781567653038,0.05293286744479964,0.044485542198785394,5
0.2,0.7299999999999999,0.3503890251343598,0.07532106907323846,0.024508696634289586,0.03698338304218151,0.028331200877353316,5
0.2,0.7499999999999999,0.34629987602461904,0.07297605473204105,0.01445674271515699,0.024132730015082957,0.01721818670971213,5
0.25,0.01,0.2132919858759659,0.032886277413524734,0.9330246216399367,0.06353320284711193,0.14411318318999355,5
0.25,0.03,0.2190404670239783,0.033216262153518986,0.9314434154054665,0.06414504386783648,0.14534822240551573,5
0.25,0.049999999999999996,0.22905765425522281,0.03381376318440693,0.9287327761463745,0.06525180626807756,0.1475766418641713,5
0.25,0.06999999999999999,0.24061016904181057,0.034537429288957665,0.9226338378134177,0.0665824435569321,0.15019746857785854,5
0.25,0.08999999999999998,0.2530124436409798,0.0354214267303332,0.9157442963632256,0.06820466446552123,0.15337643814056606,5
0.25,0.10999999999999997,0.2649267261558332,0.036245096664148074,0.9047887960243958,0.06969814291990935,0.15619699031738543,5
0.25,0.12999999999999998,0.27605835676821766,0.03713378574208949,0.8942850688954145,0.07130667363102984,0.15922298859820225,5
0.25,0.15,0.2863578157781143,0.03806061667834618,0.8833295685565846,0.07297683141894729,0.1623260717962342,5
0.25,0.16999999999999998,0.29561243782168556,0.038857888692713574,0.8675175062118816,0.07438396691893881,0.16476821760302035,5
0.25,0.18999999999999997,0.3045636994299965,0.03981041154823539,0.8528348768918003,0.07606987427466151,0.1677329068372651,5
0.25,0.20999999999999996,0.3121079398742222,0.04080880532896221,0.8379263609667946,0.07782725684883007,0.17077549892963192,5
0.25,0.22999999999999998,0.3187785744834321,0.04172821482558641,0.8199683758753106,0.07941499805837987,0.1733532633871222,5
0.25,0.24999999999999997,0.3250665258305166,0.04270304110182755,0.8012197876665914,0.0810844791916698,0.17599483973404784,5
0.25,0.26999999999999996,0.3305288390679409,0.043295877306203025,0.7728710187485882,0.08199825051226439,0.17685095209543697,5
0.25,0.29,0.33575646042184815,0.04426373978529082,0.7488140953241473,0.08358653033951512,0.17899568034557237,5
0.25,0.30999999999999994,0.34082330181556947,0.04513413100905508,0.7217077027332279,0.08495532865347798,0.18051459371504117,5
0.25,0.32999999999999996,0.3457561392916875,0.046054161073322185,0.6935848204201491,0.08637313023481508,0.18194585177679415,5
0.25,0.35,0.3501898884685062,0.047143942119358836,0.666026654619381,0.0880550101165456,0.18370602052323665,5
0.25,0.36999999999999994,0.3541200308591969,0.04814247709639616,0.6356449062570589,0.08950595195496076,0.184743859925551,5
0.25,0.38999999999999996,0.35809919450584177,0.04929959622159065,0.605376101197199,0.09117429429225103,0.1859316354352396,5
0.25,0.4099999999999999,0.36194066635198247,0.050541731750753646,0.5737519765077931,0.09289992227860833,0.18686500842363915,5
0.25,0.42999999999999994,0.36574227397714903,0.05225730335862495,0.5452902642873277,0.09537449502681666,0.18888149915887487,5
0.25,0.44999999999999996,0.36886414096134734,0.053505622785953735,0.5083578043822001,0.09682068490793323,0.18826649266342083,5
0.25,0.4699999999999999,0.37185149570979253,0.05476857514895632,0.47029591145245087,0.09811151820741491,0.1868186100767195,5
0.25,0.48999999999999994,0.37473540326546995,0.05657490104910025,0.43426699796702056,0.1001080489995704,0.18596620203329495,5
0.25,0.5099999999999999,0.37731485506845647,0.05852085734810137,0.3956403885249605,0.10196032774002009,0.18383626344791393,5
0.25,0.5299999999999999,0.38006289750795424,0.06097514046024782,0.3579173255025977,0.10419886232860948,0.18131780107108528,5
0.25,0.5499999999999999,0.3827721684534348,0.06380187719099853,0.31861305624576464,0.10631442084832954,0.17712950986424883,5
0.25,0.57,0.3851162769408633,0.06685221714810712,0.2794217302913937,0.10789123656265673,0.17080209325766676,5
0.25,0.59,0.3871136281733429,0.07038738019169329,0.23887508470747684,0.10873476942059535,0.16153916656482953,5
0.25,0.6099999999999999,0.3883793642283117,0.07423967604504998,0.19878021233340862,0.10810478793648844,0.14884224413510813,5
0.25,0.6299999999999999,0.38829188488253785,0.07731221818981635,0.15879828326180256,0.10399408284023669,0.1311518226931831,5
0.25,0.6499999999999999,0.3865900014041224,0.07918669131238447,0.12096227693697764,0.09571473256177666,0.10941746184180953,5
0.25,0.6699999999999999,0.3837128778506787,0.08085327783558793,0.08775694601310143,0.08416377816291161,0.08628348065562119,5
0.25,0.69,0.3801176950847416,0.08362369337979095,0.062344702959114526,0.07143319314137819,0.06568769783658995,5
0.25,0.7099999999999999,0.3745336340342449,0.07989105764866092,0.039756042466681726,0.0530920060331825,0.04419667520466074,5
0.25,0.7299999999999999,0.3695126447317209,0.07804522246535375,0.024169866726903095,0.03690927906174543,0.02804130195502909,5
0.25,0.7499999999999999,0.36540515798742995,0.07585791691751957,0.014230856110232663,0.023965763195435093,0.016991665992394208,5
0.3,0.01,0.22828057667196125,0.03410313084864036,0.9096453580302688,0.06574157211656191,0.14827934104616652,5
0.3,0.03,0.23366631836919446,0.03442372467868195,0.908402981703185,0.06633374707733164,0.14946313688615676,5
0.3,0.049999999999999996,0.24345751730837742,0.03502903803327365,0.9060311723514796,0.067450307738876,0.15168705044133327,5
0.3,0.06999999999999999,0.2548875194459088,0.03576557171064441,0.900158120623447,0.06879763826426234,0.15430425624186853,5
0.3,0.08999999999999998,0.2673678934448405,0.03667283289520657,0.8933815224757172,0.07045358391413747,0.15750257858203873,5
0.3,0.10999999999999997,0.2794232874686201,0.037519866707000284,0.8825389654393494,0.07197962388942368,0.16033388186918035,5
0.3,0.12999999999999998,0.2906824075020246,0.0384458403432451,0.8723740682177547,0.0736460717009916,0.16342109494672527,5
0.3,0.15,0.3011386217748267,0.03939594265173739,0.8615315111813869,0.07534645739290194,0.1665211316800559,5
0.3,0.16999999999999998,0.3105117118107537,0.04020995910305815,0.8461712220465326,0.0767717342296184,0.16893811615510196,5
0.3,0.18999999999999997,0.3197025198357813,0.04119630306791687,0.8321662525412243,0.07850616659119362,0.17193501565803415,5
0.3,0.20999999999999996,0.32748765650978645,0.0422107270532387,0.817483623221143,0.08027638678622724,0.17492471808554347,5
0.3,0.22999999999999998,0.33443162713757274,0.04312428831527861,0.7998644680370454,0.08183640807270752,0.17737015312639312,5
0.3,0.24999999999999997,0.34095450229859053,0.04408633680533422,0.7811158798283262,0.08346205831241553,0.17983254459410264,5
0.3,0.26999999999999996,0.34664573098572965,0.04464548790614202,0.7529929975152474,0.08429317385862213,0.18043497087925173,5
0.3,0.29,0.35212860781541533,0.045626275537226264,0.7297266772080415,0.08588272043918357,0.18249041085056744,5
0.3,0.30999999999999994,0.3573758540287399,0.04649443187165296,0.7030720578269709,0.08722091060031806,0.18384198744263242,5
0.3,0.32999999999999996,0.36246821492439135,0.04738536183167375,0.6750621188163541,0.08855470775613009,0.18498687729028424,5
0.3,0.35,0.36710103475257294,0.048468978333403724,0.648068669527897,0.09019247243376638,0.1865397494164537,5
0.3,0.36999999999999994,0.37116800567175634,0.04946782558412693,0.6183645809803479,0.09160726834655156,0.18737935849521542,5
0.3,0.38999999999999996,0.3753521598759486,0.050690080517487544,0.5894510955500338,0.09335229356157156,0.1885817524841915,5
0.3,0.4099999999999999,0.3794002284403417,0.05207403752270365,0.5601987802123334,0.09529024139554096,0.18979833926453146,5
0.3,0.42999999999999994,0.3833251263888231,0.05381647144781606,0.5324147278066411,0.09775215660252157,0.19161043817575807,5
0.3,0.44999999999999996,0.38659911362895616,0.05518711214191688,0.49717641743844593,0.09934664123946332,0.19109054444743487,5
0.3,0.4699999999999999,0.3896546682889013,0.0564834707879964,0.46024395753331826,0.10061852615464388,0.18942739468766562,5
0.3,0.48999999999999994,0.3926358957363207,0.058376971462213,0.42557036367743395,0.10267029972752044,0.18847161921530184,5
0.3,0.5099999999999999,0.39533106995937467,0.06052400211007561,0.3887508470747685,0.10474103828129755,0.18648549075699453,5
0.3,0.5299999999999999,0.39820652848936505,0.06308656957928803,0.3522701603794895,0.10700929769787629,0.18378193645705668,5
0.3,0.5499999999999999,0.4011091551936898,0.06618992183602196,0.3146600406595889,0.10937285307684758,0.17972570219464049,5
0.3,0.57,0.4034988134266581,0.06926959283202903,0.2759204879150666,0.11073840714382847,0.1728113858864807,5
0.3,0.59,0.405625101814257,0.07303880513679509,0.23639033205330923,0.11159690749133565,0.16333187663878132,5
0.3,0.6099999999999999,0.4069494339554544,0.07705562673971635,0.196973119494014,0.11077587575824943,0.15021791934400247,5
0.3,0.6299999999999999,0.40686184201408926,0.08036177199147417,0.15755590693471877,0.10643573799259909,0.13216485078162007,5
0.3,0.6499999999999999,0.4051427366742703,0.08255813953488372,0.12028461712220466,0.09791302748919739,0.1102119380743439,5
0.3,0.6699999999999999,0.4021402950245654,0.08434260774686307,0.08730517280325277,0.08579832399134248,0.08669612615239677,5
0.3,0.69,0.39841278012953696,0.08749003984063745,0.062005873051728035,0.0725758477096966,0.06584154853565517,5
0.3,0.7099999999999999,0.39262896249064577,0.08345289335246293,0.039417212559295235,0.05354403191162933,0.04406788221627354,5
0.3,0.7299999999999999,0.38747383372802485,0.08146718146718147,0.023831036819516604,0.03687521845508564,0.027758774930274167,5
0.3,0.7499999999999999,0.38341293539467197,0.08095854922279792,0.0141179128077705,0.02404308520869398,0.01691017316017316,5
0.35,0.01,0.24303840394809165,0.03569448861829252,0.8872825841427603,0.0686281361380949,0.1537341588847229,5
0.35,0.03,0.24810731655103038,0.03601007621398648,0.886379037723063,0.06920848527070941,0.1548814903988475,5
0.35,0.049999999999999996,0.25751511685177386,0.036614053548462526,0.8842331149762819,0.07031646450720544,0.1570568245192404,5
0.35,0.06999999999999999,0.2687521938532202,0.03736544548891141,0.8785859498531737,0.07168230887251717,0.15966552136057438,5
0.35,0.08999999999999998,0.28119804091718714,0.038322616495991106,0.8723740682177547,0.07341995950685817,0.16297559164106545,5
0.35,0.10999999999999997,0.2932245112347548,0.039202992375197816,0.8617573977863112,0.07499434839445258,0.16583783971761923,5
0.35,0.12999999999999998,0.3045678538740699,0.04016984278354635,0.8515925005647165,0.076720747671159,0.1689681291149566,5
0.35,0.15,0.31516864303191655,0.04115760959699265,0.8408628868308109,0.07847415465047643,0.17209416289885626,5
0.35,0.16999999999999998,0.3246826724153952,0.04202052472505372,0.8259543709058053,0.07997244215038712,0.17457627118644067,5
0.35,0.18999999999999997,0.33409311349030796,0.04303585323517089,0.8120623447029591,0.08173984220458834,0.17754313878490366,5
0.35,0.20999999999999996,0.34211799025469974,0.04408845159759767,0.7976056019878022,0.08355814283685929,0.18052701003098257,5
0.35,0.22999999999999998,0.34928564986398736,0.04501052439509166,0.7800993901061667,0.08511031563641741,0.1828516061397053,5
0.35,0.24999999999999997,0.3560549553780508,0.04598869208787162,0.7615766885023718,0.08673951774217409,0.18520756541180736,5
0.35,0.26999999999999996,0.3620283828239989,0.04653644770111238,0.7337926360966794,0.08752231165594584,0.18559993600987276,5
0.35,0.29,0.3677710287118616,0.04752523079477947,0.7110910323017845,0.089095810544042,0.18750037226090427,5
0.35,0.30999999999999994,0.37325447801122413,0.04840125792187475,0.6848881861305625,0.09041300134188161,0.18867220071934387,5
0.35,0.32999999999999996,0.37855838236279776,0.049333886663335394,0.6578947368421053,0.09178504179567783,0.18975301161646765,5
0.35,0.35,0.3833989044204727,0.05044328399938671,0.6316918906708833,0.09342609683373562,0.19115747164936123,5
0.35,0.36999999999999994,0.3876654397840018,0.051484060095272996,0.6030042918454935,0.09486833220796759,0.1918874624419558,5
0.35,0.38999999999999996,0.3920085817166714,0.05272538860103627,0.5746555229274904,0.0965886440002278,0.19284999545165107,5
0.35,0.4099999999999999,0.39627450583567153,0.05416148790128433,0.5463067540094872,0.09855237823575555,0.19390970390385093,5
0.35,0.42999999999999994,0.40040203923692913,0.055974781529174074,0.5194262480234922,0.10105915443438516,0.1955723009406522,5
0.35,0.44999999999999996,0.4038432889787494,0.057478632478632476,0.4861079737971538,0.10280172928559486,0.19511133676651915,5
0.35,0.4699999999999999,0.40706658973569515,0.05882787127251255,0.4500790603117235,0.1040551479228138,0.1931540579316763,5
0.35,0.48999999999999994,0.41024650472725943,0.0608477816599644,0.4169866726903095,0.10619876312383143,0.1921075635848978,5
0.35,0.5099999999999999,0.41309471794619695,0.0630475799069698,0.38118364580980346,0.10819908631882665,0.1897197207325711,5
0.35,0.5299999999999999,0.4162181949891434,0.06589771677728376,0.34651005195391915,0.11073613542437422,0.18713478828394714,5
0.35,0.5499999999999999,0.4192101353213547,0.06909411616479778,0.3096905353512537,0.11298131399493191,0.18255416039733158,5
0.35,0.57,0.42169464054899214,0.07238186846218589,0.2719674723288909,0.11433455201557381,0.17529555646147577,5
0.35,0.59,0.4238873861330224,0.07635932931117445,0.23300203297944433,0.11502327785676451,0.1652171127448625,5
0.35,0.6099999999999999,0.42521189120292385,0.08054162957409923,0.1941495369324599,0.11385236944067291,0.1514297292059409,5
0.35,0.6299999999999999,0.42509298966011794,0.08397412425241059,0.15540998418793767,0.10903328050713154,0.13281340488784216,5
0.35,0.6499999999999999,0.42321981106041173,0.08618848081505218,0.11847752428281003,0.0997859690844233,0.11021917750646185,5
0.35,0.6699999999999999,0.4200408008267021,0.08813637945030732,0.08583690987124463,0.08697144818904846,0.0862871545675424,5
0.35,0.69,0.41604976433470037,0.09095528455284553,0.06065055342218206,0.07277408862989565,0.06498063891577928,5
0.35,0.7099999999999999,0.4101379971227686,0.08664627930682976,0.038400722837135755,0.053216465800594775,0.043213014743263854,5
0.35,0.7299999999999999,0.40490725942767475,0.0845771144278607,0.023040433702281454,0.036215160660394104,0.02696415353706249,5
0.35,0.7499999999999999,0.400790177634224,0.08339173090399439,0.013440252992997516,0.023149499075965373,0.01614960779523926,5
0.39999999999999997,0.01,0.2567640297088327,0.03752898490077441,0.8609667946690761,0.0719228972954613,0.15978519235848226,5
0.39999999999999997,0.03,0.2613821362547923,0.03783031988873435,0.860176191551841,0.07247328404084236,0.1608542849418762,5
0.39999999999999997,0.049999999999999996,0.27024609810872596,0.038426525327722935,0.858143212107522,0.07355916778809383,0.1629465051641904,5
0.39999999999999997,0.06999999999999999,0.2810090566501871,0.03917549313170418,0.852608990286876,0.07490908008394898,0.1654662382240381,5
0.39999999999999997,0.08999999999999998,0.29319360726738547,0.0401529841552125,0.8466229952563813,0.07666973509256418,0.16875129445029763,5
0.39999999999999997,0.10999999999999997,0.30504678966277077,0.04107332978440245,0.8365710413372487,0.07830223584756066,0.1716554191849902,5
0.39999999999999997,0.12999999999999998,0.3164370534737346,0.042082509313342224,0.8267449740230405,0.08008840359303712,0.17481849445930456,5
0.39999999999999997,0.15,0.3271581879139916,0.04312525353759515,0.8164671334989835,0.08192336895547421,0.178015602529501,5
0.39999999999999997,0.16999999999999998,0.3368524435890896,0.04401728209864681,0.8020103907838265,0.08345428583181042,0.18046752296189367,5
0.39999999999999997,0.18999999999999997,0.3464404870958253,0.04507162269461426,0.788570137790829,0.08526956638556939,0.18342309207933796,5
0.39999999999999997,0.20999999999999996,0.3547756598576295,0.04618222455601783,0.774791054890445,0.08716867010597473,0.18645560399656444,5
0.39999999999999997,0.22999999999999998,0.3621785737179551,0.04713222739824203,0.757623672916196,0.08874365809613896,0.1887036609860526,5
0.39999999999999997,0.24999999999999997,0.36926328559288274,0.04817284295491469,0.7401174610345607,0.09045794940815129,0.191108622489749,5
0.39999999999999997,0.26999999999999996,0.3754620099706218,0.04872081805903917,0.7130110684436413,0.09120921194258429,0.19131346558297121,5
0.39999999999999997,0.29,0.38148244995087505,0.0497443276508223,0.6911000677659814,0.09280844512865626,0.19311977276313713,5
0.39999999999999997,0.30999999999999994,0.38718858448256804,0.05065140421436183,0.6656878247119946,0.09413982015365203,0.1941626037686125,5
0.39999999999999997,0.32999999999999996,0.39271889424258694,0.051637199208527475,0.6395979218432347,0.0955595116559655,0.19516145707688595,5
0.39999999999999997,0.35,0.39780805544538383,0.05286249538933432,0.6150892252089452,0.09735778898065715,0.1966945491844725,5
0.39999999999999997,0.36999999999999994,0.4023420823661203,0.05403189822453278,0.5880957759204879,0.09897075734392671,0.1975566263231779,5
0.39999999999999997,0.38999999999999996,0.4069451347033408,0.055376589791891924,0.5611023266320307,0.10080452889912446,0.19851513238338037,5
0.39999999999999997,0.4099999999999999,0.4113468194547931,0.0568299434348297,0.5333182742263384,0.1027146959018533,0.19923041871297656,5
0.39999999999999997,0.42999999999999994,0.41568950402641264,0.058720512317846175,0.5074542579625029,0.10526069182021577,0.20070400514602746,5
0.39999999999999997,0.44999999999999996,0.4193536738081112,0.06025512397878745,0.4748136435509374,0.10693935693935694,0.1998364801399426,5
0.39999999999999997,0.4699999999999999,0.4228133594073371,0.061668988223375965,0.4400271063925909,0.10817714841038456,0.19758195391106784,5
0.39999999999999997,0.48999999999999994,0.42615683948362976,0.06381625441696114,0.4079512084933363,0.11036758639655331,0.19627021387584767,5
0.39999999999999997,0.5099999999999999,0.42917850483817993,0.06614233109189882,0.373277614637452,0.11237292169596409,0.1935374309004029,5
0.39999999999999997,0.5299999999999999,0.43243258870423623,0.0690646489271176,0.3391687372938785,0.11476067641157925,0.19031141868512114,5
0.39999999999999997,0.5499999999999999,0.43567579964212716,0.07261064093579861,0.3042692568330698,0.11724257985899555,0.18574698695496292,5
0.39999999999999997,0.57,0.43828143645004786,0.07608486017357763,0.26733679692794216,0.11845661094985487,0.1779003697802363,5
0.39999999999999997,0.59,0.4406301521456128,0.08042068638304602,0.22972667720804157,0.1191354770690564,0.16752322593397906,5
0.39999999999999997,0.6099999999999999,0.4420368149552237,0.08507866519691352,0.19177772758075445,0.11786755518533944,0.1533210532018637,5
0.39999999999999997,0.6299999999999999,0.4418434776289626,0.08877131099353322,0.15348994804608088,0.11248603236353102,0.13395761458846725,5
0.39999999999999997,0.6499999999999999,0.43978266013296524,0.0911254075967216,0.11678337474587756,0.10237116974407208,0.11055749203430063,5
0.39999999999999997,0.6699999999999999,0.43637562209289826,0.09311589692518361,0.08448159024169867,0.0885888553325043,0.08607793044719098,5
0.39999999999999997,0.69,0.4320881147590237,0.09587289992695398,0.0592952337926361,0.0732728541521284,0.06419348527829405,5
0.39999999999999997,0.7099999999999999,0.4260079849850645,0.09143646408839778,0.03738423311497628,0.053070386403719735,0.042396761963315904,5
0.39999999999999997,0.7299999999999999,0.42084248885889153,0.09025270758122744,0.0225886604924328,0.036133694670280034,0.02657312925170068,5
0.39999999999999997,0.7499999999999999,0.4166141305014391,0.08928571428571429,0.012988479783148859,0.022677972786432656,0.015665867480383608,5
0.44999999999999996,0.01,0.2688376184220104,0.03940303009085964,0.8262932008131918,0.0752191235059761,0.16545522803240353,5
0.44999999999999996,0.03,0.2729386400483917,0.039683832231306254,0.8256155409984188,0.07572775303014607,0.16642230741911102,5
0.44999999999999996,0.049999999999999996,0.2812070624781182,0.04026830816794104,0.8238084481590242,0.07678339272273658,0.16841298354660103,5
0.44999999999999996,0.06999999999999999,0.2914469920272495,0.041017747193045996,0.8186130562457646,0.07812112654803349,0.17084669055251744,5
0.44999999999999996,0.08999999999999998,0.30330035210262796,0.04199620604114986,0.81262706121527,0.0798650231159014,0.17400999317987242,5
0.44999999999999996,0.10999999999999997,0.31486837467975554,0.042932816303356464,0.8028009939010616,0.08150675113952355,0.17683615538096398,5
0.44999999999999996,0.12999999999999998,0.32621862596914103,0.04398046703812684,0.7934266997967021,0.08334124234802828,0.17999344080842036,5
0.44999999999999996,0.15,0.33701437875783175,0.04509413010020196,0.7842782922972668,0.08528459927660384,0.1833108946437528,5
0.44999999999999996,0.16999999999999998,0.34682626465841543,0.04603470142205672,0.770725096001807,0.08688013240817366,0.18578616078234925,5
0.44999999999999996,0.18999999999999997,0.3564075902337022,0.047128139944802985,0.7579625028235826,0.08873873576061302,0.18870736439557967,5
0.44999999999999996,0.20999999999999996,0.3649184677464818,0.04828934077034565,0.7450869663428958,0.09070036021667996,0.19173981282334476,5
0.44999999999999996,0.22999999999999998,0.37249671050888894,0.049294160784673205,0.7288231307883443,0.09234269687039395,0.1939888410572136,5
0.44999999999999996,0.24999999999999997,0.37974785089326474,0.05037632432605187,0.712107522023944,0.0940960510999015,0.19632692714885347,5
0.44999999999999996,0.26999999999999996,0.38614910266797636,0.050954773026508894,0.6862435057601084,0.09486560965518318,0.19643215073160955,5
0.44999999999999996,0.29,0.39238722707788654,0.052043033547087815,0.6654619381070702,0.09653635678474293,0.19821032093117136,5
0.44999999999999996,0.30999999999999994,0.39834202374671324,0.0529931763234292,0.6411791280777049,0.09789534492718635,0.19913289323221764,5
0.44999999999999996,0.32999999999999996,0.4040396079921369,0.054015523522889276,0.6162186582335667,0.0993246072345306,0.19996481557497214,5
0.44999999999999996,0.35,0.4093504752910189,0.055305215725084754,0.5932911678337475,0.10117878192534381,0.2014218009478673,5
0.44999999999999996,0.36999999999999994,0.41411433981122325,0.0565906124836866,0.5681048113846849,0.10292823671448158,0.20233306516492355,5
0.44999999999999996,0.38999999999999996,0.4188358294983558,0.05799956491261995,0.542014908515925,0.10478623520677759,0.203075542917111,5
0.44999999999999996,0.4099999999999999,0.4234669332270724,0.05952179074105477,0.5153602891348543,0.10671811962813542,0.20356540592628283,5
0.44999999999999996,0.42999999999999994,0.42800700788656193,0.06142871296938472,0.49017393268579174,0.10917552355197786,0.2045876662864039,5
0.44999999999999996,0.44999999999999996,0.43191404209605916,0.06309353857612811,0.4592274678111588,0.11094436410270403,0.20358501902663725,5
0.44999999999999996,0.4699999999999999,0.43551494992700657,0.06454431746140535,0.42545742037497175,0.11208474046744127,0.20084453875601144,5
0.44999999999999996,0.48999999999999994,0.43900938487033847,0.06669596957593595,0.39417212559295234,0.11408770696784949,0.1988762636335662,5
0.44999999999999996,0.5099999999999999,0.4421493410119692,0.06904679525992562,0.3606279647616896,0.11590257359613779,0.19550575557188343,5
0.44999999999999996,0.5299999999999999,0.4456381888645345,0.07216674119342177,0.3281002936525864,0.1183106622138959,0.1919518963922294,5
0.44999999999999996,0.5499999999999999,0.4490630900783998,0.07587610876835829,0.29466907612378584,0.12067809153773214,0.1868884399936963,5
0.44999999999999996,0.57,0.451833471370159,0.07953560907988216,0.25920487915066637,0.12172160492190193,0.17854086602044467,5
0.44999999999999996,0.59,0.45427324506787486,0.08406909788867563,0.22261124915292524,0.12204712220192576,0.1674283481422334,5
0.44999999999999996,0.6099999999999999,0.4557153665376797,0.0889908256880734,0.18624350576010842,0.12043529068068945,0.1528380232083936,5
0.44999999999999996,0.6299999999999999,0.4555075725414402,0.09300359332065103,0.14908515925005647,0.11454853126220332,0.1330403757382733,5
0.44999999999999996,0.6499999999999999,0.45336512020119873,0.09567371831522775,0.11339507567201265,0.10378333677899525,0.10934436941842736,5
0.44999999999999996,0.6699999999999999,0.44981145792991106,0.09777777777777778,0.08199683758753105,0.08919466797714848,0.08473191568824257,5
0.44999999999999996,0.69,0.4452341886195928,0.10013853156540668,0.05714931104585498,0.07276910908175739,0.06251698831204132,5
0.44999999999999996,0.7099999999999999,0.4392915656033867,0.09686179843089922,0.036254800090354644,0.05276134122287968,0.04144074360960496,5
0.44999999999999996,0.7299999999999999,0.4340214579551928,0.09614421632448673,0.021685114072735486,0.03538844346143213,0.02565953010985486,5
0.44999999999999996,0.7499999999999999,0.42992121709991366,0.09702797202797203,0.012536706573300204,0.022204440888177635,0.015180525164113787,5
0.49999999999999994,0.01,0.27944099568079644,0.0414426963349227,0.7863112717415858,0.07873561593485821,0.1711347200440496,5
0.49999999999999994,0.03,0.28286226539523635,0.04169363150451811,0.7858594985317371,0.07918606106818105,0.17197231833910037,5
0.49999999999999994,0.049999999999999996,0.29015118439786974,0.042228846036863554,0.7840524056923425,0.0801413035949297,0.17371850695174318,5
0.49999999999999994,0.06999999999999999,0.2998561721887446,0.04293684000796971,0.7788570137790829,0.08138697761149992,0.1758968289597192,5
0.49999999999999994,0.08999999999999998,0.31137121018174735,0.04390873041335677,0.7728710187485882,0.08309653916211293,0.1788907362675283,5
0.49999999999999994,0.10999999999999997,0.3226876483967015,0.044844150157243134,0.7633837813417664,0.08471198676492706,0.18155884343873901,5
0.49999999999999994,0.12999999999999998,0.33382456998753307,0.045919033514984504,0.7546871470521798,0.08657066417915282,0.18465398794028728,5
0.49999999999999994,0.15,0.34458984438337764,0.047056895741012524,0.7459905127625932,0.08852938022732147,0.18787902923005154,5
0.49999999999999994,0.16999999999999998,0.35446520962006783,0.0480050889832389,0.7330020329794443,0.09010885260468733,0.1901998710509349,5
0.49999999999999994,0.18999999999999997,0.3641519158232694,0.04912985583546925,0.7209170996159928,0.09199063231850117,0.19302999328643922,5
0.49999999999999994,0.20999999999999996,0.37279941422330304,0.050324753427952854,0.7088321662525412,0.09397741906501753,0.19597067309493774,5
0.49999999999999994,0.22999999999999998,0.3805189087923376,0.05138931885306939,0.6936977637226113,0.09568990364017356,0.19821215348371898,5
0.49999999999999994,0.24999999999999997,0.38787217740880026,0.05247920511497319,0.677659814772984,0.09741445792913098,0.20033790326350445,5
0.49999999999999994,0.26999999999999996,0.3944032727253303,0.05305212557106948,0.6531511181386944,0.09813337858476158,0.200211879076595,5
0.49999999999999994,0.29,0.40085305653997483,0.05420575193453962,0.6337248701152022,0.09986917867345395,0.2019376803979011,5
0.49999999999999994,0.30999999999999994,0.4069797035305603,0.05521484913111358,0.6111362096227694,0.10127932767446866,0.20278829217104524,5
0.49999999999999994,0.32999999999999996,0.412926891193581,0.05627616647013642,0.5875310594081771,0.10271396274101352,0.20343675940337733,5
0.49999999999999994,0.35,0.41844134429500274,0.0575943325704691,0.5656200587305172,0.1045435093469162,0.20462698886155806,5
0.49999999999999994,0.36999999999999994,0.4233628942147812,0.05891381490895249,0.5419019652134628,0.10627388005980398,0.20529364950323895,5
0.49999999999999994,0.38999999999999996,0.4283480189742175,0.06044100968005697,0.5176191551840976,0.10824279641001418,0.20599234102227573,5
0.49999999999999994,0.4099999999999999,0.4331581327358862,0.0619958745287716,0.4922069121301107,0.11012141656875007,0.2061280283035824,5
0.49999999999999994,0.42999999999999994,0.43792129981748434,0.06403690105211193,0.46882764852044273,0.11268255605624626,0.2070572038548255,5
0.49999999999999994,0.44999999999999996,0.44198165367884207,0.06574610847262832,0.43934944657781794,0.11437644256920657,0.20563949124049774,5
0.49999999999999994,0.4699999999999999,0.4457893775885727,0.06724617135182526,0.4071606053761012,0.1154283335734755,0.20247121595057568,5
0.49999999999999994,0.48999999999999994,0.4493844993325458,0.06941616455433201,0.3773435735260899,0.11726098553980065,0.19994972829339525,5
0.49999999999999994,0.5099999999999999,0.45269657490582516,0.071873165002936,0.34560650553422184,0.11899900834159716,0.19617648190175788,5
0.49999999999999994,0.5299999999999999,0.4562593224789037,0.07496429630028832,0.31420826744974023,0.12104862395300772,0.19179064348449545,5
0.49999999999999994,0.5499999999999999,0.45978744802683186,0.07876744698950817,0.28235825615541,0.12317394624688986,0.18613654977291338,5
0.49999999999999994,0.57,0.4626525876118969,0.08258945315430201,0.2487011520216851,0.12400045050118257,0.17735751796127452,5
0.49999999999999994,0.59,0.4650494575186482,0.0872058075553706,0.2130110684436413,0.12374922082608839,0.16531388601581265,5
0.49999999999999994,0.6099999999999999,0.4662831102655487,0.09181228449535386,0.17743392816805964,0.12100905064509918,0.14954214023264226,5
0.49999999999999994,0.6299999999999999,0.46596615694370175,0.09588203835281534,0.14174384459001582,0.1143872761245044,0.12936810638078547,5
0.49999999999999994,0.6499999999999999,0.46374040216134893,0.09866583928017375,0.10774791054890445,0.10300707228850618,0.10580015526228237,5
0.49999999999999994,0.6699999999999999,0.46005544217752553,0.1008662457788871,0.07759204879150666,0.0877114586658155,0.08134605820920264,5
0.49999999999999994,0.69,0.45532346708417276,0.10308159722222222,0.0536480686695279,0.07056900906254643,0.05933939636218269,5
0.49999999999999994,0.7099999999999999,0.44951278669561606,0.10036678892964321,0.03399593404111136,0.05078882983211001,0.03917740465963817,5
0.49999999999999994,0.7299999999999999,0.44442708720900453,0.1000555864369094,0.020329794443189518,0.03379329766263024,0.02418379685610641,5
0.49999999999999994,0.7499999999999999,0.4403852473885921,0.10019646365422397,0.011520216851140727,0.020664505672609402,0.013997914036339681,5
0.5499999999999999,0.01,0.28868865251224535,0.0437863142866629,0.7447481364355094,0.08270983198389453,0.17724758213223948,5
0.5499999999999999,0.03,0.2913408517833867,0.04401751622119569,0.7447481364355094,0.08312218734636766,0.1780045351473923,5
0.5499999999999999,0.049999999999999996,0.2978031036182325,0.04451874010205877,0.7429410435961148,0.08400378004239777,0.17955605053118892,5
0.5499999999999999,0.06999999999999999,0.30687184564172293,0.045179493917746075,0.7378585949853174,0.08514548238897397,0.1814550847975469,5
0.5499999999999999,0.08999999999999998,0.317805162435202,0.046114656932852334,0.7319855432572848,0.08676327855684594,0.18416431287189483,5
0.5499999999999999,0.10999999999999997,0.32875380069438986,0.04700860979694984,0.7227241924553874,0.08827546248396309,0.18651626442812172,5
0.5499999999999999,0.12999999999999998,0.3395712181941135,0.04808664259927798,0.7145922746781116,0.09010959274793667,0.18944134713846855,5
0.5499999999999999,0.15,0.3501503804923342,0.04923789128928639,0.7063474135983736,0.09205858541252668,0.1925113278171789,5
0.5499999999999999,0.16999999999999998,0.359962795722872,0.05019200915107443,0.6938107070250734,0.09361189844869099,0.19463771973182262,5
0.5499999999999999,0.18999999999999997,0.3695793252335306,0.051319959555793465,0.6821775468714705,0.09545860431302204,0.19724509989615246,5
0.5499999999999999,0.20999999999999996,0.37822935744089753,0.05254406679225592,0.6709961599277163,0.09745654973302384,0.20005657213283673,5
0.5499999999999999,0.22999999999999998,0.3861573022446838,0.05360832349468713,0.6564264739100971,0.09912168500042637,0.20204127037098835,5
0.5499999999999999,0.24999999999999997,0.39347391528639397,0.054689757469515134,0.6412920713801672,0.1007845503922752,0.2038954883006076,5
0.5499999999999999,0.26999999999999996,0.40001517628816985,0.055279628507974965,0.61847752428281,0.10148822210278555,0.2036051042565216,5
0.5499999999999999,0.29,0.40653542836291906,0.0564570943075616,0.6004065958888638,0.10320927252606442,0.20513057973698837,5
0.5499999999999999,0.30999999999999994,0.41277062656658486,0.05746340588644056,0.5790603117235148,0.10455157225009176,0.2056756366437202,5
0.5499999999999999,0.32999999999999996,0.41880479382755903,0.05855887939221273,0.557149311045855,0.10597890304423487,0.20613258006284685,5
0.5499999999999999,0.35,0.4245826507069053,0.05991097211888879,0.5365936299977412,0.10778741988542907,0.20707480146796026,5
0.5499999999999999,0.36999999999999994,0.4297132836368451,0.06133731487833421,0.5150214592274678,0.10961933723571764,0.2077278400860066,5
0.5499999999999999,0.38999999999999996,0.43489258253756585,0.06293030036228224,0.49243279873503504,0.1115988584153474,0.20821593329449184,5
0.5499999999999999,0.4099999999999999,0.43985782414739005,0.0644930355614349,0.46803704540320756,0.11336497558440137,0.207883938156535,5
0.5499999999999999,0.42999999999999994,0.44476510335296876,0.06656550328780982,0.44590015812062345,0.11583827240185435,0.20839051580347528,5
0.5499999999999999,0.44999999999999996,0.44895024756094376,0.06824098521076051,0.4174384459001581,0.11730540347536302,0.20630295723232528,5
0.5499999999999999,0.4699999999999999,0.4529665759399189,0.06985601107920408,0.3873955274452225,0.11836769907686999,0.20291775619106212,5
0.5499999999999999,0.48999999999999994,0.45660295319272276,0.07186849017299157,0.3584820420149085,0.11973292089479044,0.19942196531791906,5
0.5499999999999999,0.5099999999999999,0.460110095519078,0.07445311500575669,0.32866501016489724,0.12140428461169403,0.1952993919544704,5
0.5499999999999999,0.5299999999999999,0.4636819418200915,0.07746003812875789,0.2982832618025751,0.12298307294698363,0.18996993281638877,5
0.5499999999999999,0.5499999999999999,0.46732460764683487,0.08130805882151304,0.267901513440253,0.12475346464354274,0.18362259827524813,5
0.5499999999999999,0.57,0.47032971456210076,0.08526594660688812,0.23627738875084708,0.1253107310790979,0.17447582192123567,5
0.5499999999999999,0.59,0.4725951894423182,0.08967077155064086,0.20149085159250057,0.12410866464920518,0.16126991014445588,5
0.5499999999999999,0.6099999999999999,0.47364352165296647,0.09404428607788241,0.16693020103907838,0.1203093203093203,0.1445278886020496,5
0.5499999999999999,0.6299999999999999,0.4733133827811795,0.09819422484813181,0.13327309690535352,0.11307555938862536,0.1243859760082643,5
0.5499999999999999,0.6499999999999999,0.47107082151504676,0.10126582278481013,0.10119719900609894,0.10123149926561971,0.10121091632026026,5
0.5499999999999999,0.6699999999999999,0.46730856344918587,0.10329317269076305,0.07262254348317145,0.08528417003780092,0.07720755985687183,5
0.5499999999999999,0.69,0.46257413293534566,0.10545108307545822,0.05003388299073865,0.06786671773266947,0.05591034152005453,5
0.5499999999999999,0.7099999999999999,0.4567466469520365,0.10135382363702891,0.03128529478201943,0.04781220333131958,0.036305014548218835,5
0.5499999999999999,0.7299999999999999,0.4518657518124001,0.10104744300677758,0.018522701603794895,0.0313066717571824,0.022138826642187963,5
0.5499999999999999,0.7499999999999999,0.4479574779313444,0.10033444816053512,0.010164897221594759,0.0184596451645985,0.012392256216781868,5
0.5999999999999999,0.01,0.29695037394275803,0.04645234810771907,0.6997967020555681,0.0871215849491697,0.18353080568720379,5
0.5999999999999999,0.03,0.29903706987986406,0.046651357150924215,0.6997967020555681,0.08747150046940404,0.1841515535186737,5
0.5999999999999999,0.049999999999999996,0.3046829856615685,0.04713694337925304,0.69832843912356,0.08831280128548473,0.18557870662176523,5
0.5999999999999999,0.06999999999999999,0.3127316691764351,0.04774084209216991,0.6935848204201491,0.08933273205999157,0.18717082805032673,5
0.5999999999999999,0.08999999999999998,0.322603006724176,0.04863083649826062,0.6883894285068896,0.09084405228563337,0.1895824520367283,5
0.5999999999999999,0.10999999999999997,0.3328897819661693,0.049466537342386034,0.6796927942173029,0.09222140492828246,0.1915657588143168,5
0.5999999999999999,0.12999999999999998,0.3432858770431393,0.05052245583953688,0.6722385362548001,0.0939816678903863,0.1942241801272638,5
0.5999999999999999,0.15,0.3535250764209848,0.051657827262828845,0.6644454483849108,0.09586273199824015,0.19701942397856667,5
0.5999999999999999,0.16999999999999998,0.3631688077375517,0.05257697243281124,0.6524734583239213,0.09731241209119774,0.1988051729952579,5
0.5999999999999999,0.18999999999999997,0.3727001123800557,0.05372041546058232,0.6414050146826293,0.09913763005376719,0.20119747750301142,5
0.5999999999999999,0.20999999999999996,0.3814104991522782,0.05495911278180691,0.6307883442511859,0.10110884815569134,0.2037770821019141,5
0.5999999999999999,0.22999999999999998,0.38941100336385803,0.05603987610510554,0.6171222046532641,0.10274925721162886,0.205540257903369,5
0.5999999999999999,0.24999999999999997,0.3967546796504749,0.057155999614895,0.6034560650553422,0.1044217520887282,0.20725850873177806,5
0.5999999999999999,0.26999999999999996,0.403367601103287,0.057805604713156065,0.5829003840072283,0.10518056574549604,0.20693996696017575,5
0.5999999999999999,0.29,0.4100340415561831,0.05898483011851102,0.5660718319403659,0.10683719690913936,0.2081620108483474,5
0.5999999999999999,0.30999999999999994,0.41637779908677697,0.059994789534407685,0.5461938107070251,0.10811415030013079,0.2084069537936444,5
0.5999999999999999,0.32999999999999996,0.4224894459948579,0.06109303667943538,0.5259769595662978,0.10947086340236478,0.20856472358568307,5
0.5999999999999999,0.35,0.4285087699399525,0.06255914936257863,0.5076801445674272,0.11139196590092434,0.2095219450348659,5
0.5999999999999999,0.36999999999999994,0.4338155016030165,0.06405693950177936,0.48791506663654843,0.11324612682517629,0.21000233335925955,5
0.5999999999999999,0.38999999999999996,0.4391977295609228,0.06566571337782015,0.46679466907612377,0.11513496949605817,0.21010411159461548,5
0.5999999999999999,0.4099999999999999,0.4443024103006845,0.06728383442564041,0.4440930652812288,0.11686208075134115,0.2094720579617495,5
0.5999999999999999,0.42999999999999994,0.44935159705536165,0.0694058856191005,0.423537384233115,0.11926722218688379,0.20962368356326724,5
0.5999999999999999,0.44999999999999996,0.4536874208199689,0.07113919948144547,0.3966568782471199,0.1206416818384803,0.20711454991507836,5
0.5999999999999999,0.4699999999999999,0.45783411774692345,0.07273254775932869,0.36808222272419244,0.12146397823413216,0.2031187674511368,5
0.5999999999999999,0.48999999999999994,0.46165245489054385,0.07486498538373879,0.3413146600406596,0.12279561154002439,0.19938771739991026,5
0.5999999999999999,0.5099999999999999,0.4653373097084872,0.07743214564950296,0.3131917777275808,0.12416603232884073,0.19465659572078395,5
0.5999999999999999,0.5299999999999999,0.46915975183347364,0.08073780954812357,0.2857465552292749,0.12590196566310027,0.18950743048897412,5
0.5999999999999999,0.5499999999999999,0.47289746030851615,0.0846422988163478,0.2568330697989609,0.12732362821948487,0.18255675797180565,5
0.5999999999999999,0.57,0.4760881167166464,0.08885742101070891,0.2267901513440253,0.12768663360040697,0.17306167476815942,5
0.5999999999999999,0.59,0.47832257519037463,0.09336676295852182,0.19347187711768693,0.12595125179221353,0.15931030634451204,5
0.5999999999999999,0.6099999999999999,0.47952269025466726,0.09824634078983706,0.16071831940365935,0.12194703916359585,0.14258517034068136,5
0.5999999999999999,0.6299999999999999,0.47916374481580926,0.10270563749886888,0.12819064829455612,0.11404169806581262,0.12212968343125225,5
0.5999999999999999,0.6499999999999999,0.477000185017818,0.10673396528376215,0.09792184323469619,0.10213818695882665,0.0995659064287191,5
0.5999999999999999,0.6699999999999999,0.47314170029433567,0.10922159887798036,0.07036367743392817,0.08558867976370381,0.07575389105058367,5
0.5999999999999999,0.69,0.4681544931895529,0.11108213820078226,0.04811384684888186,0.06714477106154937,0.05426613334692109,5
0.5999999999999999,0.7099999999999999,0.46224198334636774,0.10632299637535239,0.029817031850011295,0.04657316750463086,0.034829415024143114,5
0.5999999999999999,0.7299999999999999,0.4572809370243854,0.10465116279069768,0.01728032527671109,0.029662659945715392,0.02074407505830034,5
0.5999999999999999,0.7499999999999999,0.45353174987146727,0.10349127182044887,0.009374294104359611,0.0171913835956918,0.01145839085537578,5
0.6499999999999999,0.01,0.3041152019937445,0.049447799827437446,0.6472780664106619,0.091876813569104,0.18937191043908114,5
0.6499999999999999,0.03,0.3058501676038263,0.049634947991997434,0.6472780664106619,0.09219977959571096,0.18992039979056063,5
0.6499999999999999,0.049999999999999996,0.3106369414802283,0.050074424306102795,0.6459227467811158,0.09294350906845218,0.19110983385240532,5
0.6499999999999999,0.06999999999999999,0.3174527990758766,0.05061284116012257,0.6417438445900158,0.09382585577701084,0.192375406283857,5
0.6499999999999999,0.08999999999999998,0.32595586068358884,0.05144451231185786,0.6373390557939914,0.0952043527774263,0.19444272157787015,5
0.6499999999999999,0.10999999999999997,0.33520484456391636,0.052178066667291065,0.6292071380167156,0.09636491009574219,0.19590674121742802,5
0.6499999999999999,0.12999999999999998,0.34469349742215666,0.05314652926532739,0.6220917099615992,0.0979269636951961,0.1980525551224704,5
0.6499999999999999,0.15,0.3541407150467229,0.05423715304760197,0.6148633386040208,0.0996814003735306,0.20045658737756833,5
0.6499999999999999,0.16999999999999998,0.3631878869949414,0.055091079657330184,0.6035690083578044,0.10096639806531453,0.20178373194179086,5
0.6499999999999999,0.18999999999999997,0.372514161072333,0.05623568692078848,0.5935170544386718,0.10273704789833822,0.20390029644115412,5
0.6499999999999999,0.20999999999999996,0.3811510165941207,0.05746091056693579,0.5835780438220014,0.10462055560055074,0.20612264436962455,5
0.6499999999999999,0.22999999999999998,0.3891046596219545,0.05855386538862263,0.5712672238536255,0.10622033684741064,0.20763887748567297,5
0.6499999999999999,0.24999999999999997,0.3963267353696831,0.05963308285187017,0.5583916873729388,0.10775819792722398,0.20891965213863745,5
0.6499999999999999,0.26999999999999996,0.40279993685312837,0.06018781118043739,0.5393042692568331,0.10829014956513851,0.20805918902667517,5
0.6499999999999999,0.29,0.4093620877221542,0.061286824985455124,0.5234922069121302,0.10972751592055112,0.20870105543748427,5
0.6499999999999999,0.30999999999999994,0.4158655983421166,0.06234431316884454,0.5059859950304947,0.11101061786824923,0.20880913539967377,5
0.6499999999999999,0.32999999999999996,0.422075092024673,0.06343585146870821,0.48757623672916195,0.11226546348186771,0.20861320782069992,5
0.6499999999999999,0.35,0.4281398468102429,0.06490474411654837,0.47097357126722383,0.11408716587781456,0.20920292181730613,5
0.6499999999999999,0.36999999999999994,0.4336427245191299,0.0664835073898148,0.45369324599051275,0.11597257307831108,0.20957459018959276,5
0.6499999999999999,0.38999999999999996,0.4392735429127222,0.06813031161473088,0.43460582787440705,0.1177947163804451,0.20936711064681815,5
0.6499999999999999,0.4099999999999999,0.4445476724825459,0.06981437410756783,0.41416309012875535,0.1194871210022972,0.20849205717469668,5
0.6499999999999999,0.42999999999999994,0.4497446287788666,0.0719526481287379,0.39541450192003613,0.12175062162021179,0.20821191107727807,5
0.6499999999999999,0.44999999999999996,0.45422646484517215,0.07370263175607458,0.3710187485882087,0.12297613476836687,0.20534586870366434,5
0.6499999999999999,0.4699999999999999,0.45856656402342066,0.07529057572242924,0.34459001581206233,0.12357980436235494,0.20088492079168807,5
0.6499999999999999,0.48999999999999994,0.4625648016395833,0.07740471373106579,0.3197424892703863,0.12463678788412433,0.19662453118488676,5
0.6499999999999999,0.5099999999999999,0.4663921182387682,0.07991639515583697,0.2936525864016264,0.12564028220740311,0.19131714495952906,5
0.6499999999999999,0.5299999999999999,0.4707210318444095,0.08373381976356685,0.26959566297718546,0.12778030566633655,0.18670900927678613,5
0.6499999999999999,0.5499999999999999,0.4744335697389503,0.08743726794238851,0.24203749717641743,0.12846566555765368,0.17880684188569043,5
0.6499999999999999,0.57,0.4779069047896998,0.09203702806184268,0.21447933137564942,0.12880252314579307,0.1694053417545362,5
0.6499999999999999,0.59,0.4802853164749718,0.09677611584530123,0.18341992319855432,0.12670177491710552,0.15556449604383393,5
0.6499999999999999,0.6099999999999999,0.48165766251977943,0.10217161815714071,0.15303817483623222,0.12253572074516188,0.13917991700562884,5
0.6499999999999999,0.6299999999999999,0.48123438522414924,0.10678267747676488,0.12197876665913711,0.11387600168705188,0.11860311882275422,5
0.6499999999999999,0.6499999999999999,0.4790274532823388,0.11079736452870781,0.09306528122882313,0.1011601497759499,0.09614262712062166,5
0.6499999999999999,0.6699999999999999,0.47518963680421256,0.1136232994826595,0.06697537836006325,0.08427485255453705,0.0729666543620032,5
0.6499999999999999,0.69,0.47015428348802346,0.11529680365296803,0.045629094194714254,0.06538274801747855,0.05190133607399795,5
0.6499999999999999,0.7099999999999999,0.4643132125926135,0.1105683836589698,0.028122882313078836,0.044840626688276604,0.033051927365402994,5
0.6499999999999999,0.7299999999999999,0.4593127994626764,0.1070615034168565,0.015925005647165123,0.027725887326713203,0.019192551656548606,5
0.6499999999999999,0.7499999999999999,0.45559682452272215,0.1020979020979021,0.008244861079737972,0.015257602675305675,0.01010212836622291,5
0.7,0.01,0.31055592456677283,0.053056552406880335,0.5810932911678337,0.09723508400582087,0.1943151947306402,5
0.7,0.03,0.3121317971858235,0.053251498183549476,0.5810932911678337,0.09756236311403134,0.19483765422280794,5
0.7,0.049999999999999996,0.3160477904394709,0.05365374363691478,0.5797379715382878,0.0982176171751672,0.19578899187550067,5
0.7,0.06999999999999999,0.3214488624779149,0.05415296488808741,0.5765755590693472,0.09900702067413987,0.19682155359869224,5
0.7,0.08999999999999998,0.32839053429312076,0.054891516175133166,0.5726225434831714,0.10017980991523247,0.19838785412427612,5
0.7,0.10999999999999997,0.33605439491408123,0.05552597128846879,0.5652812288231308,0.10111928236625181,0.19931662870159453,5
0.7,0.12999999999999998,0.34431801728011546,0.05641206924076904,0.5587305172803253,0.1024775241330737,0.20091787832020144,5
0.7,0.15,0.3527252296262747,0.05747963944482965,0.5524056923424441,0.10412475384533504,0.20293426937854234,5
0.7,0.16999999999999998,0.36081583475620604,0.05828366090830733,0.5422407951208493,0.10525392701722078,0.20379661937871957,5
0.7,0.18999999999999997,0.3695238531679026,0.05943035426731079,0.5335441608312627,0.10694799755495688,0.20556290468565067,5
0.7,0.20999999999999996,0.37767452808118157,0.060649941946173014,0.5250734131466004,0.10873963535149168,0.207416859256351,5
0.7,0.22999999999999998,0.3852464852873383,0.0617414534260879,0.5142308561102327,0.11024613484751263,0.20854899733416393,5
0.7,0.24999999999999997,0.3921740239464693,0.06274072715472848,0.5022588660492433,0.11154728907729547,0.20918199350863162,5
0.7,0.26999999999999996,0.3984793570243601,0.06318175796028323,0.4847526541676079,0.11179266783877059,0.20764995597356478,5
0.7,0.29,0.40488734104835,0.06431279474771137,0.4713124011746103,0.11318144833197721,0.20802177424178978,5
0.7,0.30999999999999994,0.4113545630396394,0.065231466494011,0.4551615089225209,0.11410935243650366,0.20731305815054119,5
0.7,0.32999999999999996,0.4174458710182758,0.06631652541650325,0.4392365032753558,0.11523475117412625,0.20673194484313037,5
0.7,0.35,0.423618064501542,0.06779813703763761,0.4250056471651231,0.11694143605202231,0.2069424432736832,5
0.7,0.36999999999999994,0.4292010015500949,0.06923503220011848,0.4091935848204202,0.11843159047447821,0.20645051000056988,5
0.7,0.38999999999999996,0.4349371323260098,0.07090001019264092,0.39281680596340635,0.12011949783280665,0.2058694699956198,5
0.7,0.4099999999999999,0.4402945854320499,0.07253410283315845,0.37474587756946015,0.12154291365984102,0.2044110399211434,5
0.7,0.42999999999999994,0.4455382488791009,0.07463178203378665,0.3582561554099842,0.12352986992756446,0.20354731897635972,5
0.7,0.44999999999999996,0.45015687178542313,0.07620974972462023,0.33600632482493786,0.12424046271742081,0.19979047184129586,5
0.7,0.4699999999999999,0.454598718494194,0.0777359338991625,0.3124011746103456,0.12449365379422091,0.19479421955548043,5
0.7,0.48999999999999994,0.4587704246347597,0.07992190647370541,0.29128077704992095,0.1254285922719646,0.19051488512964465,5
0.7,0.5099999999999999,0.4629488007267704,0.08282975619920817,0.2693697763722611,0.12669995750106247,0.18571873539947045,5
0.7,0.5299999999999999,0.4673610766367046,0.08666482497336123,0.24802349220691214,0.12844734302342584,0.18072586618385322,5
0.7,0.5499999999999999,0.4712641451942292,0.09055154120552455,0.22362773887508472,0.12890625,0.1728291609929821,5
0.7,0.57,0.47485931424324984,0.09520207477847417,0.19900609893833296,0.12879175498867043,0.1633780876789556,5
0.7,0.59,0.47732653597137115,0.09991415175328534,0.17088321662525413,0.12609909572029837,0.14962716825886588,5
0.7,0.6099999999999999,0.47863787256704665,0.10518407212622088,0.14230856110232662,0.12096193539096625,0.13292541407321448,5
0.7,0.6299999999999999,0.47803372871894495,0.10929799583835287,0.11271741585723967,0.11098137336669446,0.11201652187577164,5
0.7,0.6499999999999999,0.47560547967297095,0.11226457066587572,0.08549807996385814,0.09706994934923383,0.08977916933513602,5
0.7,0.6699999999999999,0.4717823880388399,0.11461864406779661,0.06110232663203072,0.07971121261234713,0.06739585409607335,5
0.7,0.69,0.4667699941700056,0.11509194673430564,0.04099841879376553,0.06045969353764157,0.047057298418459945,5
0.7,0.7099999999999999,0.46130062445856806,0.10962962962962963,0.025073413146600408,0.04081257468517327,0.029646644053310547,5
0.7,0.7299999999999999,0.4565238081649794,0.10350727117194183,0.013666139597921843,0.024144467724234262,0.016536832034987015,5
0.7,0.7499999999999999,0.45287088138588,0.0898876404494382,0.006324824937881184,0.011818085892159966,0.007769360970060213,5
0.7499999999999998,0.01,0.31597540588052325,0.0573208722741433,0.4987576236729162,0.10282441148392205,0.19634345877498752,5
0.7499999999999998,0.03,0.3172500218304654,0.05752396832013339,0.4987576236729162,0.1031510593071874,0.19681951080367968,5
0.7499999999999998,0.049999999999999996,0.3202353018173503,0.0579030350808041,0.4977411339507567,0.10373805376394708,0.19757724656133996,5
0.7499999999999998,0.06999999999999999,0.3241809793269722,0.058286124630974226,0.49503049469166477,0.10429258078332461,0.19812139512177482,5
0.7499999999999998,0.08999999999999998,0.3289320325919196,0.058813989945402455,0.49152925231533773,0.10505733252866627,0.19888129272840271,5
0.7499999999999998,0.10999999999999997,0.33477741030755537,0.05934787708186723,0.48576914388976733,0.1057731324930833,0.1993289274889468,5
0.7499999999999998,0.12999999999999998,0.3415355536821743,0.06018557809273247,0.4805737519765078,0.1069740547063556,0.2004919237800856,5
0.7499999999999998,0.15,0.34839411540654885,0.06129655733654978,0.47639484978540775,0.10861755958128935,0.20234291799787008,5
0.7499999999999998,0.16999999999999998,0.3551961483360222,0.06203024404851026,0.4679241021007454,0.10953942150071387,0.20267890339119032,5
0.7499999999999998,0.18999999999999997,0.36259164915214565,0.063072400990099,0.4604698441382426,0.1109478324761205,0.20373590789158075,5
0.7499999999999998,0.20999999999999996,0.36998456269585706,0.06428640015363442,0.45369324599051275,0.11261564339781328,0.20515413372556232,5
0.7499999999999998,0.22999999999999998,0.3770956550597003,0.06542381885188751,0.4451095550033883,0.11407977768772072,0.20600288539946057,5
0.7499999999999998,0.24999999999999997,0.3834907132494622,0.0664196467040069,0.43528348768918,0.11525291945154682,0.20622638884429745,5
0.7499999999999998,0.26999999999999996,0.3895807021709759,0.06685456797659013,0.4206008583690987,0.1153709125269142,0.20434816009833295,5
0.7499999999999998,0.29,0.3956964988598452,0.0680002999737523,0.4096453580302688,0.11663879598662208,0.20432881898280641,5
0.7499999999999998,0.30999999999999994,0.4017584309002325,0.068762278978389,0.395301558617574,0.11714696924055293,0.20274340794290746,5
0.7499999999999998,0.32999999999999996,0.40766858130716344,0.06987693070124722,0.38220013553196297,0.11815229915156594,0.20180334907685707,5
0.7499999999999998,0.35,0.41371048888688694,0.07137884523343341,0.3705669753783601,0.11970083910981394,0.20158020201027257,5
0.7499999999999998,0.36999999999999994,0.41904256487257835,0.07259065214394043,0.35678789247797604,0.12063698159321774,0.20010388425773434,5
0.7499999999999998,0.38999999999999996,0.4247080602765267,0.07422151666870191,0.3432346961825164,0.12205064358722063,0.19898901271591524,5
0.7499999999999998,0.4099999999999999,0.4301900967534098,0.07598641233342043,0.3284391235599729,0.12341906459553519,0.19732377927964603,5
0.7499999999999998,0.42999999999999994,0.43532111139401275,0.07792098627066406,0.3140953241472781,0.12486530172413793,0.19555311788034768,5
0.7499999999999998,0.44999999999999996,0.4398829163815386,0.07951543856453229,0.2957985091484075,0.12533799143356225,0.19157900896815064,5
0.7499999999999998,0.4699999999999999,0.4442771765648845,0.08090990483138243,0.27558165800768014,0.12509292250903592,0.18605218611318683,5
0.7499999999999998,0.48999999999999994,0.44837871714574473,0.08288740853991482,0.2571718997063474,0.12536820371644872,0.18103900647192583,5
0.7499999999999998,0.5099999999999999,0.4525484738669751,0.08553112066866835,0.2380844815902417,0.12585074626865672,0.1754853318237821,5
0.7499999999999998,0.5299999999999999,0.45690535020606227,0.08895311496467566,0.21899706347413597,0.1265170298838575,0.16945153284161218,5
0.7499999999999998,0.5499999999999999,0.46101983967769106,0.09292105681156351,0.19821549582109782,0.1265275224397102,0.1615932821391083,5
0.7499999999999998,0.57,0.4649637181888884,0.09810500155327742,0.17833747458775695,0.12657821956791857,0.15326823396944342,5
0.7499999999999998,0.59,0.46787533792712827,0.10354182366239638,0.15518409758301333,0.12420900379678178,0.1411083268290679,5
0.7499999999999998,0.6099999999999999,0.46951690028978477,0.1095657110417258,0.1307883442511859,0.11924007619832158,0.12591062302924869,5
0.7499999999999998,0.6299999999999999,0.46924920215853283,0.11460785528435138,0.1044725547775017,0.10930576070901034,0.1063536229217927,5
0.7499999999999998,0.6499999999999999,0.467312573919326,0.1191909060514878,0.08052857465552293,0.09611755190078188,0.08611527126914344,5
0.7499999999999998,0.6699999999999999,0.4634790579182468,0.12097537878787878,0.0577140275581658,0.07814650558189326,0.06445509586276489,5
0.7499999999999998,0.69,0.45826681472729675,0.11964601769911505,0.03817483623221143,0.0578816679510232,0.04419340498417928,5
0.7499999999999998,0.7099999999999999,0.4529709790978933,0.11288546255506608,0.023153377004743618,0.038425492033739454,0.02753008165019338,5
0.7499999999999998,0.7299999999999999,0.4482171540803219,0.10298363811357074,0.012084933363451547,0.02163145658546447,0.01467562748594157,5
0.7499999999999998,0.7499999999999999,0.44490455008423996,0.08775137111517367,0.0054212785181838715,0.010211679608552281,0.006673525567944831,5
0.7999999999999998,0.01,0.32022247677956606,0.0627128263337117,0.39936751750621186,0.10840307796069776,0.1925925925925926,5
0.7999999999999998,0.03,0.3209687784833302,0.06289129197495731,0.39936751750621186,0.10866959648421894,0.19292885202968135,5
0.7999999999999998,0.049999999999999996,0.32311113724810114,0.06331451106928386,0.39891574429636323,0.10928386887173379,0.19363822765101263,5
0.7999999999999998,0.06999999999999999,0.3255911312041717,0.06360379270411118,0.3969957081545064,0.10964159830312861,0.19381340979267755,5
0.7999999999999998,0.08999999999999998,0.3286341475338164,0.06402288102964633,0.3943980121978767,0.11016294146410713,0.19408841805711488,5
0.7999999999999998,0.10999999999999997,0.3326248475171761,0.06446438230960064,0.39033205330923876,0.11065396622108381,0.19409841958057664,5
0.7999999999999998,0.12999999999999998,0.33731006650735923,0.0651640046450532,0.3866049243279874,0.1115292507697571,0.1946102677809995,5
0.7999999999999998,0.15,0.3420551028751862,0.06611634607896581,0.3835554551615089,0.11279019562257132,0.19566720442498275,5
0.7999999999999998,0.16999999999999998,0.34692203612658407,0.06672391755871546,0.3773435735260899,0.11339646336082544,0.19540754257907542,5
0.7999999999999998,0.18999999999999997,0.35243807684649636,0.06766809140226862,0.371922295007906,0.11450328592788345,0.19582540437678397,5
0.7999999999999998,0.20999999999999996,0.35820572121147576,0.06887571458818548,0.3674045629094195,0.11600456458169887,0.19680323306633113,5
0.7999999999999998,0.22999999999999998,0.3642240612822529,0.0700498949579832,0.36153151118138693,0.11736021998166819,0.19731975539994084,5
0.7999999999999998,0.24999999999999997,0.3696148769106135,0.07101462398696065,0.35430313982380846,0.11831485253073848,0.19707249654479206,5
0.7999999999999998,0.26999999999999996,0.3746602819471852,0.07148224685327823,0.3437994126948272,0.11835607916326452,0.19512820512820508,5
0.7999999999999998,0.29,0.38028977615600956,0.07279974567774436,0.3362322114298622,0.11968560918246327,0.19506218139406886,5
0.7999999999999998,0.30999999999999994,0.38578913999678494,0.07361586830939114,0.3252767110910323,0.12006003001500751,0.19319005071238832,5
0.7999999999999998,0.32999999999999996,0.3913326091089204,0.07484251440825626,0.3153377004743619,0.12097315799735696,0.19196655711555122,5
0.7999999999999998,0.35,0.3967991242308382,0.07636036238816049,0.30652812288231307,0.12226326696098748,0.19123988838467826,5
0.7999999999999998,0.36999999999999994,0.40157384500644144,0.07733057117490381,0.2951208493336345,0.12254947941093706,0.18878420946160737,5
0.7999999999999998,0.38999999999999996,0.40683417811948447,0.07872880559124956,0.28371357578495593,0.12325507225043547,0.1865632844644475,5
0.7999999999999998,0.4099999999999999,0.41213501604318686,0.08069636114545393,0.27275807544612607,0.12454552487042624,0.18479408658922916,5
0.7999999999999998,0.42999999999999994,0.41681088618175993,0.08235587721487397,0.26089902868759884,0.12519307373384278,0.18199007326873082,5
0.7999999999999998,0.44999999999999996,0.4212029242126181,0.08376521171638067,0.24644228597244183,0.12503223218634502,0.1774993898966892,5
0.7999999999999998,0.4699999999999999,0.4254348207004781,0.08518533961556102,0.23074316693020103,0.12443280445838535,0.17197259213118063,5
0.7999999999999998,0.48999999999999994,0.4293555900929468,0.08694267515923566,0.2158346510051954,0.12395407666861256,0.16647501568053524,5
0.7999999999999998,0.5099999999999999,0.4333979149827522,0.0894063098477976,0.20036141856787892,0.12364092556453861,0.16051974374751168,5
0.7999999999999998,0.5299999999999999,0.437778300571991,0.09302194392734248,0.18624350576010842,0.1240735863962981,0.15514743239937528,5
0.7999999999999998,0.5499999999999999,0.44171150108886303,0.09691373966942149,0.16952789699570817,0.12332593870676198,0.14743438629577246,5
0.7999999999999998,0.57,0.4458024937916556,0.10245223409056717,0.15382877795346736,0.1229907892360484,0.1398070211455553,5
0.7999999999999998,0.59,0.44882119410833804,0.10798376184032477,0.1351931330472103,0.12006620191584332,0.12870690952882735,5
0.7999999999999998,0.6099999999999999,0.4509598941859449,0.115237881508079,0.11599277162864242,0.1156140943374986,0.11584100342898392,5
0.7999999999999998,0.6299999999999999,0.45087127767635016,0.12037171482503267,0.09362999774113395,0.10533002985833174,0.09798359454412219,5
0.7999999999999998,0.6499999999999999,0.4490339081265504,0.12415524232477312,0.07262254348317145,0.09164113161832822,0.07919694543663014,5
0.7999999999999998,0.6699999999999999,0.445268760522789,0.12395128552097429,0.05172803252767111,0.07299386405291258,0.0585513027025645,5
0.7999999999999998,0.69,0.4407104500321705,0.12192216044479746,0.034673593855884345,0.05399226169539219,0.040465018189487,5
0.7999999999999998,0.7099999999999999,0.435765442880732,0.11372064276885044,0.020781567653038176,0.03514132925897632,0.02484203704703786,5
0.7999999999999998,0.7299999999999999,0.431244479594264,0.09923664122137404,0.010277840524056923,0.018626547948009414,0.012523050670189632,5
0.7999999999999998,0.7499999999999999,0.4283493597458814,0.0794979079497908,0.004291845493562232,0.008144020574367767,0.005293363793391653,5
0.2,0.01,0.1929289972896191,0.031224771478423917,0.9479331375649424,0.06045806365636942,0.1379479239601721,6
0.2,0.03,0.19704589049037066,0.03150748236956105,0.9471425344477072,0.06098620792471628,0.13903672386636823,6
0.2,0.049999999999999996,0.20619997969868198,0.03201630701324178,0.9437542353738423,0.06193162025748019,0.14095436020620225,6
0.2,0.06999999999999999,0.21877618537036328,0.03283131104343847,0.9400271063925909,0.06344668816368224,0.14403441735542913,6
0.2,0.08999999999999998,0.2329070894880448,0.0337914977023582,0.9326857917325503,0.0652200525203862,0.14757127488857993,6
0.2,0.10999999999999997,0.24620989802833937,0.03469759213424851,0.921504404788796,0.06687704918032787,0.1507787494178783,6
0.2,0.12999999999999998,0.2577172155104059,0.035676187693928406,0.9103230178450418,0.06866148439995741,0.15420702005456555,6
0.2,0.15,0.2675779725977554,0.036612661072681886,0.8978992545742037,0.07035647279549719,0.15739208248532982,6
0.2,0.16999999999999998,0.27646027034821335,0.037505876032502855,0.8831036819516602,0.07195575351542369,0.16029767518143423,6
0.2,0.18999999999999997,0.28435726361222574,0.03848539105558501,0.869098712446352,0.07370689655172413,0.16347158844673312,6
0.2,0.20999999999999996,0.2909646579072648,0.03925078543321469,0.8494465778179354,0.07503441945846719,0.16563890234770734,6
0.2,0.22999999999999998,0.29732370096560895,0.0401576004621203,0.8322791958436865,0.07661835346960844,0.16830502745320164,6
0.2,0.24999999999999997,0.30267544254561574,0.04103808238369411,0.8138694375423537,0.078136266786665,0.17075101062040007,6
0.2,0.26999999999999996,0.30745499797241005,0.041800969367046296,0.7909419471425344,0.07940539498599662,0.1725318800875101,6
0.2,0.29,0.31219148340355773,0.042636848003706464,0.7691438897673368,0.08079489841316921,0.17449279224339823,6
0.2,0.30999999999999994,0.3167210562133261,0.04358144410091434,0.7466681725773662,0.08235594561094259,0.17666173193165483,6
0.2,0.32999999999999996,0.32072661697418786,0.04430736669149847,0.7187711768692117,0.0834694105071252,0.17771671441895795,6
0.2,0.35,0.3249750085304921,0.04516410537058676,0.6897447481364355,0.0847770559164862,0.17895026782470083,6
0.2,0.36999999999999994,0.32903613680876354,0.04616818296689411,0.6602665461938108,0.08630183498427789,0.18038755862749942,6
0.2,0.38999999999999996,0.3325290900382113,0.04710430602538342,0.6275129884797831,0.08763061393478175,0.1811341422861502,6
0.2,0.4099999999999999,0.3360739835048651,0.048062456423617485,0.5917099615992771,0.08890359585263623,0.1813806951945714,6
0.2,0.42999999999999994,0.339677613386205,0.04947373671871103,0.5600858369098712,0.0909165910403432,0.1827852356414623,6
0.2,0.44999999999999996,0.34296024661561036,0.05067057562298991,0.5231533770047436,0.09239238839909043,0.18260663880785305,6
0.2,0.4699999999999999,0.3459556092295912,0.05198587498634825,0.48384910774791057,0.09388457281861913,0.18179812091017883,6
0.2,0.48999999999999994,0.34897507985395443,0.05364704600846915,0.44499661170092614,0.0957507564066734,0.1809680412276431,6
0.2,0.5099999999999999,0.3520526096825334,0.05562792717347477,0.40512762593178225,0.0978237155012545,0.179533123786262,6
0.2,0.5299999999999999,0.3551475119109102,0.0582526007221249,0.36808222272419244,0.10058641975308642,0.17835642827433723,6
0.2,0.5499999999999999,0.3576805973905808,0.0607346115882983,0.3266320307205783,0.1024242531564874,0.1741476280514976,6
0.2,0.57,0.3599420255275059,0.06336393905761276,0.28371357578495593,0.10359190069693595,0.1673328004263256,6
0.2,0.59,0.36152011893785846,0.06581793461467153,0.24056923424440932,0.10335791925465838,0.15713063235858246,6
0.2,0.6099999999999999,0.3623401586130215,0.0682144659704158,0.19844138242602213,0.10152841582155962,0.1436091085936606,6
0.2,0.6299999999999999,0.36232373664389717,0.07040913415794481,0.15879828326180256,0.0975609756097561,0.1269296740994854,6
0.2,0.6499999999999999,0.36191285703760584,0.07417271456155536,0.1258188389428507,0.0933271897122272,0.11043917914146924,6
0.2,0.6699999999999999,0.3590661977094574,0.0743740795287187,0.09125818838942851,0.08195557358758494,0.08729472774416595,6
0.2,0.69,0.3551434670746532,0.07497644366671154,0.06290941947142535,0.06841491125713935,0.06500175049597386,6
0.2,0.7099999999999999,0.35142997908609375,0.07821457821457821,0.043144341540546645,0.05561217062163343,0.04739454094292805,6
0.2,0.7299999999999999,0.346447715229274,0.07820299500831947,0.02654167607860854,0.03963234674087191,0.030582233674292705,6
0.2,0.7499999999999999,0.3414538596450782,0.0736902705814623,0.01445674271515699,0.024171466339344725,0.01722606518989045,6
0.25,0.01,0.20973484278183507,0.03247098274905244,0.9317822453128529,0.06275506129077653,0.14249246085343487,6
0.25,0.03,0.21355221377308933,0.03274086075305965,0.9312175288005421,0.06325763388061992,0.1435200980358026,6
0.25,0.049999999999999996,0.22240062665606175,0.03325078301405783,0.9280551163316015,0.06420133137481639,0.14541406819613642,6
0.25,0.06999999999999999,0.23481336822167032,0.03407458603791339,0.9243279873503502,0.0657262290539808,0.14847874598595767,6
0.25,0.08999999999999998,0.2490289283738464,0.03505068296810513,0.9169866726903094,0.06752047902199676,0.15201159324775698,6
0.25,0.10999999999999997,0.2625401098290987,0.035987168270632836,0.9059182290490174,0.0692244292069958,0.1552645944073,6
0.25,0.12999999999999998,0.27428498422473124,0.03700487827649791,0.895301558617574,0.07107217946016703,0.15877435094199036,6
0.25,0.15,0.28434997015559393,0.03797308519783011,0.8831036819516602,0.07281514972318323,0.1620014503263234,6
0.25,0.16999999999999998,0.2935234528932719,0.03886714997826109,0.8683081093291167,0.07440384019820377,0.16482432745328404,6
0.25,0.18999999999999997,0.3016789602854049,0.039852495719741865,0.8544160831262706,0.07615299050226748,0.16793123809608373,6
0.25,0.20999999999999996,0.3085844641577323,0.04060266839506309,0.8348768918003162,0.07743922560774393,0.16995213198879863,6
0.25,0.22999999999999998,0.31525309781213423,0.04149665321841188,0.8178224531285295,0.07898554676847559,0.1724770379968749,6
0.25,0.24999999999999997,0.3208080536424089,0.042369178652014915,0.7995256381296589,0.08047381673705331,0.17479443936887332,6
0.25,0.26999999999999996,0.32577437627956235,0.04310334022685969,0.776824034334764,0.08167482069063792,0.1763716369380366,6
0.25,0.29,0.3307116027462886,0.043938647485794985,0.755477750169415,0.08304725958941951,0.17822979893525745,6
0.25,0.30999999999999994,0.3354597587234725,0.0448682965245204,0.7335667494917552,0.08456425646600829,0.18024343270079313,6
0.25,0.32999999999999996,0.3396036705796681,0.04557048740671642,0.7062344702959115,0.08561648524679948,0.18110778998100008,6
0.25,0.35,0.3440054971747586,0.04640498615815277,0.6777727580754461,0.08686275077439713,0.18214212002379593,6
0.25,0.36999999999999994,0.34826547430929944,0.04742182988202293,0.6491981025525186,0.08838725550498217,0.18349443898203363,6
0.25,0.38999999999999996,0.35189159484743465,0.048329735659435935,0.6170092613508019,0.08963819837558454,0.18399886832107348,6
0.25,0.4099999999999999,0.35559392002279266,0.04930406084086669,0.5821097808899932,0.09090828916385187,0.1841358761280734,6
0.25,0.42999999999999994,0.3593141902848121,0.05071793218893937,0.550937429410436,0.09288509325640514,0.18534138835062125,6
0.25,0.44999999999999996,0.36268500584416546,0.05190070970461251,0.5145696860176192,0.09429100655028612,0.1849040982475507,6
0.25,0.4699999999999999,0.36575002618027436,0.05318342597271349,0.47549130336571044,0.09566659849569387,0.1837208490434297,6
0.25,0.48999999999999994,0.3688311855148278,0.05485100534198631,0.43720352383103683,0.09747315144724086,0.18261329005840224,6
0.25,0.5099999999999999,0.3720492308926377,0.05698327629624847,0.3986898576914389,0.09971469732493432,0.18127850129411277,6
0.25,0.5299999999999999,0.37520375223542074,0.05965232281119714,0.3619832843912356,0.10242561758972228,0.1797653235214933,6
0.25,0.5499999999999999,0.3777982242991944,0.06223077427678044,0.3214366388073187,0.10427391137083922,0.17535644308617482,6
0.25,0.57,0.3800485658453468,0.06487466498502285,0.2788570137790829,0.10526091405184175,0.16801861883115113,6
0.25,0.59,0.3815744446372258,0.06726991691891544,0.23593855884346057,0.10469078881427282,0.1571385587483075,6
0.25,0.6099999999999999,0.3824013247814471,0.06977685983882072,0.19460131014230855,0.10272155483351715,0.14332296328336852,6
0.25,0.6299999999999999,0.38230817860395944,0.07200083782793108,0.1552970408854755,0.09838646202282567,0.1261167061068002,6
0.25,0.6499999999999999,0.381777055759759,0.07578506629448709,0.12265642647391009,0.09368530020703934,0.10915450488481486,6
0.25,0.6699999999999999,0.37877146312417653,0.07592484989347278,0.08854754913033656,0.08175182481751825,0.08569804555987932,6
0.25,0.69,0.37467981779866993,0.07650662487533837,0.06065055342218206,0.06766206766206766,0.06327324142806645,6
0.25,0.7099999999999999,0.37077136877574907,0.07956284153005465,0.04111136209622769,0.05421103581800581,0.04551023980395589,6
0.25,0.7299999999999999,0.36565692025672886,0.07910823444804027,0.024847526541676077,0.03781693167168027,0.02879807314710579,6
0.25,0.7499999999999999,0.36096134041153727,0.07653383934218849,0.013666139597921843,0.023191183517010064,0.01635267724410087,6
0.3,0.01,0.22519415342918392,0.033834759696546986,0.9122430539868985,0.06524944157884745,0.14731792729859375,6
0.3,0.03,0.2286106251472427,0.034099401698214384,0.9121301106844364,0.06574111383811373,0.14831792487135126,6
0.3,0.049999999999999996,0.23725588880029033,0.034621107221796975,0.9093065281228823,0.06670256835128417,0.15022652465648118,6
0.3,0.06999999999999999,0.2495437378330043,0.035461588806537776,0.905692342444093,0.06825087452018418,0.1532988208665331,6
0.3,0.08999999999999998,0.2636745493346639,0.03646215343992959,0.8983510277840524,0.07007991259834888,0.156846505758006,6
0.3,0.10999999999999997,0.27723904040530756,0.037426633127524964,0.8872825841427603,0.07182365902047011,0.16011739768465677,6
0.3,0.12999999999999998,0.2891270290973907,0.03848365287388227,0.8768918003162413,0.07373149352807666,0.16368420164949155,6
0.3,0.15,0.2993819099435874,0.039494039024792704,0.865032753557714,0.07553924904577329,0.1669762452909167,6
0.3,0.16999999999999998,0.3086606073495025,0.040414991654009025,0.8504630675400948,0.07716310312495196,0.16979881208480468,6
0.3,0.18999999999999997,0.3170069202302154,0.041410194052630696,0.8365710413372487,0.07891414477714505,0.17283057610192032,6
0.3,0.20999999999999996,0.32413805805499046,0.042157759509674264,0.8172577366162187,0.08017950635751683,0.174734493400368,6
0.3,0.22999999999999998,0.3310476810369523,0.04306034037537291,0.8004291845493562,0.08172419956526,0.1771758858794294,6
0.3,0.24999999999999997,0.33681211896072294,0.04392935282366744,0.78235825615541,0.08318772179489489,0.1793620954837106,6
0.3,0.26999999999999996,0.34195641951314437,0.04463331939993498,0.7597695956629772,0.08431356574816226,0.180704120172135,6
0.3,0.29,0.3470972230583383,0.04547318381785707,0.738988028009939,0.08567444235666913,0.18245651216097888,6
0.3,0.30999999999999994,0.35205160796439045,0.04637541445744417,0.7171899706347413,0.0871175744272191,0.18422671200287802,6
0.3,0.32999999999999996,0.35634989700316183,0.04705012932627171,0.6903094646487463,0.08809582150218366,0.18485361722719573,6
0.3,0.35,0.3609168147951726,0.047864698968264334,0.6622995256381297,0.08927728636024543,0.18565422217719466,6
0.3,0.36999999999999994,0.3653554969221091,0.04887980162700657,0.6345154732324373,0.09076735412678025,0.1868294856701984,6
0.3,0.38999999999999996,0.3691323699060047,0.049784639480897244,0.6031172351479557,0.09197698852871267,0.1871346668722578,6
0.3,0.4099999999999999,0.3729670601693882,0.05074230002215821,0.5690083578043822,0.09317551322359904,0.18700538967498623,6
0.3,0.42999999999999994,0.37683380463162747,0.05216116574954326,0.538513666139598,0.095109861065398,0.18797555686970233,6
0.3,0.44999999999999996,0.3803638667798808,0.05340986710445901,0.503388299073865,0.09657324247315906,0.18748159676944434,6
0.3,0.4699999999999999,0.3835750172595615,0.054751750435117645,0.46543934944657783,0.09797791276851202,0.18616228327746806,6
0.3,0.48999999999999994,0.3867532878588953,0.05645978656173612,0.4278292297266772,0.09975508914228531,0.18476606703867016,6
0.3,0.5099999999999999,0.3900902983265402,0.05869771863117871,0.3905579399141631,0.10205707877106514,0.18329658213891953,6
0.3,0.5299999999999999,0.3933231208002536,0.061409001956947165,0.3544160831262706,0.10468025486206091,0.18135373803689492,6
0.3,0.5499999999999999,0.3959869769641405,0.06411876910348631,0.31511181386943754,0.10655565527908797,0.17674112176766463,6
0.3,0.57,0.39831503812268926,0.06687660561862932,0.27343573526089904,0.10746864942847631,0.16902411438624906,6
0.3,0.59,0.3998917757086597,0.06938471436795232,0.23142082674497402,0.10676045330207112,0.15774400665157745,6
0.3,0.6099999999999999,0.400724645560445,0.07199761428023686,0.19087418116105714,0.10455656262566894,0.14349029530132962,6
0.3,0.6299999999999999,0.4006401241253476,0.07439656122561446,0.1524734583239214,0.1,0.12602217990366305,6
0.3,0.6499999999999999,0.39994186811677573,0.07811007421559263,0.12005873051728033,0.09464452655477897,0.10841407445181031,6
0.3,0.6699999999999999,0.3967036898730219,0.07807223984446945,0.08617573977863113,0.08192408868846299,0.08442320033636504,6
0.3,0.69,0.392558452383258,0.07895531400966184,0.05906934718771177,0.06757979067062928,0.06220266412940057,6
0.3,0.7099999999999999,0.38842984490349397,0.08181818181818182,0.03964309916421956,0.05340839926962873,0.04419986903742507,6
0.3,0.7299999999999999,0.38329342388060644,0.08159319412219644,0.023831036819516604,0.03688811188811189,0.027761696752802486,6
0.3,0.7499999999999999,0.3784990548847633,0.0773972602739726,0.012762593178224532,0.021911964320341284,0.015321618396789239,6
0.35,0.01,0.23985549249994964,0.03536201610761217,0.8871696408402981,0.06801307444206334,0.15249643754343867,6
0.35,0.03,0.24292876782258835,0.0356066135635175,0.887056697537836,0.06846502870143965,0.15340263210322155,6
0.35,0.049999999999999996,0.25105141155864413,0.03612384792095285,0.8844590015812063,0.06941268237338014,0.15525499805708215,6
0.35,0.06999999999999999,0.26291510163804654,0.03696927758239883,0.8809577592048792,0.07096069868995633,0.15827793605571386,6
0.35,0.08999999999999998,0.2769052217267478,0.03798220458830924,0.8736164445448384,0.07279931482997808,0.16177676270789412,6
0.35,0.10999999999999997,0.29047508686241047,0.038966008050322166,0.8626609442060086,0.07456399392788633,0.16501536081716953,6
0.35,0.12999999999999998,0.3025457027172342,0.0400734689110782,0.852608990286876,0.07654905619242217,0.16865881722111756,6
0.35,0.15,0.3128362161282997,0.04110405741098537,0.8409758301332732,0.07837729732005642,0.17191064155961694,6
0.35,0.16999999999999998,0.322245405524437,0.042046786313394764,0.8266320307205782,0.08002317927859962,0.17469114586316853,6
0.35,0.18999999999999997,0.3307639658065407,0.04306177153387741,0.8128529478201942,0.08179059697930517,0.1776615913265004,6
0.35,0.20999999999999996,0.3380623377091525,0.043800215666352935,0.7936525864016264,0.08301877876033009,0.17939841408432006,6
0.35,0.22999999999999998,0.3451880126242575,0.04470134123518403,0.7769369776372261,0.08453871772498801,0.18169188184084858,6
0.35,0.24999999999999997,0.35119211741189993,0.04557473524346753,0.7592048791506664,0.08598766853429529,0.1837515718112733,6
0.35,0.26999999999999996,0.35654124109958585,0.046271090316177516,0.7371809351705444,0.0870765905785984,0.1849259956028015,6
0.35,0.29,0.36181240832943534,0.047090343696424994,0.7166252541224305,0.0883735506110937,0.18644545919356828,6
0.35,0.30999999999999994,0.3669983361601268,0.047992454653872835,0.6953919132595437,0.0897881803930147,0.18804938090613108,6
0.35,0.32999999999999996,0.37149868438066774,0.048713590040485165,0.6699796702055568,0.09082348978388848,0.18869004828582153,6
0.35,0.35,0.37627810795636124,0.04953657369131021,0.6428732776146374,0.09198522935705686,0.1893281710472921,6
0.35,0.36999999999999994,0.380966131107249,0.05059065704801291,0.6162186582335667,0.09350471293916024,0.1904203487316944,6
0.35,0.38999999999999996,0.384951189963785,0.05151761948273807,0.5858369098712446,0.09470685971991455,0.1905584129316679,6
0.35,0.4099999999999999,0.388979354306677,0.05250230602569878,0.5528574655522928,0.0958976569234386,0.19024485036921884,6
0.35,0.42999999999999994,0.3929512774788102,0.05396211468114355,0.5231533770047436,0.09783297427448992,0.1910040081151962,6
0.35,0.44999999999999996,0.39667589316110097,0.05530823883566973,0.48972215947594305,0.09939141098669356,0.19048790559953607,6
0.35,0.4699999999999999,0.40011229461999304,0.05676596586972812,0.4534673593855884,0.10090094618197354,0.18912807951387253,6
0.35,0.48999999999999994,0.4034531243660013,0.058561627556921715,0.4174384459001581,0.10271374379924132,0.18755899278385046,6
0.35,0.5099999999999999,0.4069674392753089,0.06097429055637688,0.38197424892703863,0.10516169154228856,0.18606544750335602,6
0.35,0.5299999999999999,0.4103404531833261,0.06388594467651766,0.3471877117686921,0.10791455301820224,0.1839991380651958,6
0.35,0.5499999999999999,0.41310032652270084,0.06669106881405563,0.3086740456290942,0.1096841513825902,0.1788706214985078,6
0.35,0.57,0.41551777879303864,0.06960985626283367,0.2680144567427152,0.11051602086438152,0.17070468736511954,6
0.35,0.59,0.41716349300962885,0.07232036843809592,0.22701603794894962,0.10969520015280923,0.15899634545713426,6
0.35,0.6099999999999999,0.41799178951680815,0.07509970993473532,0.18714705217980573,0.10718675205381978,0.14413709116214338,6
0.35,0.6299999999999999,0.4177644857651284,0.07744166959784266,0.14919810255251864,0.10196048163013276,0.12587186034988757,6
0.35,0.6499999999999999,0.4169571566143899,0.08125439899898335,0.11734809125818839,0.0960214407836976,0.10777337510113479,6
0.35,0.6699999999999999,0.4136222117748954,0.08141186755545841,0.08414276033431217,0.08275479033601778,0.08358202257275564,6
0.35,0.69,0.40928681368670045,0.0822426886411375,0.05748814095324147,0.067672671674533,0.06117053238793414,6
0.35,0.7099999999999999,0.404919245827835,0.08469055374592833,0.03817483623221143,0.0526274815103153,0.042885781713908694,6
0.35,0.7299999999999999,0.39991914914987814,0.08506224066390042,0.023153377004743618,0.03639914772727273,0.027097763443134353,6
0.35,0.7499999999999999,0.3950611603127796,0.08011869436201781,0.012197876665913711,0.021172319153107234,0.01468828201501469,6
0.39999999999999997,0.01,0.2536286976563858,0.037049516554351014,0.8569008357804382,0.07102801988447532,0.1579335209578844,6
0.39999999999999997,0.03,0.25632223707357166,0.03726958298942735,0.856787892477976,0.07143193438732945,0.15872949447606294,6
0.39999999999999997,0.049999999999999996,0.26403763711774114,0.03778457050955478,0.8544160831262706,0.07236879866837584,0.16052709756822134,6
0.39999999999999997,0.06999999999999999,0.27552296442322394,0.03862955822634234,0.8509148407499435,0.07390404441697812,0.1634642088453794,6
0.39999999999999997,0.08999999999999998,0.28927470965827357,0.03965819224032695,0.8439123559972893,0.07575634682455998,0.16691537176199372,6
0.39999999999999997,0.10999999999999997,0.30278035748120274,0.04067204478829156,0.8336345154732324,0.07756002732096884,0.17015380926912932,6
0.39999999999999997,0.12999999999999998,0.31493446806222697,0.04181118748817557,0.823695504856562,0.07958271724837818,0.17377277297789298,6
0.39999999999999997,0.15,0.3252485740601122,0.0428573982799826,0.8121752880054213,0.08141845417027564,0.1769395438104377,6
0.39999999999999997,0.16999999999999998,0.33484148119344437,0.043842346198221,0.7982832618025751,0.08311969329915093,0.1797284239434471,6
0.39999999999999997,0.18999999999999997,0.3435399996863351,0.04489034124667407,0.7850688954145019,0.08492467837114687,0.18267108167770418,6
0.39999999999999997,0.20999999999999996,0.3509985247287713,0.04563921811308571,0.7663203072057827,0.0861477907567293,0.18429286948207865,6
0.39999999999999997,0.22999999999999998,0.35830703448742746,0.04655368182009336,0.7501694149536933,0.08766696584129666,0.18647874670110617,6
0.39999999999999997,0.24999999999999997,0.36445427253562185,0.04743033874635334,0.7326632030720578,0.08909306908936089,0.1883729709324273,6
0.39999999999999997,0.26999999999999996,0.3700071190932049,0.04812748394986243,0.7112039756042466,0.09015419416725128,0.18937662400153982,6
0.39999999999999997,0.29,0.3754949373396493,0.04896385696347306,0.691438897673368,0.09145161892669082,0.19077950974465085,6
0.39999999999999997,0.30999999999999994,0.38087652657372617,0.04989456528131327,0.6707702733227919,0.09288032216444461,0.19226660278283167,6
0.39999999999999997,0.32999999999999996,0.3854801690108844,0.05060703666997027,0.6459227467811158,0.09386026817219478,0.19265752169460465,6
0.39999999999999997,0.35,0.39045178512328055,0.05144790992865915,0.619832843912356,0.09500973815191517,0.19312111593601106,6
0.39999999999999997,0.36999999999999994,0.3953369527510069,0.052522791496500146,0.5940817709509826,0.0965128760286603,0.1940057390290861,6
0.39999999999999997,0.38999999999999996,0.39950614050715494,0.0534941150059331,0.5651682855206687,0.09773723839565612,0.19401515210260628,6
0.39999999999999997,0.4099999999999999,0.40377222932477047,0.05464827745397888,0.5347865371583466,0.09916334202452382,0.19396039685075495,6
0.39999999999999997,0.42999999999999994,0.40796593124078867,0.05625101813215042,0.5070024847526542,0.10126667945001523,0.19480294048724603,6
0.39999999999999997,0.44999999999999996,0.4118646367211647,0.057708399061741265,0.4751524734583239,0.10291725276741484,0.19419850992918933,6
0.39999999999999997,0.4699999999999999,0.41551540001058423,0.05925610793727969,0.4404788796024396,0.10445962233828847,0.1926268373636795,6
0.39999999999999997,0.48999999999999994,0.4190156623511947,0.061141096146970185,0.4055793991416309,0.10626303875005548,0.19070834528247776,6
0.39999999999999997,0.5099999999999999,0.4227311992392681,0.06370450715683046,0.3714705217980574,0.10875783277945869,0.18892526853926128,6
0.39999999999999997,0.5299999999999999,0.4262180426069367,0.0667485758963476,0.337474587756946,0.11145302970961786,0.1863284319227747,6
0.39999999999999997,0.5499999999999999,0.4291213354614701,0.06980775291522219,0.3002032979444319,0.11327509056040912,0.18083600936156313,6
0.39999999999999997,0.57,0.4316751497762355,0.07304650427080038,0.26078608538513665,0.11412613681296956,0.17224659087518276,6
0.39999999999999997,0.59,0.4334002323710903,0.07608864696734059,0.22103004291845493,0.11320645571816973,0.1600529965977493,6
0.39999999999999997,0.6099999999999999,0.4342290410142404,0.07914375490966222,0.18206460356900836,0.11032783519266307,0.14448587408575936,6
0.39999999999999997,0.6299999999999999,0.4340616282729434,0.08207577204711876,0.14558391687372937,0.10497170080214993,0.1260734336182782,6
0.39999999999999997,0.6499999999999999,0.43330266638653386,0.08665304732720464,0.11497628190648294,0.09882535676147947,0.10792129590365532,6
0.39999999999999997,0.6699999999999999,0.4298017753995103,0.08713791870306353,0.08256155409984188,0.08478802992518704,0.08343796370277365,6
0.39999999999999997,0.69,0.42531199067610764,0.0884065643197459,0.05658459453354416,0.06900351215481028,0.06097412555071441,6
0.39999999999999997,0.7099999999999999,0.42070510329300076,0.0912348401323043,0.03738423311497628,0.05303637237622176,0.04238807499231636,6
0.39999999999999997,0.7299999999999999,0.41546618092485765,0.0912442396313364,0.022362773887508472,0.035921625544267054,0.02633959452987815,6
0.39999999999999997,0.7499999999999999,0.4106484507901705,0.08602150537634409,0.011746103456065055,0.020669780383583424,0.014197952218430033,6
0.44999999999999996,0.01,0.2665286642724069,0.03915129270098844,0.8240343347639485,0.074751034793656,0.16449474680975784,6
0.44999999999999996,0.03,0.2687655304426612,0.03934735706580367,0.8239213914614864,0.07510784848703245,0.16518277661039055,6
0.44999999999999996,0.049999999999999996,0.27577666376219756,0.03983221623516012,0.8215495821097809,0.07598057136888285,0.16681037645850152,6
0.44999999999999996,0.06999999999999999,0.2866536405509886,0.04066451076826338,0.8180483397334538,0.07747767021447291,0.1695998726186239,6
0.44999999999999996,0.08999999999999998,0.2998588940191172,0.041710931921489405,0.8114976281906483,0.07934360695926808,0.17298830372749469,6
0.44999999999999996,0.10999999999999997,0.3131796009550552,0.04275800583118479,0.80167156087644,0.08118587653982089,0.1761989871909443,6
0.44999999999999996,0.12999999999999998,0.3253307917919825,0.04395824718368983,0.7924102100745426,0.08329573786061974,0.17987714206602332,6
0.44999999999999996,0.15,0.33580850116891975,0.045054079220686195,0.7814547097357126,0.08519624442050178,0.18305491912142105,6
0.44999999999999996,0.16999999999999998,0.3455572377614424,0.04605878287735274,0.7677885701377908,0.08690427490284312,0.18572755587126388,6
0.44999999999999996,0.18999999999999997,0.35440061829893765,0.04715072298245243,0.7553648068669528,0.08876089105954332,0.18865050575711248,6
0.44999999999999996,0.20999999999999996,0.3619785533294459,0.04790564195908901,0.7371809351705444,0.08996492098607177,0.19011085673674583,6
0.44999999999999996,0.22999999999999998,0.36942401038337924,0.04884668608607231,0.7215947594307658,0.09149952381293366,0.1921931497536294,6
0.44999999999999996,0.24999999999999997,0.3758028256822333,0.049766396122016165,0.7049920939688277,0.09296991361334525,0.19404135735690925,6
0.44999999999999996,0.26999999999999996,0.3815992222511007,0.05048207128155129,0.6842105263157895,0.09402671178127692,0.1948925163590037,6
0.44999999999999996,0.29,0.3873235556203298,0.0514110354567884,0.666026654619381,0.0954539200530929,0.19641084739440043,6
0.44999999999999996,0.30999999999999994,0.39291389217473016,0.05243733802210684,0.646713349898351,0.09700891987361394,0.197976668764219,6
0.44999999999999996,0.32999999999999996,0.39774592423323757,0.053213858559358,0.6231081996837587,0.09805385230605172,0.19832197394530235,6
0.44999999999999996,0.35,0.40286462073058926,0.05404107980021858,0.5975830133273097,0.09911859199520424,0.19842787816055746,6
0.44999999999999996,0.36999999999999994,0.4079302710665151,0.05516041326808048,0.5728484300880958,0.100630927344153,0.19911122277530896,6
0.44999999999999996,0.38999999999999996,0.41223948775814656,0.05618160651920838,0.5450643776824035,0.10186377356101062,0.19890204095090508,6
0.44999999999999996,0.4099999999999999,0.41673879520754825,0.057449748743718596,0.516489722159476,0.10339837655730662,0.19879842804479378,6
0.44999999999999996,0.42999999999999994,0.4211533241707616,0.05919635798598806,0.4905127625931782,0.10564339576745317,0.19961942233090035,6
0.44999999999999996,0.44999999999999996,0.42532960630802735,0.06082441928120664,0.4604698441382426,0.10745489767141521,0.19898482112352972,6
0.44999999999999996,0.4699999999999999,0.42925582037130067,0.06248553958023467,0.4270386266094421,0.10901908771120467,0.19707899839459583,6
0.44999999999999996,0.48999999999999994,0.432984899391127,0.06456570444572,0.39383329568556585,0.11094319212230158,0.19497221072878343,6
0.44999999999999996,0.5099999999999999,0.4369751658066561,0.0674069703738042,0.3613056245764626,0.11361699104986504,0.19300383715037286,6
0.44999999999999996,0.5299999999999999,0.4406566864292903,0.07072696328713834,0.32855206686243504,0.1163972471190781,0.19001646069030384,6
0.44999999999999996,0.5499999999999999,0.4437195406287653,0.07399679890248086,0.2924102100745426,0.1181059258245518,0.18386739389807397,6
0.44999999999999996,0.57,0.44632535974302495,0.07747474399200083,0.2537836006324825,0.11870988192408273,0.17440506682810972,6
0.44999999999999996,0.59,0.44830640299670993,0.08122344944774851,0.21594759430765756,0.1180465518305859,0.16215482732885542,6
0.44999999999999996,0.6099999999999999,0.4491962056092087,0.08489804702211223,0.17822453128529478,0.1150103859188805,0.14610299427809567,6
0.44999999999999996,0.6299999999999999,0.4490505915824315,0.08857743517869657,0.14276033431217527,0.10932364642795364,0.12719880851748983,6
0.44999999999999996,0.6499999999999999,0.44826766087916714,0.09411985722337028,0.11316918906708832,0.10276923076923077,0.10876644522599975,6
0.44999999999999996,0.6699999999999999,0.4444566152073477,0.09513714058566318,0.08109329116783374,0.0875556368514115,0.08356027279286828,6
0.44999999999999996,0.69,0.43992136073479204,0.09775767112509835,0.05613282132369551,0.0713158272348974,0.06135802469135803,6
0.44999999999999996,0.7099999999999999,0.4350142470841594,0.101140918902251,0.03704540320758979,0.05422832107134,0.042422204402597065,6
0.44999999999999996,0.7299999999999999,0.42959283538583204,0.10218978102189781,0.02213688728258414,0.0363906424062384,0.026249531258370387,6
0.44999999999999996,0.7499999999999999,0.42469714022181443,0.09726156751652502,0.01163316015360289,0.020780792898214467,0.014119259766963673,6
0.49999999999999994,0.01,0.27781981437490316,0.04148277854211708,0.7866501016489722,0.07880965177788464,0.1712842507021056,6
0.49999999999999994,0.03,0.2796825701023469,0.041654952955743105,0.7865371583465101,0.07911973051119935,0.1718665936159606,6
0.49999999999999994,0.049999999999999996,0.2860774253376982,0.04210481631068903,0.7841653489948046,0.0799185045351996,0.17330291442435375,6
0.49999999999999994,0.06999999999999999,0.29603755262676956,0.04291496467725314,0.7807770499209397,0.08135812639755208,0.17590151754180616,6
0.49999999999999994,0.08999999999999998,0.30857792027457415,0.043969502850290804,0.7744522249830585,0.08321450459032906,0.1791602435137042,6
0.49999999999999994,0.10999999999999997,0.32155951263811117,0.04503935542200713,0.765190874181161,0.0850713846231118,0.18228045630650022,6
0.49999999999999994,0.12999999999999998,0.33360405930530024,0.04625950928299488,0.756155409984188,0.08718526380216303,0.18582459490515868,6
0.49999999999999994,0.15,0.3440148731330892,0.04737605144546838,0.7455387395527445,0.0890907373166156,0.1888719756449287,6
0.49999999999999994,0.16999999999999998,0.3536732062752081,0.04840768134221977,0.7325502597695956,0.0908142620116073,0.1914369875385914,6
0.49999999999999994,0.18999999999999997,0.3625959344210344,0.04954622735988945,0.7208041563135306,0.09271917653981099,0.19430659156644847,6
0.49999999999999994,0.20999999999999996,0.3703656435572704,0.05030623293094811,0.703185001129433,0.09389515593895156,0.1955672266267952,6
0.49999999999999994,0.22999999999999998,0.3780408572125286,0.05135389845340873,0.6892929749265868,0.09558639268262123,0.19781794137094996,6
0.49999999999999994,0.24999999999999997,0.3845746771389998,0.052335678074622416,0.6739326857917326,0.09712862584236742,0.19965870307167236,6
0.49999999999999994,0.26999999999999996,0.3905028137953494,0.05304196444933113,0.6538287779534674,0.0981236334050884,0.20023381941946375,6
0.49999999999999994,0.29,0.39642544295943,0.05404705995111899,0.6368872825841427,0.09963865746671496,0.20175168692889495,6
0.49999999999999994,0.30999999999999994,0.4021842940036411,0.05512492701685156,0.61847752428281,0.10122744750073942,0.2031850631521142,6
0.49999999999999994,0.32999999999999996,0.40711106556341714,0.055895881467664325,0.5956629771854529,0.1022013797380048,0.20320567157278258,6
0.49999999999999994,0.35,0.41234731315747747,0.05673846430134803,0.570928393946239,0.10321908787405433,0.2029973736838301,6
0.49999999999999994,0.36999999999999994,0.41753214518179654,0.05787108954902851,0.5469844138242602,0.10466825156689,0.20331312656378567,6
0.49999999999999994,0.38999999999999996,0.42199637195369527,0.05890473999079614,0.5204427377456516,0.10583128545508831,0.20273837598113412,6
0.49999999999999994,0.4099999999999999,0.42669417209777194,0.06024378809188936,0.4934492884571945,0.10737809673613842,0.20238470232911487,6
0.49999999999999994,0.42999999999999994,0.43126489348180486,0.06209238317477413,0.46882764852044273,0.10966105724777428,0.20294715844643485,6
0.49999999999999994,0.44999999999999996,0.4356777635459011,0.06387611112020561,0.44070476620736393,0.11157976008349894,0.20216988072909656,6
0.49999999999999994,0.4699999999999999,0.43986062148642757,0.06566141689472063,0.4091935848204202,0.11316393621839421,0.19996026183038426,6
0.49999999999999994,0.48999999999999994,0.4437793116609193,0.06785649022354875,0.3774565168285521,0.11503312967902934,0.19736142771091453,6
0.49999999999999994,0.5099999999999999,0.448072047639202,0.07094883098298982,0.3471877117686921,0.1178206626933175,0.19519195357047608,6
0.49999999999999994,0.5299999999999999,0.45194013210141587,0.07441909983764074,0.3157894736842105,0.12045234248788368,0.19154095934892512,6
0.49999999999999994,0.5499999999999999,0.4551390626106508,0.07796514720145167,0.2814547097357127,0.12210598525124336,0.1849240861395984,6
0.49999999999999994,0.57,0.45780514127325395,0.08156095349627894,0.24384459001581207,0.12223637650389242,0.17443081745762437,6
0.49999999999999994,0.59,0.45990796075896107,0.0857582540570789,0.20770273322791957,0.12139415142913723,0.16171297924727404,6
0.49999999999999994,0.6099999999999999,0.4607590584220687,0.08979446780785405,0.17122204653264061,0.11780704821851809,0.1449358496338362,6
0.49999999999999994,0.6299999999999999,0.46058472329478706,0.094149554436265,0.13722611249152925,0.11167792637529299,0.1257217358912274,6
0.49999999999999994,0.6499999999999999,0.4596376272203489,0.10028174893039758,0.10853851366613959,0.10424689483104627,0.1067801506700149,6
0.49999999999999994,0.6699999999999999,0.455541000075105,0.10144927536231885,0.0774791054890445,0.08785860655737705,0.08132201621698516,6
0.49999999999999994,0.69,0.45072735540748865,0.10391897842360194,0.05330923876214141,0.07046879665571812,0.05906201511587167,6
0.49999999999999994,0.7099999999999999,0.44602386717219483,0.11006289308176101,0.035577140275581655,0.05377261864117446,0.041146350384032596,6
0.49999999999999994,0.7299999999999999,0.4404757195586013,0.11265899454875833,0.021007454257962504,0.03541170871013803,0.025089702430733538,6
0.49999999999999994,0.7499999999999999,0.43573365528435465,0.1111111111111111,0.01106844364129207,0.020131470829909615,0.013499366356273074,6
0.5499999999999999,0.01,0.2873244046015832,0.04360749918356738,0.738988028009939,0.08235523641100839,0.1764001747016861,6
0.5499999999999999,0.03,0.28890594484628995,0.04375739823044359,0.738988028009939,0.0826225036777937,0.1768904268836681,6
0.5499999999999999,0.049999999999999996,0.294721087166329,0.044198633059900155,0.7369550485656201,0.0833956404210042,0.17823486028025895,6
0.5499999999999999,0.06999999999999999,0.3040227517393504,0.045007860274105416,0.7340185227016038,0.0848151072423671,0.180715521124724,6
0.5499999999999999,0.08999999999999998,0.3157866573737457,0.04605695352889092,0.7284843008809577,0.08663648940885707,0.18380257608571754,6
0.5499999999999999,0.10999999999999997,0.3283194425820919,0.04710284243840398,0.7194488366839846,0.08841696162120896,0.18663713287860678,6
0.5499999999999999,0.12999999999999998,0.34000017825218304,0.0483275370997336,0.7109780889993224,0.09050326717513353,0.18998267671859623,6
0.5499999999999999,0.15,0.35037245154942975,0.04946162858349738,0.7009261350801897,0.09240275451330728,0.19286828643706455,6
0.5499999999999999,0.16999999999999998,0.35988411035439727,0.050494426316399714,0.6886153151118138,0.09408950617283951,0.19521394449353874,6
0.5499999999999999,0.18999999999999997,0.3687424176838819,0.051649458791516334,0.6774339281680596,0.09598105342326556,0.19789501468210763,6
0.5499999999999999,0.20999999999999996,0.3765274207807094,0.05243308130576558,0.6610571493110459,0.09715974170415498,0.19902206142379153,6
0.5499999999999999,0.22999999999999998,0.38417853569505206,0.05349498717649802,0.6478427829229727,0.09882924559997933,0.2010642101499569,6
0.5499999999999999,0.24999999999999997,0.3908092984976724,0.054481136659604655,0.6331601536028914,0.1003293005941728,0.202654828867649,6
0.5499999999999999,0.26999999999999996,0.3968598440524638,0.05524161230432092,0.6149762819064829,0.1013768257603262,0.20319742056828105,6
0.5499999999999999,0.29,0.40285740108520374,0.05632637474541752,0.5997289360740908,0.10298081957993134,0.2047221022762322,6
0.5499999999999999,0.30999999999999994,0.4088181506210779,0.05749379182859879,0.5831262706121527,0.10466778166337236,0.20616210258990394,6
0.5499999999999999,0.32999999999999996,0.41388000861098734,0.05828929019253982,0.5617799864468037,0.10561967150456007,0.20596443862889138,6
0.5499999999999999,0.35,0.4192729219794446,0.05919207960100246,0.5388524960469844,0.10666696476480057,0.2056146460032064,6
0.5499999999999999,0.36999999999999994,0.42451134041253713,0.060365306445652744,0.5166026654619381,0.10809916574102521,0.2056876641364176,6
0.5499999999999999,0.38999999999999996,0.4291800420576109,0.061492874276844925,0.4922069121301107,0.10932717876674528,0.20501288975029638,6
0.5499999999999999,0.4099999999999999,0.4339911756049208,0.06285088319868547,0.4665687824711995,0.11077888470253817,0.20421581325450103,6
0.5499999999999999,0.42999999999999994,0.4387858159738542,0.06475543612654347,0.44364129207138014,0.11301483175808842,0.20442362737444703,6
0.5499999999999999,0.44999999999999996,0.4433182390846993,0.06653207635596733,0.4168737293878473,0.1147502759167431,0.20304093824606956,6
0.5499999999999999,0.4699999999999999,0.44779256458456945,0.06849834390837624,0.38773435735260897,0.11642813538628502,0.20068043117356837,6
0.5499999999999999,0.48999999999999994,0.45178703382047763,0.07071677540441505,0.35746555229274907,0.11807498601007274,0.19738811555156413,6
0.5499999999999999,0.5099999999999999,0.45625278266891955,0.07393391410357351,0.3287779534673594,0.12072075808157257,0.19461418122986,6
0.5499999999999999,0.5299999999999999,0.460265362714913,0.07749077490774908,0.2988479783148859,0.12306976744186046,0.1901900462896409,6
0.5499999999999999,0.5499999999999999,0.4635896596240195,0.0811861433141835,0.26654619381070704,0.12446272710492313,0.18298829185081805,6
0.5499999999999999,0.57,0.4662882560132804,0.084943689481777,0.2308561102326632,0.12419114743141842,0.17182535012357303,6
0.5499999999999999,0.59,0.46836524260999096,0.08934443074393753,0.19640840298170317,0.1228194081502931,0.1584365889212828,6
0.5499999999999999,0.6099999999999999,0.4691777480629467,0.09364985939441502,0.16173480912581883,0.11861669082625803,0.14120338414814523,6
0.5499999999999999,0.6299999999999999,0.4687018000963607,0.09760683760683761,0.1289812514117913,0.11112192274009926,0.12119025384158248,6
0.5499999999999999,0.6499999999999999,0.4674671262798009,0.10359944623904015,0.10142308561102327,0.10249971464444699,0.10185101170492696,6
0.5499999999999999,0.6699999999999999,0.46300260292963574,0.10380452607412266,0.07149311045854981,0.08467094703049759,0.0762393409452233,6
0.5499999999999999,0.69,0.45784383179784277,0.10523715415019763,0.04811384684888186,0.06603627344597737,0.05397324143523211,6
0.5499999999999999,0.7099999999999999,0.45320951160245654,0.11097946287519747,0.03173706799186808,0.04935886176005621,0.03702434910930747,6
0.5499999999999999,0.7299999999999999,0.4476171513319427,0.11126760563380282,0.01784504178902191,0.030757251313996495,0.021446411119556953,6
0.5499999999999999,0.7499999999999999,0.4432383133495012,0.10661268556005399,0.008922520894510955,0.016466909848879625,0.010924578919711258,6
0.5999999999999999,0.01,0.2953062419981066,0.04591179329520537,0.6881635419019652,0.08608059901811889,0.18120230540008445,6
0.5999999999999999,0.03,0.2966371078808156,0.046046416722716386,0.6881635419019652,0.08631717631058884,0.18162144760610235,6
0.5999999999999999,0.049999999999999996,0.3019060758457635,0.046479799369972784,0.6865823356674949,0.08706549605419572,0.18287766840749922,6
0.5999999999999999,0.06999999999999999,0.31024743448019476,0.04726412811887833,0.6839846397108651,0.08841843997517976,0.18514555448892367,6
0.5999999999999999,0.08999999999999998,0.32117571143430246,0.04831996914720959,0.6792410210074542,0.09022172882474722,0.18808091169516758,6
0.5999999999999999,0.10999999999999997,0.33287485374974074,0.04935205183585313,0.6709961599277163,0.09194174907532074,0.19066599912706358,6
0.5999999999999999,0.12999999999999998,0.34403954504948503,0.050551929600991925,0.6630901287553648,0.09394201228878649,0.19369333702838595,6
0.5999999999999999,0.15,0.3540657660181539,0.051644240470726896,0.6532640614411566,0.09572117731752323,0.19618351163058892,6
0.5999999999999999,0.16999999999999998,0.36330131135033256,0.052641338005970595,0.6412920713801672,0.09729600054833956,0.19814626111475594,6
0.5999999999999999,0.18999999999999997,0.37203375088387997,0.0538143793870418,0.6312401174610346,0.09917399366521458,0.20064908489082595,6
0.5999999999999999,0.20999999999999996,0.37966224931467557,0.05459948372120945,0.616331601536029,0.1003125,0.20157060327122825,6
0.5999999999999999,0.22999999999999998,0.3873134821206496,0.055701261396278255,0.6044725547775017,0.10200308753740304,0.20349809885931558,6
0.5999999999999999,0.24999999999999997,0.3939523270023491,0.05668410959794585,0.590919358482042,0.10344520784934012,0.20482786160025684,6
0.5999999999999999,0.26999999999999996,0.4000152689283814,0.05738788515643538,0.5736390332053309,0.10433764392904465,0.20493225413374866,6
0.5999999999999999,0.29,0.4061339924860941,0.05849167945237814,0.5597470070024847,0.10591554111813985,0.20624906363923895,6
0.5999999999999999,0.30999999999999994,0.41217503937805317,0.059728461985915665,0.5450643776824035,0.10765953175019241,0.2076324054554059,6
0.5999999999999999,0.32999999999999996,0.4173800908479775,0.060613551207327226,0.526202846171222,0.1087052894374577,0.20747239045244034,6
0.5999999999999999,0.35,0.42282638272589623,0.0614563560837391,0.5046306754009487,0.10956888518318701,0.20662609371242535,6
0.5999999999999999,0.36999999999999994,0.4282270456549134,0.06268726523334162,0.4844138242602214,0.11100901996816481,0.20652959021524536,6
0.5999999999999999,0.38999999999999996,0.4329914637436012,0.06379226940062106,0.4617122204653264,0.11209674102307471,0.20542920029347028,6
0.5999999999999999,0.4099999999999999,0.43807239843867835,0.06530721940403802,0.4391235599728936,0.11370415862432005,0.204739336492891,6
0.5999999999999999,0.42999999999999994,0.443037056922379,0.06727183423987193,0.41766433250508245,0.11587935761848805,0.20456481573677632,6
0.5999999999999999,0.44999999999999996,0.4476991360008706,0.0691046407631919,0.3927038626609442,0.11752775946864068,0.202785456835917,6
0.5999999999999999,0.4699999999999999,0.45228791136646446,0.07107703124313398,0.3653715834651005,0.11900382577987051,0.1998640800691956,6
0.5999999999999999,0.48999999999999994,0.4562715571126194,0.07320306362922231,0.33679692794217303,0.12026618269812463,0.19579262527576424,6
0.5999999999999999,0.5099999999999999,0.4608261830515858,0.07640224024074228,0.3096905353512537,0.12256665847171624,0.19227263165275923,6
0.5999999999999999,0.5299999999999999,0.4647190152613347,0.07968037994993903,0.2804382200135532,0.12410035985605758,0.1864730091021058,6
0.5999999999999999,0.5499999999999999,0.4680726296554889,0.08332706059465562,0.25005647165123107,0.125,0.17858871358048592,6
0.5999999999999999,0.57,0.47091379973875847,0.08720297478686741,0.21718997063474135,0.12444185595030091,0.16731050323658384,6
0.5999999999999999,0.59,0.47296984676908665,0.09162699523942873,0.1847752428281003,0.12250552248305814,0.15355446678305268,6
0.5999999999999999,0.6099999999999999,0.4737333688604953,0.0958757746278225,0.15202168511407274,0.11759052985628794,0.13608330805783037,6
0.5999999999999999,0.6299999999999999,0.47313508559904394,0.09966436695879172,0.12073639033205331,0.10919305413687436,0.11583806510337653,6
0.5999999999999999,0.6499999999999999,0.4716112893255982,0.10507703965647891,0.09396882764852044,0.09921297400429287,0.09599852309964461,6
0.5999999999999999,0.6699999999999999,0.4668502260134171,0.1041704278750677,0.06516828552066863,0.0801778642395609,0.07044316933219388,6
0.5999999999999999,0.69,0.46173768382683883,0.10474631751227496,0.04337022814547097,0.06134185303514377,0.04912747556419835,6
0.5999999999999999,0.7099999999999999,0.45690880631519715,0.10782147591692444,0.027558165800768013,0.04389673473059279,0.0323787786300061,6
0.5999999999999999,0.7299999999999999,0.4517706517250422,0.10702875399361023,0.015134402529929975,0.026518899663566197,0.01827206283407876,6
0.5999999999999999,0.7499999999999999,0.4477036224681579,0.09748427672955975,0.007002484752654168,0.013066385669125396,0.008598690779984467,6
0.6499999999999999,0.01,0.3022568550348782,0.048607010108729636,0.6321436638807318,0.09027273753649134,0.18586780372466194,6
0.6499999999999999,0.03,0.3033936901246565,0.048724221082779816,0.6321436638807318,0.09047484340270762,0.1862103841316947,6
0.6499999999999999,0.049999999999999996,0.30803724668053906,0.04913734702316538,0.6307883442511859,0.09117250948863405,0.18731930478880043,6
0.6499999999999999,0.06999999999999999,0.31526169352564004,0.04985747324261819,0.6281906482945562,0.09238281898814071,0.18921714044660962,6
0.6499999999999999,0.08999999999999998,0.32513202805831104,0.050858853327193185,0.6236729161960696,0.09404831855844809,0.1917480953670716,6
0.6499999999999999,0.10999999999999997,0.33572423314930694,0.051869802803516274,0.6164445448384911,0.09568807580711612,0.1940401447657511,6
0.6499999999999999,0.12999999999999998,0.34614900117585634,0.05303738087979308,0.6091032301784505,0.09757818648959173,0.19668268915163495,6
0.6499999999999999,0.15,0.35541749901552966,0.054049652392536875,0.5997289360740908,0.0991624415249727,0.198639822234193,6
0.6499999999999999,0.16999999999999998,0.3641265639463576,0.05498238285123531,0.5886604924327987,0.10057116393948749,0.20013823823055066,6
0.6499999999999999,0.18999999999999997,0.3725423822688952,0.05608744652216253,0.5789473684210527,0.10226739952317775,0.20211499183811876,6
0.6499999999999999,0.20999999999999996,0.37990460179243657,0.0567944409119811,0.5649423989157443,0.1032127602500877,0.2025298004664421,6
0.6499999999999999,0.22999999999999998,0.38719235372624977,0.057772799622708246,0.5534221820646036,0.10462372823452797,0.20377440094484783,6
0.6499999999999999,0.24999999999999997,0.393567462109574,0.05870239393976539,0.5408854754913034,0.10591032233095593,0.20466336743677188,6
0.6499999999999999,0.26999999999999996,0.3995860674515059,0.0593514617643304,0.5250734131466004,0.10664800880895577,0.2043588345963814,6
0.6499999999999999,0.29,0.405703170260946,0.060467655596686994,0.5128755364806867,0.10818086525633695,0.20544908337405218,6
0.6499999999999999,0.30999999999999994,0.41182681377704305,0.06172081996932088,0.49988705669753786,0.10987537858100392,0.20657916845583704,6
0.6499999999999999,0.32999999999999996,0.416968189886175,0.06249085535364177,0.48238084481590243,0.11064766839378239,0.20580752105780536,6
0.6499999999999999,0.35,0.42251373691535415,0.06325827241395299,0.4622769369776372,0.11128784480063081,0.2044067559604071,6
0.6499999999999999,0.36999999999999994,0.42806746971573917,0.06458384583845839,0.4447707250960018,0.11278981511979264,0.20427218308763267,6
0.6499999999999999,0.38999999999999996,0.4329142767567366,0.06558953644931717,0.42365032753557713,0.11359265932801357,0.20252686140057236,6
0.6499999999999999,0.4099999999999999,0.43809635667233676,0.06711283227431665,0.40320758978992544,0.11507220216606498,0.20144453221983974,6
0.6499999999999999,0.42999999999999994,0.4431947109658109,0.0690391025119909,0.3836683984639711,0.1170209101243584,0.2007208697707398,6
0.6499999999999999,0.44999999999999996,0.44800281755371957,0.07087731748425441,0.3609667946690761,0.11848885922959997,0.19848959109653697,6
0.6499999999999999,0.4699999999999999,0.452743991521003,0.07281541512621502,0.3358933815224757,0.11968529287482142,0.19499337783081344,6
0.6499999999999999,0.48999999999999994,0.4570250522667882,0.07516991020007097,0.3110458549807996,0.12107889472642941,0.1911093223044148,6
0.6499999999999999,0.5099999999999999,0.4617620725515741,0.07859086972658666,0.2869889315563587,0.12339144369445929,0.18753321131251108,6
0.6499999999999999,0.5299999999999999,0.4656536318372708,0.0817072305399844,0.2601084255703637,0.12435205183585313,0.18104776579352852,6
0.6499999999999999,0.5499999999999999,0.46924380316052655,0.08552113143378541,0.23288908967698216,0.12510238131351434,0.173198716548793,6
0.6499999999999999,0.57,0.47190341485458426,0.08901175532974696,0.20182968149988706,0.12353957829243001,0.1610142002450804,6
0.6499999999999999,0.59,0.47370030232224064,0.0927449054750798,0.1706573300203298,0.1201781595482383,0.14610891931616,6
0.6499999999999999,0.6099999999999999,0.474308779749149,0.09671875,0.13982380844815903,0.11434377020411933,0.1283806205408993,6
0.6499999999999999,0.6299999999999999,0.4735486763938015,0.09994890137966275,0.11045854980799638,0.10494125221310156,0.10818344726886572,6
0.6499999999999999,0.6499999999999999,0.47168240113382937,0.10430555555555555,0.08482042014908515,0.09355923757319048,0.08811244602966023,6
0.6499999999999999,0.6699999999999999,0.46658560916623965,0.1013189448441247,0.057262254348317145,0.07317073170731707,0.06271647699158832,6
0.6499999999999999,0.69,0.461728482603027,0.10090634441087613,0.03772306302236277,0.05491614600460375,0.04312348293136394,6
0.6499999999999999,0.7099999999999999,0.4573430862378883,0.10299166257969593,0.02371809351705444,0.03855687138529331,0.02803364036844213,6
0.6499999999999999,0.7299999999999999,0.45242227083215175,0.0968609865470852,0.012197876665913711,0.021667168221486607,0.014781966001478197,6
0.6499999999999999,0.7499999999999999,0.4487576486938516,0.07971014492753623,0.004969505308335216,0.009355730384860728,0.006116548042704627,6
0.7,0.01,0.3090284720069879,0.05249693213253188,0.5701377908290038,0.09614139336456785,0.1918312128536033,6
0.7,0.03,0.30991767666825604,0.05260854159284657,0.5701377908290038,0.09632852454011144,0.19212910101240768,6
0.7,0.049999999999999996,0.31376090688086233,0.053017395511242925,0.5693471877117687,0.0970020012315271,0.19314472252448314,6
0.7,0.06999999999999999,0.3194539336988698,0.053704475729296944,0.5674271515699119,0.09812212532835952,0.19478152987244599,6
0.7,0.08999999999999998,0.32755182945320027,0.05458983733607724,0.5632482493788118,0.09953297141944754,0.19669480160921354,6
0.7,0.10999999999999997,0.3365628672576518,0.05557369849438632,0.5573751976507794,0.10107009369719933,0.1986443079449673,6
0.7,0.12999999999999998,0.34564204506392643,0.05667964437213086,0.5508244861079737,0.10278295872453871,0.20076403125283016,6
0.7,0.15,0.3538832550508923,0.05756423025692103,0.5417890219110006,0.10407107292785317,0.20198064825809056,6
0.7,0.16999999999999998,0.3617491050914716,0.058296019746226266,0.5308335215721708,0.10505493031728824,0.2025181189082981,6
0.7,0.18999999999999997,0.36957746652517276,0.05936272370144042,0.5222498305850463,0.106607645133029,0.2040420086488395,6
0.7,0.20999999999999996,0.3764325144945422,0.06003642599805905,0.5100519539191326,0.10742789176330657,0.20409085568119165,6
0.7,0.22999999999999998,0.3833315518949583,0.060937284631288766,0.49932234018522703,0.10861874109380375,0.20474038123112834,6
0.7,0.24999999999999997,0.389510853295342,0.06180434347191622,0.48791506663654843,0.10971149939049167,0.2051009362477923,6
0.7,0.26999999999999996,0.39511246582800735,0.062251025625780367,0.4730065507115428,0.11002233022461579,0.20391072332800994,6
0.7,0.29,0.40114232719146076,0.06329113924050633,0.46193810707025074,0.11132886929065273,0.20442231951858297,6
0.7,0.30999999999999994,0.4071731514602565,0.06450517464424321,0.4505308335215722,0.11285257589045747,0.20507732170765813,6
0.7,0.32999999999999996,0.4125195401419688,0.06549545123418096,0.436638807318726,0.1139052164817843,0.2046737185392247,6
0.7,0.35,0.41819631226122717,0.0665500062496652,0.4209396882764852,0.11492976856777218,0.20384165217296188,6
0.7,0.36999999999999994,0.4236546088659616,0.06784493664910592,0.4058052857465552,0.11625386245611764,0.2032814710042433,6
0.7,0.38999999999999996,0.428655231914329,0.06896967262502511,0.38784730065507117,0.11711343018893663,0.20151163063634017,6
0.7,0.4099999999999999,0.4339586953090527,0.07051447776628748,0.3696634289586628,0.11843676497195585,0.19998289177827744,6
0.7,0.42999999999999994,0.4393681714871915,0.07262297366343072,0.3531737067991868,0.12047310833718601,0.19923796416647557,6
0.7,0.44999999999999996,0.4442927367602434,0.07451704258116719,0.3328439123559973,0.12177182761042932,0.1965610159543248,6
0.7,0.4699999999999999,0.4491932299407218,0.0764377241015093,0.310594081770951,0.12268296491267204,0.19259591276455676,6
0.7,0.48999999999999994,0.4537459749629029,0.07890027153789188,0.28879602439575336,0.12393970238960787,0.18850259495163954,6
0.7,0.5099999999999999,0.45857559965579137,0.08231728558489515,0.26688502371809353,0.12582534611288604,0.1842581329340944,6
0.7,0.5299999999999999,0.46264138397119076,0.08546497728902701,0.24226338378134177,0.12635485391140433,0.17723171497504708,6
0.7,0.5499999999999999,0.46635471337789375,0.08935617137817388,0.2174158572396657,0.12665723591143863,0.16898119700135183,6
0.7,0.57,0.4690992081301988,0.09278178789561355,0.18872825841427604,0.12440440738534843,0.15638453187586568,6
0.7,0.59,0.4708565016589412,0.09642248722316865,0.15981477298396204,0.12027710484933486,0.14124293785310732,6
0.7,0.6099999999999999,0.4717661698554279,0.10112456747404844,0.1320307205782697,0.11452924463603409,0.1244252384196185,6
0.7,0.6299999999999999,0.4709128534403985,0.10439995475624929,0.10424666817257737,0.10432325515682396,0.10427728946833267,6
0.7,0.6499999999999999,0.4691294557823638,0.10918570771354087,0.08041563135306076,0.09261788617886178,0.08488923861983452,6
0.7,0.6699999999999999,0.46378091627401125,0.10483337011697197,0.0536480686695279,0.07097497198356369,0.059453776253535935,6
0.7,0.69,0.4591482273163882,0.10407689758037786,0.03546419697311949,0.052902030157526744,0.040850310930710586,6
0.7,0.7099999999999999,0.45504078192181246,0.10743353228431904,0.022362773887508472,0.037019725156585956,0.026570761426769375,6
0.7,0.7299999999999999,0.4502996376855138,0.09872922776148582,0.011407273548678563,0.02045155411562215,0.013858777683251463,6
0.7,0.7499999999999999,0.44675266724302354,0.07768924302788845,0.0044047887960243955,0.008336896109448481,0.005429032796926332,6
0.7499999999999998,0.01,0.3148432076900532,0.05686573842549943,0.48802800993901063,0.10186232909005186,0.19393727222132456,6
0.7499999999999998,0.03,0.3154941740412896,0.05696394436754334,0.48802800993901063,0.10201985621362547,0.1941655957077765,6
0.7499999999999998,0.049999999999999996,0.3183960209330973,0.05731325045159919,0.4873503501242376,0.10256471203441801,0.19488907356554414,6
0.7499999999999998,0.06999999999999999,0.3227131467131298,0.05794641774760577,0.48588208719222953,0.10354413622961671,0.196157108073356,6
0.7499999999999998,0.08999999999999998,0.32886750299808837,0.058763680360776546,0.4827196747232889,0.10477287769960532,0.1975995857528572,6
0.7499999999999998,0.10999999999999997,0.3360881158449505,0.059647390691114244,0.47763722611249154,0.10605110715450008,0.1988882200233267,6
0.7499999999999998,0.12999999999999998,0.34336721948011045,0.06066715010877447,0.47244183419923197,0.10752660531592206,0.2004005135772186,6
0.7499999999999998,0.15,0.3501598979358576,0.06138477848621045,0.4643099164219562,0.1084338938344873,0.20075790871888036,6
0.7499999999999998,0.16999999999999998,0.35679079342285647,0.06195956549835369,0.4548226790151344,0.10906185678691366,0.20052783587292103,6
0.7499999999999998,0.18999999999999997,0.36363855211914503,0.0629736127218136,0.44770725096001807,0.11041628946672052,0.20149853095167897,6
0.7499999999999998,0.20999999999999996,0.3695472740674329,0.06343112161186586,0.436638807318726,0.1107704650296553,0.2005935826657258,6
0.7499999999999998,0.22999999999999998,0.37568711881492917,0.0642863200746332,0.42805511633160154,0.11178457136958221,0.20080321285140562,6
0.7499999999999998,0.24999999999999997,0.3812041341279034,0.06508647177596348,0.4186808222272419,0.1126593627011503,0.2006582152407141,6
0.7499999999999998,0.26999999999999996,0.38629425080844904,0.06546632926141019,0.4061441156539417,0.11275731778059984,0.1990148873761691,6
0.7499999999999998,0.29,0.39183376786730895,0.06647387918651243,0.39722159475943075,0.11388879893785823,0.19909650831031203,6
0.7499999999999998,0.30999999999999994,0.39762308213327996,0.06776152359922716,0.38818613056245765,0.11538203303343628,0.19950544475144535,6
0.7499999999999998,0.32999999999999996,0.4026139433454905,0.0687354570351914,0.3770047436187034,0.11627218419631816,0.1987401612307839,6
0.7499999999999998,0.35,0.408246451354169,0.06983845121053316,0.36424215044047886,0.11720453554295683,0.1976248253548055,6
0.7499999999999998,0.36999999999999994,0.41363563721944646,0.07121004566210046,0.3522701603794895,0.11847153112773959,0.19686679458695214,6
0.7499999999999998,0.38999999999999996,0.4186483136271783,0.07242306109106758,0.3378134176643325,0.1192750184435627,0.19494231897282147,6
0.7499999999999998,0.4099999999999999,0.4239539316989023,0.07393207781778618,0.322340185227016,0.12027730366436985,0.19278833812939922,6
0.7499999999999998,0.42999999999999994,0.4294260874995683,0.07603821407681809,0.3083352157217077,0.12199209062269589,0.19139359777899298,6
0.7499999999999998,0.44999999999999996,0.43458601783722495,0.07810000905332408,0.2922972667720804,0.12326450906146555,0.18875906233133488,6
0.7499999999999998,0.4699999999999999,0.43961111921585755,0.08007657776604173,0.27400045177320986,0.12393358876117497,0.1845933771609447,6
0.7499999999999998,0.48999999999999994,0.444598043528806,0.08311413122899314,0.25694601310142307,0.12560039750455473,0.18116519080078994,6
0.7499999999999998,0.5099999999999999,0.4494836720931816,0.08650419823878763,0.23853625480009036,0.12696504253208693,0.1764971335929535,6
0.7499999999999998,0.5299999999999999,0.4537871884465747,0.0900149170240537,0.21809351705443866,0.12743351151587146,0.16977913765210662,6
0.7499999999999998,0.5499999999999999,0.4578571360019544,0.09455015902107704,0.19810255251863565,0.12800583835066592,0.16250671706783776,6
0.7499999999999998,0.57,0.4609083004468399,0.0984194023165035,0.17370679918680823,0.12564846207262775,0.15065728895245184,6
0.7499999999999998,0.59,0.46272781119762924,0.10204557828420316,0.14818161283035916,0.1208603933489936,0.1358937708449858,6
0.7499999999999998,0.6099999999999999,0.4635730671629604,0.10658399763802776,0.1223175965665236,0.11391007099658165,0.11880992605919652,6
0.7499999999999998,0.6299999999999999,0.46300721525603433,0.11064156742220514,0.09758301332730969,0.10370281461921622,0.09994216310005784,6
0.7499999999999998,0.6499999999999999,0.46122797394710197,0.11544434857635893,0.07555906934718772,0.09133729264796232,0.08116764941399142,6
0.7499999999999998,0.6699999999999999,0.4555962468232409,0.10883007667573584,0.049695053083352154,0.06823292238505078,0.05575407384880508,6
0.7499999999999998,0.69,0.45127435582106973,0.10843819393042191,0.03309238762141405,0.05070958809276566,0.03843328611154836,6
0.7499999999999998,0.7099999999999999,0.4475252821017199,0.1141804788213628,0.021007454257962504,0.03548602499284556,0.02510460251046025,6
0.7499999999999998,0.7299999999999999,0.4429640333302987,0.10597519729425028,0.010616670431443416,0.01929986654347603,0.012946588436217392,6
0.7499999999999998,0.7499999999999999,0.43976295872452603,0.08735632183908046,0.004291845493562232,0.008181720314350306,0.005299712699785223,6
0.7999999999999998,0.01,0.32004309361818023,0.06356316419426208,0.3958662751298848,0.10953809613100819,0.19352238344486408,6
0.7999999999999998,0.03,0.32037483083304436,0.06363586847981989,0.3958662751298848,0.10964603569361675,0.19365710812752085,6
0.7999999999999998,0.049999999999999996,0.3220507179487518,0.0639090195505741,0.39541450192003613,0.11003378643828082,0.19407519097087486,6
0.7999999999999998,0.06999999999999999,0.32466764593843483,0.06444296935501714,0.39473684210526316,0.11079761602840477,0.19492470719464583,6
0.7999999999999998,0.08999999999999998,0.32833368446288036,0.06500290191526407,0.3921391461486334,0.1115197456116402,0.19543167208907003,6
0.7999999999999998,0.10999999999999997,0.33336317308664043,0.06590066149198945,0.3893155635870793,0.11272073250490516,0.19647294863318213,6
0.7999999999999998,0.12999999999999998,0.33842258346025195,0.06677623212224375,0.3854754913033657,0.1138330692904194,0.19722167647092817,6
0.7999999999999998,0.15,0.34313383185542595,0.06741370324339493,0.3798283261802575,0.11450459652706843,0.19712316241119782,6
0.7999999999999998,0.16999999999999998,0.34791070401598834,0.06788372188643559,0.37293878473006553,0.11486016418533464,0.19641200123724095,6
0.7999999999999998,0.18999999999999997,0.35310285514305123,0.0688169317533743,0.3679692794217303,0.11594924995996228,0.19683659783225993,6
0.7999999999999998,0.20999999999999996,0.3577930930732966,0.06917610240584182,0.359498531737068,0.11602602657335011,0.1954463397561065,6
0.7999999999999998,0.22999999999999998,0.3628694100932977,0.06999775935469416,0.3528348768918003,0.1168199835464812,0.1951377957674337,6
0.7999999999999998,0.24999999999999997,0.36742979582432356,0.07072573566775997,0.3458323921391461,0.11743499271304748,0.1945114979036971,6
0.7999999999999998,0.26999999999999996,0.371447388503426,0.07086971041457946,0.33555455161508924,0.11702379076729164,0.1920789262716905,6
0.7999999999999998,0.29,0.3760808946213339,0.07166123778501629,0.3279873503501242,0.11762323301875328,0.19120358177508562,6
0.7999999999999998,0.30999999999999994,0.38108931476476976,0.07289504036908881,0.3212107522023944,0.11882429129499258,0.19104942832959382,6
0.7999999999999998,0.32999999999999996,0.38547233660549357,0.07380920613742495,0.3124011746103456,0.11940685100045328,0.1897353582746841,6
0.7999999999999998,0.35,0.39056403565923725,0.07487558015992843,0.30246216399367515,0.12003585835948005,0.1881093534882414,6
0.7999999999999998,0.36999999999999994,0.3955106546331466,0.07645833944335279,0.29444318951886156,0.12139414681846755,0.1875188813603211,6
0.7999999999999998,0.38999999999999996,0.40046936820788365,0.0779933068914229,0.28427829229726675,0.12240431843602587,0.1859266044202813,6
0.7999999999999998,0.4099999999999999,0.40565551928465143,0.07975318418794958,0.27298396205105036,0.12344228804902962,0.18388058793098203,6
0.7999999999999998,0.42999999999999994,0.4109791386553136,0.08191162445692488,0.2619155184097583,0.12479483384905153,0.1819479969243806,6
0.7999999999999998,0.44999999999999996,0.41599995100280523,0.08389798248953179,0.24892703862660945,0.12549823482519076,0.17864669454981683,6
0.7999999999999998,0.4699999999999999,0.42102271834155847,0.08597960368128679,0.23424440930652812,0.12578845220766618,0.17417447680472975,6
0.7999999999999998,0.48999999999999994,0.4259262021695203,0.08884034225377753,0.2204653264061441,0.12664633750729903,0.17007039799261167,6
0.7999999999999998,0.5099999999999999,0.4307942628891604,0.09223128769067045,0.20555681048113847,0.1273306048203729,0.16500752506845096,6
0.7999999999999998,0.5299999999999999,0.4350949223040137,0.0957994735034909,0.18906708832166252,0.12716499544211485,0.158252977878616,6
0.7999999999999998,0.5499999999999999,0.43912477077272527,0.10012466373597532,0.17235147955726227,0.1266652832537871,0.1506208421343546,6
0.7999999999999998,0.57,0.4420285484842048,0.10360499152672932,0.15190874181161057,0.12319106063381571,0.13895202281085997,6
0.7999999999999998,0.59,0.4436063423238372,0.10630430763542244,0.1298847978314886,0.11691744611630744,0.12436734870441667,6
0.7999999999999998,0.6099999999999999,0.4444401906434778,0.10995730933425638,0.10763496724644228,0.10878374522002168,0.10809155456752037,6
0.7999999999999998,0.6299999999999999,0.4442161145637041,0.11376800831724343,0.08651456968601762,0.09828703406685058,0.09086811074995847,6
0.7999999999999998,0.6499999999999999,0.4428468736720806,0.11880206267354225,0.06765303817483623,0.08621185952792171,0.07402738642542885,6
0.7999999999999998,0.6699999999999999,0.43762338176322624,0.11158312092891533,0.044499661170092616,0.06362535324989907,0.050581559555293094,6
0.7999999999999998,0.69,0.433736511237976,0.11087689713322091,0.02970408854754913,0.046855513985391055,0.03479940721922303,6
0.7999999999999998,0.7099999999999999,0.4305354915901683,0.11671270718232044,0.019087418116105714,0.0328091632692681,0.022922092013888888,6
0.7999999999999998,0.7299999999999999,0.4263119839277549,0.10751295336787564,0.009374294104359611,0.01724496156243507,0.011467889908256878,6
0.7999999999999998,0.7499999999999999,0.4235005782605807,0.08991825613079019,0.003727128981251412,0.007157575100314499,0.0046111281893636644,6
